date,county_fips,state,county,latitude,longitude,population,cases,deaths,cases_per_100k,deaths_per_100k,cases_week,deaths_week,cases_week_per_100k,deaths_week_per_100k
2020-10-01,01001,Alabama,Autauga County,32.532237,-86.64644,55869,1798,27,3218.242674828617,48.32733716372228,83.0,2.0,148.56181424403516,3.579802752868317
2020-10-01,01003,Alabama,Baldwin County,30.659218,-87.746067,223234,5997,53,2686.418735497281,23.741903115116873,856.0,3.0,383.4541333309442,1.343881308402842
2020-10-01,01005,Alabama,Barbour County,31.870253,-85.405104,24686,898,7,3637.6893785951556,28.356153285262902,47.0,0.0,190.39131491533664,0.0
2020-10-01,01007,Alabama,Bibb County,33.015893,-87.127148,22394,672,10,3000.803786728588,44.654818254889705,34.0,0.0,151.826382066625,0.0
2020-10-01,01009,Alabama,Blount County,33.977358,-86.56644,57826,1634,15,2825.71853491509,25.939888631411474,54.0,0.0,93.38359907308131,0.0
2020-10-01,01011,Alabama,Bullock County,32.101759,-85.717261,10101,612,15,6058.806058806059,148.5001485001485,15.0,1.0,148.5001485001485,9.9000099000099
2020-10-01,01013,Alabama,Butler County,31.751667,-86.681969,19448,919,40,4725.421637186343,205.67667626491155,8.0,1.0,41.135335252982316,5.141916906622789
2020-10-01,01015,Alabama,Calhoun County,33.770516,-85.827909,113605,3587,44,3157.431451080498,38.730689670349015,186.0,2.0,163.72518815192993,1.7604858941067736
2020-10-01,01017,Alabama,Chambers County,32.915504,-85.394032,33254,1181,42,3551.452456847297,126.30059541709267,37.0,0.0,111.26481024839117,0.0
2020-10-01,01019,Alabama,Cherokee County,34.069515,-85.654242,26196,624,15,2382.0430600091618,57.26065048098946,41.0,0.0,156.51244464803787,0.0
2020-10-01,01021,Alabama,Chilton County,32.854051,-86.726607,44428,1610,30,3623.840821103808,67.52498424417034,86.0,0.0,193.571621499955,0.0
2020-10-01,01023,Alabama,Choctaw County,31.990954,-88.248889,12589,357,12,2835.8090396377793,95.32131225673207,13.0,0.0,103.26475494479308,0.0
2020-10-01,01025,Alabama,Clarke County,31.685521,-87.818624,23622,1125,17,4762.50952501905,71.96681060028787,55.0,0.0,232.83379900093135,0.0
2020-10-01,01027,Alabama,Clay County,33.2704,-85.863525,13235,594,9,4488.099735549679,68.0015111446921,40.0,2.0,302.2289384208538,15.11144692104269
2020-10-01,01029,Alabama,Cleburne County,33.671964,-85.516126,14910,414,5,2776.6599597585514,33.5345405767941,79.0,0.0,529.8457411133468,0.0
2020-10-01,01031,Alabama,Coffee County,31.402258,-85.989602,52342,1394,5,2663.253219212105,9.552558175079286,96.0,0.0,183.4091169615223,0.0
2020-10-01,01033,Alabama,Colbert County,34.703112,-87.801457,55241,1696,26,3070.1833782878657,47.06649046903568,67.0,0.0,121.2867254394381,0.0
2020-10-01,01035,Alabama,Conecuh County,31.430926,-86.988722,12067,538,12,4458.440374575288,99.44476671915142,8.0,1.0,66.29651114610093,8.287063893262616
2020-10-01,01037,Alabama,Coosa County,32.931445,-86.243482,10663,174,3,1631.8109350089094,28.13467129325706,7.0,0.0,65.64756635093313,0.0
2020-10-01,01039,Alabama,Covington County,31.243987,-86.448721,37049,1424,28,3843.558530594618,75.57558908472564,90.0,1.0,242.92153634376098,2.699128181597344
2020-10-01,01041,Alabama,Crenshaw County,31.732826,-86.319222,13772,543,30,3942.782457159454,217.83328492593665,16.0,0.0,116.17775196049956,0.0
2020-10-01,01043,Alabama,Cullman County,34.131923,-86.869267,83768,1923,20,2295.6260147072867,23.875465571578644,55.0,0.0,65.65753032184128,0.0
2020-10-01,01045,Alabama,Dale County,31.430654,-85.609476,49172,1421,44,2889.8560156186445,89.48181892133735,75.0,0.0,152.52582770682503,0.0
2020-10-01,01047,Alabama,Dallas County,32.33354,-87.114356,37196,1799,26,4836.54156360899,69.8999892461555,40.0,0.0,107.53844499408538,0.0
2020-10-01,01049,Alabama,DeKalb County,34.460929,-85.803992,71513,2481,21,3469.2992882412987,29.365290226951743,106.0,1.0,148.2247982884231,1.3983471536643686
2020-10-01,01051,Alabama,Elmore County,32.597229,-86.142735,81209,2759,49,3397.4066913765714,60.33813986134542,163.0,2.0,200.71666933467966,2.462781218830425
2020-10-01,01053,Alabama,Escambia County,31.122287,-87.16841,36633,1623,25,4430.431578085333,68.24447902164715,46.0,0.0,125.56984139983076,0.0
2020-10-01,01055,Alabama,Etowah County,34.047641,-86.034263,102268,3616,47,3535.8078773418856,45.95767982164509,214.0,0.0,209.25411663472445,0.0
2020-10-01,01057,Alabama,Fayette County,33.716157,-87.764292,16302,473,10,2901.4844804318486,61.34216660532449,38.0,2.0,233.1002331002331,12.2684333210649
2020-10-01,01059,Alabama,Franklin County,34.441989,-87.842814,31362,1808,30,5764.938460557362,95.65716472163766,56.0,1.0,178.56004081372362,3.1885721573879215
2020-10-01,01061,Alabama,Geneva County,31.092382,-85.821022,26271,662,6,2519.8888508241025,22.838871759735067,76.0,2.0,289.2923756233109,7.612957253245023
2020-10-01,01063,Alabama,Greene County,32.844497,-87.9642,8111,306,15,3772.654419923561,184.9340401923314,3.0,0.0,36.98680803846628,0.0
2020-10-01,01065,Alabama,Hale County,32.752796,-87.623061,14651,656,28,4477.51006757218,191.11323459149546,37.0,0.0,252.5424885673333,0.0
2020-10-01,01067,Alabama,Henry County,31.516978,-85.239971,17205,518,5,3010.7526881720432,29.06131938390003,35.0,0.0,203.4292356873002,0.0
2020-10-01,01069,Alabama,Houston County,31.158183,-85.296411,105882,2962,23,2797.453769290342,21.722294629870987,198.0,1.0,187.00062333541112,0.9444475926030864
2020-10-01,01071,Alabama,Jackson County,34.764114,-85.980056,51626,1624,12,3145.7017781737886,23.244101809165926,84.0,1.0,162.70871266416145,1.9370084840971602
2020-10-01,01073,Alabama,Jefferson County,33.553444,-86.896536,658573,20308,353,3083.636893708063,53.60073978131506,1002.0,5.0,152.14714238208975,0.7592172773557373
2020-10-01,01075,Alabama,Lamar County,33.787085,-88.087431,13805,386,2,2796.088373777617,14.487504527345164,29.0,0.0,210.0688156465049,0.0
2020-10-01,01077,Alabama,Lauderdale County,34.904122,-87.650997,92729,1772,34,1910.9447961263465,36.66598367285315,99.0,1.0,106.7627171650724,1.078411284495681
2020-10-01,01079,Alabama,Lawrence County,34.529776,-87.321865,32924,644,25,1956.019924675009,75.93245049204228,39.0,2.0,118.45462276758596,6.074596039363382
2020-10-01,01081,Alabama,Lee County,32.604064,-85.353048,164542,6043,61,3672.618541162743,37.0726015242309,251.0,1.0,152.54463905872058,0.6077475659709983
2020-10-01,01083,Alabama,Limestone County,34.810239,-86.981399,98915,2174,20,2197.8466360006064,20.219380275994542,141.0,0.0,142.5466309457615,0.0
2020-10-01,01085,Alabama,Lowndes County,32.147888,-86.650586,9726,659,27,6775.652889163068,277.60641579272055,7.0,0.0,71.97203372403867,0.0
2020-10-01,01087,Alabama,Macon County,32.387027,-85.692887,18068,485,18,2684.303741421297,99.62364401151207,6.0,0.0,33.20788133717069,0.0
2020-10-01,01089,Alabama,Madison County,34.764238,-86.55108,372909,8056,78,2160.3125695545027,20.916631135209933,347.0,0.0,93.0521923579211,0.0
2020-10-01,01091,Alabama,Marengo County,32.247591,-87.791091,18863,732,19,3880.612839951227,100.72628956157557,27.0,0.0,143.13735885066004,0.0
2020-10-01,01093,Alabama,Marion County,34.138219,-87.881551,29709,981,29,3302.0296879733414,97.61351778922212,27.0,0.0,90.88155104513784,0.0
2020-10-01,01095,Alabama,Marshall County,34.309564,-86.321668,96774,3995,45,4128.174923016513,46.500093000186,103.0,2.0,106.43354620042574,2.0666708000082665
2020-10-01,01097,Alabama,Mobile County,30.684572,-88.196568,413210,13619,295,3295.9028097093487,71.39227027419471,386.0,3.0,93.41497059606495,0.7260230875341837
2020-10-01,01099,Alabama,Monroe County,31.580332,-87.383266,20733,592,8,2855.3513722085563,38.58582935416968,12.0,0.0,57.87874403125452,0.0
2020-10-01,01101,Alabama,Montgomery County,32.202881,-86.204461,226486,8918,185,3937.5502238548956,81.68275301784658,170.0,2.0,75.05982709748064,0.8830567893821251
2020-10-01,01103,Alabama,Morgan County,34.454484,-86.846402,119679,3362,29,2809.1812264474133,24.23148589142623,123.0,1.0,102.77492291880782,0.8355684790146977
2020-10-01,01105,Alabama,Perry County,32.639005,-87.293827,8923,543,6,6085.397287907655,67.24195898240502,4.0,0.0,44.82797265493668,0.0
2020-10-01,01107,Alabama,Pickens County,33.296793,-88.096863,19930,674,15,3381.836427496237,75.26342197691922,29.0,1.0,145.50928248871048,5.017561465127948
2020-10-01,01109,Alabama,Pike County,31.798651,-85.941604,33114,1224,12,3696.3217974270697,36.23844899438304,45.0,2.0,135.89418372893638,6.03974149906384
2020-10-01,01111,Alabama,Randolph County,33.296475,-85.464068,22722,678,13,2983.8922630050174,57.213273479447224,51.0,0.0,224.45207288090836,0.0
2020-10-01,01113,Alabama,Russell County,32.289811,-85.18698,57961,1796,3,3098.6352892462173,5.175894135711944,64.0,0.0,110.41907489518816,0.0
2020-10-01,01115,Alabama,St. Clair County,33.712963,-86.315663,89512,2389,37,2668.9158995441953,41.335239967825544,126.0,2.0,140.76324962016267,2.2343372955581375
2020-10-01,01117,Alabama,Shelby County,33.263043,-86.678089,217702,6221,50,2857.5759524487603,22.9671753130426,434.0,0.0,199.35508171720974,0.0
2020-10-01,01119,Alabama,Sumter County,32.597481,-88.200057,12427,436,21,3508.4895791421905,168.98688339905044,4.0,2.0,32.18797779029532,16.09398889514766
2020-10-01,01121,Alabama,Talladega County,33.369314,-86.17593,79978,2192,30,2740.753707269499,37.510315336717596,86.0,2.0,107.52957063192379,2.5006876891145065
2020-10-01,01123,Alabama,Tallapoosa County,32.863308,-85.799618,40367,1178,85,2918.225283028216,210.56803824906484,40.0,0.0,99.0908415289717,0.0
2020-10-01,01125,Alabama,Tuscaloosa County,33.29022,-87.522783,209355,9040,118,4318.024408301689,56.36359294022116,1622.0,1.0,774.7605741443958,0.4776575672900098
2020-10-01,01127,Alabama,Walker County,33.791558,-87.301094,63521,2376,88,3740.4952692810252,138.53686182522316,123.0,5.0,193.63675005116417,7.871412603705862
2020-10-01,01129,Alabama,Washington County,31.405217,-88.197564,16326,562,13,3442.3618767609946,79.62758789660664,11.0,0.0,67.37718975866716,0.0
2020-10-01,01131,Alabama,Wilcox County,31.990082,-87.304935,10373,534,11,5147.9803335582765,106.04453870625663,4.0,0.0,38.56165043863877,0.0
2020-10-01,01133,Alabama,Winston County,34.154566,-87.365346,23629,753,12,3186.762029709256,50.78505226628296,35.0,0.0,148.12306910999195,0.0
2020-10-01,02013,Alaska,Aleutians East Borough,55.245044,-161.997477,3337,11,0,329.6373988612526,0.0,1.0,0.0,29.967036260113876,0.0
2020-10-01,02016,Alaska,Aleutians West Census Area,51.948964,179.621188,5634,95,0,1686.1909833155842,0.0,0.0,0.0,0.0,0.0
2020-10-01,02020,Alaska,Anchorage Municipality,61.17425,-149.284329,288000,4638,36,1610.4166666666665,12.5,500.0,5.0,173.61111111111111,1.7361111111111112
2020-10-01,02050,Alaska,Bethel Census Area,60.929141,-160.152625,18386,120,1,652.6705101707821,5.438920918089851,18.0,0.0,97.90057652561731,0.0
2020-10-01,02060,Alaska,Bristol Bay Borough,58.741647,-156.966909,836,5,0,598.0861244019138,0.0,0.0,0.0,0.0,0.0
2020-10-01,02068,Alaska,Denali Borough,63.682039,-150.027016,2097,11,0,524.5588936576062,0.0,5.0,0.0,238.4358607534573,0.0
2020-10-01,02070,Alaska,Dillingham Census Area,59.543326,-158.267123,4916,28,0,569.5687550854353,0.0,0.0,0.0,0.0,0.0
2020-10-01,02090,Alaska,Fairbanks North Star Borough,64.676044,-146.548159,96849,1188,11,1226.6517981600223,11.357887020000206,141.0,0.0,145.58746089272992,0.0
2020-10-01,02100,Alaska,Haines Borough,59.098404,-135.575791,2530,8,0,316.20553359683794,0.0,0.0,0.0,0.0,0.0
2020-10-01,02105,Alaska,Hoonah-Angoon Census Area,58.253462,-136.320731,2148,0,0,0.0,0.0,0.0,0.0,0.0,0.0
2020-10-01,02110,Alaska,Juneau City and Borough,58.37291,-134.178445,31974,376,2,1175.955463814349,6.255082254331644,23.0,0.0,71.93344592481391,0.0
2020-10-01,02122,Alaska,Kenai Peninsula Borough,60.360766,-152.05264,58708,634,3,1079.9209647748178,5.11003611092185,13.0,0.0,22.143489813994687,0.0
2020-10-01,02130,Alaska,Ketchikan Gateway Borough,55.449938,-131.106685,13901,67,0,481.97971368966256,0.0,2.0,0.0,14.387454139989927,0.0
2020-10-01,02150,Alaska,Kodiak Island Borough,57.7044,-153.918372,12998,69,0,530.8509001384829,0.0,4.0,0.0,30.773965225419296,0.0
2020-10-01,02158,Alaska,Kusilvak Census Area,62.283588,-163.190171,8314,14,0,168.39066634592254,0.0,2.0,0.0,24.055809477988934,0.0
2020-10-01,02164,Alaska,Lake and Peninsula Borough,58.108507,-156.413413,1592,0,0,0.0,0.0,0.0,0.0,0.0,0.0
2020-10-01,02170,Alaska,Matanuska-Susitna Borough,62.279094,-149.619094,108317,638,2,589.0118817914085,1.84643223132103,38.0,0.0,35.08221239509957,0.0
2020-10-01,02180,Alaska,Nome Census Area,64.783686,-164.188912,10004,77,0,769.6921231507397,0.0,16.0,0.0,159.93602558976409,0.0
2020-10-01,02185,Alaska,North Slope Borough,69.449343,-153.47283,9832,138,0,1403.580146460537,0.0,36.0,0.0,366.1513425549227,0.0
2020-10-01,02188,Alaska,Northwest Arctic Borough,67.005066,-160.021086,7621,119,0,1561.4748720640334,0.0,19.0,0.0,249.31111402703058,0.0
2020-10-01,02195,Alaska,Petersburg Borough,57.112458,-133.008598,3266,10,1,306.1849357011635,30.61849357011635,0.0,0.0,0.0,0.0
2020-10-01,02198,Alaska,Prince of Wales-Hyder Census Area,55.682773,-133.162389,6203,31,0,499.7581815250685,0.0,0.0,0.0,0.0,0.0
2020-10-01,02220,Alaska,Sitka City and Borough,57.193204,-135.367396,8493,64,0,753.5617567408455,0.0,4.0,0.0,47.09760979630284,0.0
2020-10-01,02230,Alaska,Skagway Municipality,59.560379,-135.338279,1183,0,0,0.0,0.0,0.0,0.0,0.0,0.0
2020-10-01,02240,Alaska,Southeast Fairbanks Census Area,63.864997,-143.218628,6893,49,0,710.8660960394603,0.0,5.0,0.0,72.53735673872045,0.0
2020-10-01,02261,Alaska,Valdez-Cordova Census Area,61.349843,-145.023109,9202,123,0,1336.665942186481,0.0,3.0,0.0,32.60160834601174,0.0
2020-10-01,02275,Alaska,Wrangell City and Borough,56.317416,-132.343978,2502,13,0,519.5843325339729,0.0,0.0,0.0,0.0,0.0
2020-10-01,02282,Alaska,Yakutat City and Borough,60.017453,-140.416942,579,0,0,0.0,0.0,0.0,0.0,0.0,0.0
2020-10-01,02290,Alaska,Yukon-Koyukuk Census Area,65.375727,-151.57785,5230,84,2,1606.1185468451242,38.24091778202677,4.0,0.0,76.48183556405354,0.0
2020-10-01,04001,Arizona,Apache County,35.385084,-109.490172,71887,3569,165,4964.736322283584,229.52689637903936,74.0,1.0,102.93933534575098,1.391072099266905
2020-10-01,04003,Arizona,Cochise County,31.840129,-109.775163,125922,1912,73,1518.4002795381268,57.97239560998078,23.0,2.0,18.265275329172027,1.5882848112323502
2020-10-01,04005,Arizona,Coconino County,35.829692,-111.773728,143476,4198,144,2925.924893361956,100.36521787616047,280.0,11.0,195.1545903147565,7.666787476651147
2020-10-01,04007,Arizona,Gila County,33.789618,-110.81187,54018,1372,57,2539.8941093709504,105.52038209485728,104.0,3.0,192.52841645377467,5.553704320781962
2020-10-01,04009,Arizona,Graham County,32.931828,-109.87831,38837,868,25,2234.9821046939774,64.37160439786801,57.0,0.0,146.76725802713906,0.0
2020-10-01,04011,Arizona,Greenlee County,33.238872,-109.242323,9498,59,2,621.1834070330596,21.05706464518846,0.0,0.0,0.0,0.0
2020-10-01,04012,Arizona,La Paz County,33.72761,-114.038806,21108,545,15,2581.9594466552962,71.06310403638432,7.0,0.0,33.16278188364601,0.0
2020-10-01,04013,Arizona,Maricopa County,33.345176,-112.49893,4485414,142287,3405,3172.2155413078926,75.9127251129996,1703.0,76.0,37.96750979954136,1.6943809423165843
2020-10-01,04015,Arizona,Mohave County,35.717705,-113.749689,212181,4017,227,1893.1949609060189,106.98413147265777,70.0,5.0,32.99070133518081,2.3564786667986297
2020-10-01,04017,Arizona,Navajo County,35.390785,-110.321025,110924,5802,236,5230.608344452057,212.75828495185894,32.0,3.0,28.848581010421547,2.7045544697270203
2020-10-01,04019,Arizona,Pima County,32.128043,-111.783657,1047279,25706,622,2454.5512704828416,59.39200537774556,566.0,5.0,54.04481518296462,0.4774276959625849
2020-10-01,04021,Arizona,Pinal County,32.918521,-111.36634,462789,10672,209,2306.018509515135,45.1609696859692,210.0,2.0,45.37705088063891,0.43216238933941814
2020-10-01,04023,Arizona,Santa Cruz County,31.525733,-110.845228,46498,2857,63,6144.350294636329,135.48969848165513,27.0,0.0,58.06701363499506,0.0
2020-10-01,04025,Arizona,Yavapai County,34.631071,-112.577225,235099,2583,84,1098.686085436348,35.729628794677986,77.0,4.0,32.75215972845482,1.7014108949846658
2020-10-01,04027,Arizona,Yuma County,32.773942,-113.910905,213787,12765,346,5970.896265909527,161.84333004345447,133.0,2.0,62.211453456009956,0.9355105782858639
2020-10-01,05001,Arkansas,Arkansas County,34.28957,-91.376547,17486,432,10,2470.5478668649207,57.188608029280566,56.0,5.0,320.25620496397113,28.594304014640283
2020-10-01,05003,Arkansas,Ashley County,33.190835,-91.772267,19657,443,11,2253.6500992013025,55.959709009513155,14.0,1.0,71.22144783028946,5.087246273592104
2020-10-01,05005,Arkansas,Baxter County,36.280268,-92.329949,41932,383,2,913.3835734045598,4.769627015167414,66.0,0.0,157.39769150052467,0.0
2020-10-01,05007,Arkansas,Benton County,36.337819,-94.256298,279141,6767,93,2424.222883775583,33.316495964405085,309.0,9.0,110.69674465592658,3.2241770288133957
2020-10-01,05009,Arkansas,Boone County,36.304299,-93.079236,37432,774,14,2067.7495191280186,37.401154092754865,86.0,4.0,229.74994656977987,10.686044026501389
2020-10-01,05011,Arkansas,Bradley County,33.466549,-92.169156,10763,344,7,3196.1349066245466,65.0376289138716,4.0,0.0,37.1643593793552,0.0
2020-10-01,05013,Arkansas,Calhoun County,33.56046,-92.513879,5189,36,0,693.7752938909231,0.0,2.0,0.0,38.54307188282906,0.0
2020-10-01,05015,Arkansas,Carroll County,36.33737,-93.540972,28380,725,10,2554.6159267089497,35.236081747709655,86.0,1.0,303.030303030303,3.5236081747709656
2020-10-01,05017,Arkansas,Chicot County,33.267139,-91.297158,10118,1009,22,9972.326546748369,217.43427554852738,5.0,3.0,49.41688080648349,29.650128483890096
2020-10-01,05019,Arkansas,Clark County,34.053316,-93.176208,22320,367,4,1644.2652329749105,17.921146953405017,38.0,0.0,170.2508960573477,0.0
2020-10-01,05021,Arkansas,Clay County,36.367302,-90.418704,14551,324,8,2226.651089272215,54.979039241289264,40.0,1.0,274.89519620644626,6.872379905161158
2020-10-01,05023,Arkansas,Cleburne County,35.566315,-92.05995,24919,343,9,1376.4597295236565,36.11701914202014,23.0,1.0,92.29904891849593,4.013002126891127
2020-10-01,05025,Arkansas,Cleveland County,33.893201,-92.188714,7956,187,12,2350.4273504273506,150.82956259426848,8.0,2.0,100.5530417295123,25.138260432378075
2020-10-01,05027,Arkansas,Columbia County,33.223038,-93.232843,23457,520,18,2216.8222705375792,76.73615551860851,108.0,0.0,460.4169331116511,0.0
2020-10-01,05029,Arkansas,Conway County,35.265702,-92.689248,20846,279,3,1338.3862611532188,14.391250119927083,22.0,0.0,105.53583421279862,0.0
2020-10-01,05031,Arkansas,Craighead County,35.827729,-90.631421,110332,3124,23,2831.4541565456984,20.84617336765399,310.0,2.0,280.9701627814233,1.812710727622086
2020-10-01,05033,Arkansas,Crawford County,35.583011,-94.236219,63257,1503,16,2376.0216260650996,25.29364339124524,187.0,1.0,295.6194571351787,1.5808527119528275
2020-10-01,05035,Arkansas,Crittenden County,35.211879,-90.315332,47955,1983,46,4135.126681263684,95.92326139088729,66.0,0.0,137.6290272130122,0.0
2020-10-01,05037,Arkansas,Cross County,35.285692,-90.763984,16419,461,13,2807.7227602168223,79.1765637371338,33.0,4.0,200.98666179426274,24.362019611425787
2020-10-01,05039,Arkansas,Dallas County,33.967823,-92.653999,7009,167,5,2382.6508774432873,71.3368526180625,6.0,2.0,85.60422314167499,28.534741047224998
2020-10-01,05041,Arkansas,Desha County,33.828752,-91.244103,11361,307,6,2702.2269166446613,52.812252442566674,19.0,1.0,167.23879940146114,8.802042073761111
2020-10-01,05043,Arkansas,Drew County,33.587242,-91.722778,18219,359,7,1970.4703880564248,38.42142817937318,6.0,1.0,32.932652725177014,5.488775454196168
2020-10-01,05045,Arkansas,Faulkner County,35.146548,-92.336928,126007,2596,20,2060.2030045949828,15.872134087788773,205.0,1.0,162.68937439983495,0.7936067043894387
2020-10-01,05047,Arkansas,Franklin County,35.508558,-93.887665,17715,304,2,1716.0598362969233,11.289867344058708,37.0,0.0,208.8625458650861,0.0
2020-10-01,05049,Arkansas,Fulton County,36.383619,-91.819664,12477,186,4,1490.7429670593892,32.05898853891159,47.0,1.0,376.6931153322113,8.014747134727898
2020-10-01,05051,Arkansas,Garland County,34.578852,-93.146932,99386,1977,53,1989.21377256354,53.32743042279597,150.0,3.0,150.92668987583764,3.0185337975167528
2020-10-01,05053,Arkansas,Grant County,34.285568,-92.422979,18265,274,2,1500.1368738023543,10.949904188338353,19.0,0.0,104.02408978921434,0.0
2020-10-01,05055,Arkansas,Greene County,36.120607,-90.566346,45325,928,11,2047.4351902923331,24.269167126309984,92.0,2.0,202.97848869277442,4.4125758411472695
2020-10-01,05057,Arkansas,Hempstead County,33.735953,-93.664355,21532,393,4,1825.1904142671374,18.57700167193015,31.0,0.0,143.97176295745865,0.0
2020-10-01,05059,Arkansas,Hot Spring County,34.315177,-92.944147,33771,1928,27,5709.0403008498415,79.95025317580172,53.0,1.0,156.9393858636108,2.9611204879926563
2020-10-01,05061,Arkansas,Howard County,34.083064,-93.990931,13202,493,12,3734.282684441751,90.89531889107711,28.0,3.0,212.08907741251326,22.723829722769278
2020-10-01,05063,Arkansas,Independence County,35.737499,-91.559942,37825,1162,21,3072.042300066094,55.51883674818242,98.0,4.0,259.08790482485125,10.575016523463319
2020-10-01,05065,Arkansas,Izard County,36.094879,-91.913625,13629,260,0,1907.69682295106,0.0,37.0,0.0,271.47993249688164,0.0
2020-10-01,05067,Arkansas,Jackson County,35.596467,-91.223205,16719,380,1,2272.8632095221005,5.981218972426581,67.0,0.0,400.7416711525809,0.0
2020-10-01,05069,Arkansas,Jefferson County,34.277239,-91.929673,66824,3413,80,5107.446426433617,119.71746677840298,339.0,15.0,507.3027654734826,22.447025020950555
2020-10-01,05071,Arkansas,Johnson County,35.573359,-93.466322,26578,866,7,3258.3339604183916,26.337572428324176,32.0,2.0,120.40033110091053,7.525020693806908
2020-10-01,05073,Arkansas,Lafayette County,33.240629,-93.611514,6624,118,2,1781.4009661835748,30.193236714975843,16.0,0.0,241.54589371980674,0.0
2020-10-01,05075,Arkansas,Lawrence County,36.041098,-91.101153,16406,471,12,2870.9008899183227,73.14397171766427,61.0,0.0,371.81518956479334,0.0
2020-10-01,05077,Arkansas,Lee County,34.779505,-90.779717,8857,1068,18,12058.259004177486,203.22908434007,15.0,0.0,169.35757028339165,0.0
2020-10-01,05079,Arkansas,Lincoln County,33.957675,-91.727626,13024,2026,15,15555.896805896808,115.17199017199017,78.0,0.0,598.8943488943489,0.0
2020-10-01,05081,Arkansas,Little River County,33.699497,-94.229774,12259,366,26,2985.5616281915327,212.08907741251326,13.0,1.0,106.04453870625663,8.157272208173588
2020-10-01,05083,Arkansas,Logan County,35.218654,-93.72091,21466,425,1,1979.8751514022176,4.658529768005217,24.0,0.0,111.80471443212522,0.0
2020-10-01,05085,Arkansas,Lonoke County,34.755114,-91.894132,73309,1263,17,1722.8443983685497,23.18951288382054,142.0,6.0,193.7006370295598,8.184533958995484
2020-10-01,05087,Arkansas,Madison County,36.012545,-93.724053,16576,370,3,2232.1428571428573,18.098455598455597,30.0,1.0,180.98455598455598,6.032818532818533
2020-10-01,05089,Arkansas,Marion County,36.266664,-92.678577,16694,105,0,628.9684916736552,0.0,20.0,0.0,119.80352222355336,0.0
2020-10-01,05091,Arkansas,Miller County,33.305505,-93.901502,43257,867,11,2004.299882100007,25.42941026885822,57.0,0.0,131.7705804840835,0.0
2020-10-01,05093,Arkansas,Mississippi County,35.766944,-90.052207,40651,1728,51,4250.817938058105,125.45816831074266,80.0,1.0,196.79712676194927,2.459964084524366
2020-10-01,05095,Arkansas,Monroe County,34.679512,-91.20331,6701,139,0,2074.3172660796895,0.0,15.0,0.0,223.84718698701687,0.0
2020-10-01,05097,Arkansas,Montgomery County,34.545656,-93.664153,8986,160,6,1780.5475183618962,66.77053193857111,18.0,2.0,200.31159581571333,22.256843979523705
2020-10-01,05099,Arkansas,Nevada County,33.666699,-93.305072,8252,226,13,2738.73000484731,157.53756665050895,10.0,0.0,121.18274357731458,0.0
2020-10-01,05101,Arkansas,Newton County,35.910742,-93.215898,7753,250,19,3224.558235521734,245.06642589965173,22.0,1.0,283.7611247259125,12.898232942086933
2020-10-01,05103,Arkansas,Ouachita County,33.591168,-92.878413,23382,270,6,1154.7344110854503,25.660764690787786,16.0,0.0,68.42870584210077,0.0
2020-10-01,05105,Arkansas,Perry County,34.946363,-92.926877,10455,90,0,860.832137733142,0.0,4.0,0.0,38.25920612147298,0.0
2020-10-01,05107,Arkansas,Phillips County,34.423687,-90.855593,17782,529,13,2974.918456866494,73.10763693622765,57.0,2.0,320.5488696434597,11.247328759419638
2020-10-01,05109,Arkansas,Pike County,34.158191,-93.658659,10718,234,1,2183.243142377309,9.33009889904833,9.0,0.0,83.97089009143497,0.0
2020-10-01,05111,Arkansas,Poinsett County,35.56887,-90.681104,23528,693,14,2945.4267256035364,59.50357021421286,56.0,3.0,238.01428085685143,12.750765045902755
2020-10-01,05113,Arkansas,Polk County,34.490915,-94.230884,19964,272,4,1362.4524143458225,20.036064916850332,15.0,0.0,75.13524343818874,0.0
2020-10-01,05115,Arkansas,Pope County,35.456557,-93.026818,64072,2180,33,3402.4222749406918,51.50455737295542,101.0,3.0,157.63516044449995,4.682232488450493
2020-10-01,05117,Arkansas,Prairie County,34.831116,-91.55362,8062,158,2,1959.811461175887,24.807740014884644,12.0,1.0,148.84644008930786,12.403870007442322
2020-10-01,05119,Arkansas,Pulaski County,34.770311,-92.312996,391911,9612,154,2452.5976561004923,39.29463577189719,631.0,8.0,161.00594267576056,2.0412797803582956
2020-10-01,05121,Arkansas,Randolph County,36.341298,-91.028441,17958,448,22,2494.7098786056354,122.50807439581244,39.0,0.0,217.1734046107584,0.0
2020-10-01,05123,Arkansas,St. Francis County,35.022838,-90.751505,24994,1547,6,6189.485476514364,24.005761382731855,55.0,0.0,220.05281267504202,0.0
2020-10-01,05125,Arkansas,Saline County,34.648525,-92.674463,122437,2197,23,1794.3922180386649,18.7851711492441,177.0,0.0,144.56414319200894,0.0
2020-10-01,05127,Arkansas,Scott County,34.858869,-94.063641,10281,111,1,1079.661511526116,9.726680284019064,14.0,0.0,136.1735239762669,0.0
2020-10-01,05129,Arkansas,Searcy County,35.896387,-92.695888,7881,151,1,1916.0005075498032,12.688745083111279,10.0,0.0,126.88745083111282,0.0
2020-10-01,05131,Arkansas,Sebastian County,35.196981,-94.274989,127827,3856,61,3016.57709247655,47.72074757289149,266.0,2.0,208.09375171129727,1.5646146745210323
2020-10-01,05133,Arkansas,Sevier County,33.994877,-94.243279,17007,1208,16,7102.957605691775,94.07890868465925,9.0,0.0,52.91938613512083,0.0
2020-10-01,05135,Arkansas,Sharp County,36.173399,-91.471069,17442,242,6,1387.4555670221305,34.39972480220158,28.0,0.0,160.53204907694072,0.0
2020-10-01,05137,Arkansas,Stone County,35.857001,-92.140482,12506,367,13,2934.5913961298575,103.95010395010395,32.0,6.0,255.87717895410202,47.97697105389413
2020-10-01,05139,Arkansas,Union County,33.168219,-92.598145,38682,924,46,2388.7079261672097,118.91835996070523,50.0,14.0,129.25908691381005,36.19254433586681
2020-10-01,05141,Arkansas,Van Buren County,35.582953,-92.515976,16545,178,3,1075.8537322453913,18.13236627379873,5.0,0.0,30.22061045633122,0.0
2020-10-01,05143,Arkansas,Washington County,35.978001,-94.217269,239187,9763,118,4081.7435730202733,49.3337848628897,513.0,6.0,214.47653927680017,2.5084975354011716
2020-10-01,05145,Arkansas,White County,35.255118,-91.753034,78753,925,29,1174.5584295201454,36.82399400657752,130.0,8.0,165.0730765812096,10.158343174228282
2020-10-01,05147,Arkansas,Woodruff County,35.192777,-91.244535,6320,57,0,901.8987341772151,0.0,8.0,0.0,126.58227848101266,0.0
2020-10-01,05149,Arkansas,Yell County,34.997713,-93.408303,21341,1260,30,5904.1282039267135,140.57448104587414,13.0,1.0,60.91560845321212,4.685816034862472
2020-10-01,06001,California,Alameda County,37.647139,-121.912488,1671329,21773,376,1302.7357270770747,22.49706670559776,495.0,8.0,29.617148987422585,0.4786609937361226
2020-10-01,06003,California,Alpine County,38.621783,-119.798352,1129,4,0,354.295837023915,0.0,0.0,0.0,0.0,0.0
2020-10-01,06005,California,Amador County,38.44355,-120.653856,39752,300,16,754.6790098611391,40.24954719259408,6.0,0.0,15.093580197222781,0.0
2020-10-01,06007,California,Butte County,39.665959,-121.601919,219186,2961,49,1350.907448468424,22.35544240964295,72.0,2.0,32.848813336618214,0.9124670371282837
2020-10-01,06009,California,Calaveras County,38.1839,-120.561441,45905,313,18,681.842936499292,39.21141487855353,4.0,2.0,8.713647750789676,4.356823875394838
2020-10-01,06011,California,Colusa County,39.177739,-122.237563,21547,534,6,2478.3032440711004,27.846103865967418,3.0,0.0,13.923051932983709,0.0
2020-10-01,06013,California,Contra Costa County,37.919479,-121.951543,1153526,17478,241,1515.1804120583324,20.892463628908235,469.0,6.0,40.657947891941745,0.5201443227114083
2020-10-01,06015,California,Del Norte County,41.763958,-124.003614,27812,147,1,528.5488278440961,3.5955702574428305,10.0,0.0,35.95570257442831,0.0
2020-10-01,06017,California,El Dorado County,38.785612,-120.534225,192843,1232,4,638.861664670224,2.0742261839942335,63.0,0.0,32.66906239790918,0.0
2020-10-01,06019,California,Fresno County,36.761006,-119.655019,999101,30824,445,3085.1735710403655,44.54004149730608,603.0,13.0,60.35425847837206,1.3011697516066945
2020-10-01,06021,California,Glenn County,39.602546,-122.4017,28393,607,3,2137.8508787377173,10.565984573662522,23.0,0.0,81.00588173141267,0.0
2020-10-01,06023,California,Humboldt County,40.706655,-123.926176,135558,518,7,382.1242567756975,5.163841307779696,19.0,2.0,14.016140692544887,1.4753832307941988
2020-10-01,06025,California,Imperial County,33.040814,-115.3554,181215,12013,337,6629.142179179427,185.96694534116935,187.0,5.0,103.19234058990702,2.759153491708744
2020-10-01,06027,California,Inyo County,36.561977,-117.403927,18039,197,15,1092.0782748489385,83.15316813570597,8.0,0.0,44.348356339043185,0.0
2020-10-01,06029,California,Kern County,35.346629,-118.729506,900202,32306,411,3588.750080537479,45.65641933699325,449.0,6.0,49.877694117542504,0.6665170706130402
2020-10-01,06031,California,Kings County,36.072478,-119.81553,152940,7993,81,5226.232509480842,52.96194586112201,272.0,4.0,177.84752190401466,2.6154047338825683
2020-10-01,06033,California,Lake County,39.094802,-122.746757,64386,595,10,924.1139378125679,15.531326685925512,28.0,0.0,43.48771472059143,0.0
2020-10-01,06035,California,Lassen County,40.721086,-120.629952,30573,747,0,2443.3323520753606,0.0,2.0,0.0,6.541719818140189,0.0
2020-10-01,06037,California,Los Angeles County,34.196398,-118.261862,10039107,274020,6732,2729.52564406376,67.05775722880531,7021.0,123.0,69.9364993320621,1.2252085768186354
2020-10-01,06039,California,Madera County,37.209821,-119.749802,157327,4656,98,2959.4411639451587,62.290643055546724,143.0,4.0,90.89348935656308,2.5424752267570097
2020-10-01,06041,California,Marin County,38.051817,-122.745974,258826,6792,123,2624.1567694126556,47.52227365102424,110.0,4.0,42.4995943220542,1.5454397935292437
2020-10-01,06043,California,Mariposa County,37.57003,-119.912861,17203,78,0,453.40928907748645,0.0,1.0,0.0,5.812939603557519,0.0
2020-10-01,06045,California,Mendocino County,39.432388,-123.442881,86749,894,18,1030.5594300798855,20.74951872644065,48.0,1.0,55.33204993717507,1.152751040357814
2020-10-01,06047,California,Merced County,37.194806,-120.722802,277680,9020,140,3248.343416882743,50.41774704696053,153.0,5.0,55.09939498703544,1.800633823105733
2020-10-01,06049,California,Modoc County,41.592918,-120.71837,8841,29,0,328.01719262526865,0.0,0.0,0.0,0.0,0.0
2020-10-01,06051,California,Mono County,37.915836,-118.875167,14444,169,2,1170.0360011077264,13.846579894765993,0.0,0.0,0.0,0.0
2020-10-01,06053,California,Monterey County,36.240107,-121.315572,434061,10209,71,2351.973570535017,16.35714795846667,393.0,3.0,90.54026968559718,0.6911470968366197
2020-10-01,06055,California,Napa County,38.5071,-122.325904,137744,1774,12,1287.896387501452,8.71181321872459,45.0,0.0,32.66929957021721,0.0
2020-10-01,06057,California,Nevada County,39.297508,-120.771343,99755,559,5,560.372913638414,5.012280086211217,18.0,0.0,18.044208310360382,0.0
2020-10-01,06059,California,Orange County,33.675687,-117.777207,3175692,55813,1412,1757.5067103484846,44.46275016594809,1368.0,44.0,43.07722537324148,1.3855247927065975
2020-10-01,06061,California,Placer County,39.062032,-120.722718,398329,3723,54,934.6545192541843,13.556632833662626,104.0,3.0,26.109070642609502,0.7531462685368125
2020-10-01,06063,California,Plumas County,39.992295,-120.824371,18807,51,0,271.1756260966662,0.0,2.0,0.0,10.634338278300632,0.0
2020-10-01,06065,California,Riverside County,33.729828,-116.002239,2470546,60574,1263,2451.846676807475,51.122302519362115,1806.0,20.0,73.1012496832684,0.8095376487626622
2020-10-01,06067,California,Sacramento County,38.450016,-121.340441,1552058,23171,470,1492.9210119724908,30.28237346800184,703.0,25.0,45.29469903830914,1.6107645461703106
2020-10-01,06069,California,San Benito County,36.611651,-121.085811,62808,1355,11,2157.368488090689,17.513692523245446,19.0,2.0,30.250923449242137,3.1843077314991723
2020-10-01,06071,California,San Bernardino County,34.85722,-116.181197,2180085,56002,1139,2568.7989229777736,52.24566932023292,2000.0,29.0,91.73954226555387,1.330223362850531
2020-10-01,06073,California,San Diego County,33.023604,-116.776117,3338330,49123,829,1471.4842451165703,24.83277566927176,1889.0,23.0,56.58517881695339,0.688967238110073
2020-10-01,06075,California,San Francisco County,37.727239,-123.032229,881549,11498,129,1304.2950533662904,14.633332917398807,285.0,8.0,32.329456445415964,0.9074935142572903
2020-10-01,06077,California,San Joaquin County,37.934982,-121.272244,762148,20514,502,2691.6032056765875,65.86647212877288,352.0,12.0,46.185255357227206,1.5744973417236545
2020-10-01,06079,California,San Luis Obispo County,35.385224,-120.447544,283111,3747,31,1323.509153653514,10.949768818590588,123.0,0.0,43.44585692537556,0.0
2020-10-01,06081,California,San Mateo County,37.414672,-122.371546,766573,10425,156,1359.9487589570726,20.350312364249717,322.0,4.0,42.00513193133596,0.5218028811346082
2020-10-01,06083,California,Santa Barbara County,34.537057,-120.039973,446499,9651,118,2161.4830044412192,26.427830745421602,172.0,2.0,38.521922781462,0.44792933466816276
2020-10-01,06085,California,Santa Clara County,37.220695,-121.69051,1927852,22315,321,1157.5058666329157,16.650655755732288,690.0,17.0,35.791129194564725,0.8818104294313048
2020-10-01,06087,California,Santa Cruz County,37.012488,-122.007205,273213,2514,12,920.1611929154176,4.392177531815836,106.0,1.0,38.79756819770655,0.36601479431798634
2020-10-01,06089,California,Shasta County,40.760514,-122.043556,180080,1344,27,746.3349622390049,14.993336294980008,318.0,7.0,176.58818302976454,3.887161261661484
2020-10-01,06091,California,Sierra County,39.576925,-120.521993,3005,6,0,199.66722129783693,0.0,0.0,0.0,0.0,0.0
2020-10-01,06093,California,Siskiyou County,41.587986,-122.533287,43539,162,0,372.08020395507475,0.0,8.0,0.0,18.374331059509863,0.0
2020-10-01,06095,California,Solano County,38.267226,-121.939594,447643,6492,83,1450.2628210426612,18.541561020724103,198.0,4.0,44.23167568799244,0.893569205818029
2020-10-01,06097,California,Sonoma County,38.525182,-122.92611,494336,7990,112,1616.309554634904,22.656654583117554,451.0,0.0,91.23349300880373,0.0
2020-10-01,06099,California,Stanislaus County,37.562316,-121.002831,550660,16656,386,3024.733955616896,70.09770094068935,230.0,11.0,41.768060146006604,1.9976028765481422
2020-10-01,06101,California,Sutter County,39.03619,-121.70394,96971,1710,11,1763.413804127007,11.343597570407647,35.0,0.0,36.09326499675161,0.0
2020-10-01,06103,California,Tehama County,40.126157,-122.232274,65084,647,6,994.0999323950588,9.218855632720791,72.0,1.0,110.62626759264948,1.5364759387867983
2020-10-01,06105,California,Trinity County,40.647803,-123.114476,12285,22,0,179.08017908017908,0.0,2.0,0.0,16.28001628001628,0.0
2020-10-01,06107,California,Tulare County,36.228834,-118.781055,466195,16518,279,3543.1525434635723,59.84620169671489,383.0,3.0,82.15446326108173,0.6435075451259666
2020-10-01,06109,California,Tuolumne County,38.021434,-119.964733,54478,233,4,427.69558353830905,7.342413451301442,1.0,0.0,1.8356033628253605,0.0
2020-10-01,06111,California,Ventura County,34.358741,-119.133143,846006,13468,166,1591.9508845090934,19.62161024862708,427.0,5.0,50.47245527809495,0.5910123568863578
2020-10-01,06113,California,Yolo County,38.679596,-121.902441,220500,2887,57,1309.2970521541952,25.850340136054424,79.0,1.0,35.82766439909297,0.4535147392290249
2020-10-01,06115,California,Yuba County,39.27013,-121.344259,78668,1111,8,1412.2641989118829,10.169319164081964,31.0,1.0,39.406111760817616,1.2711648955102455
2020-10-01,08001,Colorado,Adams County,39.874325,-104.331872,517421,9491,227,1834.2896790041377,43.871431580859685,718.0,3.0,138.76514482404076,0.5797986552536523
2020-10-01,08003,Colorado,Alamosa County,37.568442,-105.788041,16233,245,9,1509.2712376024149,55.442616891517275,3.0,0.0,18.48087229717243,0.0
2020-10-01,08005,Colorado,Arapahoe County,39.644554,-104.331706,656590,9481,372,1443.9756925935515,56.65636089492681,410.0,2.0,62.44383862075267,0.3046040908329399
2020-10-01,08007,Colorado,Archuleta County,37.202395,-107.050863,14029,55,0,392.04504954023804,0.0,0.0,0.0,0.0,0.0
2020-10-01,08009,Colorado,Baca County,37.30978,-102.543741,3581,18,0,502.652890254119,0.0,0.0,0.0,0.0,0.0
2020-10-01,08011,Colorado,Bent County,37.931891,-103.077584,5577,11,0,197.23865877712032,0.0,0.0,0.0,0.0,0.0
2020-10-01,08013,Colorado,Boulder County,40.09497,-105.397691,326196,4478,79,1372.7942709291347,24.218567977534978,419.0,0.0,128.45037952641968,0.0
2020-10-01,08014,Colorado,Broomfield County,39.953593,-105.050787,70465,674,33,956.5032285531825,46.831760448449586,55.0,0.0,78.05293408074931,0.0
2020-10-01,08015,Colorado,Chaffee County,38.738223,-106.316683,20356,336,19,1650.6189821182943,93.33857339359402,9.0,0.0,44.21300844959717,0.0
2020-10-01,08017,Colorado,Cheyenne County,38.835646,-102.601791,1831,14,0,764.6095030038231,0.0,0.0,0.0,0.0,0.0
2020-10-01,08019,Colorado,Clear Creek County,39.669732,-105.69257,9700,40,1,412.37113402061857,10.309278350515465,3.0,0.0,30.92783505154639,0.0
2020-10-01,08021,Colorado,Conejos County,37.213406,-106.176447,8205,37,0,450.94454600853135,0.0,4.0,0.0,48.75076173065204,0.0
2020-10-01,08023,Colorado,Costilla County,37.277547,-105.42894,3887,32,1,823.2570105479805,25.72678157962439,0.0,0.0,0.0,0.0
2020-10-01,08025,Colorado,Crowley County,38.30618,-103.772736,6061,74,1,1220.9206401583897,16.49892756970797,1.0,0.0,16.49892756970797,0.0
2020-10-01,08027,Colorado,Custer County,38.101996,-105.373512,5068,18,0,355.1696921862668,0.0,1.0,0.0,19.73164956590371,0.0
2020-10-01,08029,Colorado,Delta County,38.861595,-107.864892,31162,191,3,612.9259996149156,9.627109941595533,4.0,0.0,12.836146588794044,0.0
2020-10-01,08031,Colorado,Denver County,39.76185,-104.881105,727211,13474,435,1852.8322591379945,59.817577016849306,689.0,1.0,94.74554152783718,0.13751167130310185
2020-10-01,08033,Colorado,Dolores County,37.711723,-108.524116,2055,3,0,145.98540145985402,0.0,0.0,0.0,0.0,0.0
2020-10-01,08035,Colorado,Douglas County,39.325414,-104.925987,351154,2687,61,765.191340551439,17.371295784755407,203.0,1.0,57.80939416894013,0.2847753407336952
2020-10-01,08037,Colorado,Eagle County,39.626992,-106.695169,55127,1265,10,2294.7013260289873,18.13993143105919,19.0,0.0,34.46586971901246,0.0
2020-10-01,08039,Colorado,Elbert County,39.315157,-104.114076,26729,163,3,609.824535149089,11.22376445059673,8.0,0.0,29.930038534924613,0.0
2020-10-01,08041,Colorado,El Paso County,38.827383,-104.527472,720403,7027,175,975.4262544714556,24.291958806390312,267.0,5.0,37.06258857889265,0.694055965896866
2020-10-01,08043,Colorado,Fremont County,38.45517,-105.424958,47839,176,1,367.90066681995864,2.090344697840674,5.0,0.0,10.451723489203369,0.0
2020-10-01,08045,Colorado,Garfield County,39.599352,-107.90978,60061,958,5,1595.0450375451624,8.324869715788948,19.0,0.0,31.634504919998,0.0
2020-10-01,08047,Colorado,Gilpin County,39.861156,-105.528878,6243,19,0,304.340861765177,0.0,1.0,0.0,16.017940092904052,0.0
2020-10-01,08049,Colorado,Grand County,40.113065,-106.110837,15734,83,1,527.5200203381213,6.355662895640016,11.0,0.0,69.91229185204017,0.0
2020-10-01,08051,Colorado,Gunnison County,38.670499,-107.05688,17462,297,7,1700.8361012484254,40.08704615737029,1.0,0.0,5.726720879624327,0.0
2020-10-01,08053,Colorado,Hinsdale County,37.821165,-107.338261,820,3,0,365.8536585365854,0.0,0.0,0.0,0.0,0.0
2020-10-01,08055,Colorado,Huerfano County,37.687815,-104.959928,6897,24,1,347.9773814702044,14.49905756125852,5.0,0.0,72.4952878062926,0.0
2020-10-01,08057,Colorado,Jackson County,40.663432,-106.329248,1392,10,0,718.3908045977012,0.0,0.0,0.0,0.0,0.0
2020-10-01,08059,Colorado,Jefferson County,39.579511,-105.245462,582881,5902,252,1012.556593884515,43.233524510148726,351.0,4.0,60.218123424850006,0.6862464207960115
2020-10-01,08061,Colorado,Kiowa County,38.387663,-102.756849,1406,1,0,71.12375533428165,0.0,0.0,0.0,0.0,0.0
2020-10-01,08063,Colorado,Kit Carson County,39.30534,-102.603023,7097,81,3,1141.32732140341,42.27138227420037,2.0,0.0,28.18092151613358,0.0
2020-10-01,08065,Colorado,Lake County,39.205341,-106.350079,8127,99,0,1218.1616832779623,0.0,7.0,0.0,86.13264427217915,0.0
2020-10-01,08067,Colorado,La Plata County,37.287367,-107.839718,56221,266,3,473.13281514025005,5.336084381281015,7.0,0.0,12.45086355632237,0.0
2020-10-01,08069,Colorado,Larimer County,40.658093,-105.486764,356899,2662,53,745.8692795440727,14.850139675370343,213.0,2.0,59.680750016111,0.5603826292592582
2020-10-01,08071,Colorado,Las Animas County,37.318831,-104.04411,14506,25,0,172.34247897421756,0.0,2.0,0.0,13.787398317937404,0.0
2020-10-01,08073,Colorado,Lincoln County,38.99374,-103.507555,5701,13,0,228.0301701455885,0.0,4.0,0.0,70.1631292755657,0.0
2020-10-01,08075,Colorado,Logan County,40.728091,-103.090464,22409,889,6,3967.156053371413,26.7749564906957,36.0,1.0,160.64973894417423,4.462492748449284
2020-10-01,08077,Colorado,Mesa County,39.019524,-108.460571,154210,663,7,429.93320796316715,4.539264639128461,105.0,0.0,68.08896958692692,0.0
2020-10-01,08079,Colorado,Mineral County,37.549067,-107.003236,769,20,0,2600.780234070221,0.0,0.0,0.0,0.0,0.0
2020-10-01,08081,Colorado,Moffat County,40.610864,-108.217154,13283,43,1,323.72205074154937,7.528419784687194,2.0,0.0,15.056839569374388,0.0
2020-10-01,08083,Colorado,Montezuma County,37.338025,-108.595786,26183,145,5,553.794446778444,19.09636023373945,13.0,0.0,49.650536607722564,0.0
2020-10-01,08085,Colorado,Montrose County,38.407507,-108.266282,42758,385,13,900.4162963655924,30.403667150007017,12.0,0.0,28.0649235230834,0.0
2020-10-01,08087,Colorado,Morgan County,40.263159,-103.81221,29068,755,48,2597.3579193614974,165.1300399064263,16.0,0.0,55.043346635475444,0.0
2020-10-01,08089,Colorado,Otero County,37.88417,-103.72126,18278,100,6,547.1058102637049,32.826348615822305,7.0,0.0,38.29740671845935,0.0
2020-10-01,08091,Colorado,Ouray County,38.154731,-107.78848,4952,28,1,565.4281098546041,20.193861066235865,3.0,0.0,60.58158319870759,0.0
2020-10-01,08093,Colorado,Park County,39.118914,-105.717648,18845,58,1,307.77394534359246,5.306447333510215,3.0,0.0,15.919342000530646,0.0
2020-10-01,08095,Colorado,Phillips County,40.594712,-102.345105,4265,33,0,773.7397420867527,0.0,0.0,0.0,0.0,0.0
2020-10-01,08097,Colorado,Pitkin County,39.217538,-106.916159,17767,225,2,1266.3927506050543,11.256824449822705,4.0,0.0,22.51364889964541,0.0
2020-10-01,08099,Colorado,Prowers County,37.958181,-102.392161,12172,94,0,772.264212947749,0.0,0.0,0.0,0.0,0.0
2020-10-01,08101,Colorado,Pueblo County,38.170658,-104.489892,168424,1146,37,680.4255925521303,21.968365553602812,86.0,0.0,51.06160642188762,0.0
2020-10-01,08103,Colorado,Rio Blanco County,39.972622,-108.200716,6324,25,0,395.31941808981657,0.0,0.0,0.0,0.0,0.0
2020-10-01,08105,Colorado,Rio Grande County,37.485853,-106.453128,11267,96,2,852.0457974616137,17.750954113783617,0.0,0.0,0.0,0.0
2020-10-01,08107,Colorado,Routt County,40.483664,-106.987702,25638,159,8,620.1731804352913,31.203682034480067,8.0,0.0,31.203682034480067,0.0
2020-10-01,08109,Colorado,Saguache County,38.031651,-106.234666,6824,111,2,1626.6119577960142,29.30832356389214,0.0,0.0,0.0,0.0
2020-10-01,08111,Colorado,San Juan County,37.781049,-107.670257,728,6,0,824.1758241758242,0.0,0.0,0.0,0.0,0.0
2020-10-01,08113,Colorado,San Miguel County,38.009319,-108.427263,8179,94,0,1149.284753637364,0.0,0.0,0.0,0.0,0.0
2020-10-01,08115,Colorado,Sedgwick County,40.871568,-102.355358,2248,15,1,667.2597864768684,44.48398576512455,1.0,0.0,44.48398576512455,0.0
2020-10-01,08117,Colorado,Summit County,39.621023,-106.137555,31011,471,4,1518.8159040340524,12.89864886653123,24.0,0.0,77.39189319918738,0.0
2020-10-01,08119,Colorado,Teller County,38.869976,-105.187365,25388,177,4,697.1797699700645,15.755475027572082,3.0,0.0,11.816606270679062,0.0
2020-10-01,08121,Colorado,Washington County,39.96579,-103.209744,4908,67,0,1365.118174409128,0.0,7.0,0.0,142.6242868785656,0.0
2020-10-01,08123,Colorado,Weld County,40.555961,-104.383666,324492,4834,151,1489.7131516339387,46.53427511309986,210.0,2.0,64.71654154801966,0.6163480147430445
2020-10-01,08125,Colorado,Yuma County,40.00077,-102.421649,10019,126,1,1257.6105399740493,9.981036031540073,23.0,0.0,229.5638287254217,0.0
2020-10-01,09001,Connecticut,Fairfield County,41.227413,-73.367061,943332,20264,1422,2148.13024470706,150.74226253323326,279.0,1.0,29.57601353500146,0.10600721697133142
2020-10-01,09003,Connecticut,Hartford County,41.806053,-72.732916,891720,14874,1439,1668.0123805678913,161.3735253218499,368.0,5.0,41.26855963755439,0.5607141255102499
2020-10-01,09005,Connecticut,Litchfield County,41.791883,-73.235404,180333,1890,141,1048.0610869890702,78.18868426743857,34.0,0.0,18.854008972290153,0.0
2020-10-01,09007,Connecticut,Middlesex County,41.433003,-72.52278,162436,1604,193,987.4658326971854,118.81602600408777,40.0,0.0,24.625083109655495,0.0
2020-10-01,09009,Connecticut,New Haven County,41.349718,-72.900203,854757,14520,1115,1698.7284105307122,130.4464309739493,201.0,0.0,23.51545526974333,0.0
2020-10-01,09011,Connecticut,New London County,41.472652,-72.108634,265206,2087,118,786.9354388663907,44.493714320188836,257.0,4.0,96.9058015278689,1.5082615023792825
2020-10-01,09013,Connecticut,Tolland County,41.858081,-72.340978,150721,1370,67,908.9642451947637,44.45299593288261,36.0,1.0,23.885191844533942,0.663477551237054
2020-10-01,09015,Connecticut,Windham County,41.824999,-71.990702,116782,1004,16,859.7215324279426,13.700741552636538,56.0,1.0,47.95259543422788,0.8562963470397836
2020-10-01,10001,Delaware,Kent County,39.097088,-75.502982,180786,2969,117,1642.2731848705098,64.71740068368126,66.0,1.0,36.50725166771763,0.5531401767836005
2020-10-01,10003,Delaware,New Castle County,39.575915,-75.644132,558753,10520,312,1882.7639404173224,55.8386263697913,655.0,2.0,117.22532138529905,0.3579399126268673
2020-10-01,10005,Delaware,Sussex County,38.673227,-75.337024,234225,6807,207,2906.1799551713098,88.37656099903938,116.0,3.0,49.525029352118686,1.2808197246237594
2020-10-01,11001,District of Columbia,District of Columbia,38.904247,-77.016517,705749,15358,628,2176.127773471872,88.9834771285542,252.0,7.0,35.70674559935615,0.9918540444265596
2020-10-01,12001,Florida,Alachua County,29.67574,-82.357221,269043,8352,61,3104.336481528975,22.6729556241939,490.0,10.0,182.1270205877871,3.716877971179328
2020-10-01,12003,Florida,Baker County,30.324442,-82.302284,29210,1492,13,5107.839780896953,44.50530640191715,57.0,2.0,195.13865114686752,6.846970215679562
2020-10-01,12005,Florida,Bay County,30.238218,-85.63168,174705,6146,111,3517.9302252368275,63.5356744225981,178.0,9.0,101.88603646146362,5.151541169399845
2020-10-01,12007,Florida,Bradford County,29.952386,-82.166679,28201,1135,9,4024.67997588738,31.913761923336054,68.0,1.0,241.12620119853904,3.545973547037339
2020-10-01,12009,Florida,Brevard County,28.298311,-80.700333,601942,9154,299,1520.7445235587481,49.67255981473298,518.0,9.0,86.05480262217955,1.4951606633197219
2020-10-01,12011,Florida,Broward County,26.193535,-80.476683,1952778,77433,1406,3965.274086455296,71.99999180654432,1104.0,48.0,56.53484420656111,2.4580367046330918
2020-10-01,12013,Florida,Calhoun County,30.388801,-85.197915,14105,622,12,4409.783764622474,85.07621410847217,12.0,1.0,85.07621410847217,7.089684509039348
2020-10-01,12015,Florida,Charlotte County,26.868974,-81.941278,188910,3097,136,1639.4050076756125,71.99195384045312,96.0,2.0,50.817849769731616,1.0587052035360753
2020-10-01,12017,Florida,Citrus County,28.84364,-82.52481,149657,2793,107,1866.2675317559485,71.49682273465324,91.0,10.0,60.80570905470509,6.681946049967592
2020-10-01,12019,Florida,Clay County,29.986584,-81.865036,219252,5193,103,2368.507470855454,46.9779067009651,273.0,7.0,124.51425756663565,3.1926732709393755
2020-10-01,12021,Florida,Collier County,26.118786,-81.400955,384902,12789,224,3322.663950823846,58.19663186993053,201.0,13.0,52.22108484757158,3.3774830995941825
2020-10-01,12023,Florida,Columbia County,30.221651,-82.623371,71686,3852,59,5373.434143347376,82.30337862344112,119.0,5.0,166.0017297659236,6.974862595206874
2020-10-01,12027,Florida,DeSoto County,27.190581,-81.806253,38001,1573,25,4139.364753559117,65.78774242783084,18.0,0.0,47.367174548038214,0.0
2020-10-01,12029,Florida,Dixie County,29.580899,-83.195666,16826,834,9,4956.614762866991,53.488648520147386,3.0,2.0,17.829549506715797,11.886366337810532
2020-10-01,12031,Florida,Duval County,30.335245,-81.648113,957755,30666,407,3201.8626893098963,42.49521015290967,821.0,40.0,85.72129615611507,4.176433430261393
2020-10-01,12033,Florida,Escambia County,30.611638,-87.3389,318316,12393,237,3893.30099649405,74.45431583709271,251.0,9.0,78.85246107641464,2.827379082421242
2020-10-01,12035,Florida,Flagler County,29.474891,-81.286253,115081,1762,26,1531.0954892640837,22.592782474952426,58.0,3.0,50.399283982586184,2.6068595163406645
2020-10-01,12037,Florida,Franklin County,29.810176,-84.799174,12125,628,4,5179.381443298969,32.98969072164948,17.0,1.0,140.20618556701032,8.24742268041237
2020-10-01,12039,Florida,Gadsden County,30.578687,-84.612607,45660,2840,47,6219.886114761279,102.9347349978099,90.0,1.0,197.10906701708277,2.190100744634253
2020-10-01,12041,Florida,Gilchrist County,29.723456,-82.795801,18582,513,13,2760.7361963190183,69.9601765149069,7.0,1.0,37.670864277257564,5.381552039608223
2020-10-01,12043,Florida,Glades County,26.95481,-81.19082,13811,545,4,3946.129896459344,28.962421258417205,28.0,0.0,202.73694880892043,0.0
2020-10-01,12045,Florida,Gulf County,29.907257,-85.256537,13639,879,14,6444.754014223916,102.64682161448786,6.0,0.0,43.99149497763766,0.0
2020-10-01,12047,Florida,Hamilton County,30.491187,-82.951071,14428,861,8,5967.563071804824,55.44774050457444,20.0,0.0,138.6193512614361,0.0
2020-10-01,12049,Florida,Hardee County,27.492846,-81.82158,26937,1375,11,5104.503099825519,40.83602479860415,53.0,0.0,196.75539221145635,0.0
2020-10-01,12051,Florida,Hendry County,26.539967,-81.152114,42022,2077,40,4942.6490885726525,95.18823473418685,21.0,0.0,49.9738232354481,0.0
2020-10-01,12053,Florida,Hernando County,28.573043,-82.466227,193920,3194,132,1647.0709570957094,68.06930693069306,110.0,15.0,56.724422442244226,7.735148514851486
2020-10-01,12055,Florida,Highlands County,27.34108,-81.342353,106221,2186,90,2057.97347040604,84.72900838817183,65.0,8.0,61.19317272479076,7.53146741228194
2020-10-01,12057,Florida,Hillsborough County,27.906607,-82.349719,1471968,42380,654,2879.138676927759,44.43031370247179,1029.0,34.0,69.90641100893498,2.309832822452662
2020-10-01,12059,Florida,Holmes County,30.862007,-85.815939,19617,756,8,3853.8002752714483,40.78095529387776,15.0,1.0,76.4642911760208,5.09761941173472
2020-10-01,12061,Florida,Indian River County,27.700528,-80.574789,159923,3279,118,2050.3617365857317,73.78550927633924,134.0,3.0,83.79032409346998,1.8759027782120146
2020-10-01,12063,Florida,Jackson County,30.789249,-85.208814,46414,2840,79,6118.8434524066015,170.20726504933856,67.0,2.0,144.35299694057827,4.309044684793381
2020-10-01,12065,Florida,Jefferson County,30.424558,-83.890859,14246,562,9,3944.967008283027,63.175628246525335,10.0,1.0,70.19514249613927,7.019514249613927
2020-10-01,12067,Florida,Lafayette County,29.990066,-83.17851,8422,1233,12,14640.227974352885,142.48397055331276,0.0,0.0,0.0,0.0
2020-10-01,12069,Florida,Lake County,28.764113,-81.712282,367118,7567,193,2061.190135051945,52.5716527111174,173.0,9.0,47.123813051934256,2.451527846632418
2020-10-01,12071,Florida,Lee County,26.559035,-81.891994,770577,20586,472,2671.50459979989,61.252801472143595,395.0,7.0,51.260289367577805,0.9084101913241636
2020-10-01,12073,Florida,Leon County,30.45931,-84.2778,293582,10710,80,3648.043817400249,27.249627020730152,432.0,15.0,147.14798591194284,5.109305066386904
2020-10-01,12075,Florida,Levy County,29.284457,-82.783462,41503,1046,10,2520.2997373683834,24.094643760691998,29.0,1.0,69.87446690600679,2.4094643760691996
2020-10-01,12077,Florida,Liberty County,30.259849,-84.86858,8354,518,8,6200.622456308355,95.76250897773521,13.0,0.0,155.61407708881973,0.0
2020-10-01,12079,Florida,Madison County,30.447233,-83.470416,18493,1017,20,5499.378143081166,108.14902936246148,7.0,2.0,37.85216027686152,10.814902936246147
2020-10-01,12081,Florida,Manatee County,27.481682,-82.368767,403253,11619,291,2881.3176839353955,72.16313331828901,267.0,5.0,66.21153469410024,1.23991638003933
2020-10-01,12083,Florida,Marion County,29.202805,-82.0431,365579,9806,295,2682.320373982094,80.69391294357717,216.0,29.0,59.084356595975144,7.932621950385553
2020-10-01,12085,Florida,Martin County,27.083604,-80.398201,161000,4942,142,3069.5652173913045,88.19875776397515,110.0,3.0,68.32298136645963,1.8633540372670807
2020-10-01,12086,Florida,Miami-Dade County,25.61058,-80.497099,2716940,170882,3284,6289.5021605188185,120.87127430123596,2610.0,121.0,96.0639543015304,4.453539643864053
2020-10-01,12087,Florida,Monroe County,24.768883,-80.95327,74228,1855,22,2499.0569596378723,29.638411381149968,38.0,0.0,51.19361965834995,0.0
2020-10-01,12089,Florida,Nassau County,30.605963,-81.765087,88625,2139,46,2413.540197461213,51.90409026798307,77.0,4.0,86.88293370944993,4.513399153737659
2020-10-01,12091,Florida,Okaloosa County,30.665851,-86.594187,210738,5082,116,2411.5252113999372,55.04465260180888,246.0,7.0,116.73262534521538,3.3216600707988113
2020-10-01,12093,Florida,Okeechobee County,27.385592,-80.887388,42168,1576,28,3737.431227471068,66.40106241699867,72.0,4.0,170.7455890722823,9.485866059571238
2020-10-01,12095,Florida,Orange County,28.514391,-81.323284,1393452,40485,470,2905.374566185272,33.72918478713296,925.0,30.0,66.38190622999572,2.152926688540402
2020-10-01,12097,Florida,Osceola County,28.059027,-81.139312,375751,12605,156,3354.6151573781576,41.516855577230665,317.0,12.0,84.36437960244949,3.1936042751715896
2020-10-01,12099,Florida,Palm Beach County,26.649126,-80.448354,1496770,46698,1383,3119.918223908817,92.39896577296444,832.0,53.0,55.586362634205656,3.54095819665012
2020-10-01,12101,Florida,Pasco County,28.307711,-82.464832,553947,9371,208,1691.678084726517,37.548718559717805,331.0,2.0,59.75300886185863,0.3610453707665174
2020-10-01,12103,Florida,Pinellas County,27.903108,-82.739519,974996,22266,755,2283.701676724828,77.43621512293385,501.0,16.0,51.38482619415875,1.6410323734661474
2020-10-01,12105,Florida,Polk County,27.953649,-81.693534,724777,20120,531,2776.026281187179,73.26391427984056,569.0,11.0,78.50690626220204,1.5177082054204258
2020-10-01,12107,Florida,Putnam County,29.593896,-81.732039,74521,2145,40,2878.3832745132245,53.6761449792676,43.0,2.0,57.701855852712654,2.6838072489633795
2020-10-01,12109,Florida,St. Johns County,29.890487,-81.40004,264672,5423,70,2048.9511546366825,26.44782976665458,227.0,1.0,85.76653367186556,0.3778261395236368
2020-10-01,12111,Florida,St. Lucie County,27.379814,-80.443536,328297,8120,291,2473.370149590158,88.6392504348197,210.0,18.0,63.96646938595235,5.482840233081631
2020-10-01,12113,Florida,Santa Rosa County,30.701269,-87.01289,184313,5378,77,2917.8625490334375,41.77676018511988,119.0,2.0,64.564083922458,1.085110654158958
2020-10-01,12115,Florida,Sarasota County,27.184386,-82.365835,433742,8233,261,1898.1329915018605,60.174020500666295,224.0,8.0,51.64360380133812,1.8444144214763614
2020-10-01,12117,Florida,Seminole County,28.690092,-81.131989,471826,9107,216,1930.1606948324172,45.7795882380369,198.0,9.0,41.96462255153383,1.9074828432515378
2020-10-01,12119,Florida,Sumter County,28.714101,-82.074347,132420,2397,70,1810.149524241051,52.86210542214167,192.0,5.0,144.99320344358858,3.7758646730101195
2020-10-01,12121,Florida,Suwannee County,30.189244,-82.992754,44417,2745,71,6180.066190872864,159.84870657631086,83.0,2.0,186.8653893779409,4.502780466938335
2020-10-01,12123,Florida,Taylor County,30.009908,-83.609483,21569,1338,13,6203.347396726784,60.27168621632899,28.0,1.0,129.81593954286245,4.63628355510223
2020-10-01,12125,Florida,Union County,30.05428,-82.366918,15237,980,16,6431.712279320076,105.00754741747063,66.0,4.0,433.15613309706634,26.25188685436766
2020-10-01,12127,Florida,Volusia County,29.057769,-81.161792,553284,10991,252,1986.5024110583354,45.54622942286421,302.0,14.0,54.58317970517854,2.5303460790480115
2020-10-01,12129,Florida,Wakulla County,30.139432,-84.374846,33739,1147,10,3399.6265449479833,29.63928984261537,41.0,1.0,121.52108835472302,2.9639289842615373
2020-10-01,12131,Florida,Walton County,30.631211,-86.176614,74071,1989,25,2685.2614383496916,33.75140068312835,68.0,0.0,91.80380985810912,0.0
2020-10-01,12133,Florida,Washington County,30.602217,-85.662797,25473,1084,23,4255.486201075649,90.29168138813645,16.0,4.0,62.81160444392102,15.702901110980255
2020-10-01,13001,Georgia,Appling County,31.739712,-82.290103,18386,1043,29,5672.794517567715,157.72870662460568,27.0,3.0,146.85086478842598,16.31676275426955
2020-10-01,13003,Georgia,Atkinson County,31.296806,-82.878151,8165,446,3,5462.339252908757,36.74219228413962,5.0,0.0,61.2369871402327,0.0
2020-10-01,13005,Georgia,Bacon County,31.55021,-82.451433,11164,599,14,5365.46040845575,125.40308133285562,5.0,1.0,44.78681476173414,8.957362952346829
2020-10-01,13007,Georgia,Baker County,31.31958,-84.454881,3038,84,4,2764.9769585253457,131.6655694535879,3.0,0.0,98.74917709019093,0.0
2020-10-01,13009,Georgia,Baldwin County,33.05949,-83.255457,44890,2127,57,4738.249053241257,126.9770550233905,42.0,1.0,93.5620405435509,2.2276676319893074
2020-10-01,13011,Georgia,Banks County,34.351922,-83.498441,19234,498,8,2589.1650202765936,41.593012373921184,26.0,1.0,135.17729021524386,5.199126546740148
2020-10-01,13013,Georgia,Barrow County,33.992009,-83.712303,83240,2240,47,2691.0139356078807,56.46323882748679,101.0,1.0,121.33589620374819,1.2013455069678038
2020-10-01,13015,Georgia,Bartow County,34.240917,-84.838188,107738,2960,87,2747.405743563088,80.75145259796915,101.0,3.0,93.74593922292969,2.7845328482058327
2020-10-01,13017,Georgia,Ben Hill County,31.740772,-83.147197,16700,791,25,4736.526946107784,149.7005988023952,37.0,3.0,221.5568862275449,17.964071856287426
2020-10-01,13019,Georgia,Berrien County,31.288652,-83.22787,19397,460,12,2371.500747538279,61.86523689230293,14.0,0.0,72.17610970768675,0.0
2020-10-01,13021,Georgia,Bibb County,32.808845,-83.694194,153159,6097,173,3980.8303788873,112.95451132483237,92.0,10.0,60.068295039795245,6.52916250432557
2020-10-01,13023,Georgia,Bleckley County,32.435403,-83.331717,12873,438,21,3402.4702866464695,163.13213703099512,11.0,1.0,85.45016701623553,7.768197001475957
2020-10-01,13025,Georgia,Brantley County,31.197334,-81.982978,19109,347,10,1815.8982678319117,52.33136218535768,4.0,0.0,20.932544874143073,0.0
2020-10-01,13027,Georgia,Brooks County,30.822934,-83.581905,15457,524,26,3390.04981561752,168.2085786375105,9.0,1.0,58.226046451445946,6.469560716827328
2020-10-01,13029,Georgia,Bryan County,32.017969,-81.438543,39627,1159,11,2924.773513008807,27.758851288263052,22.0,0.0,55.517702576526105,0.0
2020-10-01,13031,Georgia,Bulloch County,32.391711,-81.744021,79608,2895,28,3636.5691890262287,35.17234448799116,50.0,1.0,62.807758014269915,1.2561551602853984
2020-10-01,13033,Georgia,Burke County,33.060181,-82.000164,22383,826,10,3690.3006746191304,44.676763615243715,40.0,0.0,178.70705446097486,0.0
2020-10-01,13035,Georgia,Butts County,33.290355,-83.958221,24936,669,42,2682.868142444658,168.43118383060633,36.0,0.0,144.36958614051971,0.0
2020-10-01,13037,Georgia,Calhoun County,31.521279,-84.62629,6189,247,8,3990.9516884795603,129.26159314913556,10.0,0.0,161.57699143641946,0.0
2020-10-01,13039,Georgia,Camden County,30.913358,-81.642019,54666,1306,13,2389.0535250429884,23.780777814363592,42.0,5.0,76.83020524640544,9.146453005524457
2020-10-01,13043,Georgia,Candler County,32.40395,-82.071266,10803,466,19,4313.6165879848195,175.87707118393038,22.0,1.0,203.6471350550773,9.256687957048968
2020-10-01,13045,Georgia,Carroll County,33.582237,-85.080527,119992,2819,68,2349.3232882192146,56.67044469631309,110.0,3.0,91.67277818521235,2.5001666777785188
2020-10-01,13047,Georgia,Catoosa County,34.900218,-85.139386,67580,1212,18,1793.4300088783664,26.635099141757916,57.0,0.0,84.34448061556674,0.0
2020-10-01,13049,Georgia,Charlton County,30.779904,-82.139644,13392,638,7,4764.038231780168,52.2700119474313,14.0,1.0,104.5400238948626,7.467144563918757
2020-10-01,13051,Georgia,Chatham County,31.980404,-81.085184,289430,8548,166,2953.391148118716,57.35410980202467,222.0,15.0,76.70248419306914,5.182600283315482
2020-10-01,13053,Georgia,Chattahoochee County,32.347445,-84.788021,10907,1678,1,15384.615384615385,9.168423947923353,49.0,0.0,449.2527734482442,0.0
2020-10-01,13055,Georgia,Chattooga County,34.474178,-85.345289,24789,792,22,3194.9655088950744,88.74904191375207,40.0,5.0,161.3618943886401,20.170236798580014
2020-10-01,13057,Georgia,Cherokee County,34.244317,-84.475057,258773,6159,93,2380.07829255757,35.93883442244748,247.0,1.0,95.450452713382,0.38643907981126313
2020-10-01,13059,Georgia,Clarke County,33.952185,-83.367152,128331,5105,44,3977.99440509308,34.28633767367199,130.0,2.0,101.30054312675816,1.5584698942578177
2020-10-01,13061,Georgia,Clay County,31.619831,-84.992583,2834,121,2,4269.583627381793,70.57163020465774,1.0,0.0,35.28581510232887,0.0
2020-10-01,13063,Georgia,Clayton County,33.542686,-84.355573,292256,7114,161,2434.1673053761087,55.08868936822511,65.0,0.0,22.240775210774117,0.0
2020-10-01,13065,Georgia,Clinch County,30.917653,-82.702614,6618,380,6,5741.915986702931,90.66183136899366,8.0,0.0,120.88244182532488,0.0
2020-10-01,13067,Georgia,Cobb County,33.93993,-84.574112,760141,19829,427,2608.5949843515873,56.173788810233894,475.0,4.0,62.48840675611498,0.5262181621567578
2020-10-01,13069,Georgia,Coffee County,31.549245,-82.84494,43273,2079,50,4804.38148499064,115.54549025951518,53.0,3.0,122.47821967508608,6.93272941557091
2020-10-01,13071,Georgia,Colquitt County,31.189707,-83.769773,45600,1898,34,4162.280701754386,74.56140350877193,27.0,1.0,59.21052631578948,2.1929824561403506
2020-10-01,13073,Georgia,Columbia County,33.547631,-82.252296,156714,3796,61,2422.2468956187704,38.92441007185063,115.0,2.0,73.38208456168562,1.2762101662901848
2020-10-01,13075,Georgia,Cook County,31.152516,-83.429445,17270,553,13,3202.084539664157,75.27504342790967,7.0,0.0,40.53271569195136,0.0
2020-10-01,13077,Georgia,Coweta County,33.352897,-84.762138,148509,2637,48,1775.649960608448,32.321273458174254,69.0,4.0,46.46183059612549,2.6934394548478546
2020-10-01,13079,Georgia,Crawford County,32.709428,-83.979187,12404,168,5,1354.4018058690745,40.309577555627214,2.0,0.0,16.123831022250886,0.0
2020-10-01,13081,Georgia,Crisp County,31.915148,-83.753531,22372,573,17,2561.2372608617916,75.98784194528875,34.0,0.0,151.9756838905775,0.0
2020-10-01,13083,Georgia,Dade County,34.852424,-85.506201,16116,286,5,1774.6339041945891,31.025068255150163,7.0,0.0,43.435095557210225,0.0
2020-10-01,13085,Georgia,Dawson County,34.442608,-84.173261,26108,838,8,3209.7441397272864,30.641948827945455,36.0,1.0,137.88876972575457,3.830243603493182
2020-10-01,13087,Georgia,Decatur County,30.880643,-84.58389,26404,1173,29,4442.508710801394,109.8318436600515,49.0,0.0,185.5779427359491,0.0
2020-10-01,13089,Georgia,DeKalb County,33.770661,-84.226343,759297,18938,369,2494.14919326693,48.597584344466,520.0,12.0,68.48440070222851,1.580409246974504
2020-10-01,13091,Georgia,Dodge County,32.164369,-83.167866,20605,434,12,2106.284882310119,58.238291676777486,17.0,0.0,82.50424654210144,0.0
2020-10-01,13093,Georgia,Dooly County,32.151995,-83.807167,13390,340,14,2539.208364451083,104.55563853622107,5.0,0.0,37.34129947722181,0.0
2020-10-01,13095,Georgia,Dougherty County,31.532588,-84.20904,87956,3163,187,3596.116239938151,212.6063031515758,34.0,1.0,38.65569148210469,1.1369321024148438
2020-10-01,13097,Georgia,Douglas County,33.701242,-84.767314,146343,3621,69,2474.324019597794,47.14950493019823,122.0,0.0,83.36579132585776,0.0
2020-10-01,13099,Georgia,Early County,31.324191,-84.906723,10190,506,33,4965.652600588813,323.846908734053,25.0,1.0,245.33856722276744,9.813542688910697
2020-10-01,13101,Georgia,Echols County,30.714008,-82.897376,4006,241,2,6015.976035946081,49.92511233150275,2.0,0.0,49.92511233150275,0.0
2020-10-01,13103,Georgia,Effingham County,32.36168,-81.343372,64296,1464,24,2276.969018290407,37.32736095558044,48.0,1.0,74.65472191116088,1.5553067064825186
2020-10-01,13105,Georgia,Elbert County,34.116413,-82.841909,19194,698,5,3636.553089507138,26.049807231426488,63.0,2.0,328.2275711159737,10.419922892570595
2020-10-01,13107,Georgia,Emanuel County,32.5911,-82.299763,22646,1083,32,4782.3015102004765,141.3053077806235,65.0,2.0,287.0264064293915,8.83158173628897
2020-10-01,13109,Georgia,Evans County,32.153083,-81.890153,10654,432,6,4054.8150929228455,56.31687629059508,12.0,0.0,112.63375258119017,0.0
2020-10-01,13111,Georgia,Fannin County,34.866543,-84.317331,26188,686,24,2619.5203910187874,91.64502825721705,55.0,3.0,210.01985642278908,11.455628532152131
2020-10-01,13113,Georgia,Fayette County,33.412717,-84.493941,114421,1896,50,1657.0384806984732,43.69827217031838,107.0,1.0,93.51430244448134,0.8739654434063676
2020-10-01,13115,Georgia,Floyd County,34.263692,-85.213685,98498,3259,45,3308.696623281691,45.68620682653455,159.0,1.0,161.4245974537554,1.0152490405896566
2020-10-01,13117,Georgia,Forsyth County,34.225143,-84.127408,244252,4160,46,1703.1590324746574,18.83300853217169,292.0,1.0,119.54866285639422,0.4094132289602542
2020-10-01,13119,Georgia,Franklin County,34.375266,-83.227532,23349,765,13,3276.371579082616,55.676902651077135,29.0,1.0,124.20232129855668,4.282838665467472
2020-10-01,13121,Georgia,Fulton County,33.790034,-84.468182,1063937,27790,577,2611.9967629662283,54.232534445178615,485.0,8.0,45.58540590279311,0.7519242210769999
2020-10-01,13123,Georgia,Gilmer County,34.690506,-84.454624,31369,830,12,2645.924320188721,38.25432752080079,23.0,0.0,73.32079441486817,0.0
2020-10-01,13125,Georgia,Glascock County,33.227491,-82.606913,2971,39,2,1312.6893301918547,67.31740154830024,1.0,0.0,33.65870077415012,0.0
2020-10-01,13127,Georgia,Glynn County,31.21271,-81.49645,85292,3494,96,4096.515499695165,112.55451859494444,61.0,2.0,71.51901702387094,2.344885804061342
2020-10-01,13129,Georgia,Gordon County,34.509667,-84.873862,57963,1880,37,3243.4484067422322,63.83382502630989,65.0,1.0,112.14050342459845,1.7252385142245916
2020-10-01,13131,Georgia,Grady County,30.875908,-84.24508,24633,796,22,3231.437502537247,89.311086753542,31.0,0.0,125.84744042544553,0.0
2020-10-01,13133,Georgia,Greene County,33.57674,-83.166613,18324,509,24,2777.777777777778,130.97576948264572,11.0,1.0,60.03056101287928,5.457323728443571
2020-10-01,13135,Georgia,Gwinnett County,33.959146,-84.023087,936250,27733,409,2962.136181575434,43.684913217623496,682.0,11.0,72.8437917222964,1.1748998664886514
2020-10-01,13137,Georgia,Habersham County,34.634392,-83.525875,45328,1700,71,3750.4412283798097,156.6360748323332,99.0,5.0,218.40804800564774,11.030709495234733
2020-10-01,13139,Georgia,Hall County,34.317569,-83.8185,204441,9498,158,4645.839141855107,77.28391076154001,463.0,9.0,226.4712068518546,4.4022480813535445
2020-10-01,13141,Georgia,Hancock County,33.26922,-83.000465,8457,397,43,4694.336052973868,508.45453470497813,11.0,1.0,130.06976469197116,11.824524062906468
2020-10-01,13143,Georgia,Haralson County,33.795165,-85.220063,29792,493,9,1654.8066595059074,30.209452201933406,38.0,1.0,127.55102040816325,3.3566058002148225
2020-10-01,13145,Georgia,Harris County,32.731549,-84.912432,35236,799,22,2267.567260756045,62.43614485185606,16.0,1.0,45.408105346804405,2.8380065841752753
2020-10-01,13147,Georgia,Hart County,34.348733,-82.96329,26205,522,13,1991.9862621637092,49.608853272276285,25.0,0.0,95.40164090822363,0.0
2020-10-01,13149,Georgia,Heard County,33.291347,-85.137886,11923,199,5,1669.0430260840394,41.93575442422209,9.0,0.0,75.48435796359976,0.0
2020-10-01,13151,Georgia,Henry County,33.452947,-84.154021,234561,5307,103,2262.524460588077,43.91181824770529,192.0,3.0,81.85503984038267,1.2789849975059793
2020-10-01,13153,Georgia,Houston County,32.458287,-83.662522,157863,3166,82,2005.5364461590113,51.94377403191375,64.0,2.0,40.541482171249754,1.2669213178515548
2020-10-01,13155,Georgia,Irwin County,31.604306,-83.277037,9416,313,4,3324.1291418861515,42.48088360237893,22.0,0.0,233.64485981308408,0.0
2020-10-01,13157,Georgia,Jackson County,34.130905,-83.562557,72977,2035,33,2788.5498170656506,45.21972676322677,94.0,2.0,128.80770653767624,2.740589500801623
2020-10-01,13159,Georgia,Jasper County,33.316981,-83.689151,14219,221,3,1554.258386665729,21.098530135733878,10.0,0.0,70.32843378577958,0.0
2020-10-01,13161,Georgia,Jeff Davis County,31.811615,-82.636825,15115,725,20,4796.559708898445,132.31888852133642,14.0,1.0,92.6232219649355,6.615944426066822
2020-10-01,13163,Georgia,Jefferson County,33.058176,-82.420004,15362,805,29,5240.203098554875,188.77750292930608,20.0,4.0,130.1913813305559,26.038276266111183
2020-10-01,13165,Georgia,Jenkins County,32.794563,-81.971524,8676,435,30,5013.831258644537,345.7814661134163,31.0,1.0,357.30751498386354,11.52604887044721
2020-10-01,13167,Georgia,Johnson County,32.694584,-82.66397,9643,416,22,4314.010162812402,228.14476822565592,2.0,0.0,20.74043347505963,0.0
2020-10-01,13169,Georgia,Jones County,33.021664,-83.562196,28735,565,9,1966.2432573516617,31.32068905515921,23.0,1.0,80.04176091874021,3.480076561684357
2020-10-01,13171,Georgia,Lamar County,33.07444,-84.146689,19077,374,18,1960.4759658227183,94.35445824815223,19.0,0.0,99.5963725952718,0.0
2020-10-01,13173,Georgia,Lanier County,31.038197,-83.063164,10423,297,5,2849.467523745563,47.97083373309028,2.0,0.0,19.18833349323611,0.0
2020-10-01,13175,Georgia,Laurens County,32.39322,-82.926317,47546,1671,75,3514.491229546124,157.74197619147773,50.0,9.0,105.16131746098516,18.92903714297733
2020-10-01,13177,Georgia,Lee County,31.818419,-84.146681,29992,703,26,2343.9583889037076,86.68978394238464,10.0,1.0,33.34222459322486,3.334222459322486
2020-10-01,13179,Georgia,Liberty County,31.807458,-81.457871,61435,1129,23,1837.7146577683732,37.437942540896884,29.0,1.0,47.20436233417433,1.627736632212908
2020-10-01,13181,Georgia,Lincoln County,33.792151,-82.448299,7921,213,7,2689.0544123216764,88.3726802171443,0.0,0.0,0.0,0.0
2020-10-01,13183,Georgia,Long County,31.749563,-81.74287,19559,252,3,1288.409427884861,15.338207474819775,7.0,0.0,35.789150774579475,0.0
2020-10-01,13185,Georgia,Lowndes County,30.833145,-83.268995,117406,3942,82,3357.5796807658894,69.84310852937669,78.0,2.0,66.43612762550465,1.7034904519360168
2020-10-01,13187,Georgia,Lumpkin County,34.56814,-83.998925,33610,930,14,2767.033620946147,41.65426956263017,29.0,0.0,86.28384409401964,0.0
2020-10-01,13189,Georgia,McDuffie County,33.479623,-82.478733,21312,607,14,2848.160660660661,65.6906906906907,22.0,0.0,103.22822822822822,0.0
2020-10-01,13191,Georgia,McIntosh County,31.488506,-81.372289,14378,294,7,2044.790652385589,48.685491723466406,8.0,0.0,55.64056196967589,0.0
2020-10-01,13193,Georgia,Macon County,32.362686,-84.051231,12947,235,10,1815.0922993743727,77.23797018614351,7.0,0.0,54.066579130300454,0.0
2020-10-01,13195,Georgia,Madison County,34.128526,-83.203737,29880,706,8,2362.7844712182064,26.773761713520752,24.0,0.0,80.32128514056225,0.0
2020-10-01,13197,Georgia,Marion County,32.359312,-84.528735,8359,192,8,2296.9254695537743,95.70522789807393,3.0,0.0,35.88946046177772,0.0
2020-10-01,13199,Georgia,Meriwether County,33.029267,-84.667058,21167,546,13,2579.486937213587,61.41635564794255,4.0,0.0,18.897340199366937,0.0
2020-10-01,13201,Georgia,Miller County,31.162931,-84.730398,5718,270,1,4721.93074501574,17.488632388947185,17.0,0.0,297.3067506121021,0.0
2020-10-01,13205,Georgia,Mitchell County,31.228997,-84.192038,21863,818,45,3741.481041028221,205.82719663358185,28.0,0.0,128.07025568311758,0.0
2020-10-01,13207,Georgia,Monroe County,33.017435,-83.922938,27578,700,52,2538.2551309014434,188.55609543839293,25.0,2.0,90.65196896076583,7.252157516861267
2020-10-01,13209,Georgia,Montgomery County,32.172108,-82.533349,9172,317,5,3456.1709550806804,54.51373746184038,21.0,0.0,228.9576973397296,0.0
2020-10-01,13211,Georgia,Morgan County,33.598696,-83.499435,19276,487,3,2526.457771321851,15.563394895206473,11.0,1.0,57.06578128242374,5.187798298402159
2020-10-01,13213,Georgia,Murray County,34.797097,-84.73799,40096,844,6,2104.948124501197,14.964086193136472,35.0,0.0,87.29050279329608,0.0
2020-10-01,13215,Georgia,Muscogee County,32.510197,-84.874946,195769,6070,170,3100.5930458857124,86.8370375289244,126.0,3.0,64.3615689920263,1.53241830933396
2020-10-01,13217,Georgia,Newton County,33.544041,-83.855184,111744,2617,91,2341.9601947308133,81.43613974799543,54.0,5.0,48.32474226804124,4.474513172966781
2020-10-01,13219,Georgia,Oconee County,33.834125,-83.437728,40280,766,26,1901.6881827209534,64.54816285998014,36.0,0.0,89.3743793445879,0.0
2020-10-01,13221,Georgia,Oglethorpe County,33.866806,-83.074081,15259,339,11,2221.6396880529524,72.08860344714594,13.0,0.0,85.19562225571794,0.0
2020-10-01,13223,Georgia,Paulding County,33.92103,-84.867169,168667,2827,55,1676.0836441034703,32.60863120823872,76.0,4.0,45.05919948774805,2.3715368151446343
2020-10-01,13225,Georgia,Peach County,32.571324,-83.831978,27546,674,24,2446.8162346620197,87.12698758440428,10.0,1.0,36.30291149350178,3.6302911493501777
2020-10-01,13227,Georgia,Pickens County,34.456746,-84.490351,32591,621,9,1905.4340155257587,27.614985732257374,8.0,0.0,24.546653984228776,0.0
2020-10-01,13229,Georgia,Pierce County,31.353998,-82.21037,19465,614,20,3154.3796557924475,102.74852298998202,12.0,1.0,61.64911379398921,5.137426149499101
2020-10-01,13231,Georgia,Pike County,33.081224,-84.389848,18962,343,10,1808.8809197342052,52.73705305347537,23.0,1.0,121.29522202299334,5.273705305347537
2020-10-01,13233,Georgia,Polk County,33.996015,-85.188338,42613,1498,18,3515.3591626968296,42.24063079341985,45.0,1.0,105.6015769835496,2.3467017107455472
2020-10-01,13235,Georgia,Pulaski County,32.238803,-83.481845,11137,314,22,2819.4307264074705,197.53973242345336,2.0,0.0,17.958157493041213,0.0
2020-10-01,13237,Georgia,Putnam County,33.32106,-83.37179,22119,699,24,3160.1790316017905,108.50400108504,20.0,0.0,90.42000090420001,0.0
2020-10-01,13239,Georgia,Quitman County,31.862938,-85.004798,2299,34,1,1478.903871248369,43.49717268377555,2.0,0.0,86.9943453675511,0.0
2020-10-01,13241,Georgia,Rabun County,34.883934,-83.40487,17137,366,10,2135.729707650114,58.353270700822776,37.0,1.0,215.9071015930443,5.835327070082278
2020-10-01,13243,Georgia,Randolph County,31.762651,-84.752311,6778,331,29,4883.446444378873,427.8548244319859,0.0,1.0,0.0,14.753614635585718
2020-10-01,13245,Georgia,Richmond County,33.361486,-82.074998,202518,7180,164,3545.3638688906663,80.98045605822692,197.0,4.0,97.27530392360185,1.9751330745909004
2020-10-01,13247,Georgia,Rockdale County,33.652081,-84.02637,90896,1872,37,2059.4965675057206,40.70586164407675,39.0,1.0,42.90617848970251,1.1001584228128851
2020-10-01,13249,Georgia,Schley County,32.263444,-84.322708,5257,105,2,1997.3368841544607,38.04451207913259,1.0,0.0,19.022256039566294,0.0
2020-10-01,13251,Georgia,Screven County,32.744751,-81.617585,13966,420,10,3007.3034512387226,71.6024631247315,15.0,0.0,107.40369468709723,0.0
2020-10-01,13253,Georgia,Seminole County,30.93396,-84.867685,8090,366,9,4524.103831891223,111.24845488257107,13.0,0.0,160.69221260815823,0.0
2020-10-01,13255,Georgia,Spalding County,33.262348,-84.284905,66703,1347,61,2019.399427312115,91.45015966298368,33.0,1.0,49.47303719472887,1.4991829452948142
2020-10-01,13257,Georgia,Stephens County,34.552914,-83.290216,25925,1094,38,4219.864995178399,146.57666345226616,55.0,2.0,212.15043394406945,7.714561234329797
2020-10-01,13259,Georgia,Stewart County,32.073225,-84.834912,6621,521,14,7868.901978553089,211.44842168856667,16.0,0.0,241.65533907264765,0.0
2020-10-01,13261,Georgia,Sumter County,32.042266,-84.204294,29524,935,62,3166.915052160954,209.99864517003115,7.0,0.0,23.709524454680935,0.0
2020-10-01,13263,Georgia,Talbot County,32.704603,-84.530029,6195,166,6,2679.5803066989506,96.85230024213075,3.0,1.0,48.426150121065376,16.142050040355127
2020-10-01,13265,Georgia,Taliaferro County,33.559319,-82.875272,1537,22,0,1431.3597918022122,0.0,1.0,0.0,65.06180871828238,0.0
2020-10-01,13267,Georgia,Tattnall County,32.043768,-82.059208,25286,844,12,3337.815391916475,47.457090880329034,34.0,1.0,134.46175749426558,3.954757573360753
2020-10-01,13269,Georgia,Taylor County,32.554667,-84.251426,8020,214,11,2668.3291770573564,137.1571072319202,7.0,1.0,87.28179551122194,12.468827930174562
2020-10-01,13271,Georgia,Telfair County,31.913641,-82.931063,15860,393,20,2477.931904161412,126.10340479192938,10.0,2.0,63.05170239596469,12.610340479192939
2020-10-01,13273,Georgia,Terrell County,31.777191,-84.439446,8531,329,32,3856.5232680811164,375.1025671081936,2.0,1.0,23.4439104442621,11.72195522213105
2020-10-01,13275,Georgia,Thomas County,30.864619,-83.919815,44451,1500,65,3374.502260916515,146.2284313063823,20.0,2.0,44.99336347888686,4.499336347888686
2020-10-01,13277,Georgia,Tift County,31.457003,-83.525931,40644,1805,57,4440.99990158449,140.24210215529968,58.0,1.0,142.70248991241021,2.4603877571105204
2020-10-01,13279,Georgia,Toombs County,32.117812,-82.330626,26830,1343,50,5005.590756615728,186.35855385762207,50.0,5.0,186.35855385762207,18.635855385762206
2020-10-01,13281,Georgia,Towns County,34.902529,-83.732264,12037,342,10,2841.2395115061895,83.07717869901138,26.0,1.0,216.00066461742958,8.307717869901138
2020-10-01,13283,Georgia,Treutlen County,32.409586,-82.570882,6901,263,10,3811.0418779886973,144.90653528474135,10.0,2.0,144.90653528474135,28.98130705694827
2020-10-01,13285,Georgia,Troup County,33.034482,-85.02836,69922,2833,100,4051.657561282572,143.01650410457367,48.0,4.0,68.64792197019536,5.720660164182947
2020-10-01,13287,Georgia,Turner County,31.7248,-83.620319,7985,306,24,3832.185347526612,300.56355666875396,11.0,2.0,137.7582968065122,25.046963055729492
2020-10-01,13289,Georgia,Twiggs County,32.665847,-83.425879,8120,199,8,2450.7389162561576,98.52216748768473,12.0,1.0,147.78325123152712,12.31527093596059
2020-10-01,13291,Georgia,Union County,34.833333,-83.989257,24511,779,20,3178.164905552609,81.59601811431601,72.0,1.0,293.74566521153764,4.079800905715801
2020-10-01,13293,Georgia,Upson County,32.881837,-84.292283,26320,804,62,3054.711246200608,235.5623100303951,24.0,1.0,91.1854103343465,3.799392097264438
2020-10-01,13295,Georgia,Walker County,34.735802,-85.305456,69761,1591,38,2280.6439127879476,54.47169621995097,85.0,6.0,121.84458364989034,8.60079413999226
2020-10-01,13297,Georgia,Walton County,33.783887,-83.731829,94593,1847,55,1952.575771991585,58.14383728182847,76.0,2.0,80.34421151670843,2.1143213557028533
2020-10-01,13299,Georgia,Ware County,31.050881,-82.421507,35734,1512,60,4231.26434208317,167.90731516203056,33.0,1.0,92.34902333911681,2.7984552527005095
2020-10-01,13301,Georgia,Warren County,33.419169,-82.688012,5254,153,5,2912.066996574039,95.1655881233346,12.0,0.0,228.39741149600306,0.0
2020-10-01,13303,Georgia,Washington County,32.971843,-82.798112,20374,685,8,3362.128202611171,39.26573083341514,21.0,0.0,103.07254343771474,0.0
2020-10-01,13305,Georgia,Wayne County,31.547845,-81.912376,29927,1145,29,3825.976542921108,96.90246265913723,35.0,1.0,116.95124803688977,3.3414642296254216
2020-10-01,13307,Georgia,Webster County,32.046691,-84.553828,2607,43,2,1649.4054468738016,76.71653241273494,0.0,0.0,0.0,0.0
2020-10-01,13309,Georgia,Wheeler County,32.105258,-82.733849,7855,340,12,4328.453214513049,152.7689369828135,14.0,0.0,178.23042647994907,0.0
2020-10-01,13311,Georgia,White County,34.643776,-83.743417,30798,873,19,2834.5996493278785,61.69231768296643,78.0,0.0,253.26319890902008,0.0
2020-10-01,13313,Georgia,Whitfield County,34.801726,-84.968541,104628,4651,61,4445.272775929961,58.30179301907711,134.0,1.0,128.07279122223497,0.9557670986733952
2020-10-01,13315,Georgia,Wilcox County,31.96272,-83.438259,8635,248,22,2872.0324261725536,254.77707006369425,1.0,2.0,11.580775911986104,23.161551823972207
2020-10-01,13317,Georgia,Wilkes County,33.779031,-82.747921,9777,267,5,2730.899048787972,51.14043162524292,4.0,0.0,40.91234530019434,0.0
2020-10-01,13319,Georgia,Wilkinson County,32.804266,-83.175512,8954,341,17,3808.3538083538087,189.85928076837166,7.0,0.0,78.17735090462364,0.0
2020-10-01,13321,Georgia,Worth County,31.551773,-83.84996,20247,536,30,2647.3057736948685,148.1700992739665,11.0,0.0,54.329036400454385,0.0
2020-10-01,15001,Hawaii,Hawaii County,19.597764,-155.502443,201513,736,15,365.2369822294343,7.443688496523798,59.0,0.0,29.278508086326937,0.0
2020-10-01,15003,Hawaii,Honolulu County,21.580023,-158.123406,974563,11296,114,1159.0836097820254,11.697550594471574,669.0,15.0,68.64615217282002,1.5391513940094175
2020-10-01,15005,Hawaii,Kalawao County,21.218764,-156.97401,86,0,0,0.0,0.0,0.0,0.0,0.0,0.0
2020-10-01,15007,Hawaii,Kauai County,22.012038,-159.705965,72293,59,0,81.61232761124867,0.0,2.0,0.0,2.766519580042328,0.0
2020-10-01,15009,Hawaii,Maui County,20.855931,-156.60155,167417,391,9,233.5485643632367,5.3757981566985436,3.0,0.0,1.7919327188995144,0.0
2020-10-01,16001,Idaho,Ada County,43.451477,-116.244376,481587,13256,148,2752.565995344559,30.73172656238644,668.0,1.0,138.7080631329334,0.20764680109720568
2020-10-01,16003,Idaho,Adams County,44.877004,-116.461624,4294,28,2,652.0726595249185,46.57661853749418,0.0,0.0,0.0,0.0
2020-10-01,16005,Idaho,Bannock County,42.692921,-112.228982,87808,1105,5,1258.4274781341107,5.694241982507289,144.0,1.0,163.99416909620993,1.1388483965014577
2020-10-01,16007,Idaho,Bear Lake County,42.285892,-111.327517,6125,46,1,751.0204081632653,16.3265306122449,5.0,0.0,81.63265306122449,0.0
2020-10-01,16009,Idaho,Benewah County,47.218451,-116.633541,9298,151,3,1624.0051624005162,32.265003226500326,10.0,0.0,107.55001075500108,0.0
2020-10-01,16011,Idaho,Bingham County,43.216357,-112.399206,46811,977,10,2087.1162760889533,21.362500267031255,104.0,0.0,222.17000277712503,0.0
2020-10-01,16013,Idaho,Blaine County,43.394192,-113.955371,23021,687,6,2984.231788367143,26.063159723730507,44.0,0.0,191.12983797402373,0.0
2020-10-01,16015,Idaho,Boise County,43.987275,-115.71511,7831,72,2,919.422806793513,25.539522410930914,5.0,1.0,63.84880602732729,12.769761205465457
2020-10-01,16017,Idaho,Bonner County,48.316796,-116.612364,45739,355,0,776.1428977459061,0.0,41.0,0.0,89.6390388945976,0.0
2020-10-01,16019,Idaho,Bonneville County,43.395171,-111.621878,119062,2882,17,2420.5875930187635,14.27827518435773,287.0,1.0,241.05088105356873,0.839898540256337
2020-10-01,16021,Idaho,Boundary County,48.773131,-116.524668,12245,59,1,481.82931808901594,8.166598611678236,2.0,0.0,16.33319722335647,0.0
2020-10-01,16023,Idaho,Butte County,43.685101,-113.177631,2597,33,0,1270.6969580284945,0.0,6.0,0.0,231.03581055063535,0.0
2020-10-01,16025,Idaho,Camas County,43.502552,-114.772135,1106,37,0,3345.3887884267633,0.0,12.0,0.0,1084.99095840868,0.0
2020-10-01,16027,Idaho,Canyon County,43.625796,-116.709058,229849,8328,102,3623.248306496874,44.37696052625854,280.0,1.0,121.81910732698424,0.4350682404535151
2020-10-01,16029,Idaho,Caribou County,42.786072,-111.544273,7155,131,0,1830.8874912648498,0.0,28.0,0.0,391.33473095737247,0.0
2020-10-01,16031,Idaho,Cassia County,42.282313,-113.626328,24030,772,6,3212.6508531002914,24.968789013732835,110.0,1.0,457.7611319184353,4.161464835622139
2020-10-01,16033,Idaho,Clark County,44.290218,-112.354613,845,35,0,4142.011834319527,0.0,3.0,0.0,355.0295857988165,0.0
2020-10-01,16035,Idaho,Clearwater County,46.67257,-115.6535,8756,53,0,605.2992233896756,0.0,14.0,0.0,159.89036089538604,0.0
2020-10-01,16037,Idaho,Custer County,44.273351,-114.252267,4315,71,1,1645.422943221321,23.174971031286212,8.0,0.0,185.3997682502897,0.0
2020-10-01,16039,Idaho,Elmore County,43.394698,-115.471205,27511,370,3,1344.9165788230162,10.904729017483916,32.0,0.0,116.31710951982843,0.0
2020-10-01,16041,Idaho,Franklin County,42.173609,-111.822965,13876,129,0,929.6627270106659,0.0,25.0,0.0,180.1671951571058,0.0
2020-10-01,16043,Idaho,Fremont County,44.218091,-111.484429,13099,217,3,1656.6150087792962,22.902511642110085,40.0,0.0,305.36682189480115,0.0
2020-10-01,16045,Idaho,Gem County,44.061473,-116.398784,18112,345,3,1904.8144876325089,16.563604240282686,41.0,1.0,226.36925795053003,5.521201413427562
2020-10-01,16047,Idaho,Gooding County,42.973185,-114.82142,15179,312,1,2055.4713749258844,6.588049278608604,37.0,0.0,243.75782330851837,0.0
2020-10-01,16049,Idaho,Idaho County,45.849644,-115.467337,16667,213,0,1277.9744405111899,0.0,24.0,0.0,143.99712005759886,0.0
2020-10-01,16051,Idaho,Jefferson County,43.796965,-112.318588,29871,618,3,2068.8962538917344,10.043185698503565,83.0,2.0,277.861470991932,6.69545713233571
2020-10-01,16053,Idaho,Jerome County,42.691395,-114.262086,24412,791,7,3240.2097329182366,28.674422415205637,43.0,0.0,176.1428805505489,0.0
2020-10-01,16055,Idaho,Kootenai County,47.675966,-116.695922,165697,2773,34,1673.5366361491153,20.5193817630977,187.0,0.0,112.85659969703737,0.0
2020-10-01,16057,Idaho,Latah County,46.81892,-116.730974,40108,547,0,1363.8176922309763,0.0,171.0,0.0,426.34885808317546,0.0
2020-10-01,16059,Idaho,Lemhi County,44.928506,-113.887042,8027,109,0,1357.9170300236701,0.0,24.0,0.0,298.99090569328513,0.0
2020-10-01,16061,Idaho,Lewis County,46.236328,-116.42376,3838,35,1,911.9332985930172,26.05523710265763,21.0,1.0,547.1599791558103,26.05523710265763
2020-10-01,16063,Idaho,Lincoln County,42.986181,-114.153899,5366,94,0,1751.7704062616474,0.0,6.0,0.0,111.81513231457323,0.0
2020-10-01,16065,Idaho,Madison County,43.788614,-111.656993,39907,892,2,2235.1968326358783,5.011652091111835,287.0,1.0,719.1720750745484,2.5058260455559176
2020-10-01,16067,Idaho,Minidoka County,42.857211,-113.63984,21039,733,8,3484.0058938162456,38.02462094205998,74.0,0.0,351.72774371405484,0.0
2020-10-01,16069,Idaho,Nez Perce County,46.333791,-116.760909,40408,465,24,1150.7622253019206,59.3941793704217,34.0,0.0,84.14175410809742,0.0
2020-10-01,16071,Idaho,Oneida County,42.183895,-112.520449,4531,26,0,573.8247627455307,0.0,2.0,0.0,44.14036636504083,0.0
2020-10-01,16073,Idaho,Owyhee County,42.572851,-116.18969,11823,335,5,2833.460204685782,42.2904508162057,9.0,0.0,76.12281146917026,0.0
2020-10-01,16075,Idaho,Payette County,44.00243,-116.750238,23951,919,9,3837.000542774832,37.57671913490042,61.0,2.0,254.6866519143251,8.35038202997787
2020-10-01,16077,Idaho,Power County,42.694126,-112.844407,7681,254,1,3306.86108579612,13.019138133055591,32.0,0.0,416.6124202577789,0.0
2020-10-01,16079,Idaho,Shoshone County,47.347694,-115.885092,12882,216,18,1676.7582673497902,139.72985561248254,1.0,0.0,7.762769756249029,0.0
2020-10-01,16081,Idaho,Teton County,43.760994,-111.211765,12142,192,1,1581.2880909240653,8.235875473562839,32.0,1.0,263.54801515401084,8.235875473562839
2020-10-01,16083,Idaho,Twin Falls County,42.352309,-114.665639,86878,2424,38,2790.1194778885333,43.73949676557932,262.0,2.0,301.5723198047837,2.3020787771357534
2020-10-01,16085,Idaho,Valley County,44.85596,-115.618061,11392,97,1,851.4747191011236,8.77808988764045,8.0,0.0,70.2247191011236,0.0
2020-10-01,16087,Idaho,Washington County,44.448223,-116.797792,10194,374,6,3668.8247989013144,58.85815185403178,18.0,0.0,176.57445556209535,0.0
2020-10-01,17001,Illinois,Adams County,39.986052,-91.194961,65435,1209,10,1847.635057690838,15.282341254680217,154.0,0.0,235.34805532207534,0.0
2020-10-01,17003,Illinois,Alexander County,37.183658,-89.349516,5761,87,1,1510.1544870682173,17.358097552508244,13.0,0.0,225.6552681826072,0.0
2020-10-01,17005,Illinois,Bond County,38.885924,-89.436592,16426,349,7,2124.680384755875,42.61536588335566,45.0,2.0,273.9559235358578,12.1758188238159
2020-10-01,17007,Illinois,Boone County,42.318983,-88.824295,53544,1160,23,2166.4425519199162,42.955326460481096,78.0,0.0,145.6745853877185,0.0
2020-10-01,17009,Illinois,Brown County,39.962069,-90.750309,6578,70,0,1064.1532380662816,0.0,25.0,0.0,380.0547278808148,0.0
2020-10-01,17011,Illinois,Bureau County,41.401304,-89.528377,32628,685,12,2099.4238077724654,36.77822728944465,73.0,1.0,223.7342160107883,3.0648522741203874
2020-10-01,17013,Illinois,Calhoun County,39.164262,-90.666295,4739,64,0,1350.4958852078498,0.0,17.0,0.0,358.7254695083351,0.0
2020-10-01,17015,Illinois,Carroll County,42.0709,-89.924189,14305,242,6,1691.7161831527437,41.943376441803565,24.0,2.0,167.77350576721426,13.98112548060119
2020-10-01,17017,Illinois,Cass County,39.969202,-90.245704,12147,409,11,3367.086523421421,90.55733926072281,16.0,0.0,131.719766197415,0.0
2020-10-01,17019,Illinois,Champaign County,40.138985,-88.196975,209689,4879,22,2326.7791825036124,10.491728226087204,341.0,2.0,162.6217875043517,0.9537934750988368
2020-10-01,17021,Illinois,Christian County,39.545524,-89.279593,32304,595,13,1841.877166914314,40.242694403169885,132.0,2.0,408.6181277860327,6.191183754333828
2020-10-01,17023,Illinois,Clark County,39.332334,-87.791683,15441,184,3,1191.6326662780907,19.428793471925395,28.0,1.0,181.33540573797032,6.476264490641798
2020-10-01,17025,Illinois,Clay County,38.746819,-88.482325,13184,173,0,1312.1966019417475,0.0,31.0,0.0,235.13349514563106,0.0
2020-10-01,17027,Illinois,Clinton County,38.606295,-89.426228,37562,1239,21,3298.5464032799105,55.90756615728662,138.0,1.0,367.39257760502636,2.6622650551088864
2020-10-01,17029,Illinois,Coles County,39.51368,-88.220782,50621,1522,31,3006.6573161336205,61.23940657039569,105.0,1.0,207.42379644811442,1.9754647280772801
2020-10-01,17031,Illinois,Cook County,41.894294,-87.645455,5150233,146152,5229,2837.7745239875558,101.52938711704888,4722.0,42.0,91.68517230191333,0.8154970852775011
2020-10-01,17033,Illinois,Crawford County,39.002787,-87.760619,18667,472,5,2528.526276316494,26.785235977928966,52.0,2.0,278.5664541704612,10.714094391171585
2020-10-01,17035,Illinois,Cumberland County,39.273121,-88.240619,10766,221,5,2052.7586847482817,46.44250417982538,17.0,1.0,157.90451421140628,9.288500835965076
2020-10-01,17037,Illinois,DeKalb County,41.894612,-88.768991,104897,1649,39,1572.0182655366693,37.17932829346883,123.0,1.0,117.25788154094015,0.9533161100889445
2020-10-01,17039,Illinois,De Witt County,40.181499,-88.901853,15638,133,2,850.4923903312443,12.78935925310142,28.0,1.0,179.05102954341987,6.39467962655071
2020-10-01,17041,Illinois,Douglas County,39.766078,-88.222866,19465,326,7,1674.800924736707,35.96198304649371,33.0,0.0,169.53506293347033,0.0
2020-10-01,17043,Illinois,DuPage County,41.852058,-88.086039,922921,17873,565,1936.568785410669,61.218674187714875,782.0,11.0,84.73097914122661,1.191867993035157
2020-10-01,17045,Illinois,Edgar County,39.679037,-87.74711,17161,118,8,687.6056173882641,46.617329992424686,6.0,0.0,34.962997494318515,0.0
2020-10-01,17047,Illinois,Edwards County,38.417095,-88.047941,6395,70,0,1094.60516028147,0.0,6.0,0.0,93.82329945269743,0.0
2020-10-01,17049,Illinois,Effingham County,39.047945,-88.592849,34008,896,3,2634.6741943072216,8.821453775582217,48.0,2.0,141.14326040931547,5.8809691837214775
2020-10-01,17051,Illinois,Fayette County,39.001125,-89.017923,21336,449,7,2104.424446944132,32.808398950131235,60.0,4.0,281.214848143982,18.747656542932134
2020-10-01,17053,Illinois,Ford County,40.596539,-88.224588,12961,109,5,840.9844919373505,38.57727027235553,9.0,0.0,69.43908649023994,0.0
2020-10-01,17055,Illinois,Franklin County,37.991852,-88.926321,38469,556,4,1445.3196079960487,10.397982791338482,42.0,1.0,109.17881930905405,2.5994956978346204
2020-10-01,17057,Illinois,Fulton County,40.46524,-90.202269,34340,197,0,573.6750145602796,0.0,40.0,0.0,116.48223645894002,0.0
2020-10-01,17059,Illinois,Gallatin County,37.768677,-88.227964,4828,76,2,1574.1507870753935,41.42502071251035,5.0,0.0,103.56255178127589,0.0
2020-10-01,17061,Illinois,Greene County,39.355439,-90.387682,12969,238,13,1835.1453465957284,100.23903153674146,20.0,6.0,154.21389467190994,46.26416840157298
2020-10-01,17063,Illinois,Grundy County,41.29241,-88.401054,51054,698,6,1367.1798487875583,11.75226231049477,44.0,1.0,86.18325694362832,1.9587103850824619
2020-10-01,17065,Illinois,Hamilton County,38.085227,-88.539009,8116,74,2,911.7792015771316,24.64268112370626,7.0,2.0,86.24938393297191,24.64268112370626
2020-10-01,17067,Illinois,Hancock County,40.401318,-91.168801,17708,231,3,1304.495143437994,16.9414953693246,30.0,0.0,169.414953693246,0.0
2020-10-01,17069,Illinois,Hardin County,37.517852,-88.266148,3821,40,0,1046.8463752944256,0.0,3.0,0.0,78.51347814708193,0.0
2020-10-01,17071,Illinois,Henderson County,40.814471,-90.941246,6646,72,0,1083.3584110743304,0.0,6.0,0.0,90.27986758952753,0.0
2020-10-01,17073,Illinois,Henry County,41.350021,-90.130838,48913,684,5,1398.4012430233272,10.222231308650052,37.0,0.0,75.6445116840104,0.0
2020-10-01,17075,Illinois,Iroquois County,40.748867,-87.833601,27114,368,19,1357.2324260529615,70.07450025816921,9.0,0.0,33.19318433281699,0.0
2020-10-01,17077,Illinois,Jackson County,37.786096,-89.381212,56750,1281,24,2257.2687224669603,42.290748898678416,31.0,0.0,54.625550660792946,0.0
2020-10-01,17079,Illinois,Jasper County,39.004874,-88.150763,9610,213,10,2216.4412070759627,104.0582726326743,10.0,1.0,104.0582726326743,10.40582726326743
2020-10-01,17081,Illinois,Jefferson County,38.30078,-88.92421,37684,650,38,1724.869971340622,100.83855217068252,66.0,0.0,175.140643243817,0.0
2020-10-01,17083,Illinois,Jersey County,39.080195,-90.361385,21773,400,18,1837.1377394020117,82.67119827309052,13.0,4.0,59.70697653056538,18.371377394020115
2020-10-01,17085,Illinois,Jo Daviess County,42.362391,-90.21147,21235,282,2,1327.9962326348011,9.418412997409936,29.0,0.0,136.5669884624441,0.0
2020-10-01,17087,Illinois,Johnson County,37.460709,-88.882131,12417,168,0,1352.9838125151002,0.0,19.0,0.0,153.01602641539824,0.0
2020-10-01,17089,Illinois,Kane County,41.939594,-88.42804,532403,13344,326,2506.3720527495148,61.23181124073306,455.0,1.0,85.46157703844644,0.18782764184273942
2020-10-01,17091,Illinois,Kankakee County,41.13951,-87.861117,109862,2788,77,2537.729151116856,70.08792849210828,94.0,0.0,85.56188673062569,0.0
2020-10-01,17093,Illinois,Kendall County,41.58814,-88.430626,128990,2060,26,1597.023025040701,20.156601286921468,94.0,1.0,72.87386619117761,0.7752538956508257
2020-10-01,17095,Illinois,Knox County,40.930945,-90.213792,49699,718,3,1444.6970763999275,6.036338759331174,87.0,0.0,175.05382402060405,0.0
2020-10-01,17097,Illinois,Lake County,42.326441,-87.435976,696535,17246,490,2475.9703388918,70.3482237073514,610.0,3.0,87.57636012547826,0.4307034104531718
2020-10-01,17099,Illinois,LaSalle County,41.343341,-88.885931,108669,1768,57,1626.9589303297168,52.45286144162549,110.0,1.0,101.22482032594391,0.9202256393267629
2020-10-01,17101,Illinois,Lawrence County,38.718954,-87.730221,15678,267,3,1703.0233448143895,19.135093761959435,15.0,1.0,95.67546880979717,6.378364587319811
2020-10-01,17103,Illinois,Lee County,41.747447,-89.299362,34096,412,2,1208.3528859690286,5.865790708587517,59.0,0.0,173.04082590333178,0.0
2020-10-01,17105,Illinois,Livingston County,40.894376,-88.552852,35648,418,6,1172.576301615799,16.831238779174146,63.0,0.0,176.72800718132856,0.0
2020-10-01,17107,Illinois,Logan County,40.129277,-89.365309,28618,473,1,1652.8059263400658,3.4943042840170517,25.0,0.0,87.3576071004263,0.0
2020-10-01,17109,Illinois,McDonough County,40.455808,-90.678954,29682,490,15,1650.8321541675089,50.5356781888013,30.0,0.0,101.0713563776026,0.0
2020-10-01,17111,Illinois,McHenry County,42.324298,-88.452245,307774,4683,119,1521.5710228934217,38.664734512986804,177.0,1.0,57.50973116637533,0.3249137354032504
2020-10-01,17113,Illinois,McLean County,40.494559,-88.844539,171517,3346,23,1950.827031722803,13.409749470897928,123.0,1.0,71.71300804001935,0.5830325856912143
2020-10-01,17115,Illinois,Macon County,39.860237,-88.961529,104009,1672,45,1607.5531925121866,43.265486640579184,218.0,1.0,209.59724639213914,0.9614552586795374
2020-10-01,17117,Illinois,Macoupin County,39.265914,-89.92633,44926,576,7,1282.1083559631393,15.581177937052042,53.0,0.0,117.9717758091083,0.0
2020-10-01,17119,Illinois,Madison County,38.82712,-89.900227,262966,5888,144,2239.072731836055,54.759930941642644,377.0,8.0,143.36454142360608,3.0422183856468137
2020-10-01,17121,Illinois,Marion County,38.648236,-88.920362,37205,595,2,1599.2474129821262,5.375621556242441,68.0,2.0,182.77113291224296,5.375621556242441
2020-10-01,17123,Illinois,Marshall County,41.031119,-89.342371,11438,113,0,987.9349536632278,0.0,14.0,0.0,122.39902080783352,0.0
2020-10-01,17125,Illinois,Mason County,40.236993,-89.913575,13359,167,1,1250.093569877985,7.485590238790328,33.0,0.0,247.02447788008084,0.0
2020-10-01,17127,Illinois,Massac County,37.216119,-88.705658,13772,121,2,878.5942492012779,14.522218995062445,15.0,0.0,108.91664246296833,0.0
2020-10-01,17129,Illinois,Menard County,40.022569,-89.794133,12196,129,1,1057.7238438832403,8.199409642505739,9.0,1.0,73.79468678255166,8.199409642505739
2020-10-01,17131,Illinois,Mercer County,41.205605,-90.74177,15437,145,5,939.3016777871347,32.38971302714258,12.0,0.0,77.73531126514219,0.0
2020-10-01,17133,Illinois,Monroe County,38.277983,-90.179078,34637,697,16,2012.2989866327916,46.1933770245691,55.0,1.0,158.7897335219563,2.887086064035569
2020-10-01,17135,Illinois,Montgomery County,39.228068,-89.478141,28414,398,13,1400.7179559372141,45.75209403815021,50.0,0.0,175.9695924544239,0.0
2020-10-01,17137,Illinois,Morgan County,39.717668,-90.205005,33658,680,23,2020.3220631053541,68.33442272268108,40.0,0.0,118.84247430031492,0.0
2020-10-01,17139,Illinois,Moultrie County,39.636896,-88.625726,14501,230,4,1586.097510516516,27.584304530722015,22.0,1.0,151.7136749189711,6.896076132680504
2020-10-01,17141,Illinois,Ogle County,42.041884,-89.320176,50643,758,6,1496.7517722093871,11.847639357857947,96.0,0.0,189.56222972572715,0.0
2020-10-01,17143,Illinois,Peoria County,40.785972,-89.766993,179179,3583,52,1999.676301352279,29.0212580715374,231.0,3.0,128.9213579716373,1.6743033502810039
2020-10-01,17145,Illinois,Perry County,38.084381,-89.368525,20916,360,15,1721.170395869191,71.7154331612163,18.0,0.0,86.05851979345955,0.0
2020-10-01,17147,Illinois,Piatt County,40.009033,-88.592355,16344,145,0,887.1757219774842,0.0,13.0,0.0,79.5398923152227,0.0
2020-10-01,17149,Illinois,Pike County,39.625106,-90.889034,15561,144,1,925.3903990746095,6.4263222157959,23.0,0.0,147.80541096330572,0.0
2020-10-01,17151,Illinois,Pope County,37.417169,-88.542374,4177,30,1,718.218817333014,23.940627244433802,4.0,0.0,95.76250897773521,0.0
2020-10-01,17153,Illinois,Pulaski County,37.215615,-89.127755,5335,187,1,3505.1546391752577,18.744142455482663,20.0,0.0,374.88284910965325,0.0
2020-10-01,17155,Illinois,Putnam County,41.198961,-89.298347,5739,64,0,1115.1768600801533,0.0,9.0,0.0,156.82174594877156,0.0
2020-10-01,17157,Illinois,Randolph County,38.056515,-89.82121,31782,966,11,3039.456296016613,34.61078597948524,38.0,0.0,119.56453338367629,0.0
2020-10-01,17159,Illinois,Richland County,38.712187,-88.085452,15513,227,6,1463.2888545091214,38.677238445175014,51.0,2.0,328.7565267839876,12.89241281505834
2020-10-01,17161,Illinois,Rock Island County,41.468421,-90.572125,141879,3112,77,2193.418335342087,54.27159762896553,211.0,2.0,148.71827402223022,1.4096518864666372
2020-10-01,17163,Illinois,St. Clair County,38.470198,-89.928546,259686,6796,193,2617.0066926981044,74.32052555778903,375.0,5.0,144.40516623922736,1.9254022165230316
2020-10-01,17165,Illinois,Saline County,37.751508,-88.545024,23491,372,4,1583.585202843642,17.027797880039163,65.0,1.0,276.7017155506364,4.256949470009791
2020-10-01,17167,Illinois,Sangamon County,39.756867,-89.662425,194672,2521,45,1294.9987671570643,23.11580504643708,210.0,1.0,107.87375688337305,0.5136845565874908
2020-10-01,17169,Illinois,Schuyler County,40.156905,-90.613464,6768,53,0,783.0969267139479,0.0,5.0,0.0,73.87706855791961,0.0
2020-10-01,17171,Illinois,Scott County,39.637002,-90.477771,4951,80,0,1615.8351848111492,0.0,4.0,0.0,80.79175924055745,0.0
2020-10-01,17173,Illinois,Shelby County,39.384926,-88.798862,21634,415,4,1918.2767865397059,18.489414810021263,49.0,0.0,226.49533142276044,0.0
2020-10-01,17175,Illinois,Stark County,41.096908,-89.797411,5342,56,2,1048.2965181579932,37.43916136278548,2.0,0.0,37.43916136278548,0.0
2020-10-01,17177,Illinois,Stephenson County,42.349726,-89.665994,44498,552,6,1240.5051912445504,13.483752078745113,54.0,0.0,121.35376870870601,0.0
2020-10-01,17179,Illinois,Tazewell County,40.508074,-89.51626,131803,1839,29,1395.2641442152303,22.002534084960132,161.0,8.0,122.15199957512348,6.069664575161415
2020-10-01,17181,Illinois,Union County,37.485652,-89.244639,16653,530,24,3182.6097399867895,144.11817690506214,23.0,0.0,138.11325286735124,0.0
2020-10-01,17183,Illinois,Vermilion County,40.186754,-87.726778,75758,882,4,1164.2334802925104,5.27997043216558,209.0,0.0,275.8784550806516,0.0
2020-10-01,17185,Illinois,Wabash County,38.445821,-87.839167,11520,162,3,1406.25,26.041666666666668,13.0,2.0,112.84722222222221,17.36111111111111
2020-10-01,17187,Illinois,Warren County,40.850441,-90.620223,16844,338,2,2006.6492519591545,11.873664212776063,19.0,0.0,112.79981002137261,0.0
2020-10-01,17189,Illinois,Washington County,38.35314,-89.417187,13887,224,1,1613.0193706344064,7.200979333189314,21.0,0.0,151.22056599697558,0.0
2020-10-01,17191,Illinois,Wayne County,38.431857,-88.43243,16215,310,5,1911.8100524205984,30.83564600678384,46.0,0.0,283.68794326241135,0.0
2020-10-01,17193,Illinois,White County,38.087326,-88.178623,13537,182,0,1344.463322745069,0.0,18.0,0.0,132.96890005171014,0.0
2020-10-01,17195,Illinois,Whiteside County,41.750673,-89.911005,55175,795,21,1440.8699592206615,38.060715903942004,82.0,1.0,148.61803352967829,1.8124150430448573
2020-10-01,17197,Illinois,Will County,41.448474,-87.978456,690743,14331,382,2074.722436564685,55.30276817861346,611.0,6.0,88.45547475689222,0.8686298666797926
2020-10-01,17199,Illinois,Williamson County,37.730353,-88.930018,66597,1442,50,2165.2626995209994,75.07845698755199,71.0,8.0,106.61140892232383,12.012553118008318
2020-10-01,17201,Illinois,Winnebago County,42.337396,-89.161205,282572,6455,152,2284.3735401950653,53.79160001698682,821.0,3.0,290.54541851280385,1.06167631612474
2020-10-01,17203,Illinois,Woodford County,40.789787,-89.210587,38459,441,7,1146.6756805949192,18.201201279284433,29.0,1.0,75.40497672846408,2.6001716113263478
2020-10-01,18001,Indiana,Adams County,40.745733,-84.93613,35777,512,4,1431.087011208318,11.180367275064985,57.0,0.0,159.32023366967604,0.0
2020-10-01,18003,Indiana,Allen County,41.091909,-85.071791,379299,6488,217,1710.5238874871802,57.21080203216987,347.0,6.0,91.48455440167257,1.5818654939770471
2020-10-01,18005,Indiana,Bartholomew County,39.205843,-85.897999,83779,1224,61,1460.9866434309313,72.81060886379642,54.0,0.0,64.4552930925411,0.0
2020-10-01,18007,Indiana,Benton County,40.600939,-87.314786,8748,87,0,994.5130315500686,0.0,1.0,0.0,11.431184270690443,0.0
2020-10-01,18009,Indiana,Blackford County,40.472672,-85.32373,11758,134,3,1139.649600272155,25.514543289675114,12.0,0.0,102.05817315870046,0.0
2020-10-01,18011,Indiana,Boone County,40.050892,-86.469014,67843,1031,49,1519.6851554323953,72.22557964712645,51.0,0.0,75.17356248986631,0.0
2020-10-01,18013,Indiana,Brown County,39.195113,-86.230121,15092,103,3,682.4807845216009,19.8780811025709,1.0,0.0,6.626027034190299,0.0
2020-10-01,18015,Indiana,Carroll County,40.58498,-86.565141,20257,285,13,1406.921064323444,64.17534679370094,12.0,0.0,59.23878165572395,0.0
2020-10-01,18017,Indiana,Cass County,40.753799,-86.355168,37689,1987,10,5272.0953063228,26.532940645811774,45.0,0.0,119.39823290615298,0.0
2020-10-01,18019,Indiana,Clark County,38.476217,-85.711122,118302,2334,64,1972.9167723284477,54.09883180335075,131.0,1.0,110.73354634748357,0.8452942469273554
2020-10-01,18021,Indiana,Clay County,39.393928,-87.115858,26225,317,5,1208.7702573879885,19.065776930409914,18.0,0.0,68.6367969494757,0.0
2020-10-01,18023,Indiana,Clinton County,40.305944,-86.477567,32399,655,18,2021.6673354115867,55.557270286119945,56.0,0.0,172.84484089015092,0.0
2020-10-01,18025,Indiana,Crawford County,38.289433,-86.440871,10577,115,2,1087.264819892219,18.908953389429893,10.0,1.0,94.54476694714947,9.454476694714947
2020-10-01,18027,Indiana,Daviess County,38.69609,-87.076943,33351,691,32,2071.9018919972414,95.94914695211537,31.0,2.0,92.95073610986177,5.996821684507211
2020-10-01,18029,Indiana,Dearborn County,39.14832,-84.973498,49458,695,30,1405.232722714222,60.657527599175054,41.0,0.0,82.89862105220591,0.0
2020-10-01,18031,Indiana,Decatur County,39.30598,-85.499831,26559,490,42,1844.9489815128582,158.13848412967354,5.0,0.0,18.82601001543733,0.0
2020-10-01,18033,Indiana,DeKalb County,41.401189,-85.000185,43475,504,12,1159.286946520989,27.602070155261643,34.0,0.0,78.205865439908,0.0
2020-10-01,18035,Indiana,Delaware County,40.227543,-85.399262,114135,2069,64,1812.7655846147106,56.07394751828975,146.0,2.0,127.91869277609848,1.7523108599465547
2020-10-01,18037,Indiana,Dubois County,38.373344,-86.873385,42736,1043,19,2440.565331336578,44.459004118307746,79.0,1.0,184.85585922875327,2.3399475851740923
2020-10-01,18039,Indiana,Elkhart County,41.600693,-85.863986,206341,6894,118,3341.071333375335,57.186889663227376,323.0,5.0,156.53699458663087,2.423173290814719
2020-10-01,18041,Indiana,Fayette County,39.639655,-85.185032,23102,539,14,2333.1313306207253,60.600813782356504,8.0,1.0,34.62903644706086,4.328629555882608
2020-10-01,18043,Indiana,Floyd County,38.318081,-85.911847,78522,1439,67,1832.607422123736,85.32640533863122,82.0,3.0,104.42933190698147,3.8205853136700543
2020-10-01,18045,Indiana,Fountain County,40.121237,-87.234872,16346,134,2,819.7724213874955,12.23540927444023,13.0,0.0,79.53016028386149,0.0
2020-10-01,18047,Indiana,Franklin County,39.409762,-85.066964,22758,326,26,1432.4633096054135,114.24554002987959,13.0,0.0,57.122770014939796,0.0
2020-10-01,18049,Indiana,Fulton County,41.050384,-86.265006,19974,250,2,1251.6271152498248,10.013016921998599,13.0,0.0,65.08460999299089,0.0
2020-10-01,18051,Indiana,Gibson County,38.317398,-87.580523,33659,575,6,1708.3098131257614,17.825841528268814,77.0,2.0,228.76496627944977,5.941947176089604
2020-10-01,18053,Indiana,Grant County,40.515758,-85.654946,65769,1334,40,2028.3112104486916,60.81892685003574,88.0,3.0,133.8016390700786,4.561419513752679
2020-10-01,18055,Indiana,Greene County,39.047147,-87.004771,31922,439,39,1375.2271160954826,122.17279619071486,12.0,1.0,37.59162959714304,3.13263579976192
2020-10-01,18057,Indiana,Hamilton County,40.053507,-86.021713,338011,5062,118,1497.5843981408889,34.910106475824755,227.0,0.0,67.15757771196796,0.0
2020-10-01,18059,Indiana,Hancock County,39.822529,-85.77315,78168,971,46,1242.1962951591445,58.84761027530447,39.0,0.0,49.892539146453785,0.0
2020-10-01,18061,Indiana,Harrison County,38.186454,-86.103766,40515,609,26,1503.1469825990373,64.17376280389979,40.0,0.0,98.72886585215353,0.0
2020-10-01,18063,Indiana,Hendricks County,39.768963,-86.509908,170311,2836,143,1665.1889778111806,83.96404225211525,107.0,3.0,62.82624140542889,1.7614834038905296
2020-10-01,18065,Indiana,Henry County,39.929591,-85.397363,47972,856,27,1784.3742182940048,56.282831651796876,51.0,1.0,106.312015342283,2.0845493204369214
2020-10-01,18067,Indiana,Howard County,40.483537,-86.114118,82544,1371,67,1660.9323512308586,81.16883116883118,71.0,1.0,86.0147315371196,1.211475092072107
2020-10-01,18069,Indiana,Huntington County,40.826394,-85.478597,36520,263,3,720.1533406352684,8.214676889375685,35.0,0.0,95.83789704271632,0.0
2020-10-01,18071,Indiana,Jackson County,38.911957,-86.042516,44231,789,11,1783.8167800863648,24.869435463814973,39.0,1.0,88.17345300807126,2.2608577694377248
2020-10-01,18073,Indiana,Jasper County,41.017688,-87.118814,33562,408,3,1215.6605685000893,8.938680650735952,16.0,0.0,47.67296347059174,0.0
2020-10-01,18075,Indiana,Jay County,40.434956,-85.002331,20436,205,1,1003.131728322568,4.893325504012527,23.0,1.0,112.54648659228812,4.893325504012527
2020-10-01,18077,Indiana,Jefferson County,38.783604,-85.44009,32308,255,3,789.2781973505014,9.28562585118237,7.0,0.0,21.66646031942553,0.0
2020-10-01,18079,Indiana,Jennings County,38.996229,-85.628103,27735,322,14,1160.9879213989543,50.47773571299802,7.0,0.0,25.23886785649901,0.0
2020-10-01,18081,Indiana,Johnson County,39.496092,-86.094264,158167,2448,133,1547.7311955085447,84.0883370108809,118.0,1.0,74.60468997957855,0.6322431354201572
2020-10-01,18083,Indiana,Knox County,38.688391,-87.420354,36594,553,10,1511.176695633164,27.32688418866481,39.0,1.0,106.57484833579275,2.732688418866481
2020-10-01,18085,Indiana,Kosciusko County,41.244293,-85.861575,79456,1327,19,1670.1067257349978,23.912605718888443,96.0,0.0,120.82158679017317,0.0
2020-10-01,18087,Indiana,LaGrange County,41.642462,-85.427845,39614,660,11,1666.0776493158985,27.76796082193164,24.0,0.0,60.5846417933054,0.0
2020-10-01,18089,Indiana,Lake County,41.472247,-87.374337,485493,10931,345,2251.5257686516593,71.06178667869567,472.0,6.0,97.22076322418656,1.23585715962949
2020-10-01,18091,Indiana,LaPorte County,41.549013,-86.744739,109888,1562,42,1421.4472917880023,38.220733838089686,153.0,2.0,139.23267326732673,1.8200349446709378
2020-10-01,18093,Indiana,Lawrence County,38.839815,-86.48782,45370,537,31,1183.6014987877452,68.32708838439498,25.0,1.0,55.1024906325766,2.2040996253030634
2020-10-01,18095,Indiana,Madison County,40.166203,-85.722454,129569,1785,86,1377.6443439402944,66.37390116463042,150.0,0.0,115.76843226389028,0.0
2020-10-01,18097,Indiana,Marion County,39.782976,-86.135794,964582,21953,822,2275.908113566291,85.21826034489551,715.0,6.0,74.12537244111957,0.6220310974079963
2020-10-01,18099,Indiana,Marshall County,41.325003,-86.269036,46258,1030,24,2226.6418781616153,51.88291754939686,33.0,0.0,71.33901163042069,0.0
2020-10-01,18101,Indiana,Martin County,38.705322,-86.801847,10255,172,0,1677.2306192101416,0.0,7.0,0.0,68.25938566552901,0.0
2020-10-01,18103,Indiana,Miami County,40.772883,-86.044258,35516,447,4,1258.5876787926568,11.262529564140106,12.0,1.0,33.78758869242032,2.8156323910350265
2020-10-01,18105,Indiana,Monroe County,39.160729,-86.52331,148431,2730,41,1839.2384340198475,27.622262195902472,194.0,1.0,130.70046014646536,0.6737137120951823
2020-10-01,18107,Indiana,Montgomery County,40.040296,-86.892715,38338,515,23,1343.3147269028118,59.99269654129063,6.0,1.0,15.65026866294538,2.608378110490897
2020-10-01,18109,Indiana,Morgan County,39.482646,-86.447457,70489,760,43,1078.182411440083,61.00242591042574,38.0,2.0,53.909120572004134,2.8373221353686393
2020-10-01,18111,Indiana,Newton County,40.962399,-87.402172,13984,176,12,1258.5812356979404,85.81235697940502,3.0,0.0,21.453089244851256,0.0
2020-10-01,18113,Indiana,Noble County,41.404679,-85.417271,47744,940,33,1968.833780160858,69.11863270777481,36.0,0.0,75.40214477211796,0.0
2020-10-01,18115,Indiana,Ohio County,38.940527,-84.964299,5875,79,7,1344.6808510638298,119.14893617021276,1.0,0.0,17.02127659574468,0.0
2020-10-01,18117,Indiana,Orange County,38.547381,-86.489257,19646,292,26,1486.3076453222031,132.3424615697852,3.0,0.0,15.270284027282907,0.0
2020-10-01,18119,Indiana,Owen County,39.317339,-86.838845,20799,175,2,841.3866051252464,9.615846915717102,6.0,0.0,28.847540747151307,0.0
2020-10-01,18121,Indiana,Parke County,39.77425,-87.19695,16937,120,2,708.5080002361693,11.808466670602822,18.0,0.0,106.2762000354254,0.0
2020-10-01,18123,Indiana,Perry County,38.081436,-86.62654,19169,240,14,1252.0214930356303,73.0345870937451,13.0,0.0,67.81783087276332,0.0
2020-10-01,18125,Indiana,Pike County,38.397961,-87.232547,12389,219,1,1767.6971506982002,8.071676487206393,76.0,0.0,613.4474130276859,0.0
2020-10-01,18127,Indiana,Porter County,41.509914,-87.071313,170389,2275,49,1335.1800879164734,28.757724970508658,159.0,1.0,93.31588306756892,0.5868923463369115
2020-10-01,18129,Indiana,Posey County,38.027614,-87.868653,25427,381,2,1498.4072049396311,7.865654619105675,65.0,2.0,255.63377512093444,7.865654619105675
2020-10-01,18131,Indiana,Pulaski County,41.045272,-86.692538,12353,116,1,939.0431474135837,8.095199546668825,1.0,0.0,8.095199546668825,0.0
2020-10-01,18133,Indiana,Putnam County,39.665548,-86.853373,37576,606,12,1612.7315307643178,31.93527783691718,59.0,1.0,157.01511603150948,2.661273153076432
2020-10-01,18135,Indiana,Randolph County,40.164079,-85.00579,24665,268,8,1086.5599026961281,32.43462396107845,21.0,1.0,85.14088789783094,4.054327995134806
2020-10-01,18137,Indiana,Ripley County,39.100226,-85.260494,28324,314,8,1108.6004801581696,28.244598220590312,27.0,0.0,95.3255189944923,0.0
2020-10-01,18139,Indiana,Rush County,39.622379,-85.466446,16581,204,4,1230.323864664375,24.12399734636029,7.0,0.0,42.21699535613051,0.0
2020-10-01,18141,Indiana,St. Joseph County,41.617723,-86.288048,271826,6876,123,2529.5593504668427,45.24953462876987,546.0,12.0,200.86378786429555,4.414588744270231
2020-10-01,18143,Indiana,Scott County,38.679431,-85.751898,23873,406,13,1700.6660243790056,54.454823440707074,33.0,0.0,138.23147488794874,0.0
2020-10-01,18145,Indiana,Shelby County,39.524135,-85.792174,44729,1182,37,2642.580875941783,82.72038274944667,31.0,0.0,69.30626662791478,0.0
2020-10-01,18147,Indiana,Spencer County,38.009697,-87.010375,20277,288,3,1420.3284509542832,14.795088030773783,57.0,0.0,281.10667258470187,0.0
2020-10-01,18149,Indiana,Starke County,41.284478,-86.644636,22995,280,8,1217.6560121765601,34.790171776473144,19.0,0.0,82.62665796912373,0.0
2020-10-01,18151,Indiana,Steuben County,41.643467,-85.002405,34594,414,7,1196.7393189570446,20.234722784297855,35.0,0.0,101.17361392148928,0.0
2020-10-01,18153,Indiana,Sullivan County,39.089225,-87.415843,20669,347,12,1678.842711306788,58.05796119792927,10.0,0.0,48.38163433160772,0.0
2020-10-01,18155,Indiana,Switzerland County,38.825854,-85.029681,10751,71,0,660.4036833782903,0.0,1.0,0.0,9.301460329271697,0.0
2020-10-01,18157,Indiana,Tippecanoe County,40.389133,-86.893554,195732,2690,14,1374.3281629983856,7.152637279545501,340.0,0.0,173.70690536039072,0.0
2020-10-01,18159,Indiana,Tipton County,40.310229,-86.056207,15148,239,26,1577.7660417216796,171.6398204383417,14.0,1.0,92.42144177449168,6.601531555320834
2020-10-01,18161,Indiana,Union County,39.623111,-84.925152,7054,105,0,1488.5171533881485,0.0,1.0,0.0,14.17635384179189,0.0
2020-10-01,18163,Indiana,Vanderburgh County,38.02007,-87.586166,181451,3970,31,2187.918501413605,17.08450215209616,431.0,1.0,237.52969121140143,0.5511129726482632
2020-10-01,18165,Indiana,Vermillion County,39.854045,-87.462071,15498,137,0,883.9850303264938,0.0,9.0,0.0,58.07200929152149,0.0
2020-10-01,18167,Indiana,Vigo County,39.429143,-87.390375,107038,1938,29,1810.5719464115548,27.09318186064762,131.0,4.0,122.38644219809787,3.736990601468637
2020-10-01,18169,Indiana,Wabash County,40.843747,-85.795192,30996,280,8,903.3423667570008,25.80978190734288,13.0,0.0,41.94089559943219,0.0
2020-10-01,18171,Indiana,Warren County,40.352658,-87.375847,8265,43,1,520.2661826981247,12.099213551119178,3.0,0.0,36.297640653357526,0.0
2020-10-01,18173,Indiana,Warrick County,38.097728,-87.272049,62998,1449,50,2300.0730181910535,79.36759897139592,213.0,12.0,338.1059716181466,19.04822375313502
2020-10-01,18175,Indiana,Washington County,38.600613,-86.104751,28036,273,2,973.7480382365529,7.133685261806249,10.0,1.0,35.66842630903125,3.5668426309031247
2020-10-01,18177,Indiana,Wayne County,39.863091,-85.006735,65884,1153,15,1750.0455345759215,22.767287960658127,43.0,1.0,65.26622548721997,1.5178191973772084
2020-10-01,18179,Indiana,Wells County,40.735273,-85.212974,28296,296,4,1046.0842521911225,14.13627367825841,28.0,1.0,98.95391574780888,3.5340684195646026
2020-10-01,18181,Indiana,White County,40.75095,-86.864293,24102,493,15,2045.4734046967058,62.23549912870301,10.0,1.0,41.490332752468674,4.149033275246867
2020-10-01,18183,Indiana,Whitley County,41.136426,-85.501892,33964,295,6,868.5667177010952,17.665763749852786,34.0,0.0,100.10599458249911,0.0
2020-10-01,19001,Iowa,Adair County,41.328528,-94.478164,7152,76,1,1062.639821029083,13.982102908277405,7.0,0.0,97.87472035794184,0.0
2020-10-01,19003,Iowa,Adams County,41.021656,-94.696906,3602,38,0,1054.9694614103275,0.0,5.0,0.0,138.811771238201,0.0
2020-10-01,19005,Iowa,Allamakee County,43.274964,-91.382751,13687,265,6,1936.143786074377,43.83721779791043,11.0,0.0,80.36823262950244,0.0
2020-10-01,19007,Iowa,Appanoose County,40.744296,-92.873061,12426,144,3,1158.860453887011,24.142926122646063,15.0,0.0,120.71463061323031,0.0
2020-10-01,19009,Iowa,Audubon County,41.679178,-94.904312,5496,92,1,1673.9446870451236,18.19505094614265,15.0,0.0,272.92576419213975,0.0
2020-10-01,19011,Iowa,Benton County,42.092547,-92.05763,25645,346,1,1349.1908754143108,3.8993955936829794,43.0,0.0,167.6740105283681,0.0
2020-10-01,19013,Iowa,Black Hawk County,42.471132,-92.3076,131228,4578,92,3488.5847532538787,70.1069893620264,149.0,4.0,113.54284146676014,3.048129972262017
2020-10-01,19015,Iowa,Boone County,42.038642,-93.938358,26234,533,8,2031.7145688800792,30.494777769307007,37.0,0.0,141.03834718304492,0.0
2020-10-01,19017,Iowa,Bremer County,42.780895,-92.327356,25062,514,7,2050.913733939829,27.93073178517277,38.0,0.0,151.62397254808076,0.0
2020-10-01,19019,Iowa,Buchanan County,42.470328,-91.838666,21175,300,1,1416.7650531286895,4.7225501770956315,38.0,0.0,179.456906729634,0.0
2020-10-01,19021,Iowa,Buena Vista County,42.741522,-95.141432,19620,2028,12,10336.391437308868,61.16207951070336,64.0,0.0,326.19775739041796,0.0
2020-10-01,19023,Iowa,Butler County,42.734757,-92.780153,14439,281,2,1946.1181522266086,13.851374748943831,16.0,0.0,110.81099799155065,0.0
2020-10-01,19025,Iowa,Calhoun County,42.38617,-94.643683,9668,198,3,2047.9933802234173,31.03020273065784,19.0,1.0,196.52461729416632,10.34340091021928
2020-10-01,19027,Iowa,Carroll County,42.039492,-94.867647,20165,711,5,3525.911232333251,24.795437639474336,62.0,0.0,307.4634267294818,0.0
2020-10-01,19029,Iowa,Cass County,41.333824,-94.933302,12836,183,2,1425.6777812402618,15.581177937052042,31.0,0.0,241.50825802430666,0.0
2020-10-01,19031,Iowa,Cedar County,41.77236,-91.132611,18627,262,1,1406.5603693563107,5.368551028077522,26.0,0.0,139.58232673001558,0.0
2020-10-01,19033,Iowa,Cerro Gordo County,43.074975,-93.250965,42450,1080,22,2544.1696113074204,51.825677267373386,63.0,1.0,148.40989399293287,2.3557126030624262
2020-10-01,19035,Iowa,Cherokee County,42.742737,-95.633262,11235,275,2,2447.7080551846907,17.801513128615934,44.0,0.0,391.63328882955057,0.0
2020-10-01,19037,Iowa,Chickasaw County,43.059741,-92.31721,11933,279,1,2338.0541355903797,8.380122349786307,37.0,1.0,310.0645269420933,8.380122349786307
2020-10-01,19039,Iowa,Clarke County,41.029191,-93.784096,9395,270,3,2873.8690792974985,31.931878658861095,6.0,0.0,63.86375731772219,0.0
2020-10-01,19041,Iowa,Clay County,43.081224,-95.149875,16016,359,4,2241.5084915084917,24.975024975024976,49.0,0.0,305.94405594405595,0.0
2020-10-01,19043,Iowa,Clayton County,42.840985,-91.323576,17549,273,3,1555.6441962504987,17.094991167587896,35.0,0.0,199.4415636218588,0.0
2020-10-01,19045,Iowa,Clinton County,41.898073,-90.534243,46429,1156,22,2489.8231708630383,47.38417799220315,60.0,2.0,129.2295763423722,4.307652544745741
2020-10-01,19047,Iowa,Crawford County,42.043119,-95.38909,16820,1117,6,6640.90368608799,35.6718192627824,63.0,1.0,374.55410225921526,5.945303210463734
2020-10-01,19049,Iowa,Dallas County,41.68532,-94.040706,93453,2872,38,3073.202572416081,40.66215102778937,124.0,0.0,132.68701914331268,0.0
2020-10-01,19051,Iowa,Davis County,40.748089,-92.410345,9000,130,4,1444.4444444444443,44.44444444444445,8.0,0.0,88.8888888888889,0.0
2020-10-01,19053,Iowa,Decatur County,40.736379,-93.78458,7870,67,0,851.3341804320203,0.0,1.0,0.0,12.706480304955527,0.0
2020-10-01,19055,Iowa,Delaware County,42.472937,-91.366767,17011,468,3,2751.1610134618777,17.635647522191523,92.0,0.0,540.8265240138734,0.0
2020-10-01,19057,Iowa,Des Moines County,40.915339,-91.186925,38967,831,9,2132.573716221418,23.09646624066518,70.0,2.0,179.6391818718403,5.132548053481151
2020-10-01,19059,Iowa,Dickinson County,43.389611,-95.196057,17258,556,6,3221.6942867076136,34.766485108355546,53.0,0.0,307.10395179047396,0.0
2020-10-01,19061,Iowa,Dubuque County,42.463481,-90.878771,97311,3486,43,3582.328822024232,44.188221269948926,425.0,2.0,436.7440474355417,2.05526610557902
2020-10-01,19063,Iowa,Emmet County,43.377984,-94.66937,9208,285,10,3095.134665508254,108.60121633362294,30.0,0.0,325.8036490008688,0.0
2020-10-01,19065,Iowa,Fayette County,42.864122,-91.840376,19650,241,2,1226.4631043256998,10.178117048346055,34.0,0.0,173.02798982188295,0.0
2020-10-01,19067,Iowa,Floyd County,43.052741,-92.787367,15642,360,5,2301.4959723820484,31.965221838639557,48.0,2.0,306.86612965093974,12.786088735455825
2020-10-01,19069,Iowa,Franklin County,42.736545,-93.271415,10070,353,17,3505.4617676266134,168.81827209533267,7.0,0.0,69.51340615690168,0.0
2020-10-01,19071,Iowa,Fremont County,40.74259,-95.599182,6960,127,0,1824.712643678161,0.0,22.0,0.0,316.0919540229885,0.0
2020-10-01,19073,Iowa,Greene County,42.042494,-94.388703,8888,109,0,1226.3726372637263,0.0,10.0,0.0,112.51125112511251,0.0
2020-10-01,19075,Iowa,Grundy County,42.403339,-92.790244,12232,230,4,1880.3139306736427,32.701111837802486,11.0,1.0,89.92805755395683,8.175277959450622
2020-10-01,19077,Iowa,Guthrie County,41.683573,-94.501272,10689,273,10,2554.027504911591,93.55412105903265,33.0,4.0,308.7285994948077,37.42164842361306
2020-10-01,19079,Iowa,Hamilton County,42.390768,-93.709198,14773,337,3,2281.1886549786773,20.307317403371016,15.0,0.0,101.53658701685508,0.0
2020-10-01,19081,Iowa,Hancock County,43.075411,-93.743697,10630,205,2,1928.5042333019755,18.814675446848543,28.0,0.0,263.4054562558796,0.0
2020-10-01,19083,Iowa,Hardin County,42.390208,-93.241669,16846,315,1,1869.8800902291343,5.936127270568681,21.0,0.0,124.6586726819423,0.0
2020-10-01,19085,Iowa,Harrison County,41.688584,-95.827149,14049,290,5,2064.203857925831,35.5897216883764,94.0,3.0,669.0867677414763,21.353833013025838
2020-10-01,19087,Iowa,Henry County,40.984802,-91.547259,19954,778,4,3898.9676255387394,20.046106043900974,111.0,0.0,556.279442718252,0.0
2020-10-01,19089,Iowa,Howard County,43.365312,-92.321908,9158,193,7,2107.447040838611,76.43590303559729,8.0,1.0,87.35531775496833,10.91941471937104
2020-10-01,19091,Iowa,Humboldt County,42.782221,-94.202775,9558,196,3,2050.6382088302994,31.387319522912744,13.0,0.0,136.01171793262188,0.0
2020-10-01,19093,Iowa,Ida County,42.39186,-95.507421,6860,135,2,1967.9300291545192,29.154518950437318,23.0,1.0,335.2769679300292,14.577259475218659
2020-10-01,19095,Iowa,Iowa County,41.683918,-92.059123,16184,230,1,1421.156697973307,6.178942165101334,32.0,0.0,197.72614928324268,0.0
2020-10-01,19097,Iowa,Jackson County,42.164226,-90.574582,19439,370,3,1903.390092082926,15.43289263851021,47.0,0.0,241.7819846699933,0.0
2020-10-01,19099,Iowa,Jasper County,41.685551,-93.054147,37185,884,34,2377.3026758101387,91.43471830038995,75.0,2.0,201.6942315449778,5.3785128411994085
2020-10-01,19101,Iowa,Jefferson County,41.005888,-91.966634,18295,142,1,776.1683520087456,5.465974309920743,5.0,0.0,27.329871549603716,0.0
2020-10-01,19103,Iowa,Johnson County,41.670668,-91.590529,151140,5205,27,3443.826915442636,17.864231838030964,122.0,0.0,80.71986237925103,0.0
2020-10-01,19105,Iowa,Jones County,42.125118,-91.116914,20681,298,3,1440.9361249456022,14.506068371935593,37.0,0.0,178.90817658720565,0.0
2020-10-01,19107,Iowa,Keokuk County,41.331182,-92.167721,10246,121,1,1180.9486628928362,9.759906304899474,19.0,0.0,185.43821979308998,0.0
2020-10-01,19109,Iowa,Kossuth County,43.212478,-94.213983,14813,292,0,1971.2414770809423,0.0,42.0,0.0,283.5347330047931,0.0
2020-10-01,19111,Iowa,Lee County,40.647588,-91.477157,33657,671,7,1993.6417387170575,20.798050925513266,54.0,0.0,160.44210713967377,0.0
2020-10-01,19113,Iowa,Linn County,42.077951,-91.597674,226706,4219,115,1861.000591073902,50.72649157940239,300.0,6.0,132.32997803322365,2.6465995606644728
2020-10-01,19115,Iowa,Louisa County,41.218211,-91.256994,11035,439,15,3978.2510194834613,135.93112822836432,12.0,0.0,108.74490258269142,0.0
2020-10-01,19117,Iowa,Lucas County,41.033344,-93.331467,8600,159,6,1848.8372093023256,69.76744186046511,5.0,0.0,58.13953488372093,0.0
2020-10-01,19119,Iowa,Lyon County,43.38358,-96.207201,11755,390,4,3317.7371331348363,34.028073160357295,105.0,0.0,893.236920459379,0.0
2020-10-01,19121,Iowa,Madison County,41.330622,-94.015184,16338,247,2,1511.8129514016402,12.241400416207615,37.0,0.0,226.46590769984084,0.0
2020-10-01,19123,Iowa,Mahaska County,41.330797,-92.636366,22095,436,20,1973.2971260466168,90.5182167911292,52.0,1.0,235.34736365693598,4.5259108395564605
2020-10-01,19125,Iowa,Marion County,41.331455,-93.093849,33253,779,9,2342.6457763209332,27.065227197546083,27.0,4.0,81.19568159263827,12.028989865576039
2020-10-01,19127,Iowa,Marshall County,42.041691,-92.981452,39369,1804,35,4582.285554624196,88.90243592674439,35.0,1.0,88.90243592674439,2.540069597906983
2020-10-01,19129,Iowa,Mills County,41.033703,-95.619101,15109,205,1,1356.807201006023,6.618571712224501,31.0,0.0,205.17572307895958,0.0
2020-10-01,19131,Iowa,Mitchell County,43.348564,-92.784466,10586,196,0,1851.5019837521254,0.0,10.0,0.0,94.46438692612885,0.0
2020-10-01,19133,Iowa,Monona County,42.049432,-95.956566,8615,167,1,1938.4793964016249,11.607661056297156,23.0,0.0,266.9762042948346,0.0
2020-10-01,19135,Iowa,Monroe County,41.028847,-92.869642,7707,164,11,2127.935642922019,142.72739068379394,9.0,1.0,116.77695601401324,12.97521733489036
2020-10-01,19137,Iowa,Montgomery County,41.021735,-95.15779,9917,100,5,1008.3694665725523,50.418473328627606,10.0,0.0,100.83694665725521,0.0
2020-10-01,19139,Iowa,Muscatine County,41.483776,-91.118699,42664,1140,56,2672.042002625164,131.25820363772738,50.0,2.0,117.1948246765423,4.687792987061691
2020-10-01,19141,Iowa,O'Brien County,43.083746,-95.625624,13753,423,9,3075.6925761652,65.440267577983,83.0,0.0,603.504689885843,0.0
2020-10-01,19143,Iowa,Osceola County,43.378542,-95.633788,5958,181,0,3037.932192010742,0.0,32.0,0.0,537.0929842228936,0.0
2020-10-01,19145,Iowa,Page County,40.73909,-95.14429,15107,208,0,1376.845171112729,0.0,58.0,0.0,383.9279804064341,0.0
2020-10-01,19147,Iowa,Palo Alto County,43.075337,-94.669055,8886,218,0,2453.2973216295295,0.0,40.0,0.0,450.14629754670267,0.0
2020-10-01,19149,Iowa,Plymouth County,42.737585,-96.215864,25177,1213,21,4817.889343448385,83.40946101600667,114.0,1.0,452.7942169440362,3.971879096000318
2020-10-01,19151,Iowa,Pocahontas County,42.734033,-94.678279,6619,168,2,2538.14775645868,30.216044719746183,12.0,0.0,181.2962683184771,0.0
2020-10-01,19153,Iowa,Polk County,41.684816,-93.568971,490161,16235,264,3312.1770193875072,53.85985421116735,622.0,3.0,126.89708075509884,0.6120437978541745
2020-10-01,19155,Iowa,Pottawattamie County,41.340184,-95.544905,93206,2244,39,2407.5703280904663,41.84279981975409,203.0,1.0,217.79713752333544,1.0728923030706177
2020-10-01,19157,Iowa,Poweshiek County,41.684526,-92.522882,18504,332,8,1794.2066580198875,43.23389537397319,58.0,0.0,313.44574146130566,0.0
2020-10-01,19159,Iowa,Ringgold County,40.735334,-94.244251,4894,53,2,1082.9587249693502,40.86636697997548,5.0,0.0,102.1659174499387,0.0
2020-10-01,19161,Iowa,Sac County,42.387526,-95.105224,9721,277,0,2849.5010801357885,0.0,42.0,0.0,432.05431539965025,0.0
2020-10-01,19163,Iowa,Scott County,41.642079,-90.622289,172943,3136,29,1813.3142133535328,16.7685306719555,232.0,1.0,134.148245375644,0.5782251955846723
2020-10-01,19165,Iowa,Shelby County,41.679014,-95.308917,11454,278,1,2427.099703160468,8.730574471800244,28.0,0.0,244.45608521040685,0.0
2020-10-01,19167,Iowa,Sioux County,43.082646,-96.17801,34855,1765,3,5063.835891550711,8.607086501219339,276.0,0.0,791.851958112179,0.0
2020-10-01,19169,Iowa,Story County,42.037538,-93.466093,97117,3512,17,3616.2566800869054,17.50465932843889,137.0,0.0,141.0669604703605,0.0
2020-10-01,19171,Iowa,Tama County,42.074848,-92.529411,16854,762,32,4521.181915272339,189.86590720303786,61.0,1.0,361.9318856057909,5.933309600094933
2020-10-01,19173,Iowa,Taylor County,40.737949,-94.697108,6121,148,1,2417.905570985133,16.337199803953602,21.0,0.0,343.08119588302566,0.0
2020-10-01,19175,Iowa,Union County,41.02855,-94.245091,12241,148,3,1209.0515480761376,24.507801650191976,21.0,0.0,171.55461155134384,0.0
2020-10-01,19177,Iowa,Van Buren County,40.754117,-91.952943,7044,122,1,1731.9704713231117,14.19647927314026,10.0,0.0,141.9647927314026,0.0
2020-10-01,19179,Iowa,Wapello County,41.031275,-92.409466,34969,1350,57,3860.5622122451314,163.00151562812778,47.0,0.0,134.40475850038607,0.0
2020-10-01,19181,Iowa,Warren County,41.332446,-93.568751,51466,978,6,1900.2836824311194,11.658182100804414,32.0,0.0,62.176971204290204,0.0
2020-10-01,19183,Iowa,Washington County,41.329401,-91.725052,21965,494,11,2249.0325517869337,50.07967220578192,42.0,0.0,191.2132938766219,0.0
2020-10-01,19185,Iowa,Wayne County,40.739983,-93.332613,6441,89,3,1381.7730166123274,46.57661853749418,4.0,1.0,62.102158049992234,15.525539512498058
2020-10-01,19187,Iowa,Webster County,42.433579,-94.175831,35904,1330,14,3704.3226381461673,38.992869875222816,116.0,0.0,323.08377896613194,0.0
2020-10-01,19189,Iowa,Winnebago County,43.378124,-93.743488,10354,326,14,3148.5416264245705,135.21344407958276,40.0,1.0,386.32412594166505,9.658103148541626
2020-10-01,19191,Iowa,Winneshiek County,43.292989,-91.850788,19991,346,8,1730.778850482717,40.01800810364664,27.0,2.0,135.0607773498074,10.00450202591166
2020-10-01,19193,Iowa,Woodbury County,42.39322,-96.053296,103107,5705,68,5533.086987304451,65.95090537014946,516.0,5.0,500.4509878087812,4.849331277216872
2020-10-01,19195,Iowa,Worth County,43.373491,-93.248533,7381,111,0,1503.8612654111907,0.0,7.0,0.0,94.83809781872374,0.0
2020-10-01,19197,Iowa,Wright County,42.733007,-93.734735,12562,603,1,4800.191052380194,7.960515841426525,32.0,0.0,254.7365069256488,0.0
2020-10-01,20001,Kansas,Allen County,37.884228,-95.300945,12369,61,1,493.1684048831757,8.08472794890452,4.0,0.0,32.33891179561808,0.0
2020-10-01,20003,Kansas,Anderson County,38.215114,-95.292046,7858,80,0,1018.0707559175363,0.0,7.0,0.0,89.08119114278442,0.0
2020-10-01,20005,Kansas,Atchison County,39.532544,-95.313397,16073,308,2,1916.257077085796,12.44322777328439,38.0,0.0,236.4213276924034,0.0
2020-10-01,20007,Kansas,Barber County,37.222906,-98.685052,4427,9,0,203.29794443189516,0.0,3.0,0.0,67.7659814772984,0.0
2020-10-01,20009,Kansas,Barton County,38.481239,-98.767837,25779,507,7,1966.7170953101363,27.153884945110363,80.0,0.0,310.3301136584041,0.0
2020-10-01,20011,Kansas,Bourbon County,37.8561,-94.850928,14534,217,3,1493.0507774872713,20.641254988303288,42.0,0.0,288.97756983624606,0.0
2020-10-01,20013,Kansas,Brown County,39.825931,-95.569905,9564,137,3,1432.4550397323296,31.367628607277286,33.0,0.0,345.0439146800502,0.0
2020-10-01,20015,Kansas,Butler County,37.773649,-96.83884,66911,985,3,1472.1047361420394,4.4835677242904755,79.0,0.0,118.06728340631587,0.0
2020-10-01,20017,Kansas,Chase County,38.299475,-96.594029,2648,82,1,3096.676737160121,37.764350453172206,2.0,0.0,75.52870090634441,0.0
2020-10-01,20019,Kansas,Chautauqua County,37.154259,-96.245396,3250,19,0,584.6153846153846,0.0,3.0,0.0,92.3076923076923,0.0
2020-10-01,20021,Kansas,Cherokee County,37.169392,-94.845698,19939,511,8,2562.816590601334,40.12237323837705,49.0,0.0,245.74953608505942,0.0
2020-10-01,20023,Kansas,Cheyenne County,39.789917,-101.727325,2657,68,0,2559.277380504328,0.0,14.0,0.0,526.9100489273617,0.0
2020-10-01,20025,Kansas,Clark County,37.233831,-99.813869,1994,52,1,2607.8234704112338,50.150451354062184,2.0,0.0,100.30090270812437,0.0
2020-10-01,20027,Kansas,Clay County,39.344964,-97.168853,8002,52,2,649.8375406148463,24.993751562109473,3.0,0.0,37.490627343164206,0.0
2020-10-01,20029,Kansas,Cloud County,39.487329,-97.64139,8786,71,1,808.1038015023901,11.381743683132257,7.0,0.0,79.67220578192578,0.0
2020-10-01,20031,Kansas,Coffey County,38.23645,-95.729137,8179,124,8,1516.0777601173738,97.81146839466926,11.0,0.0,134.49076904267025,0.0
2020-10-01,20033,Kansas,Comanche County,37.181442,-99.251293,1700,12,0,705.8823529411765,0.0,1.0,0.0,58.8235294117647,0.0
2020-10-01,20035,Kansas,Cowley County,37.234507,-96.837247,34908,389,5,1114.3577403460527,14.32336427180016,30.0,0.0,85.94018563080097,0.0
2020-10-01,20037,Kansas,Crawford County,37.505821,-94.853897,38818,1098,8,2828.584677211603,20.608995826678346,87.0,2.0,224.12282961512702,5.152248956669586
2020-10-01,20039,Kansas,Decatur County,39.783542,-100.459708,2827,25,1,884.3296781039971,35.373187124159884,8.0,1.0,282.98549699327907,35.373187124159884
2020-10-01,20041,Kansas,Dickinson County,38.867735,-97.157943,18466,208,1,1126.394454673454,5.415357955160836,76.0,0.0,411.56720459222356,0.0
2020-10-01,20043,Kansas,Doniphan County,39.788502,-95.147225,7600,114,0,1500.0,0.0,18.0,0.0,236.84210526315792,0.0
2020-10-01,20045,Kansas,Douglas County,38.896417,-95.290947,122259,2391,13,1955.6842441047284,10.633164020644697,256.0,3.0,209.39153763731093,2.4538070816872377
2020-10-01,20047,Kansas,Edwards County,37.883595,-99.304746,2798,51,0,1822.7305218012868,0.0,7.0,0.0,250.17869907076485,0.0
2020-10-01,20049,Kansas,Elk County,37.456026,-96.244642,2530,6,0,237.15415019762847,0.0,2.0,0.0,79.05138339920948,0.0
2020-10-01,20051,Kansas,Ellis County,38.914597,-99.317313,28553,1026,5,3593.3176899099917,17.511294785136414,131.0,2.0,458.79592337057403,7.004517914054565
2020-10-01,20053,Kansas,Ellsworth County,38.700845,-98.205355,6102,58,0,950.5080301540479,0.0,26.0,0.0,426.08980662078005,0.0
2020-10-01,20055,Kansas,Finney County,38.049808,-100.739967,36467,2210,12,6060.273672087093,32.90646337784847,107.0,0.0,293.41596511914884,0.0
2020-10-01,20057,Kansas,Ford County,37.688416,-99.884748,33619,2902,10,8632.023558107023,29.745084624765756,146.0,0.0,434.27823552158003,0.0
2020-10-01,20059,Kansas,Franklin County,38.558019,-95.278962,25544,393,3,1538.5217663639212,11.744440964610085,63.0,0.0,246.63326025681178,0.0
2020-10-01,20061,Kansas,Geary County,39.002139,-96.7681,31670,427,3,1348.279128512788,9.472687085569941,20.0,1.0,63.15124723713293,3.157562361856647
2020-10-01,20063,Kansas,Gove County,38.917239,-100.48736,2636,37,0,1403.6418816388468,0.0,9.0,0.0,341.4264036418817,0.0
2020-10-01,20065,Kansas,Graham County,39.354972,-99.879894,2482,35,1,1410.1531023368252,40.290088638195,5.0,0.0,201.450443190975,0.0
2020-10-01,20067,Kansas,Grant County,37.547537,-101.299362,7150,274,5,3832.167832167832,69.93006993006993,52.0,0.0,727.2727272727273,0.0
2020-10-01,20069,Kansas,Gray County,37.744513,-100.451716,5988,127,0,2120.9084836339343,0.0,11.0,0.0,183.7007348029392,0.0
2020-10-01,20071,Kansas,Greeley County,38.480404,-101.80597,1232,9,0,730.5194805194805,0.0,1.0,0.0,81.16883116883118,0.0
2020-10-01,20073,Kansas,Greenwood County,37.879347,-96.241732,5982,49,0,819.1240387830157,0.0,2.0,0.0,33.433634236041456,0.0
2020-10-01,20075,Kansas,Hamilton County,37.995244,-101.793689,2539,46,0,1811.7369042930288,0.0,1.0,0.0,39.38558487593541,0.0
2020-10-01,20077,Kansas,Harper County,37.188184,-98.06659,5436,120,2,2207.505518763797,36.79175864606328,0.0,0.0,0.0,0.0
2020-10-01,20079,Kansas,Harvey County,38.050144,-97.436706,34429,361,8,1048.5346655435826,23.236225275204045,14.0,0.0,40.66339423160708,0.0
2020-10-01,20081,Kansas,Haskell County,37.554979,-100.879952,3968,126,1,3175.4032258064517,25.201612903225804,13.0,0.0,327.6209677419355,0.0
2020-10-01,20083,Kansas,Hodgeman County,38.087493,-99.898407,1794,24,0,1337.7926421404682,0.0,5.0,0.0,278.7068004459309,0.0
2020-10-01,20085,Kansas,Jackson County,39.411145,-95.794485,13171,246,2,1867.7397312276973,15.184875863639814,12.0,0.0,91.10925518183889,0.0
2020-10-01,20087,Kansas,Jefferson County,39.239644,-95.375314,19043,198,4,1039.7521398939243,21.005093735230794,17.0,0.0,89.27164837473087,0.0
2020-10-01,20089,Kansas,Jewell County,39.777002,-98.222618,2879,17,1,590.4828065300452,34.73428273706148,1.0,0.0,34.73428273706148,0.0
2020-10-01,20091,Kansas,Johnson County,38.883907,-94.82233,602401,11575,154,1921.477553988124,25.564366593016945,878.0,8.0,145.75009005629138,1.328019043793088
2020-10-01,20093,Kansas,Kearny County,37.994461,-101.308136,3838,100,1,2605.5237102657634,26.05523710265763,16.0,0.0,416.8837936425221,0.0
2020-10-01,20095,Kansas,Kingman County,37.552951,-98.144529,7152,100,1,1398.2102908277404,13.982102908277405,16.0,0.0,223.71364653243847,0.0
2020-10-01,20097,Kansas,Kiowa County,37.561231,-99.286539,2475,27,0,1090.909090909091,0.0,4.0,0.0,161.6161616161616,0.0
2020-10-01,20099,Kansas,Labette County,37.191468,-95.297473,19618,246,4,1253.9504536650015,20.389438270975635,16.0,0.0,81.55775308390254,0.0
2020-10-01,20101,Kansas,Lane County,38.481286,-100.466185,1535,14,0,912.0521172638436,0.0,1.0,0.0,65.14657980456026,0.0
2020-10-01,20103,Kansas,Leavenworth County,39.189511,-95.038977,81758,2258,11,2761.8092419090485,13.454340859610069,235.0,0.0,287.4336456371242,0.0
2020-10-01,20105,Kansas,Lincoln County,39.04728,-98.214284,2962,14,0,472.6536124240378,0.0,2.0,0.0,67.5219446320054,0.0
2020-10-01,20107,Kansas,Linn County,38.216549,-94.844932,9703,83,0,855.405544676904,0.0,9.0,0.0,92.75481809749562,0.0
2020-10-01,20109,Kansas,Logan County,38.91327,-101.157402,2794,29,0,1037.9384395132427,0.0,17.0,0.0,608.4466714387975,0.0
2020-10-01,20111,Kansas,Lyon County,38.455403,-96.161641,33195,1088,35,3277.6020485012805,105.43756589847868,44.0,2.0,132.55008284380176,6.025003765627353
2020-10-01,20113,Kansas,McPherson County,38.395812,-97.647489,28542,270,1,945.9743535841917,3.503608716978488,18.0,0.0,63.06495690561278,0.0
2020-10-01,20115,Kansas,Marion County,38.359647,-97.102771,11884,102,1,858.296869740828,8.41467519353753,16.0,0.0,134.63480309660048,0.0
2020-10-01,20117,Kansas,Marshall County,39.782709,-96.521243,9707,30,0,309.0553209024415,0.0,11.0,0.0,113.32028433089522,0.0
2020-10-01,20119,Kansas,Meade County,37.243886,-100.360094,4033,136,1,3372.17951896851,24.795437639474336,20.0,0.0,495.90875278948675,0.0
2020-10-01,20121,Kansas,Miami County,38.566772,-94.832963,34237,412,1,1203.3764640593508,2.9208166603382306,55.0,0.0,160.64491631860267,0.0
2020-10-01,20123,Kansas,Mitchell County,39.393026,-98.207362,5979,46,0,769.3594246529519,0.0,2.0,0.0,33.45040976751965,0.0
2020-10-01,20125,Kansas,Montgomery County,37.189537,-95.742403,31829,435,6,1366.6781865594269,18.850733607716233,52.0,0.0,163.37302460020737,0.0
2020-10-01,20127,Kansas,Morris County,38.688204,-96.651448,5620,41,0,729.5373665480427,0.0,10.0,0.0,177.9359430604982,0.0
2020-10-01,20129,Kansas,Morton County,37.185249,-101.809516,2587,17,2,657.1318129107074,77.30962504831851,3.0,0.0,115.96443757247778,0.0
2020-10-01,20131,Kansas,Nemaha County,39.791043,-96.005381,10231,128,1,1251.0995992571598,9.77421561919656,26.0,0.0,254.12960609911056,0.0
2020-10-01,20133,Kansas,Neosho County,37.564283,-95.315682,16007,173,0,1080.7771599925031,0.0,29.0,0.0,181.17073780221153,0.0
2020-10-01,20135,Kansas,Ness County,38.480437,-99.908745,2750,92,6,3345.454545454545,218.1818181818182,18.0,0.0,654.5454545454545,0.0
2020-10-01,20137,Kansas,Norton County,39.783867,-99.899235,5361,35,0,652.8632717776534,0.0,6.0,0.0,111.91941801902631,0.0
2020-10-01,20139,Kansas,Osage County,38.650215,-95.708255,15949,114,0,714.7783560097812,0.0,15.0,0.0,94.04978368549753,0.0
2020-10-01,20141,Kansas,Osborne County,39.348261,-98.767942,3421,11,0,321.54340836012864,0.0,5.0,0.0,146.1560947091494,0.0
2020-10-01,20143,Kansas,Ottawa County,39.137963,-97.654802,5704,58,0,1016.8302945301542,0.0,6.0,0.0,105.18934081346423,0.0
2020-10-01,20145,Kansas,Pawnee County,38.181477,-99.234772,6414,385,0,6002.494543186779,0.0,17.0,0.0,265.04521359526035,0.0
2020-10-01,20147,Kansas,Phillips County,39.784506,-99.34215,5234,122,8,2330.913259457394,152.84677111196027,11.0,0.0,210.16431027894535,0.0
2020-10-01,20149,Kansas,Pottawatomie County,39.382187,-96.337113,24383,278,0,1140.1386211704878,0.0,43.0,0.0,176.3523766558668,0.0
2020-10-01,20151,Kansas,Pratt County,37.647594,-98.74012,9164,74,0,807.5076385857703,0.0,3.0,0.0,32.73679615888258,0.0
2020-10-01,20153,Kansas,Rawlins County,39.786198,-101.076738,2530,44,0,1739.1304347826087,0.0,24.0,0.0,948.6166007905139,0.0
2020-10-01,20155,Kansas,Reno County,37.948185,-98.078346,61998,1155,4,1862.9633213974644,6.451821026484725,90.0,1.0,145.1659730959063,1.6129552566211813
2020-10-01,20157,Kansas,Republic County,39.828906,-97.650883,4636,49,1,1056.9456427955135,21.570319240724764,1.0,0.0,21.570319240724764,0.0
2020-10-01,20159,Kansas,Rice County,38.347178,-98.201415,9537,84,1,880.7801195344448,10.485477613505296,12.0,0.0,125.82573136206354,0.0
2020-10-01,20161,Kansas,Riley County,39.291211,-96.727489,74232,1857,8,2501.616553507921,10.777023386140748,135.0,0.0,181.86226964112512,0.0
2020-10-01,20163,Kansas,Rooks County,39.346006,-99.324492,4920,99,0,2012.1951219512196,0.0,38.0,0.0,772.3577235772358,0.0
2020-10-01,20165,Kansas,Rush County,38.523596,-99.309184,3036,66,0,2173.913043478261,0.0,13.0,0.0,428.1949934123847,0.0
2020-10-01,20167,Kansas,Russell County,38.91604,-98.770949,6856,97,1,1414.8191365227538,14.585764294049007,17.0,1.0,247.95799299883316,14.585764294049007
2020-10-01,20169,Kansas,Saline County,38.791804,-97.651478,54224,776,11,1431.1006196518147,20.286220123930363,119.0,0.0,219.46001770433756,0.0
2020-10-01,20171,Kansas,Scott County,38.481877,-100.90636,4823,105,1,2177.0682148040637,20.733982998133943,11.0,0.0,228.07381297947336,0.0
2020-10-01,20173,Kansas,Sedgwick County,37.681045,-97.461054,516042,9102,93,1763.809922448173,18.021788924157335,525.0,8.0,101.73590521701723,1.5502614128307386
2020-10-01,20175,Kansas,Seward County,37.18096,-100.855257,21428,1731,7,8078.215419077842,32.66753780100803,75.0,2.0,350.00933358222886,9.333582228859436
2020-10-01,20177,Kansas,Shawnee County,39.041805,-95.755664,176875,2804,32,1585.3003533568906,18.091872791519435,133.0,0.0,75.19434628975266,0.0
2020-10-01,20179,Kansas,Sheridan County,39.350547,-100.441228,2521,28,0,1110.6703689012295,0.0,14.0,0.0,555.3351844506147,0.0
2020-10-01,20181,Kansas,Sherman County,39.351352,-101.719859,5917,42,0,709.8191651174582,0.0,11.0,0.0,185.90501943552476,0.0
2020-10-01,20183,Kansas,Smith County,39.78466,-98.785429,3583,8,0,223.27658386826684,0.0,2.0,0.0,55.81914596706671,0.0
2020-10-01,20185,Kansas,Stafford County,38.03563,-98.719889,4156,59,1,1419.6342637151106,24.06159769008662,6.0,0.0,144.36958614051971,0.0
2020-10-01,20187,Kansas,Stanton County,37.565932,-101.789383,2006,67,2,3339.980059820538,99.70089730807577,10.0,0.0,498.5044865403789,0.0
2020-10-01,20189,Kansas,Stevens County,37.2017,-101.317268,5485,138,1,2515.9525979945306,18.23154056517776,24.0,0.0,437.5569735642662,0.0
2020-10-01,20191,Kansas,Sumner County,37.236662,-97.493352,22836,208,3,910.8425293396392,13.137151865475564,22.0,0.0,96.33911368015414,0.0
2020-10-01,20193,Kansas,Thomas County,39.357713,-101.083386,7777,152,0,1954.4811624019544,0.0,29.0,0.0,372.8944323003729,0.0
2020-10-01,20195,Kansas,Trego County,38.921302,-99.865423,2803,38,1,1355.6903317873707,35.67606136282554,5.0,0.0,178.38030681412772,0.0
2020-10-01,20197,Kansas,Wabaunsee County,38.955154,-96.201262,6931,72,1,1038.8111383638725,14.427932477276007,5.0,0.0,72.13966238638004,0.0
2020-10-01,20199,Kansas,Wallace County,38.926626,-101.771103,1518,19,0,1251.6469038208168,0.0,2.0,0.0,131.75230566534916,0.0
2020-10-01,20201,Kansas,Washington County,39.776714,-97.095611,5406,22,0,406.95523492415833,0.0,5.0,0.0,92.4898261191269,0.0
2020-10-01,20203,Kansas,Wichita County,38.481922,-101.347434,2119,5,0,235.96035865974517,0.0,0.0,0.0,0.0,0.0
2020-10-01,20205,Kansas,Wilson County,37.558515,-95.745175,8525,64,2,750.733137829912,23.46041055718475,5.0,0.0,58.651026392961874,0.0
2020-10-01,20207,Kansas,Woodson County,37.888193,-95.758469,3138,23,0,732.950924155513,0.0,3.0,0.0,95.60229445506693,0.0
2020-10-01,20209,Kansas,Wyandotte County,39.115384,-94.763087,165429,7163,134,4329.954240187633,81.00151726722643,257.0,0.0,155.35365625132232,0.0
2020-10-01,21001,Kentucky,Adair County,37.105559,-85.28138,19202,316,19,1645.6619102176855,98.94802624726591,9.0,0.0,46.87011769607332,0.0
2020-10-01,21003,Kentucky,Allen County,36.75077,-86.192458,21315,375,9,1759.3244194229414,42.2237860661506,54.0,0.0,253.34271639690357,0.0
2020-10-01,21005,Kentucky,Anderson County,38.005396,-84.986417,22747,171,1,751.7474831845958,4.396184112190618,19.0,0.0,83.52749813162175,0.0
2020-10-01,21007,Kentucky,Ballard County,37.051323,-89.010367,7888,58,1,735.2941176470588,12.677484787018255,3.0,0.0,38.03245436105477,0.0
2020-10-01,21009,Kentucky,Barren County,36.962805,-85.932108,44249,802,13,1812.4703383127303,29.379195010056723,63.0,0.0,142.37609889489028,0.0
2020-10-01,21011,Kentucky,Bath County,38.152249,-83.737641,12500,90,1,720.0,8.0,3.0,0.0,24.0,0.0
2020-10-01,21013,Kentucky,Bell County,36.728928,-83.680718,26032,513,15,1970.6515058389675,57.621389059618934,31.0,2.0,119.08420405654577,7.6828518746158565
2020-10-01,21015,Kentucky,Boone County,38.9589,-84.736371,133581,1621,25,1213.4959313075963,18.71523644829729,79.0,0.0,59.140147176619436,0.0
2020-10-01,21017,Kentucky,Bourbon County,38.202562,-84.20986,19788,204,1,1030.9278350515465,5.053567818880129,24.0,0.0,121.28562765312311,0.0
2020-10-01,21019,Kentucky,Boyd County,38.360004,-82.681406,46718,476,9,1018.8792328438717,19.264523310073205,57.0,3.0,122.00864763046364,6.421507770024402
2020-10-01,21021,Kentucky,Boyle County,37.618104,-84.868352,30060,297,0,988.0239520958085,0.0,24.0,0.0,79.84031936127744,0.0
2020-10-01,21023,Kentucky,Bracken County,38.680365,-84.115235,8303,41,0,493.7974226183307,0.0,1.0,0.0,12.043839576056847,0.0
2020-10-01,21025,Kentucky,Breathitt County,37.517807,-83.317158,12630,92,0,728.424386381631,0.0,8.0,0.0,63.34125098970705,0.0
2020-10-01,21027,Kentucky,Breckinridge County,37.777988,-86.432919,20477,140,2,683.6939004737022,9.76705572105289,7.0,0.0,34.18469502368511,0.0
2020-10-01,21029,Kentucky,Bullitt County,37.969945,-85.702636,81676,921,11,1127.6262304716195,13.46784857240805,69.0,2.0,84.48014104510504,2.4486997404378275
2020-10-01,21031,Kentucky,Butler County,37.207013,-86.682471,12879,341,16,2647.721096358413,124.23324792297538,5.0,0.0,38.822889975929805,0.0
2020-10-01,21033,Kentucky,Caldwell County,37.148642,-87.870509,12747,169,0,1325.8021495253786,0.0,20.0,0.0,156.89966266572526,0.0
2020-10-01,21035,Kentucky,Calloway County,36.620978,-88.274086,39001,630,9,1615.3431963282994,23.07633137611856,71.0,1.0,182.04661418937977,2.564036819568729
2020-10-01,21037,Kentucky,Campbell County,38.946981,-84.379583,93584,900,15,961.7028551889211,16.02838091981535,49.0,0.0,52.35937767139683,0.0
2020-10-01,21039,Kentucky,Carlisle County,36.85718,-88.976614,4760,84,1,1764.7058823529412,21.008403361344538,7.0,0.0,147.05882352941177,0.0
2020-10-01,21041,Kentucky,Carroll County,38.668394,-85.124024,10631,202,5,1900.1034709810929,47.03226413319537,6.0,0.0,56.438716959834444,0.0
2020-10-01,21043,Kentucky,Carter County,38.309549,-83.048796,26797,201,3,750.0839646229055,11.195283054073219,29.0,0.0,108.22106952270777,0.0
2020-10-01,21045,Kentucky,Casey County,37.321962,-84.92822,16159,276,15,1708.0264867875487,92.82752645584505,7.0,0.0,43.319512346061025,0.0
2020-10-01,21047,Kentucky,Christian County,36.892059,-87.492986,70461,1351,22,1917.3727310143202,31.222946026880116,97.0,2.0,137.66480748215324,2.8384496388072837
2020-10-01,21049,Kentucky,Clark County,37.970314,-84.145115,36263,328,10,904.5032126409839,27.576317458566585,19.0,2.0,52.39500317127651,5.515263491713317
2020-10-01,21051,Kentucky,Clay County,37.164273,-83.715473,19901,335,6,1683.3324958544795,30.149238731722022,29.0,0.0,145.72132053665644,0.0
2020-10-01,21053,Kentucky,Clinton County,36.727258,-85.136098,10218,127,2,1242.9046780191818,19.573302016050107,16.0,0.0,156.58641612840086,0.0
2020-10-01,21055,Kentucky,Crittenden County,37.358149,-88.10501,8806,122,1,1385.419032477856,11.355893708834886,1.0,0.0,11.355893708834886,0.0
2020-10-01,21057,Kentucky,Cumberland County,36.782372,-85.388484,6614,104,0,1572.4221348654369,0.0,3.0,0.0,45.358330813426065,0.0
2020-10-01,21059,Kentucky,Daviess County,37.731671,-87.087139,101511,1452,14,1430.3868546265921,13.79160879116549,123.0,0.0,121.16913437952537,0.0
2020-10-01,21061,Kentucky,Edmonson County,37.227514,-86.218015,12150,138,12,1135.8024691358023,98.76543209876543,6.0,0.0,49.382716049382715,0.0
2020-10-01,21063,Kentucky,Elliott County,38.116883,-83.096116,7517,42,0,558.7335373154184,0.0,3.0,0.0,39.909538379672746,0.0
2020-10-01,21065,Kentucky,Estill County,37.692449,-83.963983,14106,173,0,1226.4284701545441,0.0,22.0,0.0,155.96200198497093,0.0
2020-10-01,21067,Kentucky,Fayette County,38.040675,-84.458274,323152,6612,75,2046.0959548447788,23.208892409763827,809.0,4.0,250.34658612665245,1.2378075951874041
2020-10-01,21069,Kentucky,Fleming County,38.367848,-83.699205,14581,85,0,582.9504149235306,0.0,2.0,0.0,13.716480351141897,0.0
2020-10-01,21071,Kentucky,Floyd County,37.552456,-82.739724,35589,198,4,556.3516816994015,11.239427913119222,19.0,2.0,53.38728258731631,5.619713956559611
2020-10-01,21073,Kentucky,Franklin County,38.234919,-84.868786,50991,677,11,1327.6852777941206,21.57243435116001,49.0,0.0,96.09538938244005,0.0
2020-10-01,21075,Kentucky,Fulton County,36.552511,-89.187659,5969,159,3,2663.7627743340595,50.259674987435076,16.0,1.0,268.05159993298713,16.753224995811696
2020-10-01,21077,Kentucky,Gallatin County,38.760103,-84.862153,8869,99,8,1116.2476040139813,90.20182658698837,1.0,0.0,11.275228323373547,0.0
2020-10-01,21079,Kentucky,Garrard County,37.630162,-84.545856,17666,170,3,962.3004641684591,16.981772897090455,18.0,0.0,101.89063738254274,0.0
2020-10-01,21081,Kentucky,Grant County,38.649167,-84.625924,25069,172,6,686.106346483705,23.933942319199012,13.0,0.0,51.856875024931185,0.0
2020-10-01,21083,Kentucky,Graves County,36.723344,-88.649897,37266,753,29,2020.6085976493318,77.81892341544571,26.0,0.0,69.76868995867547,0.0
2020-10-01,21085,Kentucky,Grayson County,37.458577,-86.344011,26427,411,14,1555.2276081280509,52.976122904605134,26.0,1.0,98.38422825140954,3.784008778900367
2020-10-01,21087,Kentucky,Green County,37.275382,-85.578483,10941,277,8,2531.7612649666394,73.11945891600402,17.0,0.0,155.37885019650855,0.0
2020-10-01,21089,Kentucky,Greenup County,38.563562,-82.93382,35098,439,4,1250.7835204285145,11.396660778391931,56.0,0.0,159.55325089748703,0.0
2020-10-01,21091,Kentucky,Hancock County,37.843325,-86.792761,8722,90,0,1031.873423526714,0.0,11.0,0.0,126.11786287548728,0.0
2020-10-01,21093,Kentucky,Hardin County,37.695836,-85.963183,110958,1371,11,1235.6026604661222,9.913661024892301,103.0,0.0,92.82791686944609,0.0
2020-10-01,21095,Kentucky,Harlan County,36.859223,-83.221497,26010,446,10,1714.7251057285657,38.446751249519416,73.0,0.0,280.6612841214917,0.0
2020-10-01,21097,Kentucky,Harrison County,38.444578,-84.334131,18886,183,0,968.9717250873663,0.0,11.0,0.0,58.24420205443185,0.0
2020-10-01,21099,Kentucky,Hart County,37.309097,-85.882123,19035,184,1,966.6403992645128,5.253480430785395,13.0,0.0,68.29524560021014,0.0
2020-10-01,21101,Kentucky,Henderson County,37.792542,-87.572577,45210,812,4,1796.062817960628,8.847600088476002,122.0,1.0,269.85180269851804,2.2119000221190004
2020-10-01,21103,Kentucky,Henry County,38.451383,-85.119647,16126,202,2,1252.635495473149,12.40233163834801,14.0,0.0,86.81632146843607,0.0
2020-10-01,21105,Kentucky,Hickman County,36.675896,-88.972084,4380,78,1,1780.821917808219,22.831050228310502,1.0,1.0,22.831050228310502,22.831050228310502
2020-10-01,21107,Kentucky,Hopkins County,37.31107,-87.542196,44686,656,39,1468.02130421161,87.2756568052634,38.0,0.0,85.03781945128227,0.0
2020-10-01,21109,Kentucky,Jackson County,37.403458,-84.020576,13329,375,17,2813.4143596668914,127.54145097156577,14.0,0.0,105.03413609423062,0.0
2020-10-01,21111,Kentucky,Jefferson County,38.189532,-85.657624,766757,16143,311,2105.3606292475974,40.56043831357262,1153.0,9.0,150.373586416557,1.17377474219342
2020-10-01,21113,Kentucky,Jessamine County,37.873291,-84.58396,54115,638,0,1178.9707105238845,0.0,56.0,0.0,103.48332255382057,0.0
2020-10-01,21115,Kentucky,Johnson County,37.847756,-82.830121,22188,162,2,730.1243915630071,9.013881377321075,15.0,1.0,67.60411032990807,4.506940688660538
2020-10-01,21117,Kentucky,Kenton County,38.930503,-84.533438,166998,2079,49,1244.9250889232208,29.34166876250015,89.0,4.0,53.29405142576557,2.3952382663265426
2020-10-01,21119,Kentucky,Knott County,37.354368,-82.952546,14806,223,1,1506.1461569633932,6.754018641091449,40.0,0.0,270.160745643658,0.0
2020-10-01,21121,Kentucky,Knox County,36.8885,-83.855551,31145,520,9,1669.6098892278053,28.897094236635095,55.0,0.0,176.59335366832556,0.0
2020-10-01,21123,Kentucky,Larue County,37.544462,-85.696841,14398,139,1,965.4118627587164,6.945409084595083,26.0,0.0,180.58063619947214,0.0
2020-10-01,21125,Kentucky,Laurel County,37.113268,-84.119395,60813,974,6,1601.6312301646028,9.866311479453406,149.0,0.0,245.01340173975962,0.0
2020-10-01,21127,Kentucky,Lawrence County,38.074453,-82.73829,15317,58,0,378.66422928771954,0.0,2.0,0.0,13.057387216817913,0.0
2020-10-01,21129,Kentucky,Lee County,37.608116,-83.719248,7403,18,0,243.14467107929218,0.0,1.0,0.0,13.508037282182897,0.0
2020-10-01,21131,Kentucky,Leslie County,37.087846,-83.388617,9877,81,0,820.0870709729675,0.0,15.0,0.0,151.8679761061051,0.0
2020-10-01,21133,Kentucky,Letcher County,37.118536,-82.861251,21553,173,2,802.672481789078,9.279450656521133,41.0,0.0,190.22873845868327,0.0
2020-10-01,21135,Kentucky,Lewis County,38.535047,-83.370143,13275,222,15,1672.3163841807911,112.99435028248588,2.0,1.0,15.065913370998116,7.532956685499058
2020-10-01,21137,Kentucky,Lincoln County,37.457174,-84.658335,24549,213,13,867.6524502016376,52.955313862071776,27.0,0.0,109.98411340584137,0.0
2020-10-01,21139,Kentucky,Livingston County,37.209517,-88.363426,9194,91,1,989.7759408309767,10.876658690450293,5.0,0.0,54.383293452251465,0.0
2020-10-01,21141,Kentucky,Logan County,36.859607,-86.881288,27102,570,28,2103.1658180208105,103.31340860453102,31.0,1.0,114.38270238358793,3.6897645930189653
2020-10-01,21143,Kentucky,Lyon County,37.023976,-88.083391,8210,78,4,950.0609013398295,48.721071863581,9.0,0.0,109.62241169305724,0.0
2020-10-01,21145,Kentucky,McCracken County,37.054111,-88.712454,65418,777,10,1187.7464917912503,15.286312635666025,76.0,1.0,116.1759760310618,1.5286312635666026
2020-10-01,21147,Kentucky,McCreary County,36.731136,-84.491052,17231,188,0,1091.0568162033544,0.0,41.0,0.0,237.94324183158264,0.0
2020-10-01,21149,Kentucky,McLean County,37.526707,-87.265597,9207,82,1,890.6266970783099,10.86130118388183,8.0,0.0,86.89040947105464,0.0
2020-10-01,21151,Kentucky,Madison County,37.725511,-84.278362,92987,1851,7,1990.6008366760943,7.527934012281287,155.0,1.0,166.68996741479992,1.0754191446116124
2020-10-01,21153,Kentucky,Magoffin County,37.698983,-83.069721,12161,96,0,789.4087657265028,0.0,15.0,0.0,123.34511964476606,0.0
2020-10-01,21155,Kentucky,Marion County,37.552604,-85.268959,19273,240,8,1245.2653971877755,41.508846572925854,21.0,0.0,108.96072225393037,0.0
2020-10-01,21157,Kentucky,Marshall County,36.882017,-88.332752,31100,324,4,1041.8006430868168,12.861736334405144,34.0,1.0,109.32475884244373,3.215434083601286
2020-10-01,21159,Kentucky,Martin County,37.796774,-82.506623,11195,82,3,732.4698526127735,26.797677534613666,6.0,0.0,53.59535506922733,0.0
2020-10-01,21161,Kentucky,Mason County,38.594137,-83.828125,17070,126,2,738.1370826010544,11.716461628588167,4.0,0.0,23.432923257176334,0.0
2020-10-01,21163,Kentucky,Meade County,37.967476,-86.200863,28572,234,3,818.9836203275935,10.499790004199916,26.0,0.0,90.99818003639928,0.0
2020-10-01,21165,Kentucky,Menifee County,37.935501,-83.589365,6489,53,0,816.766836184312,0.0,9.0,0.0,138.69625520110958,0.0
2020-10-01,21167,Kentucky,Mercer County,37.812085,-84.879695,21933,255,4,1162.6316509369444,18.23735923038344,50.0,2.0,227.966990379793,9.11867961519172
2020-10-01,21169,Kentucky,Metcalfe County,36.99243,-85.633456,10071,121,2,1201.469566080826,19.85900109224506,11.0,0.0,109.22450600734783,0.0
2020-10-01,21171,Kentucky,Monroe County,36.714077,-85.713508,10650,214,4,2009.3896713615025,37.55868544600939,12.0,0.0,112.67605633802818,0.0
2020-10-01,21173,Kentucky,Montgomery County,38.038109,-83.912416,28157,291,3,1033.490783819299,10.654544163085555,19.0,0.0,67.47877969954186,0.0
2020-10-01,21175,Kentucky,Morgan County,37.92294,-83.258944,13309,65,0,488.3913141483207,0.0,11.0,0.0,82.65083777894657,0.0
2020-10-01,21177,Kentucky,Muhlenberg County,37.213816,-87.134092,30622,787,12,2570.0476781398993,39.187512246097576,25.0,0.0,81.64065051270329,0.0
2020-10-01,21179,Kentucky,Nelson County,37.80312,-85.465931,46233,522,4,1129.0636558302513,8.651828780308437,31.0,0.0,67.0516730473904,0.0
2020-10-01,21181,Kentucky,Nicholas County,38.338031,-84.026223,7269,39,1,536.5249690466363,13.757050488375292,8.0,0.0,110.05640390700233,0.0
2020-10-01,21183,Kentucky,Ohio County,37.477859,-86.844871,23994,465,9,1937.984496124031,37.50937734433609,21.0,0.0,87.52188047011752,0.0
2020-10-01,21185,Kentucky,Oldham County,38.400127,-85.456152,66799,1151,25,1723.079686821659,37.42570996571805,57.0,0.0,85.33061872183715,0.0
2020-10-01,21187,Kentucky,Owen County,38.499395,-84.84159,10901,102,2,935.6939730299973,18.346940647647003,4.0,0.0,36.693881295294005,0.0
2020-10-01,21189,Kentucky,Owsley County,37.423622,-83.691637,4415,42,1,951.3023782559458,22.650056625141563,5.0,0.0,113.25028312570782,0.0
2020-10-01,21191,Kentucky,Pendleton County,38.696284,-84.351943,14590,100,0,685.4009595613434,0.0,5.0,0.0,34.27004797806717,0.0
2020-10-01,21193,Kentucky,Perry County,37.241282,-83.217772,25758,343,9,1331.6251261743926,34.940600978336825,13.0,0.0,50.469756968708744,0.0
2020-10-01,21195,Kentucky,Pike County,37.486031,-82.410912,57876,472,3,815.5366645932683,5.183495749533486,72.0,0.0,124.40389798880365,0.0
2020-10-01,21197,Kentucky,Powell County,37.809907,-83.831354,12359,100,0,809.1269520187717,0.0,7.0,0.0,56.63888664131402,0.0
2020-10-01,21199,Kentucky,Pulaski County,37.107374,-84.576953,64979,817,10,1257.3292910017083,15.389587405161668,49.0,0.0,75.40897828529216,0.0
2020-10-01,21201,Kentucky,Robertson County,38.513473,-84.06423,2108,12,0,569.2599620493359,0.0,0.0,0.0,0.0,0.0
2020-10-01,21203,Kentucky,Rockcastle County,37.36105,-84.314368,16695,178,1,1066.187481281821,5.989817310572028,10.0,0.0,59.89817310572028,0.0
2020-10-01,21205,Kentucky,Rowan County,38.204266,-83.428079,24460,251,1,1026.1651676206052,4.088307440719542,37.0,0.0,151.26737530662305,0.0
2020-10-01,21207,Kentucky,Russell County,36.990587,-85.05495,17923,259,6,1445.0705797020587,33.47653852591642,11.0,0.0,61.3736539641801,0.0
2020-10-01,21209,Kentucky,Scott County,38.28571,-84.57834,57004,803,14,1408.673075573644,24.559680022454565,68.0,4.0,119.2898743947793,7.017051434987019
2020-10-01,21211,Kentucky,Shelby County,38.239011,-85.228247,49024,1092,24,2227.4804177545693,48.95561357702349,48.0,0.0,97.91122715404698,0.0
2020-10-01,21213,Kentucky,Simpson County,36.740937,-86.581793,18572,286,8,1539.9526168425587,43.07559767391773,13.0,0.0,69.9978462201163,0.0
2020-10-01,21215,Kentucky,Spencer County,38.025411,-85.317174,19351,218,0,1126.5567670921398,0.0,13.0,0.0,67.17999069815514,0.0
2020-10-01,21217,Kentucky,Taylor County,37.36621,-85.328059,25769,309,7,1199.1152159571577,27.164422367961507,20.0,0.0,77.61263533703287,0.0
2020-10-01,21219,Kentucky,Todd County,36.840338,-87.183642,12294,190,8,1545.4693346347813,65.07239303725395,9.0,0.0,73.20644216691069,0.0
2020-10-01,21221,Kentucky,Trigg County,36.807681,-87.858652,14651,182,0,1242.2360248447203,0.0,13.0,0.0,88.73114463176576,0.0
2020-10-01,21223,Kentucky,Trimble County,38.62004,-85.351208,8471,69,0,814.5437374572069,0.0,8.0,0.0,94.43985361822689,0.0
2020-10-01,21225,Kentucky,Union County,37.658029,-87.95165,14381,355,3,2468.5348724010846,20.860858076628887,45.0,1.0,312.9128711494333,6.953619358876295
2020-10-01,21227,Kentucky,Warren County,36.995634,-86.423579,132896,4418,54,3324.404045268481,40.63327714904888,168.0,6.0,126.41464001926319,4.514808572116542
2020-10-01,21229,Kentucky,Washington County,37.754209,-85.175416,12095,147,1,1215.37825547747,8.267879288962382,4.0,0.0,33.07151715584953,0.0
2020-10-01,21231,Kentucky,Wayne County,36.800772,-84.82659,20333,160,0,786.8981458712439,0.0,19.0,0.0,93.4441548222102,0.0
2020-10-01,21233,Kentucky,Webster County,37.51946,-87.68479,12942,175,3,1352.1866790295162,23.18034306907742,18.0,0.0,139.08205841446454,0.0
2020-10-01,21235,Kentucky,Whitley County,36.758024,-84.144648,36264,430,2,1185.748952128833,5.515111405250386,107.0,0.0,295.0584601808956,0.0
2020-10-01,21237,Kentucky,Wolfe County,37.743893,-83.49511,7157,42,0,586.8380606399329,0.0,10.0,0.0,139.7233477714126,0.0
2020-10-01,21239,Kentucky,Woodford County,38.043103,-84.748855,26734,287,0,1073.539313234084,0.0,20.0,0.0,74.81110196753198,0.0
2020-10-01,22001,Louisiana,Acadia Parish,30.291497,-92.411037,62045,2982,99,4806.189056330083,159.56160850995244,47.0,3.0,75.75147070674511,4.835200257877347
2020-10-01,22003,Louisiana,Allen Parish,30.652744,-92.819605,25627,1678,50,6547.781636555196,195.10672337768762,127.0,4.0,495.5710773793265,15.608537870215008
2020-10-01,22005,Louisiana,Ascension Parish,30.206444,-90.912502,126604,3804,98,3004.6444030204416,77.40671700736154,87.0,1.0,68.71820795551483,0.7898644592587912
2020-10-01,22007,Louisiana,Assumption Parish,29.898853,-91.052465,21891,766,24,3499.154903841761,109.63409620391941,11.0,0.0,50.248960760129734,0.0
2020-10-01,22009,Louisiana,Avoyelles Parish,31.088503,-91.983275,40144,1564,57,3895.974491829414,141.98884017536867,67.0,3.0,166.89916301315264,7.4730968513351925
2020-10-01,22011,Louisiana,Beauregard Parish,30.645018,-93.340253,37497,1018,38,2714.883857375257,101.34144064858522,29.0,1.0,77.33952049497293,2.6668800170680322
2020-10-01,22013,Louisiana,Bienville Parish,32.340952,-93.041151,13241,495,32,3738.3883392493017,241.67358960803563,21.0,0.0,158.5982931802734,0.0
2020-10-01,22015,Louisiana,Bossier Parish,32.698481,-93.626561,127039,3401,108,2677.1306449200642,85.01326364344807,189.0,3.0,148.77321137603414,2.3614795456513353
2020-10-01,22017,Louisiana,Caddo Parish,32.577195,-93.882423,240204,8765,365,3648.9816988892776,151.95417228688947,362.0,15.0,150.70523388453148,6.244692011789979
2020-10-01,22019,Louisiana,Calcasieu Parish,30.229559,-93.358015,203436,7907,213,3886.7260465207733,104.70123282014983,95.0,3.0,46.697732947954144,1.4746652509880258
2020-10-01,22021,Louisiana,Caldwell Parish,32.101219,-92.114231,9918,301,3,3034.88606573906,30.248033877797944,1.0,0.0,10.08267795926598,0.0
2020-10-01,22023,Louisiana,Cameron Parish,29.871812,-93.164948,6973,226,2,3241.072709020508,28.682059371862902,2.0,0.0,28.682059371862902,0.0
2020-10-01,22025,Louisiana,Catahoula Parish,31.666517,-91.846703,9494,439,11,4623.9730356014325,115.86265009479672,7.0,1.0,73.73077733305244,10.532968190436065
2020-10-01,22027,Louisiana,Claiborne Parish,32.82716,-92.989728,15670,532,23,3395.022335673261,146.77728142948308,25.0,1.0,159.54052329291642,6.381620931716656
2020-10-01,22029,Louisiana,Concordia Parish,31.469805,-91.626315,19259,521,14,2705.228724232826,72.69328625577653,11.0,1.0,57.11615348668155,5.192377589698323
2020-10-01,22031,Louisiana,De Soto Parish,32.059248,-93.740797,27463,914,35,3328.1141900010925,127.44419764774423,20.0,0.0,72.825255798711,0.0
2020-10-01,22033,Louisiana,East Baton Rouge Parish,30.54393,-91.093131,440059,15242,443,3463.626468269027,100.66831947534308,224.0,4.0,50.902265378051574,0.9089690246080638
2020-10-01,22035,Louisiana,East Carroll Parish,32.73017,-91.234141,6861,548,4,7987.173881358403,58.300539279988335,7.0,0.0,102.0259437399796,0.0
2020-10-01,22037,Louisiana,East Feliciana Parish,30.839784,-91.043434,19135,1745,72,9119.414685131957,376.2738437418343,14.0,5.0,73.16435850535667,26.130128037627383
2020-10-01,22039,Louisiana,Evangeline Parish,30.720693,-92.404086,33395,1336,34,4000.598892049708,101.81164845036682,32.0,2.0,95.82272795328642,5.988920497080401
2020-10-01,22041,Louisiana,Franklin Parish,32.139076,-91.672371,20015,1228,40,6135.398451161628,199.85011241568824,31.0,2.0,154.88383712215838,9.992505620784412
2020-10-01,22043,Louisiana,Grant Parish,31.597787,-92.561716,22389,495,30,2210.90714190004,133.99437223636608,8.0,0.0,35.731832596364285,0.0
2020-10-01,22045,Louisiana,Iberia Parish,30.007127,-91.976784,69830,2971,89,4254.618358871545,127.45238436202206,65.0,0.0,93.08320206215095,0.0
2020-10-01,22047,Louisiana,Iberville Parish,30.270628,-91.365848,32511,1414,58,4349.297160960906,178.40115653163545,7.0,0.0,21.531174064162897,0.0
2020-10-01,22049,Louisiana,Jackson Parish,32.30429,-92.5617,15744,675,23,4287.34756097561,146.08739837398375,42.0,0.0,266.76829268292687,0.0
2020-10-01,22051,Louisiana,Jefferson Parish,29.522281,-90.081001,432493,17683,570,4088.6210875089305,131.79404059718885,251.0,3.0,58.035621385779656,0.6936528452483625
2020-10-01,22053,Louisiana,Jefferson Davis Parish,30.269529,-92.816221,31368,1264,39,4029.5842897220095,124.33052792654934,38.0,0.0,121.14256567202243,0.0
2020-10-01,22055,Louisiana,Lafayette Parish,30.206507,-92.06417,244390,9050,133,3703.0975080813455,54.42121199721756,155.0,5.0,63.42321698923851,2.045910225459307
2020-10-01,22057,Louisiana,Lafourche Parish,29.491992,-90.394849,97614,3693,122,3783.2687934107817,124.98207224373554,75.0,2.0,76.83324113344398,2.0488864302251724
2020-10-01,22059,Louisiana,LaSalle Parish,31.680083,-92.161596,14892,427,8,2867.311308084878,53.72011818426001,4.0,1.0,26.860059092130005,6.715014773032501
2020-10-01,22061,Louisiana,Lincoln Parish,32.601823,-92.662303,46742,1408,48,3012.280176286851,102.69136964614265,191.0,0.0,408.62607505027603,0.0
2020-10-01,22063,Louisiana,Livingston Parish,30.440419,-90.727474,140789,3831,76,2721.093267229684,53.981490031181416,85.0,2.0,60.374034903295,1.4205655271363529
2020-10-01,22065,Louisiana,Madison Parish,32.346878,-91.231932,10951,886,8,8090.585334672633,73.0526892521231,19.0,0.0,173.50013697379237,0.0
2020-10-01,22067,Louisiana,Morehouse Parish,32.820008,-91.800399,24874,809,22,3252.3920559620487,88.44576666398649,35.0,0.0,140.70917423816033,0.0
2020-10-01,22069,Louisiana,Natchitoches Parish,31.732551,-93.082611,38158,1200,26,3144.818910844384,68.13774306829498,90.0,1.0,235.86141831332878,2.620682425703653
2020-10-01,22071,Louisiana,Orleans Parish,30.05342,-89.934502,390144,12738,588,3264.9483267716537,150.71358267716533,224.0,1.0,57.41469816272966,0.25631561679790027
2020-10-01,22073,Louisiana,Ouachita Parish,32.480932,-92.151581,153279,6364,148,4151.9060014744355,96.55595352266128,201.0,6.0,131.13342336523593,3.9144305482159982
2020-10-01,22075,Louisiana,Plaquemines Parish,29.282447,-89.576068,23197,734,19,3164.202267534595,81.90714316506445,64.0,0.0,275.89774539811185,0.0
2020-10-01,22077,Louisiana,Pointe Coupee Parish,30.708319,-91.604621,21730,1063,40,4891.8545789231475,184.07731247123792,8.0,0.0,36.81546249424758,0.0
2020-10-01,22079,Louisiana,Rapides Parish,31.193204,-92.535953,129648,4302,149,3318.2154757497224,114.92657040602246,148.0,1.0,114.15525114155251,0.7713192644699495
2020-10-01,22081,Louisiana,Red River Parish,32.101213,-93.34905,8442,365,23,4323.619995261786,272.44728737266047,9.0,2.0,106.60980810234541,23.691068467187872
2020-10-01,22083,Louisiana,Richland Parish,32.413158,-91.748353,20122,794,12,3945.929828048902,59.636219063711366,43.0,2.0,213.69645164496572,9.939369843951894
2020-10-01,22085,Louisiana,Sabine Parish,31.560402,-93.559579,23884,879,14,3680.2880589515994,58.61664712778428,32.0,1.0,133.9809077206498,4.186903366270307
2020-10-01,22087,Louisiana,St. Bernard Parish,29.91811,-89.263494,47244,1441,30,3050.122766912201,63.500127000254004,47.0,1.0,99.48353230039794,2.1166709000084665
2020-10-01,22089,Louisiana,St. Charles Parish,29.905722,-90.357855,53100,1834,60,3453.8606403013187,112.99435028248588,50.0,1.0,94.16195856873823,1.8832391713747645
2020-10-01,22091,Louisiana,St. Helena Parish,30.822539,-90.708307,10132,413,4,4076.194236083695,39.478878799842086,5.0,0.0,49.348598499802605,0.0
2020-10-01,22093,Louisiana,St. James Parish,30.024777,-90.793956,21096,810,40,3839.590443686007,189.60940462646946,5.0,0.0,23.701175578308682,0.0
2020-10-01,22095,Louisiana,St. John the Baptist Parish,30.144068,-90.49096,42837,1595,101,3723.4166725027435,235.7774820832458,17.0,3.0,39.685318766486915,7.003291547027103
2020-10-01,22097,Louisiana,St. Landry Parish,30.583441,-91.989274,82124,3382,125,4118.162778237787,152.2088549023428,103.0,1.0,125.42009643953047,1.2176708392187423
2020-10-01,22099,Louisiana,St. Martin Parish,30.121433,-91.611481,53431,2102,61,3934.045778667815,114.16593363403268,11.0,1.0,20.587299507776386,1.871572682525126
2020-10-01,22101,Louisiana,St. Mary Parish,29.629349,-91.463804,49348,1947,77,3945.448650401232,156.0346923887493,45.0,0.0,91.18910594147685,0.0
2020-10-01,22103,Louisiana,St. Tammany Parish,30.410022,-89.951962,260419,7118,259,2733.287509743913,99.45510888222442,232.0,8.0,89.08720177867207,3.0719724751266226
2020-10-01,22105,Louisiana,Tangipahoa Parish,30.621531,-90.40663,134758,4538,120,3367.5180694281603,89.04851660012764,103.0,2.0,76.43331008177621,1.4841419433354606
2020-10-01,22107,Louisiana,Tensas Parish,32.001489,-91.342576,4334,162,2,3737.8864790032303,46.14674665436087,3.0,0.0,69.2201199815413,0.0
2020-10-01,22109,Louisiana,Terrebonne Parish,29.33413,-90.843674,110461,3661,118,3314.2919220358317,106.82503326966079,48.0,5.0,43.45425082155693,4.526484460578847
2020-10-01,22111,Louisiana,Union Parish,32.829349,-92.37565,22108,997,46,4509.679753935227,208.06947711235753,43.0,4.0,194.49972860502987,18.09299800977022
2020-10-01,22113,Louisiana,Vermilion Parish,29.789722,-92.291568,59511,2051,63,3446.421669943372,105.8627816706155,24.0,2.0,40.328678731663054,3.360723227638588
2020-10-01,22115,Louisiana,Vernon Parish,31.110563,-93.18152,47429,1078,51,2272.8710282738407,107.52914883299248,34.0,2.0,71.68609922199498,4.216829365999705
2020-10-01,22117,Louisiana,Washington Parish,30.852144,-90.046253,46194,1654,67,3580.5515867861627,145.04048144780708,42.0,2.0,90.92089881802832,4.329566610382301
2020-10-01,22119,Louisiana,Webster Parish,32.732152,-93.339825,38340,1307,27,3408.972352634324,70.42253521126761,85.0,5.0,221.7005738132499,13.041210224308815
2020-10-01,22121,Louisiana,West Baton Rouge Parish,30.464052,-91.309808,26465,915,42,3457.3965614963163,158.70017003589646,15.0,1.0,56.678632155677306,3.778575477045154
2020-10-01,22123,Louisiana,West Carroll Parish,32.79248,-91.451998,10830,350,10,3231.7636195752534,92.33610341643582,8.0,0.0,73.86888273314865,0.0
2020-10-01,22125,Louisiana,West Feliciana Parish,30.872701,-91.421008,15568,729,25,4682.68242548818,160.5858170606372,18.0,0.0,115.62178828365879,0.0
2020-10-01,22127,Louisiana,Winn Parish,31.941187,-92.641269,13904,639,18,4595.799769850402,129.45914844649022,20.0,0.0,143.84349827387803,0.0
2020-10-01,23001,Maine,Androscoggin County,44.167681,-70.207435,108277,751,10,693.5914367778937,9.235571728067827,53.0,0.0,48.948530158759475,0.0
2020-10-01,23003,Maine,Aroostook County,46.709193,-68.612409,67055,43,1,64.12646335098054,1.491313101185594,0.0,0.0,0.0,0.0
2020-10-01,23005,Maine,Cumberland County,43.808348,-70.330375,295003,2333,70,790.8394151923878,23.72857225180761,32.0,0.0,10.84734731511205,0.0
2020-10-01,23007,Maine,Franklin County,44.976724,-70.414935,30199,62,1,205.3048114175966,3.3113679260902678,2.0,0.0,6.6227358521805355,0.0
2020-10-01,23009,Maine,Hancock County,44.564906,-68.370703,54987,54,1,98.20503027988434,1.8186116718497098,1.0,0.0,1.8186116718497098,0.0
2020-10-01,23011,Maine,Kennebec County,44.417012,-69.765764,122302,221,11,180.70023384736143,8.994129286520254,12.0,0.0,9.81177740347664,0.0
2020-10-01,23013,Maine,Knox County,44.042045,-69.038514,39772,42,1,105.60193100673841,2.5143316906366286,6.0,0.0,15.085990143819773,0.0
2020-10-01,23015,Maine,Lincoln County,43.994781,-69.513624,34634,47,1,135.7047987526708,2.8873361436738465,5.0,0.0,14.436680718369233,0.0
2020-10-01,23017,Maine,Oxford County,44.4945,-70.734421,57975,152,1,262.1819749892195,1.7248814144027598,15.0,0.0,25.873221216041397,0.0
2020-10-01,23019,Maine,Penobscot County,45.409284,-68.666616,152148,257,6,168.91447800825512,3.9435286694534266,4.0,0.0,2.629019112968951,0.0
2020-10-01,23021,Maine,Piscataquis County,45.915639,-69.102231,16785,12,0,71.49240393208221,0.0,0.0,0.0,0.0,0.0
2020-10-01,23023,Maine,Sagadahoc County,43.916845,-69.844227,35856,69,0,192.4364123159304,0.0,4.0,0.0,11.155734047300312,0.0
2020-10-01,23025,Maine,Somerset County,45.503646,-69.95611,50484,86,8,170.3510022977577,15.846604864907693,0.0,0.0,0.0,0.0
2020-10-01,23027,Maine,Waldo County,44.505834,-69.138952,39715,75,14,188.84552436107265,35.25116454740023,2.0,0.0,5.035880649628604,0.0
2020-10-01,23029,Maine,Washington County,44.967009,-67.609354,31379,16,0,50.98951528092036,0.0,0.0,0.0,0.0,0.0
2020-10-01,23031,Maine,York County,43.426019,-70.668425,207641,1211,16,583.2181505579341,7.705607274093267,78.0,1.0,37.56483546120468,0.4816004546308292
2020-10-01,24001,Maryland,Allegany County,39.612313,-78.703104,70416,484,23,687.3437855032947,32.6630311292888,25.0,1.0,35.503294705748694,1.4201317882299478
2020-10-01,24003,Maryland,Anne Arundel County,38.991617,-76.560894,579234,10186,251,1758.529368096486,43.33309163481425,374.0,5.0,64.56803295386666,0.8632089967094474
2020-10-01,24005,Maryland,Baltimore County,39.443167,-76.616569,827370,18148,632,2193.4563738109914,76.38662267183969,493.0,11.0,59.586400280406586,1.3295140021997414
2020-10-01,24009,Maryland,Calvert County,38.522719,-76.529762,92525,980,28,1059.1731964333962,30.262091326668468,52.0,0.0,56.20102674952715,0.0
2020-10-01,24011,Maryland,Caroline County,38.871531,-75.831662,33406,659,7,1972.6995150571754,20.954319583308386,19.0,1.0,56.87601029755134,2.9934742261869123
2020-10-01,24013,Maryland,Carroll County,39.563331,-77.015328,168447,1975,126,1172.4756154754907,74.8009759746389,50.0,2.0,29.682926974063058,1.1873170789625223
2020-10-01,24015,Maryland,Cecil County,39.562354,-75.941585,102855,1090,35,1059.744300228477,34.02848670458412,56.0,1.0,54.4455787273346,0.9722424772738322
2020-10-01,24017,Maryland,Charles County,38.472853,-77.015427,163257,2819,101,1726.7253471520364,61.86564741481223,82.0,1.0,50.22755532687725,0.6125311625228933
2020-10-01,24019,Maryland,Dorchester County,38.429196,-76.047433,31929,598,10,1872.9055090983118,31.31949011870087,16.0,0.0,50.11118418992139,0.0
2020-10-01,24021,Maryland,Frederick County,39.470214,-77.397628,259547,4117,133,1586.2252308830384,51.24312744897841,142.0,2.0,54.7107075019168,0.7705733450974197
2020-10-01,24023,Maryland,Garrett County,39.547299,-79.274619,29014,75,1,258.4958985317433,3.446611980423244,3.0,0.0,10.339835941269731,0.0
2020-10-01,24025,Maryland,Harford County,39.537429,-76.299789,255441,3086,76,1208.106764380033,29.752467301646956,123.0,0.0,48.1520194487181,0.0
2020-10-01,24027,Maryland,Howard County,39.252264,-76.924406,325690,5149,123,1580.951211274525,37.76597377874666,152.0,0.0,46.670146458288556,0.0
2020-10-01,24029,Maryland,Kent County,39.241279,-76.125987,19422,305,24,1570.3841005045824,123.57120790855731,5.0,0.0,25.744001647616106,0.0
2020-10-01,24031,Maryland,Montgomery County,39.137381,-77.203063,1050688,22679,849,2158.4904367424015,80.8041968690991,601.0,8.0,57.2006152159347,0.7614058597794968
2020-10-01,24033,Maryland,Prince George's County,38.829288,-76.84818,909327,29617,828,3257.02415082803,91.05635266521284,730.0,6.0,80.27915150435432,0.6598286425015424
2020-10-01,24035,Maryland,Queen Anne's County,39.040693,-76.082405,50381,669,26,1327.8815426450446,51.60675651535301,19.0,0.0,37.71262976121951,0.0
2020-10-01,24037,Maryland,St. Mary's County,38.220289,-76.530384,113510,1317,57,1160.2501982204212,50.215840014095676,55.0,0.0,48.453880715355474,0.0
2020-10-01,24039,Maryland,Somerset County,38.07445,-75.853323,25616,282,5,1100.8744534665834,19.519050593379138,30.0,1.0,117.11430356027483,3.9038101186758274
2020-10-01,24041,Maryland,Talbot County,38.748349,-76.178476,37181,570,6,1533.0410693633846,16.137274414351417,21.0,0.0,56.480460450229955,0.0
2020-10-01,24043,Maryland,Washington County,39.603621,-77.814671,151049,1837,39,1216.1616429105788,25.819436077034606,132.0,2.0,87.38886056842482,1.3240736449761337
2020-10-01,24045,Maryland,Wicomico County,38.36737,-75.632083,103609,2016,49,1945.7769112721867,47.29318881564343,80.0,1.0,77.21336949492805,0.9651671186866005
2020-10-01,24047,Maryland,Worcester County,38.222133,-75.309931,52276,1059,28,2025.7862116458796,53.56186395286556,31.0,2.0,59.300635090672586,3.8258474252046826
2020-10-01,24510,Maryland,Baltimore city,39.300032,-76.610476,593490,15793,487,2661.038939156515,82.05698495341117,419.0,3.0,70.59933613034761,0.5054845068998635
2020-10-01,25001,Massachusetts,Barnstable County,41.799014,-70.21188,212990,2023,174,949.8098502277102,81.69397624301611,71.0,0.0,33.33489835203531,0.0
2020-10-01,25003,Massachusetts,Berkshire County,42.371493,-73.217928,124944,759,50,607.4721475220899,40.017928031758224,12.0,1.0,9.604302727621976,0.8003585606351645
2020-10-01,25005,Massachusetts,Bristol County,41.748588,-71.088894,565217,10764,702,1904.401318431682,124.20008598467491,266.0,10.0,47.061571042626106,1.769231994083688
2020-10-01,25007,Massachusetts,Dukes County,41.38097,-70.701499,17332,80,0,461.5739672282483,0.0,1.0,0.0,5.769674590353104,0.0
2020-10-01,25009,Massachusetts,Essex County,42.642708,-70.864909,789034,20863,1293,2644.119264822555,163.87126537006012,734.0,19.0,93.02514213582685,2.408007766458733
2020-10-01,25011,Massachusetts,Franklin County,42.584504,-72.591792,70180,451,68,642.6332288401254,96.89370190937589,7.0,0.0,9.974351667141635,0.0
2020-10-01,25013,Massachusetts,Hampden County,42.136198,-72.635648,466372,8627,786,1849.8108805845975,168.53498923606048,241.0,12.0,51.67548652148928,2.5730532707795493
2020-10-01,25015,Massachusetts,Hampshire County,42.339459,-72.663694,160830,1391,145,864.8883914692533,90.15730895977119,62.0,2.0,38.550021762109054,1.2435490891002923
2020-10-01,25017,Massachusetts,Middlesex County,42.481718,-71.394916,1611699,30036,2156,1863.6234185167332,133.77187675862552,765.0,18.0,47.46543864580173,1.1168338504894524
2020-10-01,25019,Massachusetts,Nantucket County,41.305878,-70.14191,11399,119,1,1043.9512237915608,8.772699359592947,28.0,0.0,245.6355820686025,0.0
2020-10-01,25021,Massachusetts,Norfolk County,42.171739,-71.181111,706775,11836,1068,1674.6489335361325,151.10891019065474,242.0,17.0,34.240033957058465,2.4052916416115453
2020-10-01,25023,Massachusetts,Plymouth County,41.987196,-70.741942,521202,10318,773,1979.6547212021444,148.31101952793733,215.0,8.0,41.250801032996804,1.5349135268091834
2020-10-01,25025,Massachusetts,Suffolk County,42.338551,-71.018253,803907,25708,1142,3197.8823421117118,142.0562328727079,634.0,10.0,78.86484381899896,1.2439249813722233
2020-10-01,25027,Massachusetts,Worcester County,42.311693,-71.940282,830622,15166,1117,1825.8606201136017,134.47753611149236,310.0,21.0,37.321429001398954,2.5282258355786387
2020-10-01,26001,Michigan,Alcona County,44.682535,-82.834078,10405,46,2,442.0951465641519,19.22152811148486,5.0,0.0,48.05382027871216,0.0
2020-10-01,26003,Michigan,Alger County,47.080077,-86.564108,9108,21,0,230.566534914361,0.0,4.0,0.0,43.91743522178305,0.0
2020-10-01,26005,Michigan,Allegan County,42.595787,-86.634745,118081,791,7,669.8791507524495,5.928134077455306,39.0,0.0,33.02817557439385,0.0
2020-10-01,26007,Michigan,Alpena County,44.894954,-83.426574,28405,145,14,510.4735081851787,49.287097342017255,0.0,0.0,0.0,0.0
2020-10-01,26009,Michigan,Antrim County,45.005455,-85.175639,23324,71,0,304.40747727662495,0.0,1.0,0.0,4.287429257417252,0.0
2020-10-01,26011,Michigan,Arenac County,44.036833,-83.740675,14883,73,3,490.4925082308675,20.157226365652086,4.0,0.0,26.876301820869447,0.0
2020-10-01,26013,Michigan,Baraga County,46.695859,-88.36181,8209,39,2,475.0883177000852,24.363503471799245,14.0,2.0,170.5445243025947,24.363503471799245
2020-10-01,26015,Michigan,Barry County,42.582811,-85.31455,61550,333,4,541.0235580828595,6.498781478472787,44.0,1.0,71.48659626320065,1.6246953696181967
2020-10-01,26017,Michigan,Bay County,43.699711,-83.978701,103126,1035,51,1003.626631499331,49.45406589996703,43.0,1.0,41.69656536663887,0.9696875666660202
2020-10-01,26019,Michigan,Benzie County,44.648621,-86.494326,17766,83,2,467.18450973770126,11.257458065968704,4.0,0.0,22.514916131937408,0.0
2020-10-01,26021,Michigan,Berrien County,41.791382,-86.742543,153401,1925,75,1254.8809981681998,48.891467461098685,80.0,1.0,52.15089862517193,0.6518862328146492
2020-10-01,26023,Michigan,Branch County,41.918455,-85.066885,43517,645,6,1482.1793781740469,13.78771514580509,47.0,1.0,108.00376864213985,2.2979525243008476
2020-10-01,26025,Michigan,Calhoun County,42.24299,-85.012385,134159,1522,47,1134.4747650176282,35.03305778963767,235.0,2.0,175.16528894818833,1.4907684165803263
2020-10-01,26027,Michigan,Cass County,41.917243,-86.000142,51787,612,17,1181.763763106571,32.82677119740475,55.0,1.0,106.2042597563095,1.9309865410238092
2020-10-01,26029,Michigan,Charlevoix County,45.513164,-85.450392,26143,109,3,416.93761236277396,11.47534712925066,5.0,0.0,19.1255785487511,0.0
2020-10-01,26031,Michigan,Cheboygan County,45.476022,-84.495431,25276,93,2,367.93796486785885,7.912644405760406,3.0,0.0,11.868966608640607,0.0
2020-10-01,26033,Michigan,Chippewa County,46.321819,-84.52063,37349,81,0,216.87327639294224,0.0,4.0,0.0,10.709791426811963,0.0
2020-10-01,26035,Michigan,Clare County,43.991137,-84.838325,30950,114,4,368.3360258481422,12.924071082390952,3.0,0.0,9.693053311793214,0.0
2020-10-01,26037,Michigan,Clinton County,42.950455,-84.591695,79595,703,14,883.2213078710973,17.58904453797349,42.0,1.0,52.76713361392048,1.2563603241409635
2020-10-01,26039,Michigan,Crawford County,44.680175,-84.611343,14029,126,5,898.1395680376363,35.64045904911255,3.0,0.0,21.384275429467532,0.0
2020-10-01,26041,Michigan,Delta County,45.805229,-86.901938,35784,595,8,1662.754303599374,22.3563603845294,248.0,1.0,693.0471719204113,2.794545048066175
2020-10-01,26043,Michigan,Dickinson County,46.012825,-87.866123,25239,183,2,725.0683466064424,7.924244225207021,60.0,0.0,237.72732675621063,0.0
2020-10-01,26045,Michigan,Eaton County,42.58953,-84.84645,110268,703,10,637.5376355787718,9.068814161860194,64.0,0.0,58.04041063590525,0.0
2020-10-01,26047,Michigan,Emmet County,45.590094,-84.986822,33415,163,4,487.8048780487805,11.970671853957803,8.0,0.0,23.941343707915607,0.0
2020-10-01,26049,Michigan,Genesee County,43.021077,-83.706372,405813,4772,309,1175.9110723412016,76.14344538001494,321.0,1.0,79.10047238506405,0.24641891708742697
2020-10-01,26051,Michigan,Gladwin County,43.98975,-84.389816,25449,108,2,424.37816810090766,7.858854964831624,16.0,0.0,62.870839718652995,0.0
2020-10-01,26053,Michigan,Gogebic County,46.461513,-89.806863,13975,169,2,1209.3023255813953,14.311270125223613,13.0,1.0,93.0232558139535,7.155635062611807
2020-10-01,26055,Michigan,Grand Traverse County,44.718688,-85.553848,93088,503,9,540.3489171536611,9.668270883465109,26.0,2.0,27.930560330010312,2.148504640770024
2020-10-01,26057,Michigan,Gratiot County,43.292326,-84.60469,40711,298,15,731.9888973496106,36.84507872565155,35.0,0.0,85.9718503598536,0.0
2020-10-01,26059,Michigan,Hillsdale County,41.927461,-84.637479,45605,362,27,793.7726126521214,59.20403464532397,27.0,0.0,59.20403464532397,0.0
2020-10-01,26061,Michigan,Houghton County,46.998427,-88.651903,35684,582,3,1630.983073646452,8.40712924560027,167.0,2.0,467.99686133841493,5.604752830400179
2020-10-01,26063,Michigan,Huron County,43.907616,-82.857045,30981,227,5,732.7071430876989,16.138923856557245,4.0,0.0,12.911139085245797,0.0
2020-10-01,26065,Michigan,Ingham County,42.603534,-84.373811,292406,3632,50,1242.108575063439,17.09951232190858,226.0,3.0,77.28979569502678,1.0259707393145148
2020-10-01,26067,Michigan,Ionia County,42.94465,-85.073766,64697,379,7,585.8076881462819,10.819667063387792,24.0,0.0,37.09600136018672,0.0
2020-10-01,26069,Michigan,Iosco County,44.329482,-82.849444,25127,231,13,919.3298045926692,51.7371751502368,18.0,1.0,71.63608866955865,3.979782703864369
2020-10-01,26071,Michigan,Iron County,46.170254,-88.540526,11066,218,5,1969.9981926622086,45.183444785830474,93.0,4.0,840.4120730164468,36.146755828664375
2020-10-01,26073,Michigan,Isabella County,43.645233,-84.839424,69872,728,14,1041.9051980764827,20.036638424547746,38.0,1.0,54.38516143805816,1.4311884588962676
2020-10-01,26075,Michigan,Jackson County,42.248474,-84.420868,158510,1140,45,719.1975269699072,28.389376064601603,82.0,1.0,51.73175193994069,0.6308750236578133
2020-10-01,26077,Michigan,Kalamazoo County,42.246266,-85.532854,265066,3100,96,1169.5200440644971,36.21739491296507,337.0,3.0,127.13814672572114,1.1317935910301584
2020-10-01,26079,Michigan,Kalkaska County,44.678881,-85.088992,18038,90,4,498.94666814502716,22.17540747311232,7.0,0.0,38.806963077946556,0.0
2020-10-01,26081,Michigan,Kent County,43.032497,-85.547446,656955,10279,172,1564.6429359697393,26.18139750820071,612.0,0.0,93.1570655524351,0.0
2020-10-01,26083,Michigan,Keweenaw County,47.681974,-88.148797,2116,10,0,472.5897920604915,0.0,2.0,0.0,94.5179584120983,0.0
2020-10-01,26085,Michigan,Lake County,43.995187,-85.8114,11853,36,0,303.72057706909646,0.0,4.0,0.0,33.746730785455156,0.0
2020-10-01,26087,Michigan,Lapeer County,43.088633,-83.224325,87607,644,36,735.1010763980047,41.09260675516797,43.0,0.0,49.08283584645062,0.0
2020-10-01,26089,Michigan,Leelanau County,45.146182,-86.051574,21761,114,1,523.872983778319,4.595377050687009,2.0,0.0,9.190754101374019,0.0
2020-10-01,26091,Michigan,Lenawee County,41.896022,-84.074356,98451,855,18,868.4523265380748,18.283206874485785,67.0,0.0,68.0541589216971,0.0
2020-10-01,26093,Michigan,Livingston County,42.602532,-83.911718,191995,1430,31,744.8110627880935,16.146253808692933,84.0,1.0,43.75113935258731,0.5208468970546107
2020-10-01,26095,Michigan,Luce County,46.940602,-85.582368,6229,13,0,208.70123615347566,0.0,0.0,0.0,0.0,0.0
2020-10-01,26097,Michigan,Mackinac County,46.167868,-85.303762,10799,69,0,638.9480507454394,0.0,12.0,0.0,111.12140012964164,0.0
2020-10-01,26099,Michigan,Macomb County,42.671553,-82.911456,873972,14909,1025,1705.8898912093293,117.28064514652642,582.0,8.0,66.59252241490574,0.915361132850938
2020-10-01,26101,Michigan,Manistee County,44.350386,-86.602967,24558,82,3,333.9034123299943,12.21597849987784,11.0,1.0,44.79192116621875,4.071992833292613
2020-10-01,26103,Michigan,Marquette County,46.656596,-87.584028,66699,400,12,599.7091410665827,17.99127423199748,51.0,0.0,76.4629154859893,0.0
2020-10-01,26105,Michigan,Mason County,43.996636,-86.750814,29144,136,0,466.6483667307164,0.0,2.0,0.0,6.862475981334065,0.0
2020-10-01,26107,Michigan,Mecosta County,43.635295,-85.332751,43453,234,3,538.512875980945,6.904011230524935,33.0,0.0,75.94412353577428,0.0
2020-10-01,26109,Michigan,Menominee County,45.536207,-87.501811,22780,442,2,1940.2985074626865,8.77963125548727,84.0,1.0,368.7445127304653,4.389815627743635
2020-10-01,26111,Michigan,Midland County,43.648203,-84.379414,83156,641,11,770.8403482610996,13.228149502140555,51.0,0.0,61.33051132810621,0.0
2020-10-01,26113,Michigan,Missaukee County,44.325424,-85.085471,15118,65,1,429.9510517264188,6.614631565021829,6.0,0.0,39.68778939013097,0.0
2020-10-01,26115,Michigan,Monroe County,41.916097,-83.487106,150500,1557,28,1034.5514950166112,18.604651162790695,53.0,0.0,35.21594684385382,0.0
2020-10-01,26117,Michigan,Montcalm County,43.312782,-85.149468,63888,347,7,543.137991485099,10.956674179814675,39.0,2.0,61.0443275732532,3.130478337089907
2020-10-01,26119,Michigan,Montmorency County,45.024134,-84.130107,9328,15,0,160.80617495711837,0.0,1.0,0.0,10.72041166380789,0.0
2020-10-01,26121,Michigan,Muskegon County,43.289258,-86.751892,173566,1572,71,905.7073389949644,40.90662917852575,87.0,2.0,50.125024486362534,1.1522994134795985
2020-10-01,26123,Michigan,Newaygo County,43.562712,-85.791372,48980,395,2,806.4516129032257,4.083299305839118,41.0,1.0,83.70763576970192,2.041649652919559
2020-10-01,26125,Michigan,Oakland County,42.660452,-83.38421,1257584,20922,1206,1663.6662044046361,95.89816664334153,576.0,10.0,45.80210944159595,0.7951755111388186
2020-10-01,26127,Michigan,Oceana County,43.647255,-86.807575,26467,529,6,1998.71538141837,22.669739675822722,14.0,0.0,52.89605924358636,0.0
2020-10-01,26129,Michigan,Ogemaw County,44.33328,-84.128073,20997,69,5,328.6183740534362,23.8129256560461,4.0,0.0,19.05034052483688,0.0
2020-10-01,26131,Michigan,Ontonagon County,47.216602,-89.500463,5720,43,0,751.7482517482517,0.0,1.0,0.0,17.482517482517483,0.0
2020-10-01,26133,Michigan,Osceola County,43.997552,-85.322283,23460,99,0,421.99488491048595,0.0,6.0,0.0,25.57544757033248,0.0
2020-10-01,26135,Michigan,Oscoda County,44.687257,-84.126905,8241,32,1,388.30239048659143,12.134449702705982,2.0,0.0,24.268899405411965,0.0
2020-10-01,26137,Michigan,Otsego County,45.021787,-84.576603,24668,186,11,754.0132965785633,44.59218420625912,12.0,0.0,48.64601913410086,0.0
2020-10-01,26139,Michigan,Ottawa County,42.942461,-86.654946,291830,3548,67,1215.776308124593,22.958571771236677,211.0,1.0,72.3023678168797,0.3426652503169653
2020-10-01,26141,Michigan,Presque Isle County,45.489515,-83.384019,12592,27,1,214.42185514612453,7.941550190597205,1.0,0.0,7.941550190597205,0.0
2020-10-01,26143,Michigan,Roscommon County,44.339517,-84.611271,24019,103,4,428.82717848370044,16.65348265956118,9.0,0.0,37.47033598401266,0.0
2020-10-01,26145,Michigan,Saginaw County,43.328267,-84.05541,190539,3031,140,1590.7504500390996,73.47577136439259,129.0,1.0,67.7026750429046,0.5248269383170899
2020-10-01,26147,Michigan,St. Clair County,42.928803,-82.668913,159128,1055,57,662.9882861595697,35.820220200090496,63.0,1.0,39.590769694836865,0.6284249157910613
2020-10-01,26149,Michigan,St. Joseph County,41.911488,-85.52287,60964,820,11,1345.056098681189,18.043435470113508,62.0,0.0,101.6993635588216,0.0
2020-10-01,26151,Michigan,Sanilac County,43.449155,-82.642815,41170,152,7,369.2008744231236,17.002671848433323,6.0,0.0,14.573718727228565,0.0
2020-10-01,26153,Michigan,Schoolcraft County,46.021122,-86.197029,8094,31,0,382.99975290338523,0.0,7.0,0.0,86.48381517173215,0.0
2020-10-01,26155,Michigan,Shiawassee County,42.951545,-84.146352,68122,531,32,779.4838671794721,46.97454566806611,27.0,1.0,39.634772907430786,1.467954552127066
2020-10-01,26157,Michigan,Tuscola County,43.487902,-83.436618,52245,514,31,983.8262034644463,59.33582160972342,12.0,0.0,22.968705139247774,0.0
2020-10-01,26159,Michigan,Van Buren County,42.28215,-86.306076,75677,782,17,1033.339059423603,22.463892596165284,33.0,0.0,43.60637974549731,0.0
2020-10-01,26161,Michigan,Washtenaw County,42.252217,-83.843423,367601,3810,116,1036.4498464367616,31.555953329833162,328.0,1.0,89.22717838090756,0.2720340804295962
2020-10-01,26163,Michigan,Wayne County,42.284664,-83.261953,1749343,35588,2990,2034.3637582795368,170.9213116009839,829.0,20.0,47.38921983853366,1.1432863652239726
2020-10-01,26165,Michigan,Wexford County,44.331375,-85.570046,33631,130,4,386.5481252415926,11.89378846897208,7.0,0.0,20.81412982070114,0.0
2020-10-01,27001,Minnesota,Aitkin County,46.602446,-93.41976,15886,91,1,572.8314238952537,6.294850812035755,16.0,0.0,100.71761299257209,0.0
2020-10-01,27003,Minnesota,Anoka County,45.27411,-93.242723,356921,6403,138,1793.9544044760607,38.664018088036286,468.0,6.0,131.12145264638394,1.68104426469723
2020-10-01,27005,Minnesota,Becker County,46.937629,-95.741757,34423,299,2,868.6052929727217,5.810068849315865,35.0,0.0,101.67620486302764,0.0
2020-10-01,27007,Minnesota,Beltrami County,47.879508,-95.00505,47188,490,5,1038.399593116894,10.595914215478512,85.0,0.0,180.1305416631347,0.0
2020-10-01,27009,Minnesota,Benton County,45.701225,-94.00144,40889,579,3,1416.0287607914108,7.336936584411456,49.0,0.0,119.83663087872043,0.0
2020-10-01,27011,Minnesota,Big Stone County,45.419925,-96.402226,4991,83,0,1662.9933880985773,0.0,7.0,0.0,140.25245441795232,0.0
2020-10-01,27013,Minnesota,Blue Earth County,44.03371,-94.064012,67653,1768,7,2613.335698343015,10.346917357692933,121.0,1.0,178.85385718297786,1.4781310510989905
2020-10-01,27015,Minnesota,Brown County,44.246541,-94.733647,25008,208,2,831.7338451695457,7.99744081893794,26.0,0.0,103.96673064619321,0.0
2020-10-01,27017,Minnesota,Carlton County,46.603818,-92.671044,35871,290,1,808.4525103844331,2.7877672771877005,34.0,0.0,94.78408742438181,0.0
2020-10-01,27019,Minnesota,Carver County,44.82132,-93.800091,105089,1459,7,1388.3470201448297,6.661020658679785,70.0,0.0,66.61020658679786,0.0
2020-10-01,27021,Minnesota,Cass County,46.951745,-94.333705,29779,202,4,678.3303670371738,13.432284495785622,43.0,1.0,144.39705832969543,3.3580711239464054
2020-10-01,27023,Minnesota,Chippewa County,45.028625,-95.564108,11800,242,1,2050.8474576271187,8.474576271186441,36.0,0.0,305.08474576271186,0.0
2020-10-01,27025,Minnesota,Chisago County,45.505444,-92.903849,56579,536,1,947.3479559553898,1.7674402163346825,65.0,0.0,114.88361406175436,0.0
2020-10-01,27027,Minnesota,Clay County,46.898377,-96.494901,64222,1480,41,2304.5062439662424,63.841051353118864,140.0,1.0,217.9938338886986,1.557098813490704
2020-10-01,27029,Minnesota,Clearwater County,47.575873,-95.371117,8818,34,0,385.57496030845994,0.0,7.0,0.0,79.38308006350647,0.0
2020-10-01,27031,Minnesota,Cook County,47.538569,-90.290189,5463,7,0,128.1347245103423,0.0,1.0,0.0,18.304960644334617,0.0
2020-10-01,27033,Minnesota,Cottonwood County,44.010639,-95.183152,11196,230,0,2054.3051089674886,0.0,6.0,0.0,53.59056806002143,0.0
2020-10-01,27035,Minnesota,Crow Wing County,46.491653,-94.070718,65055,581,18,893.0904619168396,27.6688955499193,100.0,0.0,153.71608638844054,0.0
2020-10-01,27037,Minnesota,Dakota County,44.670893,-93.062481,429021,7771,127,1811.3332447595808,29.60228054104578,417.0,2.0,97.1980392568196,0.46617764631568154
2020-10-01,27039,Minnesota,Dodge County,44.020706,-92.869353,20934,271,0,1294.544759721028,0.0,53.0,0.0,253.1766504251457,0.0
2020-10-01,27041,Minnesota,Douglas County,45.936829,-95.462156,38141,382,3,1001.5468917962298,7.865551506253113,96.0,1.0,251.69764820009962,2.621850502084371
2020-10-01,27043,Minnesota,Faribault County,43.676522,-93.947234,13653,153,0,1120.632827949901,0.0,17.0,0.0,124.51475866110012,0.0
2020-10-01,27045,Minnesota,Fillmore County,43.679187,-92.093937,21067,141,0,669.293207385959,0.0,30.0,0.0,142.40281008211895,0.0
2020-10-01,27047,Minnesota,Freeborn County,43.674202,-93.350289,30281,554,4,1829.5300683596975,13.209603381658466,22.0,1.0,72.65281859912156,3.3024008454146165
2020-10-01,27049,Minnesota,Goodhue County,44.406178,-92.716,46340,396,9,854.5533016832111,19.421665947345705,45.0,0.0,97.10832973672852,0.0
2020-10-01,27051,Minnesota,Grant County,45.930743,-96.010699,5972,65,4,1088.41259209645,66.97923643670462,6.0,0.0,100.46885465505693,0.0
2020-10-01,27053,Minnesota,Hennepin County,45.006121,-93.475228,1265843,27873,937,2201.9318351485927,74.02181787156859,1426.0,11.0,112.65220094435091,0.8689861222916271
2020-10-01,27055,Minnesota,Houston County,43.66699,-91.501556,18600,136,0,731.1827956989247,0.0,15.0,0.0,80.64516129032258,0.0
2020-10-01,27057,Minnesota,Hubbard County,47.095551,-94.91329,21491,137,1,637.4761528081523,4.6531106044390675,43.0,0.0,200.08375599087992,0.0
2020-10-01,27059,Minnesota,Isanti County,45.562431,-93.296339,40596,326,1,803.0347817518967,2.4632968765395606,47.0,1.0,115.77495319735935,2.4632968765395606
2020-10-01,27061,Minnesota,Itasca County,47.490817,-93.611102,45130,366,16,810.9904719698649,35.453135386660755,63.0,2.0,139.59672058497674,4.431641923332594
2020-10-01,27063,Minnesota,Jackson County,43.671111,-95.149731,9846,157,1,1594.5561649400772,10.156408693885842,16.0,0.0,162.50253910217347,0.0
2020-10-01,27065,Minnesota,Kanabec County,45.94776,-93.297788,16337,136,8,832.4661810613944,48.96859888596437,19.0,0.0,116.30042235416539,0.0
2020-10-01,27067,Minnesota,Kandiyohi County,45.152714,-95.004981,43199,1071,3,2479.22405611241,6.944605199194426,99.0,1.0,229.17197157341604,2.314868399731475
2020-10-01,27069,Minnesota,Kittson County,48.77604,-96.780349,4298,12,0,279.1996277338297,0.0,0.0,0.0,0.0,0.0
2020-10-01,27071,Minnesota,Koochiching County,48.245374,-93.782896,12229,123,4,1005.8058712895576,32.709134025676676,2.0,1.0,16.354567012838338,8.177283506419169
2020-10-01,27073,Minnesota,Lac qui Parle County,44.999856,-96.176836,6623,76,2,1147.5162313151138,30.197795560924053,26.0,1.0,392.5713422920127,15.098897780462027
2020-10-01,27075,Minnesota,Lake County,47.517111,-91.411704,10641,61,0,573.2543933840805,0.0,3.0,0.0,28.192839018889202,0.0
2020-10-01,27077,Minnesota,Lake of the Woods County,48.7681,-94.904633,3740,24,1,641.7112299465241,26.737967914438503,3.0,0.0,80.21390374331551,0.0
2020-10-01,27079,Minnesota,Le Sueur County,44.373424,-93.730143,28887,483,4,1672.0324021186,13.847059230795859,31.0,0.0,107.3147090386679,0.0
2020-10-01,27081,Minnesota,Lincoln County,44.408238,-96.272032,5639,118,0,2092.569604539812,0.0,10.0,0.0,177.33640716439083,0.0
2020-10-01,27083,Minnesota,Lyon County,44.409195,-95.847268,25474,743,4,2916.6993797597547,15.702284682421293,76.0,0.0,298.3434089660046,0.0
2020-10-01,27085,Minnesota,McLeod County,44.821657,-94.272323,35893,503,2,1401.3874571643496,5.572117125901986,28.0,0.0,78.00963976262781,0.0
2020-10-01,27087,Minnesota,Mahnomen County,47.328387,-95.811089,5527,49,1,886.5569024787407,18.09299800977022,3.0,0.0,54.27899402931065,0.0
2020-10-01,27089,Minnesota,Marshall County,48.362728,-96.357761,9336,54,1,578.4061696658098,10.711225364181663,4.0,0.0,42.84490145672665,0.0
2020-10-01,27091,Minnesota,Martin County,43.677118,-94.537252,19683,471,11,2392.9279073311995,55.885789767819944,99.0,1.0,502.9721079103796,5.080526342529086
2020-10-01,27093,Minnesota,Meeker County,45.123155,-94.527346,23222,220,2,947.377486865903,8.612522607871846,26.0,0.0,111.962793902334,0.0
2020-10-01,27095,Minnesota,Mille Lacs County,45.929043,-93.632996,26277,176,3,669.7872664307189,11.416828405069072,22.0,0.0,83.72340830383986,0.0
2020-10-01,27097,Minnesota,Morrison County,46.020484,-94.266619,33386,293,3,877.613370874019,8.985802432157191,71.0,2.0,212.66399089438687,5.990534954771461
2020-10-01,27099,Minnesota,Mower County,43.666249,-92.759514,40062,1354,6,3379.761369876691,14.976785981728321,42.0,1.0,104.83750187209824,2.49613099695472
2020-10-01,27101,Minnesota,Murray County,44.015594,-95.761581,8194,182,2,2221.137417622651,24.408103490358798,24.0,0.0,292.8972418843056,0.0
2020-10-01,27103,Minnesota,Nicollet County,44.35882,-94.245684,34274,562,17,1639.7269066931203,49.60028009569936,41.0,1.0,119.62420493668671,2.917663535041139
2020-10-01,27105,Minnesota,Nobles County,43.677686,-95.763132,21629,1985,16,9177.493180452171,73.97475611447594,31.0,0.0,143.3260899717971,0.0
2020-10-01,27107,Minnesota,Norman County,47.329453,-96.463776,6375,60,0,941.1764705882352,0.0,7.0,0.0,109.80392156862744,0.0
2020-10-01,27109,Minnesota,Olmsted County,43.999499,-92.410099,158293,2588,28,1634.942795954338,17.68871649409639,221.0,0.0,139.61451232840366,0.0
2020-10-01,27111,Minnesota,Otter Tail County,46.405727,-95.714581,58746,479,6,815.3746638068974,10.21346134204882,57.0,2.0,97.02788274946379,3.4044871140162734
2020-10-01,27113,Minnesota,Pennington County,48.069247,-96.037725,14119,120,1,849.9185494723423,7.082654578936186,4.0,0.0,28.330618315744744,0.0
2020-10-01,27115,Minnesota,Pine County,46.10094,-92.763094,29579,366,0,1237.3643463267858,0.0,57.0,0.0,192.70428344433552,0.0
2020-10-01,27117,Minnesota,Pipestone County,44.015361,-96.257015,9126,249,12,2728.4681130834974,131.49243918474687,32.0,2.0,350.6465044926584,21.91540653079115
2020-10-01,27119,Minnesota,Polk County,47.774254,-96.400027,31364,337,4,1074.4802958806274,12.753475322025253,39.0,0.0,124.3463843897462,0.0
2020-10-01,27121,Minnesota,Pope County,45.589623,-95.446705,11249,103,0,915.6369455062672,0.0,11.0,0.0,97.7864699084363,0.0
2020-10-01,27123,Minnesota,Ramsey County,45.015204,-93.099965,550321,11278,326,2049.349379725651,59.238153732094545,581.0,7.0,105.57474637529732,1.2719848960879196
2020-10-01,27125,Minnesota,Red Lake County,47.865487,-96.08718,4055,45,1,1109.7410604192355,24.660912453760787,3.0,0.0,73.98273736128237,0.0
2020-10-01,27127,Minnesota,Redwood County,44.403536,-95.254241,15170,187,6,1232.6961107448913,39.55174686882004,33.0,5.0,217.5346077785102,32.95978905735003
2020-10-01,27129,Minnesota,Renville County,44.723697,-94.955617,14548,167,8,1147.924113280176,54.99037668408029,25.0,1.0,171.8449271377509,6.873797085510036
2020-10-01,27131,Minnesota,Rice County,44.350734,-93.298505,66972,1364,8,2036.672042047423,11.945290569193094,42.0,0.0,62.71277548826375,0.0
2020-10-01,27133,Minnesota,Rock County,43.669587,-96.263238,9315,186,1,1996.779388083736,10.735373054213634,22.0,1.0,236.17820719269992,10.735373054213634
2020-10-01,27135,Minnesota,Roseau County,48.761068,-95.821504,15165,133,0,877.0194526871085,0.0,16.0,0.0,105.50609957138148,0.0
2020-10-01,27137,Minnesota,St. Louis County,47.578635,-92.51457,199070,1800,43,904.2045511629075,21.600442055558347,320.0,4.0,160.74747576229467,2.0093434470286833
2020-10-01,27139,Minnesota,Scott County,44.651805,-93.533731,149013,2681,33,1799.1718843322394,22.145718829900748,181.0,0.0,121.46591237006167,0.0
2020-10-01,27141,Minnesota,Sherburne County,45.453176,-93.76913,97238,1208,15,1242.3126761142762,15.426067998107737,83.0,1.0,85.35757625619614,1.0284045332071823
2020-10-01,27143,Minnesota,Sibley County,44.575734,-94.230123,14865,204,3,1372.351160443996,20.181634712411707,18.0,0.0,121.08980827447023,0.0
2020-10-01,27145,Minnesota,Stearns County,45.555235,-94.610482,161075,4178,25,2593.8227533757567,15.52072016141549,269.0,1.0,167.00294893683068,0.6208288064566196
2020-10-01,27147,Minnesota,Steele County,44.015261,-93.220453,36649,567,2,1547.1090616387896,5.457174820595378,34.0,0.0,92.77197195012141,0.0
2020-10-01,27149,Minnesota,Stevens County,45.593461,-95.992315,9805,112,1,1142.2743498215195,10.198878123406425,18.0,0.0,183.57980622131566,0.0
2020-10-01,27151,Minnesota,Swift County,45.27581,-95.690124,9266,147,1,1586.445067990503,10.792143319663285,20.0,0.0,215.84286639326572,0.0
2020-10-01,27153,Minnesota,Todd County,46.066569,-94.900576,24664,514,2,2084.0090820629257,8.10898475510866,27.0,0.0,109.47129419396691,0.0
2020-10-01,27155,Minnesota,Traverse County,45.769935,-96.474832,3259,36,0,1104.633323105247,0.0,7.0,0.0,214.78981282602024,0.0
2020-10-01,27157,Minnesota,Wabasha County,44.289693,-92.23334,21627,214,0,989.5038609145975,0.0,31.0,0.0,143.33934433809588,0.0
2020-10-01,27159,Minnesota,Wadena County,46.586986,-94.988608,13682,74,0,540.8565999122935,0.0,7.0,0.0,51.16211080251425,0.0
2020-10-01,27161,Minnesota,Waseca County,44.01846,-93.589844,18612,768,9,4126.3700838168925,48.355899419729205,156.0,1.0,838.1689232753063,5.372877713303245
2020-10-01,27163,Minnesota,Washington County,45.037929,-92.890117,262440,3989,55,1519.9664685261394,20.957171162932482,300.0,0.0,114.31184270690444,0.0
2020-10-01,27165,Minnesota,Watonwan County,43.978109,-94.613798,10897,535,4,4909.608149031844,36.70735064696706,19.0,0.0,174.3599155730935,0.0
2020-10-01,27167,Minnesota,Wilkin County,46.362335,-96.476657,6207,75,3,1208.3131947800869,48.33252779120348,14.0,0.0,225.5517963589496,0.0
2020-10-01,27169,Minnesota,Winona County,43.982268,-91.776708,50484,933,18,1848.1102923698595,35.65486094604231,70.0,0.0,138.65779256794232,0.0
2020-10-01,27171,Minnesota,Wright County,45.175091,-93.966396,138377,1730,7,1250.2077657414166,5.058644138838102,157.0,0.0,113.45816139965456,0.0
2020-10-01,27173,Minnesota,Yellow Medicine County,44.715736,-95.862756,9709,203,3,2090.843547224225,30.89916572252549,28.0,1.0,288.3922134102379,10.299721907508497
2020-10-01,28001,Mississippi,Adams County,31.486224,-91.351797,30693,956,38,3114.7167106506367,123.80673117648976,26.0,1.0,84.7098686997035,3.25807187306552
2020-10-01,28003,Mississippi,Alcorn County,34.886569,-88.581109,36953,842,11,2278.570075501312,29.767542554055147,51.0,0.0,138.01315184152844,0.0
2020-10-01,28005,Mississippi,Amite County,31.203933,-90.795542,12297,342,10,2781.1661380824594,81.3206473123526,17.0,0.0,138.24510043099943,0.0
2020-10-01,28007,Mississippi,Attala County,33.090468,-89.588622,18174,684,25,3763.6183558930343,137.55915043468693,30.0,0.0,165.0709805216243,0.0
2020-10-01,28009,Mississippi,Benton County,34.810518,-89.200285,8259,238,3,2881.704806877346,36.32401017072285,13.0,1.0,157.40404407313235,12.108003390240949
2020-10-01,28011,Mississippi,Bolivar County,33.799139,-90.88412,30628,1882,71,6144.704192242392,231.8140263810892,59.0,5.0,192.63419093639806,16.324931435287972
2020-10-01,28013,Mississippi,Calhoun County,33.936634,-89.337114,14361,534,12,3718.4040108627532,83.55964069354502,21.0,0.0,146.22937121370379,0.0
2020-10-01,28015,Mississippi,Carroll County,33.440795,-89.918887,9947,332,12,3337.689755705238,120.63938876043028,17.0,0.0,170.9058007439429,0.0
2020-10-01,28017,Mississippi,Chickasaw County,33.933277,-88.947558,17103,701,24,4098.696135180962,140.3262585511314,31.0,0.0,181.2547506285447,0.0
2020-10-01,28019,Mississippi,Choctaw County,33.345964,-89.251332,8210,187,6,2277.7101096224114,73.0816077953715,6.0,0.0,73.0816077953715,0.0
2020-10-01,28021,Mississippi,Claiborne County,31.97281,-90.915424,8988,465,16,5173.564753004006,178.01513128615932,3.0,0.0,33.37783711615487,0.0
2020-10-01,28023,Mississippi,Clarke County,32.045374,-88.687976,15541,615,48,3957.274306672672,308.86043369152566,34.0,3.0,218.77614053149733,19.303777105720354
2020-10-01,28025,Mississippi,Clay County,33.65967,-88.782468,19316,601,20,3111.4102298612547,103.54110581901014,12.0,2.0,62.12466349140609,10.354110581901015
2020-10-01,28027,Mississippi,Coahoma County,34.22867,-90.603165,22124,1178,30,5324.534442234678,135.5993491231242,28.0,2.0,126.55939251491593,9.03995660820828
2020-10-01,28029,Mississippi,Copiah County,31.866915,-90.448758,28065,1216,33,4332.798859789774,117.58417958311063,45.0,0.0,160.34206306787814,0.0
2020-10-01,28031,Mississippi,Covington County,31.633331,-89.548897,18636,834,23,4475.209272376046,123.41704228375188,15.0,1.0,80.48937540244687,5.365958360163125
2020-10-01,28033,Mississippi,DeSoto County,34.874266,-89.99324,184945,5724,66,3094.974181513423,35.68628511178999,203.0,7.0,109.76236178323285,3.7849090270080294
2020-10-01,28035,Mississippi,Forrest County,31.18858,-89.259447,74897,2568,75,3428.7087600304417,100.13752219715074,113.0,4.0,150.87386677704046,5.340667850514707
2020-10-01,28037,Mississippi,Franklin County,31.477773,-90.895457,7713,201,3,2605.9898872034228,38.895371450797356,9.0,0.0,116.68611435239205,0.0
2020-10-01,28039,Mississippi,George County,30.855431,-88.642268,24500,803,13,3277.5510204081634,53.06122448979592,38.0,0.0,155.10204081632654,0.0
2020-10-01,28041,Mississippi,Greene County,31.212845,-88.634811,13586,396,17,2914.7651994700427,125.12880906815839,30.0,0.0,220.81554541439718,0.0
2020-10-01,28043,Mississippi,Grenada County,33.770031,-89.80274,20758,1107,36,5332.88370748627,173.4271124385779,30.0,0.0,144.52259369881492,0.0
2020-10-01,28045,Mississippi,Hancock County,30.391641,-89.482791,47632,607,22,1274.3533758817603,46.18743701713134,30.0,1.0,62.98286865972456,2.099428955324152
2020-10-01,28047,Mississippi,Harrison County,30.416536,-89.083376,208080,3965,75,1905.5171088043062,36.043829296424455,136.0,2.0,65.359477124183,0.9611687812379854
2020-10-01,28049,Mississippi,Hinds County,32.267788,-90.466017,231840,7227,161,3117.2360248447203,69.44444444444444,164.0,2.0,70.7384403036577,0.862663906142167
2020-10-01,28051,Mississippi,Holmes County,33.125942,-90.091197,17010,1104,60,6490.299823633157,352.7336860670194,9.0,2.0,52.91005291005291,11.757789535567314
2020-10-01,28053,Mississippi,Humphreys County,33.130996,-90.523421,8064,379,15,4699.900793650793,186.01190476190476,3.0,0.0,37.20238095238095,0.0
2020-10-01,28055,Mississippi,Issaquena County,32.755539,-91.003535,1327,106,3,7987.9427279577985,226.07385079125848,2.0,0.0,150.71590052750565,0.0
2020-10-01,28057,Mississippi,Itawamba County,34.281075,-88.363127,23390,876,21,3745.1902522445494,89.78195810175289,82.0,0.0,350.5771697306541,0.0
2020-10-01,28059,Mississippi,Jackson County,30.456005,-88.625101,143617,3643,70,2536.607783201153,48.74074796159229,187.0,0.0,130.20742669739656,0.0
2020-10-01,28061,Mississippi,Jasper County,32.016989,-89.11943,16383,587,15,3582.982359763169,91.55832265152902,19.0,0.0,115.97387535860342,0.0
2020-10-01,28063,Mississippi,Jefferson County,31.733633,-91.043878,6990,243,9,3476.394849785408,128.75536480686696,1.0,0.0,14.306151645207441,0.0
2020-10-01,28065,Mississippi,Jefferson Davis County,31.564808,-89.827086,11128,346,11,3109.273903666427,98.84974838245866,7.0,0.0,62.90438533429188,0.0
2020-10-01,28067,Mississippi,Jones County,31.616601,-89.168532,68098,2546,81,3738.7294781050837,118.9462245587242,78.0,2.0,114.54080883432701,2.9369438162647947
2020-10-01,28069,Mississippi,Kemper County,32.750136,-88.625631,9742,291,15,2987.066310819134,153.97249024840895,3.0,0.0,30.79449804968179,0.0
2020-10-01,28071,Mississippi,Lafayette County,34.353078,-89.485385,54019,2228,40,4124.474721857125,74.04802014106149,74.0,1.0,136.98883726096372,1.8512005035265369
2020-10-01,28073,Mississippi,Lamar County,31.197586,-89.506369,63343,1802,37,2844.8289471606968,58.41213709486447,127.0,3.0,200.49571381210237,4.73611922390793
2020-10-01,28075,Mississippi,Lauderdale County,32.403998,-88.660449,74125,2090,126,2819.5615514333895,169.98313659359192,46.0,1.0,62.05733558178752,1.3490725126475547
2020-10-01,28077,Mississippi,Lawrence County,31.550009,-90.10753,12586,439,14,3488.0025425075482,111.23470522803115,8.0,2.0,63.562688701732085,15.890672175433021
2020-10-01,28079,Mississippi,Leake County,32.76063,-89.52225,22786,969,38,4252.611252523479,166.76906872641095,16.0,0.0,70.21855525322566,0.0
2020-10-01,28081,Mississippi,Lee County,34.29237,-88.682439,85436,2967,73,3472.774942647128,85.44407509714874,284.0,5.0,332.4125661313732,5.852333910763613
2020-10-01,28083,Mississippi,Leflore County,33.54979,-90.294934,28183,1443,82,5120.10786644431,290.95554057410493,48.0,1.0,170.31543838484194,3.548238299684207
2020-10-01,28085,Mississippi,Lincoln County,31.535216,-90.453566,34153,1127,53,3299.856527977044,155.18402482944398,44.0,0.0,128.8320206131233,0.0
2020-10-01,28087,Mississippi,Lowndes County,33.471424,-88.439723,58595,1621,58,2766.447649116819,98.98455499616009,95.0,0.0,162.129874562676,0.0
2020-10-01,28089,Mississippi,Madison County,32.63437,-90.03416,106272,3363,90,3164.5212285456187,84.68834688346884,98.0,4.0,92.21619993977718,3.7639265281541703
2020-10-01,28091,Mississippi,Marion County,31.230167,-89.821712,24573,883,37,3593.3748423065967,150.57176575916657,26.0,2.0,105.80718674968462,8.139014365360355
2020-10-01,28093,Mississippi,Marshall County,34.76619,-89.504231,35294,1121,22,3176.1772539241797,62.33354111180371,29.0,5.0,82.16694055646853,14.166713889046296
2020-10-01,28095,Mississippi,Monroe County,33.89003,-88.485038,35252,1268,69,3596.95903778509,195.7335753999773,47.0,1.0,133.3257687507092,2.836718484057642
2020-10-01,28097,Mississippi,Montgomery County,33.500714,-89.639625,9775,475,20,4859.335038363171,204.60358056265983,16.0,0.0,163.68286445012788,0.0
2020-10-01,28099,Mississippi,Neshoba County,32.752518,-89.119274,29118,1620,104,5563.568926437255,357.167387870046,61.0,0.0,209.49241019300774,0.0
2020-10-01,28101,Mississippi,Newton County,32.40197,-89.118412,21018,783,24,3725.3782472166713,114.18783899514702,16.0,1.0,76.12522599676468,4.757826624797793
2020-10-01,28103,Mississippi,Noxubee County,33.106508,-88.566004,10417,562,16,5395.027359124508,153.59508495728136,14.0,0.0,134.39569933762118,0.0
2020-10-01,28105,Mississippi,Oktibbeha County,33.422313,-88.876151,49587,1828,52,3686.450077641317,104.86619476879021,55.0,2.0,110.91616754391272,4.033315183415008
2020-10-01,28107,Mississippi,Panola County,34.365205,-89.963065,34192,1525,31,4460.107627515208,90.66448291998128,62.0,3.0,181.32896583996256,8.773982218062704
2020-10-01,28109,Mississippi,Pearl River County,30.774793,-89.586904,55535,916,53,1649.4102818042675,95.43531106509408,43.0,0.0,77.428648599982,0.0
2020-10-01,28111,Mississippi,Perry County,31.169307,-88.988755,11973,436,21,3641.5267685625995,175.39463793535455,17.0,3.0,141.9861354714775,25.056376847907792
2020-10-01,28113,Mississippi,Pike County,31.177516,-90.397725,39288,1251,54,3184.178375076359,137.44654856444714,21.0,4.0,53.45143555284056,10.18122581958868
2020-10-01,28115,Mississippi,Pontotoc County,34.227081,-89.037239,32174,1307,16,4062.286318145086,49.72959532541804,48.0,0.0,149.1887859762541,0.0
2020-10-01,28117,Mississippi,Prentiss County,34.620566,-88.522184,25126,889,19,3538.1676351190004,75.61888084056356,45.0,2.0,179.09734935922947,7.959882193743533
2020-10-01,28119,Mississippi,Quitman County,34.252833,-90.290171,6792,393,5,5786.219081272085,73.61601884570082,21.0,0.0,309.18727915194347,0.0
2020-10-01,28121,Mississippi,Rankin County,32.267123,-89.946063,155271,3401,80,2190.3639443295915,51.522821389699295,145.0,3.0,93.38511376882998,1.9321058021137238
2020-10-01,28123,Mississippi,Scott County,32.411959,-89.533486,28124,1182,27,4202.816100128005,96.00341345470062,9.0,0.0,32.00113781823354,0.0
2020-10-01,28125,Mississippi,Sharkey County,32.892395,-90.827613,4321,267,14,6179.125202499421,323.99907428835917,2.0,1.0,46.28558204119417,23.142791020597084
2020-10-01,28127,Mississippi,Simpson County,31.902505,-89.917709,26658,1065,47,3995.0483907269863,176.30729987245854,40.0,3.0,150.0487658489009,11.253657438667567
2020-10-01,28129,Mississippi,Smith County,32.019029,-89.494876,15916,551,15,3461.9251068107565,94.24478512188992,20.0,1.0,125.65971349585324,6.282985674792661
2020-10-01,28131,Mississippi,Stone County,30.790184,-89.112297,18336,384,13,2094.2408376963353,70.89877835951134,14.0,1.0,76.35253054101221,5.453752181500873
2020-10-01,28133,Mississippi,Sunflower County,33.605529,-90.59509,25110,1497,46,5961.768219832736,183.19394663480685,52.0,0.0,207.08880923934686,0.0
2020-10-01,28135,Mississippi,Tallahatchie County,33.954529,-90.172243,13809,786,24,5691.940039104931,173.79969585053226,23.0,3.0,166.55804185676007,21.724961981316532
2020-10-01,28137,Mississippi,Tate County,34.649553,-89.943105,28321,1020,38,3601.5677412520745,134.17605310546944,44.0,1.0,155.36174570106988,3.530948765933406
2020-10-01,28139,Mississippi,Tippah County,34.763618,-88.918819,22015,720,18,3270.497388144447,81.76243470361118,55.0,1.0,249.82966159436745,4.542357483533954
2020-10-01,28141,Mississippi,Tishomingo County,34.737697,-88.236064,19383,715,39,3688.7994634473507,201.2072434607646,43.0,1.0,221.8438838157148,5.159160088737553
2020-10-01,28143,Mississippi,Tunica County,34.652201,-90.37177,9632,500,15,5191.029900332226,155.73089700996678,17.0,2.0,176.49501661129568,20.764119601328904
2020-10-01,28145,Mississippi,Union County,34.489533,-89.002339,28815,1013,24,3515.530105847649,83.28995314940136,20.0,0.0,69.40829429116779,0.0
2020-10-01,28147,Mississippi,Walthall County,31.164492,-90.103431,14286,605,26,4234.915301693966,181.99636007279855,7.0,1.0,48.99902001959961,6.999860002799944
2020-10-01,28149,Mississippi,Warren County,32.356095,-90.852384,45381,1423,50,3135.6735197549633,110.17826843833323,21.0,0.0,46.27487274409995,0.0
2020-10-01,28151,Mississippi,Washington County,33.273174,-90.944446,43909,2292,80,5219.886583616115,182.19499419253458,73.0,8.0,166.25293220068778,18.219499419253456
2020-10-01,28153,Mississippi,Wayne County,31.642503,-88.678214,20183,918,21,4548.382301937274,104.04796115542783,24.0,0.0,118.91195560620324,0.0
2020-10-01,28155,Mississippi,Webster County,33.612061,-89.283961,9689,340,13,3509.134069563422,134.17277324801321,4.0,0.0,41.283930230157914,0.0
2020-10-01,28157,Mississippi,Wilkinson County,31.161091,-91.324617,8630,309,18,3580.5330243337194,208.5747392815759,6.0,0.0,69.52491309385863,0.0
2020-10-01,28159,Mississippi,Winston County,33.078724,-89.037391,17955,749,19,4171.539961013646,105.82010582010582,12.0,0.0,66.83375104427736,0.0
2020-10-01,28161,Mississippi,Yalobusha County,34.030666,-89.703807,12108,449,14,3708.2920383217706,115.62603237528907,21.0,0.0,173.4390485629336,0.0
2020-10-01,28163,Mississippi,Yazoo County,32.765675,-90.387928,29690,1067,33,3593.8026271471876,111.1485348602223,12.0,3.0,40.41764904008084,10.10441226002021
2020-10-01,29001,Missouri,Adair County,40.190666,-92.603592,25343,391,0,1542.8323402912047,0.0,26.0,0.0,102.59243183522078,0.0
2020-10-01,29003,Missouri,Andrew County,39.988863,-94.803551,17712,390,3,2201.8970189701895,16.937669376693766,69.0,1.0,389.56639566395665,5.645889792231255
2020-10-01,29005,Missouri,Atchison County,40.431846,-95.437555,5143,71,0,1380.5172078553373,0.0,11.0,0.0,213.88294769589731,0.0
2020-10-01,29007,Missouri,Audrain County,39.214481,-91.843418,25388,619,5,2438.1597605167794,19.6943437844651,64.0,3.0,252.0876004411533,11.816606270679062
2020-10-01,29009,Missouri,Barry County,36.699376,-93.834334,35789,618,6,1726.7875604235937,16.764927771102855,62.0,0.0,173.2375869680628,0.0
2020-10-01,29011,Missouri,Barton County,37.500799,-94.344089,11754,269,0,2288.5826101752596,0.0,66.0,0.0,561.5109749872383,0.0
2020-10-01,29013,Missouri,Bates County,38.257217,-94.339246,16172,163,2,1007.9149146673263,12.367054167697255,38.0,0.0,234.97402918624786,0.0
2020-10-01,29015,Missouri,Benton County,38.301036,-93.287942,19443,402,5,2067.5821632464126,25.716196060278765,67.0,2.0,344.59702720773544,10.286478424111506
2020-10-01,29017,Missouri,Bollinger County,37.318427,-90.024645,12133,404,1,3329.7618066430396,8.241984669908513,41.0,0.0,337.92137146624907,0.0
2020-10-01,29019,Missouri,Boone County,38.989861,-92.310202,180463,4987,11,2763.4473548594447,6.095432304682954,265.0,3.0,146.84450552190754,1.6623906285498966
2020-10-01,29021,Missouri,Buchanan County,39.660369,-94.808173,87364,2664,27,3049.310928986768,30.905178334325353,308.0,12.0,352.5479602582299,13.735634815255713
2020-10-01,29023,Missouri,Butler County,36.71518,-90.40313,42478,883,7,2078.723103724281,16.47911860257074,119.0,1.0,280.1450162437026,2.354159800367249
2020-10-01,29025,Missouri,Caldwell County,39.658998,-93.979179,9020,131,1,1452.3281596452327,11.086474501108647,24.0,0.0,266.0753880266075,0.0
2020-10-01,29027,Missouri,Callaway County,38.835547,-91.923446,44743,766,3,1711.9996424021635,6.704959434995418,92.0,1.0,205.61875600652616,2.234986478331806
2020-10-01,29029,Missouri,Camden County,38.026527,-92.765327,46305,1193,13,2576.395637620127,28.074721952272974,174.0,3.0,375.7693553611921,6.4787819889860705
2020-10-01,29031,Missouri,Cape Girardeau County,37.384141,-89.685658,78871,2117,18,2684.1297815420116,22.822076555387913,273.0,6.0,346.1348277567167,7.607358851795971
2020-10-01,29033,Missouri,Carroll County,39.427375,-93.500227,8679,158,2,1820.486231132619,23.044129508007835,15.0,1.0,172.83097131005877,11.522064754003917
2020-10-01,29035,Missouri,Carter County,36.944858,-90.945705,5982,140,2,2340.354396522902,33.433634236041456,23.0,1.0,384.4867937144768,16.716817118020728
2020-10-01,29037,Missouri,Cass County,38.646474,-94.354547,105780,1707,26,1613.7266023823029,24.57931556059747,105.0,4.0,99.26262053318207,3.7814331631688414
2020-10-01,29039,Missouri,Cedar County,37.733655,-93.850014,14349,175,0,1219.5971844727856,0.0,60.0,0.0,418.14760610495506,0.0
2020-10-01,29041,Missouri,Chariton County,39.517968,-92.96162,7426,82,0,1104.2283867492592,0.0,2.0,0.0,26.932399676811205,0.0
2020-10-01,29043,Missouri,Christian County,36.969739,-93.187614,88595,1693,6,1910.9430554771716,6.772391218466053,219.0,1.0,247.19227947401095,1.1287318697443423
2020-10-01,29045,Missouri,Clark County,40.407275,-91.729472,6797,79,0,1162.277475356775,0.0,11.0,0.0,161.8361041636016,0.0
2020-10-01,29047,Missouri,Clay County,39.315551,-94.421502,249948,1967,41,786.9636884471971,16.403411909677214,132.0,0.0,52.810984684814436,0.0
2020-10-01,29049,Missouri,Clinton County,39.608723,-94.395803,20387,319,0,1564.7226173541962,0.0,46.0,0.0,225.63398243979006,0.0
2020-10-01,29051,Missouri,Cole County,38.503233,-92.280027,76745,1851,14,2411.8835103264055,18.24223076421917,265.0,3.0,345.2993680370057,3.909049449475536
2020-10-01,29053,Missouri,Cooper County,38.845386,-92.812323,17709,466,2,2631.4303461516743,11.293692472753966,35.0,0.0,197.63961827319443,0.0
2020-10-01,29055,Missouri,Crawford County,37.96656,-91.313933,23920,447,5,1868.7290969899666,20.903010033444815,40.0,1.0,167.22408026755852,4.180602006688963
2020-10-01,29057,Missouri,Dade County,37.43235,-93.854878,7561,97,0,1282.8990874222986,0.0,24.0,0.0,317.41833090860996,0.0
2020-10-01,29059,Missouri,Dallas County,37.683583,-93.033815,16878,231,1,1368.6455741201564,5.9248726152387725,40.0,0.0,236.9949046095509,0.0
2020-10-01,29061,Missouri,Daviess County,39.962839,-93.970053,8278,170,1,2053.6361439961343,12.080212611741967,38.0,0.0,459.0480792461948,0.0
2020-10-01,29063,Missouri,DeKalb County,39.894665,-94.40719,12547,209,2,1665.7368295210013,15.940065354267952,41.0,0.0,326.771339762493,0.0
2020-10-01,29065,Missouri,Dent County,37.603072,-91.489717,15573,181,2,1162.2680279971746,12.842740640852757,33.0,1.0,211.9052205740705,6.421370320426378
2020-10-01,29067,Missouri,Douglas County,36.946517,-92.515892,13185,238,3,1805.0815320439895,22.753128555176335,37.0,0.0,280.6219188471748,0.0
2020-10-01,29069,Missouri,Dunklin County,36.306905,-90.065394,29131,962,8,3302.3239847585046,27.462153719405443,92.0,1.0,315.8147677731626,3.4327692149256803
2020-10-01,29071,Missouri,Franklin County,38.413003,-91.072832,103967,1949,32,1874.6332971038885,30.77899718179807,150.0,4.0,144.27654928967846,3.8473746477247586
2020-10-01,29073,Missouri,Gasconade County,38.441183,-91.50578,14706,251,20,1706.7863457092342,135.99891200870394,13.0,2.0,88.39929280565755,13.599891200870394
2020-10-01,29075,Missouri,Gentry County,40.208127,-94.405321,6571,159,9,2419.7230254147007,136.96545426875667,25.0,0.0,380.45959519099074,0.0
2020-10-01,29077,Missouri,Greene County,37.258196,-93.340641,293086,7118,60,2428.638693079847,20.471806909917227,758.0,35.0,258.6271606286209,11.941887364118381
2020-10-01,29079,Missouri,Grundy County,40.112541,-93.565054,9850,251,4,2548.223350253807,40.609137055837564,27.0,1.0,274.11167512690355,10.152284263959391
2020-10-01,29081,Missouri,Harrison County,40.34562,-93.992582,8352,135,1,1616.3793103448277,11.973180076628353,24.0,0.0,287.35632183908046,0.0
2020-10-01,29083,Missouri,Henry County,38.386491,-93.792628,21824,252,5,1154.692082111437,22.910557184750733,45.0,1.0,206.1950146627566,4.5821114369501466
2020-10-01,29085,Missouri,Hickory County,37.93691,-93.322988,9544,131,3,1372.5901089689858,31.43336127409891,20.0,1.0,209.55574182732607,10.477787091366304
2020-10-01,29087,Missouri,Holt County,40.095724,-95.219072,4403,95,1,2157.619804678628,22.711787417669772,13.0,0.0,295.25323642970704,0.0
2020-10-01,29089,Missouri,Howard County,39.143365,-92.695926,10001,317,2,3169.6830316968303,19.99800019998,34.0,0.0,339.96600339966005,0.0
2020-10-01,29091,Missouri,Howell County,36.774369,-91.887368,40117,908,3,2263.3796146272157,7.478126480045866,185.0,0.0,461.15113293616173,0.0
2020-10-01,29093,Missouri,Iron County,37.594364,-90.984682,10125,108,0,1066.6666666666667,0.0,8.0,0.0,79.01234567901234,0.0
2020-10-01,29095,Missouri,Jackson County,39.005336,-94.343165,703011,20656,236,2938.2186053987775,33.56988724216264,1245.0,21.0,177.0953797309004,2.987150983412777
2020-10-01,29097,Missouri,Jasper County,37.205197,-94.337259,121328,4324,53,3563.892918370038,43.683238823684555,312.0,4.0,257.1541606224449,3.2968482131082686
2020-10-01,29099,Missouri,Jefferson County,38.25763,-90.543681,225081,4614,63,2049.928692337425,27.989923627494104,293.0,6.0,130.17535909294875,2.6657070121422954
2020-10-01,29101,Missouri,Johnson County,38.741528,-93.811863,54062,1319,5,2439.7913506714513,9.248640449853871,113.0,1.0,209.0192741666975,1.8497280899707742
2020-10-01,29103,Missouri,Knox County,40.136856,-92.146835,3959,54,1,1363.9808032331396,25.25890376357666,2.0,0.0,50.51780752715332,0.0
2020-10-01,29105,Missouri,Laclede County,37.659698,-92.594843,35723,834,9,2334.6303501945526,25.193852699941214,176.0,5.0,492.6797861321838,13.996584833300673
2020-10-01,29107,Missouri,Lafayette County,39.068705,-93.802639,32708,634,2,1938.3637030695854,6.114711997064939,77.0,0.0,235.41641188700012,0.0
2020-10-01,29109,Missouri,Lawrence County,37.10659,-93.830551,38355,793,4,2067.5270499283015,10.428888019814886,113.0,2.0,294.61608655977057,5.214444009907443
2020-10-01,29111,Missouri,Lewis County,40.084559,-91.728803,9776,143,2,1462.7659574468084,20.458265139116204,35.0,0.0,358.01963993453353,0.0
2020-10-01,29113,Missouri,Lincoln County,39.062255,-90.962916,59013,890,3,1508.1422737362955,5.083625641807737,96.0,0.0,162.6760205378476,0.0
2020-10-01,29115,Missouri,Linn County,39.86444,-93.108019,11920,238,1,1996.6442953020137,8.389261744966442,36.0,0.0,302.0134228187919,0.0
2020-10-01,29117,Missouri,Livingston County,39.778587,-93.548201,15227,515,2,3382.1501280619955,13.134563604124255,69.0,1.0,453.1424443422867,6.567281802062127
2020-10-01,29119,Missouri,McDonald County,36.630218,-94.343956,22837,1227,11,5372.859832727591,48.16744756316504,29.0,0.0,126.98690721198057,0.0
2020-10-01,29121,Missouri,Macon County,39.829795,-92.56434,15117,188,0,1243.6329959648078,0.0,11.0,0.0,72.76576040219621,0.0
2020-10-01,29123,Missouri,Madison County,37.474481,-90.343413,12088,386,1,3193.2495036399737,8.272667107875579,60.0,1.0,496.3600264725348,8.272667107875579
2020-10-01,29125,Missouri,Maries County,38.162615,-91.923601,8697,97,0,1115.3271242957342,0.0,13.0,0.0,149.47683109118088,0.0
2020-10-01,29127,Missouri,Marion County,39.807538,-91.635379,28530,734,14,2572.7304591657903,49.07115317209955,47.0,0.0,164.73887136347705,0.0
2020-10-01,29129,Missouri,Mercer County,40.421413,-93.567631,3617,35,0,967.6527508985348,0.0,2.0,0.0,55.294442908487696,0.0
2020-10-01,29131,Missouri,Miller County,38.21668,-92.429876,25619,601,1,2345.9151411062103,3.90335298021,70.0,0.0,273.2347086147,0.0
2020-10-01,29133,Missouri,Mississippi County,36.826264,-89.295929,13180,348,3,2640.3641881638846,22.76176024279211,30.0,0.0,227.6176024279211,0.0
2020-10-01,29135,Missouri,Moniteau County,38.633037,-92.583642,16132,362,5,2243.9871063724277,30.994297049342922,39.0,1.0,241.7555169848748,6.198859409868584
2020-10-01,29137,Missouri,Monroe County,39.49827,-92.006458,8644,92,1,1064.322073114299,11.568718186024988,8.0,1.0,92.5497454881999,11.568718186024988
2020-10-01,29139,Missouri,Montgomery County,38.935184,-91.465427,11551,118,1,1021.5565751882955,8.657259111765216,7.0,0.0,60.600813782356504,0.0
2020-10-01,29141,Missouri,Morgan County,38.420806,-92.874835,20627,456,2,2210.6947205119504,9.696029475929606,89.0,1.0,431.47331167886756,4.848014737964803
2020-10-01,29143,Missouri,New Madrid County,36.594261,-89.655948,17076,602,16,3525.415788240806,93.69875849145,65.0,0.0,380.65120637151557,0.0
2020-10-01,29145,Missouri,Newton County,36.908371,-94.335034,58236,1726,15,2963.802458960093,25.757263548320626,154.0,1.0,264.4412390960918,1.7171509032213752
2020-10-01,29147,Missouri,Nodaway County,40.361136,-94.883146,22092,715,7,3236.465688937172,31.685678073510772,54.0,1.0,244.43237370994024,4.526525439072968
2020-10-01,29149,Missouri,Oregon County,36.68531,-91.401827,10529,181,0,1719.0616392819832,0.0,34.0,0.0,322.9176559977206,0.0
2020-10-01,29151,Missouri,Osage County,38.464253,-91.859504,13615,204,2,1498.347410943812,14.689680499449137,42.0,0.0,308.4832904884319,0.0
2020-10-01,29153,Missouri,Ozark County,36.64959,-92.458549,9174,150,1,1635.0555918901243,10.900370612600828,11.0,1.0,119.9040767386091,10.900370612600828
2020-10-01,29155,Missouri,Pemiscot County,36.209916,-89.785942,15805,609,10,3853.211009174312,63.27111673521038,54.0,1.0,341.66403037013606,6.3271116735210375
2020-10-01,29157,Missouri,Perry County,37.71113,-89.802125,19136,674,7,3522.157190635451,36.580267558528426,31.0,1.0,161.99832775919734,5.225752508361204
2020-10-01,29159,Missouri,Pettis County,38.727367,-93.285207,42339,1264,12,2985.4271475471787,28.34266279316942,101.0,1.0,238.5507451758426,2.3618885660974516
2020-10-01,29161,Missouri,Phelps County,37.866326,-91.790349,44573,618,12,1386.4895788930519,26.92212774549615,103.0,4.0,231.0815964821753,8.974042581832052
2020-10-01,29163,Missouri,Pike County,39.339959,-91.171607,18302,324,4,1770.298328051579,21.855534914217024,18.0,1.0,98.3499071139766,5.463883728554256
2020-10-01,29165,Missouri,Platte County,39.378696,-94.761472,104418,882,10,844.6819513876918,9.576892872876325,75.0,0.0,71.82669654657242,0.0
2020-10-01,29167,Missouri,Polk County,37.616761,-93.400817,32149,862,3,2681.2653581759932,9.331549970450093,122.0,0.0,379.48303213163706,0.0
2020-10-01,29169,Missouri,Pulaski County,37.824835,-92.207022,52607,941,6,1788.7353394035015,11.405326287376205,91.0,1.0,172.98078202520577,1.9008877145627008
2020-10-01,29171,Missouri,Putnam County,40.478606,-93.014531,4696,37,1,787.9045996592844,21.294718909710394,3.0,0.0,63.88415672913117,0.0
2020-10-01,29173,Missouri,Ralls County,39.553455,-91.524787,10309,162,0,1571.4424289455815,0.0,7.0,0.0,67.90183334950044,0.0
2020-10-01,29175,Missouri,Randolph County,39.439249,-92.492959,24748,430,3,1737.5141425569743,12.12219169225796,134.0,0.0,541.4578955875222,0.0
2020-10-01,29177,Missouri,Ray County,39.308401,-93.995746,23018,209,2,907.9850551742114,8.688852202624034,20.0,0.0,86.88852202624034,0.0
2020-10-01,29179,Missouri,Reynolds County,37.366464,-90.972282,6270,51,0,813.3971291866028,0.0,7.0,0.0,111.64274322169058,0.0
2020-10-01,29181,Missouri,Ripley County,36.65017,-90.874834,13288,192,1,1444.9127031908488,7.525586995785671,17.0,1.0,127.93497892835643,7.525586995785671
2020-10-01,29183,Missouri,St. Charles County,38.781102,-90.674915,402022,8338,120,2074.0158498788624,29.84911273512395,543.0,5.0,135.0672351264359,1.2437130306301645
2020-10-01,29185,Missouri,St. Clair County,38.04223,-93.77656,9397,83,0,883.2606150899223,0.0,18.0,0.0,191.55049483877835,0.0
2020-10-01,29186,Missouri,Ste. Genevieve County,37.885845,-90.161531,17894,227,1,1268.581647479602,5.588465407399128,22.0,0.0,122.94623896278082,0.0
2020-10-01,29187,Missouri,St. Francois County,37.810707,-90.473868,67215,2413,12,3589.97247638176,17.853157777281858,212.0,3.0,315.4057873986461,4.4632894443204645
2020-10-01,29189,Missouri,St. Louis County,38.640688,-90.446073,994205,23969,807,2410.8709974301078,81.17038236580986,884.0,19.0,88.915263954617,1.9110746777576055
2020-10-01,29195,Missouri,Saline County,39.13584,-93.204164,22761,823,9,3615.8341021923466,39.541320680110715,85.0,0.0,373.44580642326787,0.0
2020-10-01,29197,Missouri,Schuyler County,40.469361,-92.519016,4660,29,0,622.3175965665237,0.0,6.0,0.0,128.75536480686696,0.0
2020-10-01,29199,Missouri,Scotland County,40.447686,-92.142824,4902,41,1,836.3933088535292,20.39983680130559,9.0,0.0,183.5985312117503,0.0
2020-10-01,29201,Missouri,Scott County,37.047793,-89.568098,38280,1018,17,2659.3521421107625,44.40961337513061,115.0,1.0,300.41797283176595,2.6123301985370952
2020-10-01,29203,Missouri,Shannon County,37.152498,-91.391328,8166,151,1,1849.130541268675,12.24589762429586,32.0,0.0,391.86872397746754,0.0
2020-10-01,29205,Missouri,Shelby County,39.797531,-92.088719,5930,75,1,1264.7554806070827,16.863406408094434,9.0,0.0,151.77065767284992,0.0
2020-10-01,29207,Missouri,Stoddard County,36.851557,-89.947481,29025,593,14,2043.0663221360896,48.23428079242033,78.0,2.0,268.73385012919897,6.890611541774332
2020-10-01,29209,Missouri,Stone County,36.751004,-93.473701,31952,547,6,1711.9429143715572,18.778167250876315,61.0,2.0,190.91136705057585,6.259389083625438
2020-10-01,29211,Missouri,Sullivan County,40.209587,-93.109783,6089,230,0,3777.3033338807686,0.0,32.0,0.0,525.5378551486288,0.0
2020-10-01,29213,Missouri,Taney County,36.649827,-93.042819,55928,1340,36,2395.937634100987,64.36847375196682,122.0,5.0,218.13760549277643,8.940065798884278
2020-10-01,29215,Missouri,Texas County,37.314257,-91.964478,25398,423,2,1665.4854712969525,7.874635798094339,83.0,0.0,326.79738562091507,0.0
2020-10-01,29217,Missouri,Vernon County,37.850196,-94.341597,20563,247,1,1201.1865972863882,4.863103632738413,42.0,0.0,204.25035257501338,0.0
2020-10-01,29219,Missouri,Warren County,38.761902,-91.159306,35649,514,1,1441.8356756150242,2.8051277735700864,26.0,1.0,72.93332211282224,2.8051277735700864
2020-10-01,29221,Missouri,Washington County,37.942611,-90.897018,24730,585,11,2365.547917509098,44.48038819247877,72.0,1.0,291.14435907804284,4.043671653861707
2020-10-01,29223,Missouri,Wayne County,37.111074,-90.453931,12873,276,0,2144.0223724073644,0.0,24.0,0.0,186.436728035423,0.0
2020-10-01,29225,Missouri,Webster County,37.280804,-92.87608,39592,847,5,2139.321074964639,12.628813901798344,173.0,2.0,436.95696100222267,5.0515255607193374
2020-10-01,29227,Missouri,Worth County,40.480499,-94.419198,2013,22,0,1092.896174863388,0.0,1.0,0.0,49.67709885742673,0.0
2020-10-01,29229,Missouri,Wright County,37.267633,-92.479989,18289,475,0,2597.18956749959,0.0,107.0,0.0,585.0511236262233,0.0
2020-10-01,29510,Missouri,St. Louis city,38.635699,-90.244582,300576,7164,215,2383.4238262535932,71.52933035239008,189.0,8.0,62.879271798147556,2.661556478228468
2020-10-01,30001,Montana,Beaverhead County,45.133863,-112.892869,9453,110,1,1163.6517507669523,10.578652279699565,29.0,0.0,306.7809161112874,0.0
2020-10-01,30003,Montana,Big Horn County,45.407869,-107.518163,13319,940,22,7057.5869059238685,165.17756588332458,67.0,0.0,503.0407688264885,0.0
2020-10-01,30005,Montana,Blaine County,48.428282,-108.967648,6681,38,0,568.7771291722796,0.0,17.0,0.0,254.4529262086514,0.0
2020-10-01,30007,Montana,Broadwater County,46.329849,-111.497873,6237,18,0,288.6002886002886,0.0,1.0,0.0,16.0333493666827,0.0
2020-10-01,30009,Montana,Carbon County,45.224468,-109.028554,10725,127,0,1184.1491841491843,0.0,12.0,0.0,111.8881118881119,0.0
2020-10-01,30011,Montana,Carter County,45.516825,-104.515324,1252,6,0,479.23322683706067,0.0,3.0,0.0,239.61661341853033,0.0
2020-10-01,30013,Montana,Cascade County,47.316575,-111.350262,81366,796,5,978.2956025858467,6.1450728805643635,153.0,0.0,188.03923014526953,0.0
2020-10-01,30015,Montana,Chouteau County,47.886834,-110.4362,5635,32,0,567.8793256433008,0.0,4.0,0.0,70.9849157054126,0.0
2020-10-01,30017,Montana,Custer County,46.261414,-105.550352,11402,119,2,1043.6765479740395,17.540782318891424,8.0,0.0,70.1631292755657,0.0
2020-10-01,30019,Montana,Daniels County,48.794429,-105.541739,1690,6,0,355.0295857988165,0.0,1.0,0.0,59.171597633136095,0.0
2020-10-01,30021,Montana,Dawson County,47.26613,-104.898271,8613,78,1,905.6078021595263,11.610356437942645,2.0,0.0,23.22071287588529,0.0
2020-10-01,30023,Montana,Deer Lodge County,46.094672,-113.141624,9140,118,0,1291.0284463894966,0.0,4.0,0.0,43.7636761487965,0.0
2020-10-01,30025,Montana,Fallon County,46.318184,-104.405718,2846,8,0,281.09627547434997,0.0,3.0,0.0,105.41110330288123,0.0
2020-10-01,30027,Montana,Fergus County,47.225221,-109.232138,11050,67,1,606.3348416289592,9.049773755656108,4.0,0.0,36.199095022624434,0.0
2020-10-01,30029,Montana,Flathead County,48.314678,-114.054295,103806,1242,19,1196.4626322177908,18.303373600755254,308.0,3.0,296.7073194227694,2.8900063580139874
2020-10-01,30031,Montana,Gallatin County,45.518054,-111.163921,114434,1428,4,1247.8808745652516,3.4954646346365594,146.0,0.0,127.5844591642344,0.0
2020-10-01,30033,Montana,Garfield County,47.267184,-106.995991,1258,18,0,1430.8426073131957,0.0,1.0,0.0,79.4912559618442,0.0
2020-10-01,30035,Montana,Glacier County,48.705671,-112.990502,13753,401,1,2915.727477641242,7.271140841998109,174.0,0.0,1265.178506507671,0.0
2020-10-01,30037,Montana,Golden Valley County,46.380624,-109.174586,821,5,0,609.0133982947624,0.0,2.0,0.0,243.60535931790497,0.0
2020-10-01,30039,Montana,Granite County,46.395955,-113.427356,3379,22,0,651.0802012429713,0.0,0.0,0.0,0.0,0.0
2020-10-01,30041,Montana,Hill County,48.631959,-110.106321,16484,194,3,1176.8988109682116,18.199466148992965,48.0,0.0,291.19145838388744,0.0
2020-10-01,30043,Montana,Jefferson County,46.124232,-112.059428,12221,84,0,687.3414614188691,0.0,16.0,0.0,130.92218312740366,0.0
2020-10-01,30045,Montana,Judith Basin County,47.032558,-110.30532,2007,8,0,398.6048829098156,0.0,2.0,0.0,99.6512207274539,0.0
2020-10-01,30047,Montana,Lake County,47.642901,-114.083687,30458,284,1,932.4315450784687,3.283209665769256,19.0,0.0,62.38098364961586,0.0
2020-10-01,30049,Montana,Lewis and Clark County,47.132013,-112.373367,69432,324,3,466.64362253715865,4.3207742827514695,83.0,0.0,119.54142182279064,0.0
2020-10-01,30051,Montana,Liberty County,48.559654,-111.036924,2337,20,0,855.7980316645272,0.0,2.0,0.0,85.57980316645272,0.0
2020-10-01,30053,Montana,Lincoln County,48.552385,-115.463185,19980,131,3,655.6556556556557,15.015015015015015,24.0,0.0,120.12012012012012,0.0
2020-10-01,30055,Montana,McCone County,47.629628,-105.757222,1664,23,0,1382.2115384615383,0.0,4.0,0.0,240.3846153846154,0.0
2020-10-01,30057,Montana,Madison County,45.32529,-111.913791,8600,111,1,1290.6976744186047,11.627906976744187,11.0,0.0,127.90697674418604,0.0
2020-10-01,30059,Montana,Meagher County,46.5857,-110.92174,1862,29,2,1557.4650912996779,107.41138560687432,4.0,0.0,214.82277121374864,0.0
2020-10-01,30061,Montana,Mineral County,47.151942,-115.065627,4397,5,0,113.71389583807142,0.0,3.0,0.0,68.22833750284285,0.0
2020-10-01,30063,Montana,Missoula County,47.027263,-113.892691,119600,857,3,716.5551839464883,2.508361204013378,229.0,0.0,191.4715719063545,0.0
2020-10-01,30065,Montana,Musselshell County,46.505281,-108.439763,4633,37,1,798.6186056550831,21.58428663932657,2.0,0.0,43.16857327865314,0.0
2020-10-01,30067,Montana,Park County,45.421429,-110.53276,16606,106,0,638.3234975310129,0.0,13.0,0.0,78.28495724436951,0.0
2020-10-01,30069,Montana,Petroleum County,47.141917,-108.226575,487,0,0,0.0,0.0,0.0,0.0,0.0,0.0
2020-10-01,30071,Montana,Phillips County,48.250143,-107.928897,3954,122,0,3085.4830551340415,0.0,3.0,0.0,75.87253414264036,0.0
2020-10-01,30073,Montana,Pondera County,48.228604,-112.220761,5911,58,0,981.2214515310438,0.0,35.0,0.0,592.1163931652851,0.0
2020-10-01,30075,Montana,Powder River County,45.408926,-105.555344,1682,20,0,1189.0606420927468,0.0,13.0,0.0,772.8894173602854,0.0
2020-10-01,30077,Montana,Powell County,46.844225,-112.9311,6890,12,0,174.1654571843251,0.0,0.0,0.0,0.0,0.0
2020-10-01,30079,Montana,Prairie County,46.812384,-105.503994,1077,4,0,371.4020427112349,0.0,3.0,0.0,278.5515320334262,0.0
2020-10-01,30081,Montana,Ravalli County,46.077744,-114.105795,43806,158,2,360.68118522576816,4.56558462311099,26.0,0.0,59.35260010044286,0.0
2020-10-01,30083,Montana,Richland County,47.785633,-104.563408,10803,107,2,990.4656114042394,18.513375914097935,29.0,0.0,268.44395075442003,0.0
2020-10-01,30085,Montana,Roosevelt County,48.282747,-104.99517,11004,407,4,3698.6550345328974,36.350418029807344,138.0,3.0,1254.0894220283533,27.262813522355508
2020-10-01,30087,Montana,Rosebud County,46.173233,-106.666746,8937,652,19,7295.5130356943055,212.5993062548954,22.0,1.0,246.16761776882623,11.189437171310283
2020-10-01,30089,Montana,Sanders County,47.756497,-115.180306,12113,48,1,396.2684718897053,8.25559316436886,2.0,0.0,16.51118632873772,0.0
2020-10-01,30091,Montana,Sheridan County,48.705523,-104.533913,3309,19,0,574.1915986702932,0.0,6.0,0.0,181.32366273798732,0.0
2020-10-01,30093,Montana,Silver Bow County,45.896232,-112.660071,34915,270,0,773.3066017471001,0.0,28.0,0.0,80.19475869969926,0.0
2020-10-01,30095,Montana,Stillwater County,45.658545,-109.381576,9642,82,2,850.4459655673096,20.742584526031944,26.0,0.0,269.6535988384153,0.0
2020-10-01,30097,Montana,Sweet Grass County,45.811292,-109.944796,3737,47,2,1257.6933369012577,53.51886540005352,5.0,1.0,133.7971635001338,26.75943270002676
2020-10-01,30099,Montana,Teton County,47.819035,-112.281725,6147,29,0,471.77484952009115,0.0,8.0,0.0,130.1447860745079,0.0
2020-10-01,30101,Montana,Toole County,48.645125,-111.733472,4736,120,6,2533.7837837837837,126.6891891891892,46.0,0.0,971.2837837837837,0.0
2020-10-01,30103,Montana,Treasure County,46.229441,-107.285772,696,3,0,431.0344827586207,0.0,0.0,0.0,0.0,0.0
2020-10-01,30105,Montana,Valley County,48.34985,-106.670424,7396,97,1,1311.5197404002163,13.520822065981612,27.0,1.0,365.06219578150353,13.520822065981612
2020-10-01,30107,Montana,Wheatland County,46.497047,-109.857147,2126,20,1,940.733772342427,47.03668861712136,9.0,1.0,423.33019755409214,47.03668861712136
2020-10-01,30109,Montana,Wibaux County,46.962966,-104.274518,969,9,0,928.7925696594427,0.0,0.0,0.0,0.0,0.0
2020-10-01,30111,Montana,Yellowstone County,45.936987,-108.276656,161300,3424,68,2122.7526348419096,42.15747055176689,434.0,6.0,269.0638561686299,3.719776813391196
2020-10-01,31001,Nebraska,Adams County,40.520632,-98.500044,31363,580,12,1849.312884609253,38.2616458884673,46.0,0.0,146.669642572458,0.0
2020-10-01,31003,Nebraska,Antelope County,42.183225,-98.058037,6298,94,1,1492.5373134328358,15.878056525881233,27.0,0.0,428.7075261987933,0.0
2020-10-01,31005,Nebraska,Arthur County,41.57193,-101.695917,463,1,0,215.98272138228944,0.0,0.0,0.0,0.0,0.0
2020-10-01,31007,Nebraska,Banner County,41.53975,-103.726263,745,2,0,268.45637583892614,0.0,0.0,0.0,0.0,0.0
2020-10-01,31009,Nebraska,Blaine County,41.931945,-99.996407,465,1,0,215.05376344086022,0.0,1.0,0.0,215.05376344086022,0.0
2020-10-01,31011,Nebraska,Boone County,41.703934,-98.070476,5192,88,0,1694.915254237288,0.0,13.0,0.0,250.38520801232664,0.0
2020-10-01,31013,Nebraska,Box Butte County,42.21038,-103.081779,10783,98,1,908.8379857182601,9.273856997125105,26.0,0.0,241.12028192525273,0.0
2020-10-01,31015,Nebraska,Boyd County,42.894448,-98.773022,1919,30,0,1563.3142261594583,0.0,10.0,0.0,521.1047420531527,0.0
2020-10-01,31017,Nebraska,Brown County,42.359562,-99.92392,2955,47,0,1590.5245346869713,0.0,20.0,0.0,676.818950930626,0.0
2020-10-01,31019,Nebraska,Buffalo County,40.855226,-99.074983,49659,1145,6,2305.725044805574,12.082401981513925,121.0,2.0,243.66177329386414,4.027467327171308
2020-10-01,31021,Nebraska,Burt County,41.854179,-96.337746,6459,82,1,1269.546369407029,15.482272797646694,7.0,1.0,108.37590958352686,15.482272797646694
2020-10-01,31023,Nebraska,Butler County,41.226072,-97.132039,8016,144,1,1796.4071856287424,12.4750499001996,33.0,0.0,411.67664670658684,0.0
2020-10-01,31025,Nebraska,Cass County,40.909878,-96.140609,26248,347,3,1322.0054861322767,11.429442243218531,24.0,1.0,91.43553794574825,3.8098140810728434
2020-10-01,31027,Nebraska,Cedar County,42.60456,-97.25687,8402,90,0,1071.173530111878,0.0,10.0,0.0,119.019281123542,0.0
2020-10-01,31029,Nebraska,Chase County,40.53039,-101.694192,3924,25,0,637.10499490316,0.0,2.0,0.0,50.96839959225281,0.0
2020-10-01,31031,Nebraska,Cherry County,42.571323,-101.047653,5689,52,4,914.0446475654772,70.31112673580594,5.0,0.0,87.88890841975743,0.0
2020-10-01,31033,Nebraska,Cheyenne County,41.214236,-103.011929,8910,43,0,482.6038159371493,0.0,7.0,0.0,78.56341189674524,0.0
2020-10-01,31035,Nebraska,Clay County,40.523669,-98.050858,6203,81,0,1305.8197646300177,0.0,10.0,0.0,161.21231662098984,0.0
2020-10-01,31037,Nebraska,Colfax County,41.57496,-97.088945,10709,795,5,7423.662340087776,46.68970025212438,27.0,0.0,252.12438136147168,0.0
2020-10-01,31039,Nebraska,Cuming County,41.915865,-96.788517,8846,159,0,1797.4225638706762,0.0,33.0,0.0,373.04996608636674,0.0
2020-10-01,31041,Nebraska,Custer County,41.393893,-99.726866,10777,97,4,900.0649531409483,37.116080541894775,14.0,0.0,129.90628189663173,0.0
2020-10-01,31043,Nebraska,Dakota County,42.391645,-96.561356,20026,2250,43,11235.39398781584,214.72086287825826,67.0,0.0,334.56506541496054,0.0
2020-10-01,31045,Nebraska,Dawes County,42.711214,-103.134872,8589,132,0,1536.8494586098498,0.0,11.0,0.0,128.0707882174875,0.0
2020-10-01,31047,Nebraska,Dawson County,40.867378,-99.815154,23595,1094,13,4636.575545666455,55.09641873278236,22.0,1.0,93.24009324009324,4.238186056367875
2020-10-01,31049,Nebraska,Deuel County,41.111903,-102.332609,1794,4,0,222.9654403567447,0.0,0.0,0.0,0.0,0.0
2020-10-01,31051,Nebraska,Dixon County,42.48528,-96.855862,5636,96,2,1703.3356990773598,35.486160397445,10.0,0.0,177.43080198722498,0.0
2020-10-01,31053,Nebraska,Dodge County,41.577008,-96.645853,36565,1240,12,3391.2211130862847,32.81826883631888,94.0,1.0,257.07643921783125,2.734855736359907
2020-10-01,31055,Nebraska,Douglas County,41.297091,-96.154066,571327,16600,195,2905.516455549974,34.13106679712319,985.0,6.0,172.40564510341713,1.0501866706807135
2020-10-01,31057,Nebraska,Dundy County,40.180165,-101.681133,1693,12,1,708.8009450679267,59.06674542232723,1.0,0.0,59.06674542232723,0.0
2020-10-01,31059,Nebraska,Fillmore County,40.52504,-97.596705,5462,58,1,1061.8820944708898,18.30831197363603,3.0,0.0,54.92493592090809,0.0
2020-10-01,31061,Nebraska,Franklin County,40.183203,-98.96208,2979,33,0,1107.7542799597181,0.0,9.0,0.0,302.11480362537765,0.0
2020-10-01,31063,Nebraska,Frontier County,40.530947,-100.406683,2627,8,0,304.52988199467075,0.0,1.0,0.0,38.06623524933384,0.0
2020-10-01,31065,Nebraska,Furnas County,40.191865,-99.909663,4676,40,2,855.4319931565441,42.7715996578272,1.0,1.0,21.3857998289136,21.3857998289136
2020-10-01,31067,Nebraska,Gage County,40.255234,-96.683453,21513,270,5,1255.0550829730862,23.241760795797887,50.0,0.0,232.41760795797887,0.0
2020-10-01,31069,Nebraska,Garden County,41.633364,-102.302985,1837,11,0,598.8023952095808,0.0,2.0,0.0,108.87316276537834,0.0
2020-10-01,31071,Nebraska,Garfield County,41.906868,-98.951231,1969,11,0,558.659217877095,0.0,3.0,0.0,152.36160487557137,0.0
2020-10-01,31073,Nebraska,Gosper County,40.509095,-99.823206,1990,41,0,2060.3015075376884,0.0,7.0,0.0,351.75879396984925,0.0
2020-10-01,31075,Nebraska,Grant County,41.913957,-101.755965,623,1,0,160.51364365971108,0.0,0.0,0.0,0.0,0.0
2020-10-01,31077,Nebraska,Greeley County,41.567571,-98.530565,2356,32,0,1358.2342954159592,0.0,7.0,0.0,297.11375212224107,0.0
2020-10-01,31079,Nebraska,Hall County,40.866027,-98.502664,61353,2061,47,3359.2489364823236,76.60587094355614,72.0,0.0,117.35367463693706,0.0
2020-10-01,31081,Nebraska,Hamilton County,40.872817,-98.022329,9324,142,12,1522.951522951523,128.7001287001287,14.0,0.0,150.15015015015015,0.0
2020-10-01,31083,Nebraska,Harlan County,40.178766,-99.403418,3380,24,0,710.059171597633,0.0,4.0,0.0,118.34319526627219,0.0
2020-10-01,31085,Nebraska,Hayes County,40.537234,-101.047963,922,0,0,0.0,0.0,0.0,0.0,0.0,0.0
2020-10-01,31087,Nebraska,Hitchcock County,40.176896,-101.044217,2762,8,0,289.6451846488052,0.0,4.0,0.0,144.8225923244026,0.0
2020-10-01,31089,Nebraska,Holt County,42.459287,-98.784766,10067,97,1,963.5442535015397,9.933445912387008,32.0,0.0,317.87026919638424,0.0
2020-10-01,31091,Nebraska,Hooker County,41.920317,-101.117324,682,13,1,1906.158357771261,146.6275659824047,6.0,1.0,879.7653958944283,146.6275659824047
2020-10-01,31093,Nebraska,Howard County,41.216851,-98.513342,6445,102,5,1582.622187742436,77.57951900698215,8.0,0.0,124.12723041117144,0.0
2020-10-01,31095,Nebraska,Jefferson County,40.175736,-97.143103,7046,34,0,482.54328697133127,0.0,6.0,0.0,85.15469770082316,0.0
2020-10-01,31097,Nebraska,Johnson County,40.39501,-96.265367,5071,65,0,1281.798461841846,0.0,20.0,0.0,394.3995267205679,0.0
2020-10-01,31099,Nebraska,Kearney County,40.50912,-98.947602,6495,152,0,2340.261739799846,0.0,13.0,0.0,200.15396458814473,0.0
2020-10-01,31101,Nebraska,Keith County,41.194245,-101.644449,8034,65,0,809.0614886731391,0.0,1.0,0.0,12.447099825740603,0.0
2020-10-01,31103,Nebraska,Keya Paha County,42.87548,-99.718351,806,5,0,620.347394540943,0.0,0.0,0.0,0.0,0.0
2020-10-01,31105,Nebraska,Kimball County,41.199274,-103.703153,3632,19,0,523.1277533039647,0.0,4.0,0.0,110.13215859030838,0.0
2020-10-01,31107,Nebraska,Knox County,42.634404,-97.891349,8332,184,0,2208.3533365338453,0.0,27.0,0.0,324.0518482957273,0.0
2020-10-01,31109,Nebraska,Lancaster County,40.783547,-96.688658,319090,6657,24,2086.2452599580056,7.5213889498260675,580.0,0.0,181.76689962079664,0.0
2020-10-01,31111,Nebraska,Lincoln County,41.050322,-100.744481,34914,449,4,1286.0170705161254,11.456722231769492,86.0,2.0,246.31952798304405,5.728361115884746
2020-10-01,31113,Nebraska,Logan County,41.542155,-100.443665,748,6,0,802.1390374331552,0.0,0.0,0.0,0.0,0.0
2020-10-01,31115,Nebraska,Loup County,41.903183,-99.509852,664,3,0,451.8072289156626,0.0,0.0,0.0,0.0,0.0
2020-10-01,31117,Nebraska,McPherson County,41.648414,-101.120851,494,6,0,1214.5748987854251,0.0,0.0,0.0,0.0,0.0
2020-10-01,31119,Nebraska,Madison County,41.909929,-97.606856,35099,857,5,2441.665004700989,14.245420097438673,52.0,0.0,148.1523690133622,0.0
2020-10-01,31121,Nebraska,Merrick County,41.16979,-98.031057,7755,83,1,1070.2772404900063,12.89490651192779,3.0,0.0,38.684719535783366,0.0
2020-10-01,31123,Nebraska,Morrill County,41.732204,-102.990594,4642,79,0,1701.8526497199482,0.0,3.0,0.0,64.62731581214993,0.0
2020-10-01,31125,Nebraska,Nance County,41.402385,-97.991408,3519,51,0,1449.2753623188405,0.0,11.0,0.0,312.588803637397,0.0
2020-10-01,31127,Nebraska,Nemaha County,40.387389,-95.852721,6972,132,0,1893.2874354561102,0.0,11.0,0.0,157.77395295467585,0.0
2020-10-01,31129,Nebraska,Nuckolls County,40.176492,-98.046842,4148,17,0,409.8360655737705,0.0,2.0,0.0,48.216007714561236,0.0
2020-10-01,31131,Nebraska,Otoe County,40.637992,-96.131027,16012,170,1,1061.7037222083438,6.245316012990258,26.0,0.0,162.3782163377467,0.0
2020-10-01,31133,Nebraska,Pawnee County,40.13785,-96.245225,2613,19,0,727.1335629544585,0.0,2.0,0.0,76.54037504783774,0.0
2020-10-01,31135,Nebraska,Perkins County,40.857646,-101.627468,2891,34,10,1176.0636457973021,345.90107229332415,2.0,0.0,69.18021445866482,0.0
2020-10-01,31137,Nebraska,Phelps County,40.516365,-99.406557,9034,117,0,1295.1073721496568,0.0,11.0,0.0,121.76223156962587,0.0
2020-10-01,31139,Nebraska,Pierce County,42.271413,-97.610992,7148,109,8,1524.9020705092335,111.91941801902631,6.0,0.0,83.93956351426972,0.0
2020-10-01,31141,Nebraska,Platte County,41.576866,-97.513467,33470,1147,4,3426.9495070212133,11.951000896325068,91.0,1.0,271.88527039139524,2.987750224081267
2020-10-01,31143,Nebraska,Polk County,41.187925,-97.570663,5213,68,1,1304.431229618262,19.18281220026856,13.0,0.0,249.37655860349128,0.0
2020-10-01,31145,Nebraska,Red Willow County,40.16942,-100.468576,10724,46,0,428.9444237224916,0.0,15.0,0.0,139.87318164863856,0.0
2020-10-01,31147,Nebraska,Richardson County,40.123743,-95.718603,7865,60,1,762.8734901462174,12.714558169103624,7.0,0.0,89.00190718372536,0.0
2020-10-01,31149,Nebraska,Rock County,42.394749,-99.420851,1357,45,1,3316.138540899042,73.69196757553426,6.0,0.0,442.1518054532056,0.0
2020-10-01,31151,Nebraska,Saline County,40.516802,-97.131755,14224,756,2,5314.96062992126,14.060742407199102,42.0,0.0,295.2755905511811,0.0
2020-10-01,31153,Nebraska,Sarpy County,41.115064,-96.109125,187196,3832,27,2047.0522874420394,14.423385115066562,312.0,11.0,166.67022799632468,5.8761939357678585
2020-10-01,31155,Nebraska,Saunders County,41.223388,-96.642097,21578,497,3,2303.2718509593105,13.903049402168877,51.0,0.0,236.35183983687088,0.0
2020-10-01,31157,Nebraska,Scotts Bluff County,41.850331,-103.701549,35618,427,8,1198.8320512100622,22.460553652647537,20.0,0.0,56.15138413161884,0.0
2020-10-01,31159,Nebraska,Seward County,40.871944,-97.140383,17284,242,3,1400.1388567461236,17.357093265447812,24.0,0.0,138.8567461235825,0.0
2020-10-01,31161,Nebraska,Sheridan County,42.512289,-102.36828,5246,52,0,991.2314144109797,0.0,4.0,0.0,76.24857033930614,0.0
2020-10-01,31163,Nebraska,Sherman County,41.218743,-98.972849,3001,26,2,866.3778740419859,66.64445184938354,3.0,1.0,99.96667777407531,33.32222592469177
2020-10-01,31165,Nebraska,Sioux County,42.470668,-103.73217,1166,7,0,600.3430531732419,0.0,0.0,0.0,0.0,0.0
2020-10-01,31167,Nebraska,Stanton County,41.905045,-97.177109,5920,43,0,726.3513513513514,0.0,4.0,0.0,67.56756756756756,0.0
2020-10-01,31169,Nebraska,Thayer County,40.173845,-97.596263,5003,31,0,619.6282230661602,0.0,2.0,0.0,39.97601439136518,0.0
2020-10-01,31171,Nebraska,Thomas County,41.85573,-100.524703,722,5,0,692.5207756232687,0.0,1.0,0.0,138.50415512465375,0.0
2020-10-01,31173,Nebraska,Thurston County,42.154061,-96.533943,7224,269,4,3723.698781838317,55.370985603543744,17.0,0.0,235.32668881506092,0.0
2020-10-01,31175,Nebraska,Valley County,41.564094,-98.983484,4158,45,0,1082.2510822510822,0.0,15.0,0.0,360.75036075036076,0.0
2020-10-01,31177,Nebraska,Washington County,41.533973,-96.224577,20729,282,4,1360.4129480438035,19.296637560905012,22.0,2.0,106.13150658497757,9.648318780452506
2020-10-01,31179,Nebraska,Wayne County,42.210746,-97.126243,9385,174,0,1854.0223761321258,0.0,37.0,0.0,394.2461374533831,0.0
2020-10-01,31181,Nebraska,Webster County,40.180646,-98.49859,3487,18,0,516.2030398623459,0.0,2.0,0.0,57.355893318038426,0.0
2020-10-01,31183,Nebraska,Wheeler County,41.922575,-98.520853,783,1,0,127.7139208173691,0.0,0.0,0.0,0.0,0.0
2020-10-01,31185,Nebraska,York County,40.873056,-97.596742,13679,184,2,1345.127567804664,14.620951823963741,23.0,0.0,168.140945975583,0.0
2020-10-01,32001,Nevada,Churchill County,39.53771,-118.264166,24909,154,3,618.2504315709181,12.043839576056847,15.0,0.0,60.219197880284234,0.0
2020-10-01,32003,Nevada,Clark County,36.214257,-115.013812,2266715,67499,1394,2977.83356090201,61.4986886309042,2324.0,34.0,102.52722552239696,1.4999680153879071
2020-10-01,32005,Nevada,Douglas County,38.905129,-119.609019,48905,312,1,637.971577548308,2.044780697270218,16.0,0.0,32.716491156323485,0.0
2020-10-01,32007,Nevada,Elko County,41.141133,-115.351424,52778,978,10,1853.0448292849294,18.947288642995186,39.0,0.0,73.89442570768122,0.0
2020-10-01,32009,Nevada,Esmeralda County,37.778966,-117.632382,873,0,0,0.0,0.0,0.0,0.0,0.0,0.0
2020-10-01,32011,Nevada,Eureka County,39.977788,-116.272208,2029,10,0,492.85362247412513,0.0,0.0,0.0,0.0,0.0
2020-10-01,32013,Nevada,Humboldt County,41.407914,-118.127591,16831,130,4,772.3842908918068,23.76567048897867,9.0,0.0,53.472758600202006,0.0
2020-10-01,32015,Nevada,Lander County,39.90021,-117.04724,5532,76,1,1373.825018076645,18.076644974692698,6.0,0.0,108.45986984815619,0.0
2020-10-01,32017,Nevada,Lincoln County,37.634605,-114.863037,5183,7,0,135.05691684352692,0.0,0.0,0.0,0.0,0.0
2020-10-01,32019,Nevada,Lyon County,39.022213,-119.197425,57510,445,7,773.7784733089898,12.171796209354895,22.0,0.0,38.25421665797253,0.0
2020-10-01,32021,Nevada,Mineral County,38.516647,-118.416279,4505,13,0,288.5682574916759,0.0,0.0,0.0,0.0,0.0
2020-10-01,32023,Nevada,Nye County,37.965864,-116.459011,46523,515,15,1106.9793435505019,32.24211680244181,15.0,0.0,32.24211680244181,0.0
2020-10-01,32027,Nevada,Pershing County,40.439639,-118.409477,6725,22,0,327.13754646840147,0.0,1.0,0.0,14.869888475836431,0.0
2020-10-01,32029,Nevada,Storey County,39.438385,-119.524646,4123,10,0,242.5418384671356,0.0,1.0,0.0,24.25418384671356,0.0
2020-10-01,32031,Nevada,Washoe County,40.73132,-119.663269,471519,9617,159,2039.5784687361484,33.720804463871026,739.0,5.0,156.7275125710735,1.060402656096573
2020-10-01,32033,Nevada,White Pine County,39.418234,-114.900605,9580,66,1,688.9352818371607,10.438413361169102,6.0,0.0,62.63048016701461,0.0
2020-10-01,32510,Nevada,Carson City,39.15306,-119.747368,55916,494,8,883.4680592317047,14.307175048286716,0.0,0.0,0.0,0.0
2020-10-01,33001,New Hampshire,Belknap County,43.519109,-71.425366,61303,149,4,243.05498915224376,6.524966151738088,3.0,0.0,4.893724613803566,0.0
2020-10-01,33003,New Hampshire,Carroll County,43.867774,-71.20156,48910,124,2,253.5268861173584,4.089143324473523,2.0,0.0,4.089143324473523,0.0
2020-10-01,33005,New Hampshire,Cheshire County,42.92546,-72.248183,76085,152,3,199.77656568311758,3.942958533219426,9.0,0.0,11.828875599658277,0.0
2020-10-01,33007,New Hampshire,Coos County,44.652548,-71.289431,31563,22,0,69.70186610905174,0.0,0.0,0.0,0.0,0.0
2020-10-01,33009,New Hampshire,Grafton County,43.926439,-71.842424,89886,145,1,161.3154440068531,1.1125203034955387,7.0,0.0,7.787642124468771,0.0
2020-10-01,33011,New Hampshire,Hillsborough County,42.911532,-71.723055,417025,4451,291,1067.3221029914275,69.77998920928002,125.0,3.0,29.974222168934713,0.7193813320544332
2020-10-01,33013,New Hampshire,Merrimack County,43.299579,-71.680041,151391,596,23,393.68258350892717,15.1924486924586,30.0,0.0,19.816237424946,0.0
2020-10-01,33015,New Hampshire,Rockingham County,42.988664,-71.09908,309769,2049,103,661.4606367970972,33.25058349931724,49.0,0.0,15.818238752102372,0.0
2020-10-01,33017,New Hampshire,Strafford County,43.293272,-71.035589,130633,567,13,434.0404032671683,9.951543637518851,41.0,0.0,31.38563762602099,0.0
2020-10-01,33019,New Hampshire,Sullivan County,43.361188,-72.222084,43146,58,1,134.42729337597922,2.3177119547582627,5.0,0.0,11.588559773791312,0.0
2020-10-01,34001,New Jersey,Atlantic County,39.469355,-74.633759,263670,4152,256,1574.6956422801227,97.09106079569159,150.0,0.0,56.889293434975535,0.0
2020-10-01,34003,New Jersey,Bergen County,40.959698,-74.074727,932202,22579,2045,2422.1145202434664,219.37305433800827,275.0,1.0,29.500043981883756,0.10727288720685002
2020-10-01,34005,New Jersey,Burlington County,39.875786,-74.663006,445349,7208,502,1618.5059357941748,112.72058542850664,172.0,7.0,38.62139580418952,1.5718009920309688
2020-10-01,34007,New Jersey,Camden County,39.802407,-74.961249,506471,9996,611,1973.656931986234,120.6386940219677,197.0,5.0,38.896600200208894,0.9872233553352512
2020-10-01,34009,New Jersey,Cape May County,39.085841,-74.846354,92039,1026,97,1114.744836428036,105.39010636795273,13.0,2.0,14.12444724518954,2.172991883875314
2020-10-01,34011,New Jersey,Cumberland County,39.328434,-75.121628,149527,3802,160,2542.6845987681154,107.00408621854248,35.0,2.0,23.407143860306164,1.337551077731781
2020-10-01,34013,New Jersey,Essex County,40.7874,-74.246292,798975,21157,2128,2648.0177727713635,266.3412497262117,230.0,0.0,28.78688319409243,0.0
2020-10-01,34015,New Jersey,Gloucester County,39.722875,-75.145679,291636,4710,229,1615.0269514051765,78.52254179868055,282.0,2.0,96.69588116693411,0.685786391254852
2020-10-01,34017,New Jersey,Hudson County,40.731375,-74.078601,672391,20767,1518,3088.5303342846646,225.7614988897829,199.0,4.0,29.595875019148085,0.5948919601838811
2020-10-01,34019,New Jersey,Hunterdon County,40.565283,-74.911969,124371,1349,125,1084.6579990512257,100.50574490837896,47.0,0.0,37.79016008555049,0.0
2020-10-01,34021,New Jersey,Mercer County,40.282503,-74.703724,367430,8675,636,2360.9939308167545,173.09419481261736,66.0,2.0,17.962605122064065,0.5443213673352747
2020-10-01,34023,New Jersey,Middlesex County,40.439621,-74.40743,825062,19679,1429,2385.1540853899464,173.1991050369548,419.0,4.0,50.78406228865225,0.48481205048832693
2020-10-01,34025,New Jersey,Monmouth County,40.287048,-74.152446,618795,12025,867,1943.2930130333957,140.1110222286864,343.0,0.0,55.43031213891515,0.0
2020-10-01,34027,New Jersey,Morris County,40.858896,-74.547292,491845,7920,830,1610.2633959885734,168.7523508422369,110.0,0.0,22.36476938873019,0.0
2020-10-01,34029,New Jersey,Ocean County,39.865669,-74.258864,607186,13718,1050,2259.2747527116894,172.92888834722805,1170.0,3.0,192.6921898726255,0.4940825381349372
2020-10-01,34031,New Jersey,Passaic County,41.03789,-74.29828,501826,19135,1254,3813.0746513731847,249.88741117439113,226.0,2.0,45.035530243550554,0.3985445154296509
2020-10-01,34033,New Jersey,Salem County,39.573828,-75.357356,62385,1076,88,1724.773583393444,141.05954957121102,24.0,0.0,38.47078624669391,0.0
2020-10-01,34035,New Jersey,Somerset County,40.565527,-74.619938,328934,5850,577,1778.472277113342,175.41512887083732,110.0,4.0,33.44135905683207,1.2160494202484389
2020-10-01,34037,New Jersey,Sussex County,41.137461,-74.691914,140488,1517,197,1079.8075280451,140.225499686806,46.0,0.0,32.74301007915267,0.0
2020-10-01,34039,New Jersey,Union County,40.659871,-74.308696,556341,17761,1356,3192.466490875201,243.73540688175055,218.0,1.0,39.18460081137288,0.179745875281527
2020-10-01,34041,New Jersey,Warren County,40.853491,-75.009498,105267,1449,171,1376.4997577588417,162.44407079141612,14.0,0.0,13.299514567718278,0.0
2020-10-01,35001,New Mexico,Bernalillo County,35.053628,-106.66908,679121,6660,178,980.679437095893,26.210351321782127,333.0,4.0,49.03397185479465,0.5889966589164523
2020-10-01,35003,New Mexico,Catron County,33.901621,-108.391928,3527,9,1,255.17436915225406,28.35270768358378,0.0,0.0,0.0,0.0
2020-10-01,35005,New Mexico,Chaves County,33.361604,-104.469837,64615,1261,12,1951.5592354716398,18.571539116304265,179.0,1.0,277.02545848487193,1.547628259692022
2020-10-01,35006,New Mexico,Cibola County,34.928272,-107.99268,26675,431,21,1615.7450796626053,78.72539831302717,16.0,0.0,59.98125585754451,0.0
2020-10-01,35007,New Mexico,Colfax County,36.612964,-104.64011,11941,36,1,301.48228791558495,8.374507997655137,7.0,0.0,58.62155598358596,0.0
2020-10-01,35009,New Mexico,Curry County,34.572984,-103.346055,48954,854,6,1744.4948318829922,12.256403971074887,85.0,1.0,173.63238959022758,2.0427339951791477
2020-10-01,35011,New Mexico,De Baca County,34.359273,-104.368696,1748,1,0,57.20823798627002,0.0,0.0,0.0,0.0,0.0
2020-10-01,35013,New Mexico,Doña Ana County,32.349919,-106.834968,218195,3476,56,1593.0704186622058,25.665116065904353,249.0,2.0,114.11810536446757,0.9166112880680126
2020-10-01,35015,New Mexico,Eddy County,32.457835,-104.306434,58460,875,12,1496.7499144714334,20.526855969893944,117.0,5.0,200.13684570646595,8.552856654122477
2020-10-01,35017,New Mexico,Grant County,32.732087,-108.381504,26998,128,2,474.1091932735758,7.407956144899622,9.0,0.0,33.3358026520483,0.0
2020-10-01,35019,New Mexico,Guadalupe County,34.869782,-104.784968,4300,34,1,790.6976744186046,23.255813953488374,0.0,0.0,0.0,0.0
2020-10-01,35021,New Mexico,Harding County,35.858516,-103.847925,625,1,0,160.0,0.0,0.0,0.0,0.0,0.0
2020-10-01,35023,New Mexico,Hidalgo County,31.898052,-108.751929,4198,101,2,2405.9075750357315,47.64173415912339,2.0,0.0,47.64173415912339,0.0
2020-10-01,35025,New Mexico,Lea County,32.795687,-103.413271,71070,1464,24,2059.9409033347406,33.76952300548755,99.0,2.0,139.29928239763612,2.8141269171239625
2020-10-01,35027,New Mexico,Lincoln County,33.740841,-105.449805,19572,219,3,1118.9454322501533,15.328019619865113,20.0,0.0,102.18679746576743,0.0
2020-10-01,35028,New Mexico,Los Alamos County,35.870047,-106.307968,19369,33,0,170.37534204140638,0.0,1.0,0.0,5.16288915276989,0.0
2020-10-01,35029,New Mexico,Luna County,32.184523,-107.747191,23709,425,7,1792.5682230376651,29.52465308532625,9.0,1.0,37.96026825256232,4.217807583618035
2020-10-01,35031,New Mexico,McKinley County,35.583878,-108.253266,71367,4346,257,6089.6492776773575,360.11041517788334,35.0,1.0,49.04227444056777,1.4012078411590791
2020-10-01,35033,New Mexico,Mora County,35.982841,-104.921898,4521,7,0,154.83300154833,0.0,0.0,0.0,0.0,0.0
2020-10-01,35035,New Mexico,Otero County,32.615599,-105.751308,67490,271,13,401.5409690324492,19.262112905615645,17.0,0.0,25.188916876574307,0.0
2020-10-01,35037,New Mexico,Quay County,35.107018,-103.548071,8253,75,2,908.7604507451834,24.23361201987156,1.0,0.0,12.11680600993578,0.0
2020-10-01,35039,New Mexico,Rio Arriba County,36.509669,-106.693983,38921,401,14,1030.2921302124817,35.97029881041083,11.0,1.0,28.26237763675137,2.569307057886488
2020-10-01,35041,New Mexico,Roosevelt County,34.021207,-103.483004,18500,289,4,1562.162162162162,21.62162162162162,9.0,1.0,48.648648648648646,5.405405405405405
2020-10-01,35043,New Mexico,Sandoval County,35.685091,-106.883119,146748,1380,42,940.3876032382043,28.620492272467082,51.0,1.0,34.75345490228146,0.6814402922015973
2020-10-01,35045,New Mexico,San Juan County,36.511624,-108.324578,123958,3366,199,2715.4358734410043,160.53824682553767,71.0,2.0,57.2774649478049,1.613449716839575
2020-10-01,35047,New Mexico,San Miguel County,35.476859,-104.803519,27277,101,0,370.27532353264655,0.0,3.0,0.0,10.998276936613264,0.0
2020-10-01,35049,New Mexico,Santa Fe County,35.51453,-105.963972,150358,1032,7,686.3618829726387,4.655555407760146,62.0,1.0,41.23491932587558,0.6650793439657351
2020-10-01,35051,New Mexico,Sierra County,33.119468,-107.188161,10791,47,1,435.5481419701603,9.266981744045964,3.0,0.0,27.800945232137895,0.0
2020-10-01,35053,New Mexico,Socorro County,33.991658,-106.939136,16637,109,6,655.1661958285749,36.06419426579311,8.0,0.0,48.08559235439081,0.0
2020-10-01,35055,New Mexico,Taos County,36.576529,-105.637986,32723,148,4,452.28127005470157,12.22381810958653,10.0,0.0,30.55954527396632,0.0
2020-10-01,35057,New Mexico,Torrance County,34.554978,-105.890557,15461,77,1,498.02729448289244,6.467886941336265,11.0,0.0,71.14675635469891,0.0
2020-10-01,35059,New Mexico,Union County,36.488085,-103.475723,4059,31,2,763.7349100763735,49.273220004927325,0.0,0.0,0.0,0.0
2020-10-01,35061,New Mexico,Valencia County,34.71684,-106.806582,76688,592,4,771.959107031087,5.215939912372209,20.0,0.0,26.079699561861048,0.0
2020-10-01,36001,New York,Albany County,42.58824,-73.97401,305506,3133,123,1025.511773909514,40.26107506890209,80.0,0.0,26.18606508546477,0.0
2020-10-01,36003,New York,Allegany County,42.247853,-78.026153,46091,119,4,258.18489509882625,8.678483868868108,18.0,2.0,39.05317740990649,4.339241934434054
2020-10-01,36005,New York,Bronx County,40.848711,-73.852939,1418207,53169,4955,3749.0295845387873,349.384821820792,413.0,11.0,29.121277782439375,0.7756272532853103
2020-10-01,36007,New York,Broome County,42.161977,-75.830283,190488,1729,85,907.6687245390785,44.622233421527866,233.0,0.0,122.31741632018816,0.0
2020-10-01,36009,New York,Cattaraugus County,42.239099,-78.662332,76117,279,8,366.5409829604425,10.510135712127383,21.0,1.0,27.589106244334378,1.3137669640159229
2020-10-01,36011,New York,Cayuga County,43.008546,-76.574587,76576,221,2,288.60217300459675,2.6117843710823236,16.0,0.0,20.89427496865859,0.0
2020-10-01,36013,New York,Chautauqua County,42.304216,-79.407595,126903,602,4,474.3780682883778,3.1520137427799186,48.0,0.0,37.82416491335902,0.0
2020-10-01,36015,New York,Chemung County,42.15528,-76.747179,83456,560,5,671.0122699386503,5.991180981595092,173.0,2.0,207.29486196319021,2.396472392638037
2020-10-01,36017,New York,Chenango County,42.478024,-75.602241,47207,253,6,535.9374669010951,12.709979452199885,5.0,0.0,10.591649543499905,0.0
2020-10-01,36019,New York,Clinton County,44.752712,-73.705643,80485,162,5,201.27974156675157,6.212337702677517,5.0,0.0,6.212337702677517,0.0
2020-10-01,36021,New York,Columbia County,42.247729,-73.626806,59461,595,47,1000.655892097341,79.04340660264711,9.0,0.0,15.135971477102638,0.0
2020-10-01,36023,New York,Cortland County,42.594039,-76.07624,47581,195,1,409.8274521342552,2.10167924171413,28.0,0.0,58.847018767995635,0.0
2020-10-01,36025,New York,Delaware County,42.193986,-74.966728,44135,137,5,310.41123824628977,11.328877308258752,4.0,1.0,9.063101846607001,2.2657754616517503
2020-10-01,36027,New York,Dutchess County,41.75477,-73.740041,294218,5148,157,1749.7229945142717,53.361792956243335,43.0,1.0,14.615013357442441,0.33988403156842883
2020-10-01,36029,New York,Erie County,42.752759,-78.778192,918702,11574,627,1259.8209212562942,68.24846359319997,373.0,4.0,40.60076063837893,0.4353968969263156
2020-10-01,36031,New York,Essex County,44.109601,-73.778431,36885,169,14,458.1808323166599,37.95580859427952,5.0,1.0,13.555645926528397,2.71112918530568
2020-10-01,36033,New York,Franklin County,44.594376,-74.31067,50022,66,1,131.94194554396066,1.999120387029707,0.0,0.0,0.0,0.0
2020-10-01,36035,New York,Fulton County,43.115609,-74.423678,53383,339,28,635.0336249367776,52.45115486203473,6.0,0.0,11.239533184721727,0.0
2020-10-01,36037,New York,Genesee County,43.00091,-78.192778,57280,335,6,584.8463687150838,10.474860335195531,18.0,0.0,31.424581005586592,0.0
2020-10-01,36039,New York,Greene County,42.279821,-74.142025,47188,328,14,695.0919725353904,29.668559803339832,7.0,0.0,14.834279901669916,0.0
2020-10-01,36041,New York,Hamilton County,43.657879,-74.502456,4416,15,1,339.67391304347825,22.644927536231883,0.0,0.0,0.0,0.0
2020-10-01,36043,New York,Herkimer County,43.407489,-75.011683,61319,340,10,554.4774050457444,16.308158971933658,11.0,0.0,17.938974869127023,0.0
2020-10-01,36045,New York,Jefferson County,43.996389,-76.052968,109834,172,1,156.59995993954513,0.9104648833694484,7.0,0.0,6.373254183586139,0.0
2020-10-01,36047,New York,Kings County,40.635045,-73.95064,2559903,69062,7329,2697.836597714835,286.2999105825494,1345.0,8.0,52.54105331334821,0.31251184126898557
2020-10-01,36049,New York,Lewis County,43.782681,-75.44414,26296,50,5,190.14298752662003,19.014298752662,0.0,0.0,0.0,0.0
2020-10-01,36051,New York,Livingston County,42.727485,-77.769779,62914,208,6,330.61003910099504,9.53682805099024,3.0,0.0,4.76841402549512,0.0
2020-10-01,36053,New York,Madison County,42.910026,-75.663575,70941,498,9,701.9917959994925,12.686598722882396,6.0,0.0,8.457732481921598,0.0
2020-10-01,36055,New York,Monroe County,43.464484,-77.664658,741770,6121,260,825.1884007172035,35.05129622389689,151.0,1.0,20.356714345417043,0.13481267778421882
2020-10-01,36057,New York,Montgomery County,42.900891,-74.435357,49221,235,9,477.43849170069683,18.2848784055586,3.0,0.0,6.0949594685195345,0.0
2020-10-01,36059,New York,Nassau County,40.729612,-73.589414,1356924,46929,2202,3458.4840418475906,162.27880117088355,495.0,1.0,36.47956702070271,0.0736960949913186
2020-10-01,36061,New York,New York County,40.776642,-73.970187,1628706,33626,3181,2064.583786146794,195.30842276015437,389.0,7.0,23.88399134036468,0.4297890472559197
2020-10-01,36063,New York,Niagara County,43.456731,-78.792142,209281,1799,89,859.6098069103263,42.5265552056804,43.0,0.0,20.546537908362442,0.0
2020-10-01,36065,New York,Oneida County,43.242727,-75.434282,228671,2460,123,1075.7813627438547,53.789068137192736,72.0,2.0,31.486283787625016,0.8746189941006949
2020-10-01,36067,New York,Onondaga County,43.006516,-76.196134,460528,4456,182,967.5850328318799,39.51985547024285,156.0,2.0,33.87416183163673,0.4342841260466247
2020-10-01,36069,New York,Ontario County,42.856357,-77.303497,109777,481,28,438.16099911639054,25.506253586816907,14.0,0.0,12.753126793408454,0.0
2020-10-01,36071,New York,Orange County,41.40241,-74.306252,384940,12199,413,3169.0653088793056,107.28944770613603,309.0,1.0,80.27225022081363,0.2597807450511768
2020-10-01,36073,New York,Orleans County,43.502287,-78.229726,40352,336,55,832.6724821570182,136.3005551149881,9.0,0.0,22.303727200634416,0.0
2020-10-01,36075,New York,Oswego County,43.461443,-76.209262,117124,506,3,432.02076431815857,2.56138793074007,36.0,0.0,30.736655168880844,0.0
2020-10-01,36077,New York,Otsego County,42.629776,-75.028841,59493,342,4,574.8575462659473,6.723480073285933,7.0,0.0,11.766090128250383,0.0
2020-10-01,36079,New York,Putnam County,41.427907,-73.743861,98320,1629,63,1656.8348250610252,64.07648494711147,40.0,0.0,40.68348250610252,0.0
2020-10-01,36081,New York,Queens County,40.658566,-73.838017,2253858,72692,7256,3225.2253691226333,321.9368744614789,714.0,10.0,31.67901438333737,0.4436836748366578
2020-10-01,36083,New York,Rensselaer County,42.710421,-73.513845,158714,923,42,581.5492017087339,26.462693902239245,20.0,0.0,12.601282810590117,0.0
2020-10-01,36085,New York,Richmond County,40.561263,-74.1399,476143,16025,1086,3365.5855488792236,228.08273984916295,202.0,1.0,42.42422969570066,0.210020939087627
2020-10-01,36087,New York,Rockland County,41.154628,-74.024662,325789,15636,509,4799.425394964225,156.2360914579682,638.0,0.0,195.83227180782654,0.0
2020-10-01,36089,New York,St. Lawrence County,44.488112,-75.074311,107740,330,4,306.2929274178578,3.712641544458882,8.0,0.0,7.425283088917764,0.0
2020-10-01,36091,New York,Saratoga County,43.106135,-73.855387,229863,1073,15,466.7997894397967,6.52562613382754,56.0,0.0,24.362337566289487,0.0
2020-10-01,36093,New York,Schenectady County,42.817552,-74.043559,155299,1417,46,912.4334348579193,29.620280877533016,22.0,0.0,14.16622128925492,0.0
2020-10-01,36095,New York,Schoharie County,42.591294,-74.438172,30999,85,2,274.2023936256008,6.451821026484725,2.0,0.0,6.451821026484725,0.0
2020-10-01,36097,New York,Schuyler County,42.419776,-76.938603,17807,47,0,263.941146740046,0.0,7.0,0.0,39.31038355702814,0.0
2020-10-01,36099,New York,Seneca County,42.782294,-76.827088,34016,108,1,317.49764816556916,2.939793038570085,3.0,0.0,8.819379115710255,0.0
2020-10-01,36101,New York,Steuben County,42.266725,-77.385525,95379,464,43,486.48025246647586,45.083299258746685,88.0,4.0,92.26349615743507,4.193795279883412
2020-10-01,36103,New York,Suffolk County,40.943554,-72.692218,1476601,46563,2015,3153.3907941278653,136.4620503439995,322.0,3.0,21.80683881427684,0.2031693057230762
2020-10-01,36105,New York,Sullivan County,41.719993,-74.771577,75432,1607,37,2130.39558807933,49.05080072117934,27.0,0.0,35.793827553293035,0.0
2020-10-01,36107,New York,Tioga County,42.178057,-76.297456,48203,256,22,531.087276725515,45.64031284359895,27.0,1.0,56.01311121714416,2.074559674709043
2020-10-01,36109,New York,Tompkins County,42.453006,-76.473483,102180,426,0,416.91133294186733,0.0,20.0,0.0,19.573302016050107,0.0
2020-10-01,36111,New York,Ulster County,41.947212,-74.265458,177573,2282,84,1285.1052806451432,47.304488858103426,28.0,0.0,15.768162952701143,0.0
2020-10-01,36113,New York,Warren County,43.555105,-73.838139,63944,391,30,611.4725384711622,46.916051545101965,22.0,0.0,34.40510446640811,0.0
2020-10-01,36115,New York,Washington County,43.312377,-73.439428,61204,302,14,493.4318018430168,22.8743219397425,8.0,0.0,13.071041108424287,0.0
2020-10-01,36117,New York,Wayne County,43.458758,-77.063164,89918,326,3,362.5525478769545,3.3363731399719745,12.0,0.0,13.345492559887898,0.0
2020-10-01,36119,New York,Westchester County,41.152686,-73.745753,967506,38300,1456,3958.6317810948976,150.49002280089218,352.0,1.0,36.38220331450141,0.10335853214346992
2020-10-01,36121,New York,Wyoming County,42.701363,-78.228567,39859,137,4,343.7115833312426,10.035374695802703,3.0,0.0,7.526531021852028,0.0
2020-10-01,36123,New York,Yates County,42.638237,-77.104324,24913,64,6,256.8939910889897,24.083811664592783,2.0,0.0,8.027937221530928,0.0
2020-10-01,37001,North Carolina,Alamance County,36.043954,-79.400573,169509,4018,55,2370.375614274168,32.44665474989528,181.0,1.0,106.77899108601905,0.5899391772708233
2020-10-01,37003,North Carolina,Alexander County,35.920951,-81.177467,37497,541,7,1442.7820892338054,18.668160119476227,37.0,0.0,98.6745606315172,0.0
2020-10-01,37005,North Carolina,Alleghany County,36.489356,-81.132299,11137,238,0,2137.0207416719045,0.0,14.0,0.0,125.7071024512885,0.0
2020-10-01,37007,North Carolina,Anson County,34.974972,-80.109763,24446,630,6,2577.10872944449,24.543892661376095,67.0,2.0,274.07346805203304,8.181297553792032
2020-10-01,37009,North Carolina,Ashe County,36.443469,-81.499334,27203,279,1,1025.6221740249239,3.6760651398742787,25.0,0.0,91.90162849685696,0.0
2020-10-01,37011,North Carolina,Avery County,36.07209,-81.920285,17557,367,0,2090.334339579655,0.0,36.0,0.0,205.0464202312468,0.0
2020-10-01,37013,North Carolina,Beaufort County,35.482313,-76.842014,46994,985,26,2096.0122568838574,55.32621185683279,110.0,5.0,234.07243477890793,10.639656126313998
2020-10-01,37015,North Carolina,Bertie County,36.059043,-76.962364,18947,608,11,3208.9512851638783,58.05668443553069,48.0,3.0,253.338259355043,15.833641209690187
2020-10-01,37017,North Carolina,Bladen County,34.591938,-78.539489,32722,930,16,2842.1245645131717,48.89676670130188,93.0,2.0,284.21245645131717,6.112095837662735
2020-10-01,37019,North Carolina,Brunswick County,34.038754,-78.227765,142820,1681,27,1177.006021565607,18.904915277972275,105.0,1.0,73.51911496989217,0.7001820473323064
2020-10-01,37021,North Carolina,Buncombe County,35.609371,-82.530423,261191,3224,84,1234.3457469820937,32.1603730603275,270.0,2.0,103.37262769390982,0.7657231681030358
2020-10-01,37023,North Carolina,Burke County,35.746182,-81.70618,90485,2155,42,2381.610211637288,46.41653312703763,106.0,4.0,117.14648836823783,4.420622202575013
2020-10-01,37025,North Carolina,Cabarrus County,35.388346,-80.552728,216453,4112,74,1899.7195696063347,34.18756034797393,229.0,11.0,105.79663945521662,5.081934646320448
2020-10-01,37027,North Carolina,Caldwell County,35.966395,-81.512541,82178,1710,18,2080.8488889970554,21.903672515758476,107.0,0.0,130.20516439923094,0.0
2020-10-01,37029,North Carolina,Camden County,36.342344,-76.162488,10867,116,3,1067.451918652802,27.606515137572465,5.0,0.0,46.010858562620776,0.0
2020-10-01,37031,North Carolina,Carteret County,34.858343,-76.53586,69473,744,5,1070.9196378449183,7.197040576914772,116.0,0.0,166.97134138442274,0.0
2020-10-01,37033,North Carolina,Caswell County,36.394298,-79.339609,22604,381,5,1685.5423818793136,22.119978764820388,52.0,2.0,230.04777915413203,8.847991505928153
2020-10-01,37035,North Carolina,Catawba County,35.661883,-81.214906,159551,3255,53,2040.100030711183,33.218218626019265,223.0,1.0,139.76722176608106,0.6267588420003636
2020-10-01,37037,North Carolina,Chatham County,35.704994,-79.251454,74470,1703,58,2286.826910165167,77.8837115617027,67.0,1.0,89.96911507989795,1.3428226131328052
2020-10-01,37039,North Carolina,Cherokee County,35.13715,-84.061449,28612,659,12,2303.229414231791,41.94044456871243,60.0,0.0,209.70222284356217,0.0
2020-10-01,37041,North Carolina,Chowan County,36.128979,-76.602752,13943,375,4,2689.5216237538552,28.688230653374454,40.0,1.0,286.88230653374455,7.1720576633436135
2020-10-01,37043,North Carolina,Clay County,35.052997,-83.752264,11231,125,2,1112.9908289555694,17.80785326328911,11.0,0.0,97.94319294809011,0.0
2020-10-01,37045,North Carolina,Cleveland County,35.33463,-81.557114,97947,2328,68,2376.7956139544854,69.42530143853308,210.0,7.0,214.4016662072345,7.146722206907818
2020-10-01,37047,North Carolina,Columbus County,34.261602,-78.639308,55508,1409,57,2538.3728471571667,102.68790084312171,71.0,1.0,127.90949052388845,1.8015421200547668
2020-10-01,37049,North Carolina,Craven County,35.116829,-77.08132,102139,1711,39,1675.168153202988,38.183260067163374,394.0,6.0,385.74883247339415,5.874347702640519
2020-10-01,37051,North Carolina,Cumberland County,35.050192,-78.828719,335509,5664,80,1688.1812410397338,23.844367811295673,364.0,5.0,108.49187354139531,1.4902729882059795
2020-10-01,37053,North Carolina,Currituck County,36.372174,-75.941224,27763,186,3,669.9564168137449,10.805748658286209,9.0,0.0,32.41724597485863,0.0
2020-10-01,37055,North Carolina,Dare County,35.606269,-75.767536,37009,282,3,761.9768164500526,8.106136345213326,14.0,0.0,37.82863627766219,0.0
2020-10-01,37057,North Carolina,Davidson County,35.795131,-80.207107,167609,2883,37,1720.0746976594337,22.075186893305254,200.0,3.0,119.32533455840677,1.7898800183761014
2020-10-01,37059,North Carolina,Davie County,35.929355,-80.542552,42846,587,6,1370.0228726135463,14.00364094664613,45.0,0.0,105.02730709984596,0.0
2020-10-01,37061,North Carolina,Duplin County,34.934403,-77.933543,58741,2414,54,4109.56572070615,91.92897635382441,260.0,1.0,442.6209972591546,1.7023884509967484
2020-10-01,37063,North Carolina,Durham County,36.033828,-78.878125,321488,7878,95,2450.4802667595677,29.550092071865823,242.0,3.0,75.27497138306873,0.9331608022694472
2020-10-01,37065,North Carolina,Edgecombe County,35.917077,-77.602742,51472,1412,50,2743.2390425862604,97.14019272614237,99.0,5.0,192.3375815977619,9.714019272614237
2020-10-01,37067,North Carolina,Forsyth County,36.132466,-80.256961,382295,7182,104,1878.6539190938936,27.20412247086674,273.0,7.0,71.41082148602518,1.8310467047698766
2020-10-01,37069,North Carolina,Franklin County,36.088241,-78.28309,69685,1243,31,1783.7411207576954,44.485900839492,41.0,0.0,58.83619143287652,0.0
2020-10-01,37071,North Carolina,Gaston County,35.293344,-81.177256,224529,5352,85,2383.6564541774114,37.857025150426004,362.0,8.0,161.22638946416723,3.5630141318048008
2020-10-01,37073,North Carolina,Gates County,36.442135,-76.702355,11562,144,3,1245.4592631032694,25.94706798131811,15.0,0.0,129.73533990659055,0.0
2020-10-01,37075,North Carolina,Graham County,35.348364,-83.830915,8441,177,3,2096.907949295107,35.54081269991707,43.0,1.0,509.418315365478,11.846937566639024
2020-10-01,37077,North Carolina,Granville County,36.299884,-78.657634,60443,1770,50,2928.3788031699287,82.72256506129742,61.0,1.0,100.92152937478285,1.6544513012259483
2020-10-01,37079,North Carolina,Greene County,35.481959,-77.681688,21069,633,5,3004.4140680620817,23.731548720869526,52.0,0.0,246.80810669704306,0.0
2020-10-01,37081,North Carolina,Guilford County,36.079065,-79.788665,537174,8859,185,1649.1862971774508,34.439492603886265,528.0,6.0,98.2921734856862,1.1169565168827977
2020-10-01,37083,North Carolina,Halifax County,36.251438,-77.644842,50010,1065,21,2129.5740851829637,41.991601679664065,68.0,2.0,135.97280543891222,3.9992001599680065
2020-10-01,37085,North Carolina,Harnett County,35.368635,-78.87161,135976,2331,54,1714.2731070188856,39.71289051009002,203.0,2.0,149.29105136200508,1.4708477966700007
2020-10-01,37087,North Carolina,Haywood County,35.558882,-82.981307,62317,624,31,1001.331899802622,49.7456552786559,34.0,0.0,54.559750950783894,0.0
2020-10-01,37089,North Carolina,Henderson County,35.336415,-82.479741,117417,2063,64,1756.985785703944,54.5065876321146,118.0,0.0,100.4965209467113,0.0
2020-10-01,37091,North Carolina,Hertford County,36.363517,-76.981616,23677,779,30,3290.1127676648225,126.70524137348481,47.0,2.0,198.50487815179287,8.447016091565654
2020-10-01,37093,North Carolina,Hoke County,35.017233,-79.241964,55234,1243,18,2250.425462577398,32.58862294963247,137.0,1.0,248.03563022775828,1.8104790527573595
2020-10-01,37095,North Carolina,Hyde County,35.408157,-76.153687,4937,128,5,2592.667611910067,101.27607859023698,3.0,0.0,60.765647154142194,0.0
2020-10-01,37097,North Carolina,Iredell County,35.806249,-80.87452,181806,3138,33,1726.015643048084,18.151216131480812,412.0,6.0,226.6151832172756,3.3002211148146925
2020-10-01,37099,North Carolina,Jackson County,35.281052,-83.119962,43938,670,7,1524.8759615822296,15.931539897127772,133.0,0.0,302.69925804542765,0.0
2020-10-01,37101,North Carolina,Johnston County,35.513419,-78.367348,209339,4602,57,2198.348133888095,27.22856228414199,322.0,1.0,153.81749220164423,0.47769407516038576
2020-10-01,37103,North Carolina,Jones County,35.032268,-77.356195,9419,158,14,1677.4604522773118,148.6357362777365,9.0,3.0,95.55154474997346,31.85051491665782
2020-10-01,37105,North Carolina,Lee County,35.476336,-79.172117,61779,1683,15,2724.2266789685814,24.2800951779731,82.0,2.0,132.7311869729196,3.2373460237297462
2020-10-01,37107,North Carolina,Lenoir County,35.240068,-77.63551,55949,1031,33,1842.7496469999464,58.982287440347456,78.0,2.0,139.41267940445763,3.5746840872937855
2020-10-01,37109,North Carolina,Lincoln County,35.488491,-81.226892,86111,1714,15,1990.4541812312018,17.419377315325566,179.0,1.0,207.8712359628851,1.1612918210217047
2020-10-01,37111,North Carolina,McDowell County,35.682271,-82.048044,45756,1034,27,2259.8129207098523,59.00865460267506,136.0,1.0,297.2287787394003,2.1855057260250024
2020-10-01,37113,North Carolina,Macon County,35.152959,-83.421901,35858,630,2,1756.930113224385,5.577555914998048,38.0,0.0,105.9735623849629,0.0
2020-10-01,37115,North Carolina,Madison County,35.864207,-82.71263,21755,112,1,514.8241783498047,4.596644449551827,18.0,0.0,82.73960009193289,0.0
2020-10-01,37117,North Carolina,Martin County,35.847301,-77.119602,22440,486,10,2165.7754010695185,44.563279857397504,57.0,0.0,254.01069518716577,0.0
2020-10-01,37119,North Carolina,Mecklenburg County,35.246862,-80.833832,1110356,29132,359,2623.6630414029373,32.331972808720806,1248.0,14.0,112.3963845829626,1.260856878334516
2020-10-01,37121,North Carolina,Mitchell County,36.013102,-82.163554,14964,166,3,1109.3290564020315,20.04811547714515,61.0,0.0,407.64501470195137,0.0
2020-10-01,37123,North Carolina,Montgomery County,35.334415,-79.906602,27173,1053,33,3875.1702057189123,121.44408052110552,24.0,6.0,88.3229676517131,22.080741912928275
2020-10-01,37125,North Carolina,Moore County,35.308272,-79.492725,100880,1753,33,1737.7081681205393,32.71213322759714,190.0,6.0,188.34258524980174,5.947660586835845
2020-10-01,37127,North Carolina,Nash County,35.965945,-77.987555,94298,2463,43,2611.9323845680715,45.60011877240238,211.0,4.0,223.7587223483001,4.24187151371185
2020-10-01,37129,North Carolina,New Hanover County,34.183442,-77.864209,234473,4379,32,1867.5924306849831,13.647626805644999,413.0,3.0,176.1396834603558,1.2794650130292187
2020-10-01,37131,North Carolina,Northampton County,36.421774,-77.398352,19483,464,17,2381.5634142585845,87.2555561258533,50.0,0.0,256.6339886054509,0.0
2020-10-01,37133,North Carolina,Onslow County,34.763109,-77.499469,197938,2281,25,1152.3810486111813,12.63021754286696,372.0,2.0,187.93763703786033,1.0104174034293567
2020-10-01,37135,North Carolina,Orange County,36.062526,-79.120034,148476,2703,56,1820.496241816859,37.71653331178103,89.0,1.0,59.942347584794845,0.6735095234246612
2020-10-01,37137,North Carolina,Pamlico County,35.147575,-76.665268,12726,269,2,2113.782806852114,15.715857300015715,33.0,0.0,259.3116454502593,0.0
2020-10-01,37139,North Carolina,Pasquotank County,36.265199,-76.260691,39824,717,31,1800.4218561671355,77.84250703093612,25.0,1.0,62.77621534752913,2.511048613901165
2020-10-01,37141,North Carolina,Pender County,34.512556,-77.888106,63060,985,7,1562.0044402156675,11.100539169045353,65.0,2.0,103.07643514113542,3.1715826197272436
2020-10-01,37143,North Carolina,Perquimans County,36.180897,-76.403244,13463,189,3,1403.847582262497,22.283294956547575,7.0,0.0,51.99435489861101,0.0
2020-10-01,37145,North Carolina,Person County,36.38635,-78.965623,39490,446,8,1129.3998480628006,20.258293238794632,25.0,2.0,63.307166371233215,5.064573309698658
2020-10-01,37147,North Carolina,Pitt County,35.59249,-77.372739,180742,5019,29,2776.8863905456396,16.04497017848646,324.0,2.0,179.26104613205564,1.106549667481825
2020-10-01,37149,North Carolina,Polk County,35.277901,-82.167621,20724,322,11,1553.754101524802,53.07855626326964,61.0,2.0,294.34472109631344,9.650646593321753
2020-10-01,37151,North Carolina,Randolph County,35.709915,-79.806215,143667,2908,54,2024.1252340481808,37.58691975192633,194.0,3.0,135.03448947914274,2.0881622084403517
2020-10-01,37153,North Carolina,Richmond County,35.004636,-79.755695,44829,1049,17,2340.003122978429,37.92188092529389,96.0,2.0,214.1470922840126,4.461397755916929
2020-10-01,37155,North Carolina,Robeson County,34.63921,-79.100881,130625,4677,83,3580.4784688995214,63.540669856459324,363.0,11.0,277.89473684210526,8.421052631578947
2020-10-01,37157,North Carolina,Rockingham County,36.381806,-79.782754,91010,1323,14,1453.6864080870234,15.382924953301835,140.0,0.0,153.82924953301836,0.0
2020-10-01,37159,North Carolina,Rowan County,35.641355,-80.521721,142088,3501,102,2463.965992905805,71.7864985079669,240.0,11.0,168.90940825403973,7.741681211643488
2020-10-01,37161,North Carolina,Rutherford County,35.402747,-81.919582,67029,1260,33,1879.7833773441346,49.23242178758448,120.0,1.0,179.026988318489,1.4918915693207417
2020-10-01,37163,North Carolina,Sampson County,34.989298,-78.371174,63531,2287,28,3599.817411972108,44.07297224976783,499.0,4.0,785.443326879791,6.2961388928239765
2020-10-01,37165,North Carolina,Scotland County,34.840023,-79.477337,34823,1257,16,3609.68325531976,45.94664445912184,223.0,3.0,640.3813571490107,8.614995836085347
2020-10-01,37167,North Carolina,Stanly County,35.310449,-80.254374,62806,2033,56,3236.9518835780023,89.163455720791,169.0,0.0,269.0825717288157,0.0
2020-10-01,37169,North Carolina,Stokes County,36.393505,-80.266214,45591,468,4,1026.5183917878528,8.773661468272246,51.0,1.0,111.86418372047115,2.1934153670680616
2020-10-01,37171,North Carolina,Surry County,36.415416,-80.686463,71783,1363,23,1898.7782622626528,32.04101249599487,81.0,2.0,112.840087485895,2.786174999651728
2020-10-01,37173,North Carolina,Swain County,35.568849,-83.465614,14271,154,3,1079.1114848293741,21.02165230187093,15.0,0.0,105.10826150935462,0.0
2020-10-01,37175,North Carolina,Transylvania County,35.210103,-82.816666,34385,335,8,974.2620328631671,23.265958993747272,11.0,1.0,31.9906936164025,2.908244874218409
2020-10-01,37177,North Carolina,Tyrrell County,35.87042,-76.165345,4016,115,3,2863.5458167330676,74.7011952191235,1.0,0.0,24.900398406374503,0.0
2020-10-01,37179,North Carolina,Union County,34.99182,-80.530426,239859,4943,59,2060.794049837613,24.597784531745734,290.0,1.0,120.90436464756377,0.4169116022329785
2020-10-01,37181,North Carolina,Vance County,36.365481,-78.405434,44535,1072,44,2407.095542831481,98.79869765353094,42.0,0.0,94.30784776018862,0.0
2020-10-01,37183,North Carolina,Wake County,35.789846,-78.650624,1111761,17878,256,1608.0794343388552,23.026531781560962,720.0,17.0,64.76212063564022,1.5291056261192828
2020-10-01,37185,North Carolina,Warren County,36.398105,-78.099899,19731,355,7,1799.1992296386397,35.47716790836755,19.0,0.0,96.29517003699762,0.0
2020-10-01,37187,North Carolina,Washington County,35.844713,-76.572291,11580,214,8,1848.013816925734,69.08462867012089,12.0,0.0,103.62694300518135,0.0
2020-10-01,37189,North Carolina,Watauga County,36.235368,-81.709888,56177,927,1,1650.1415169909394,1.7800879363440554,305.0,0.0,542.9268205849369,0.0
2020-10-01,37191,North Carolina,Wayne County,35.35419,-78.00867,123131,3459,69,2809.203206341214,56.03787835719681,209.0,2.0,169.73792140078453,1.62428632919411
2020-10-01,37193,North Carolina,Wilkes County,36.208883,-81.166095,68412,1270,34,1856.3994620826754,49.69888323685904,78.0,1.0,114.01508507279425,1.4617318599076186
2020-10-01,37195,North Carolina,Wilson County,35.700357,-77.921598,81801,2296,54,2806.811652669283,66.01386291121135,151.0,5.0,184.59432036283175,6.112394714001051
2020-10-01,37197,North Carolina,Yadkin County,36.158765,-80.665164,37667,752,9,1996.4425093583243,23.89359386200122,24.0,2.0,63.71625029866992,5.30968752488916
2020-10-01,37199,North Carolina,Yancey County,35.889326,-82.303954,18069,217,0,1200.9519065803308,0.0,98.0,0.0,542.3653771653107,0.0
2020-10-01,38001,North Dakota,Adams County,46.096815,-102.533198,2216,26,0,1173.2851985559566,0.0,7.0,0.0,315.884476534296,0.0
2020-10-01,38003,North Dakota,Barnes County,46.94255,-98.070195,10415,244,0,2342.7748439750358,0.0,29.0,0.0,278.4445511281805,0.0
2020-10-01,38005,North Dakota,Benson County,48.071743,-99.351152,6832,347,6,5079.03981264637,87.82201405152225,22.0,0.0,322.0140515222483,0.0
2020-10-01,38007,North Dakota,Billings County,47.007044,-103.364016,928,16,0,1724.1379310344828,0.0,1.0,0.0,107.75862068965517,0.0
2020-10-01,38009,North Dakota,Bottineau County,48.794412,-100.831257,6282,100,4,1591.8497293855462,63.673989175421845,48.0,3.0,764.087870105062,47.75549188156638
2020-10-01,38011,North Dakota,Bowman County,46.110144,-103.505943,3024,43,0,1421.957671957672,0.0,9.0,0.0,297.6190476190476,0.0
2020-10-01,38013,North Dakota,Burke County,48.786453,-102.520087,2115,35,1,1654.8463356973996,47.28132387706856,4.0,0.0,189.12529550827423,0.0
2020-10-01,38015,North Dakota,Burleigh County,46.978829,-100.469533,95626,3833,50,4008.3240959571663,52.2870349068245,553.0,10.0,578.294606069479,10.457406981364901
2020-10-01,38017,North Dakota,Cass County,46.927003,-97.252375,181923,5416,77,2977.0837112404697,42.32559929200816,567.0,0.0,311.6703220593328,0.0
2020-10-01,38019,North Dakota,Cavalier County,48.768439,-98.46379,3762,55,0,1461.9883040935672,0.0,2.0,0.0,53.163211057947905,0.0
2020-10-01,38021,North Dakota,Dickey County,46.107756,-98.496518,4872,117,0,2401.477832512315,0.0,65.0,0.0,1334.1543513957306,0.0
2020-10-01,38023,North Dakota,Divide County,48.814754,-103.509326,2264,8,1,353.35689045936397,44.169611307420496,2.0,1.0,88.33922261484099,44.169611307420496
2020-10-01,38025,North Dakota,Dunn County,47.354557,-102.612322,4424,115,1,2599.4575045207957,22.60397830018083,19.0,0.0,429.47558770343585,0.0
2020-10-01,38027,North Dakota,Eddy County,47.723436,-98.900474,2287,89,3,3891.5609969392217,131.17621337997377,21.0,0.0,918.2334936598164,0.0
2020-10-01,38029,North Dakota,Emmons County,46.284255,-100.237842,3241,186,2,5738.9694538722615,61.7093489663684,53.0,1.0,1635.2977476087628,30.8546744831842
2020-10-01,38031,North Dakota,Foster County,47.471431,-98.872876,3210,66,0,2056.07476635514,0.0,7.0,0.0,218.06853582554518,0.0
2020-10-01,38033,North Dakota,Golden Valley County,46.938924,-103.844612,1761,53,0,3009.6536059057353,0.0,12.0,0.0,681.4310051107326,0.0
2020-10-01,38035,North Dakota,Grand Forks County,47.926003,-97.450851,69451,2301,13,3313.1272407884694,18.718232998804915,182.0,0.0,262.0552619832688,0.0
2020-10-01,38037,North Dakota,Grant County,46.357827,-101.639049,2274,30,1,1319.2612137203166,43.975373790677224,15.0,1.0,659.6306068601583,43.975373790677224
2020-10-01,38039,North Dakota,Griggs County,47.456334,-98.232286,2231,60,1,2689.376961004034,44.82294935006723,4.0,0.0,179.29179740026893,0.0
2020-10-01,38041,North Dakota,Hettinger County,46.435704,-102.454238,2499,67,0,2681.0724289715886,0.0,12.0,0.0,480.1920768307323,0.0
2020-10-01,38043,North Dakota,Kidder County,46.938273,-99.731198,2480,56,0,2258.064516129032,0.0,13.0,0.0,524.1935483870968,0.0
2020-10-01,38045,North Dakota,LaMoure County,46.464195,-98.526057,4046,74,0,1828.9668808699948,0.0,27.0,0.0,667.3257538309441,0.0
2020-10-01,38047,North Dakota,Logan County,46.469278,-99.504585,1850,69,0,3729.72972972973,0.0,29.0,0.0,1567.5675675675675,0.0
2020-10-01,38049,North Dakota,McHenry County,48.233842,-100.633267,5745,90,1,1566.5796344647517,17.40644038294169,32.0,0.0,557.006092254134,0.0
2020-10-01,38051,North Dakota,McIntosh County,46.108682,-99.416487,2497,76,3,3043.6523828594313,120.14417300760913,15.0,0.0,600.7208650380456,0.0
2020-10-01,38053,North Dakota,McKenzie County,47.742475,-103.403215,15024,256,2,1703.940362087327,13.312034078807242,55.0,0.0,366.0809371671991,0.0
2020-10-01,38055,North Dakota,McLean County,47.530459,-101.353087,9450,299,4,3164.021164021164,42.32804232804233,42.0,2.0,444.44444444444446,21.164021164021165
2020-10-01,38057,North Dakota,Mercer County,47.307147,-101.833328,8187,169,1,2064.248198363259,12.214486380847685,44.0,1.0,537.4374007572982,12.214486380847685
2020-10-01,38059,North Dakota,Morton County,46.710819,-101.298265,31364,1347,33,4294.732814692004,105.21617140670833,192.0,10.0,612.1668154572121,31.883688305063128
2020-10-01,38061,North Dakota,Mountrail County,48.210073,-102.364895,10545,276,2,2617.3541963015646,18.96633475580844,43.0,0.0,407.7761972498814,0.0
2020-10-01,38063,North Dakota,Nelson County,47.918667,-98.204428,2879,74,0,2570.3369225425495,0.0,30.0,0.0,1042.0284821118444,0.0
2020-10-01,38065,North Dakota,Oliver County,47.118079,-101.33142,1959,24,0,1225.114854517611,0.0,4.0,0.0,204.1858090862685,0.0
2020-10-01,38067,North Dakota,Pembina County,48.766896,-97.545405,6801,97,0,1426.2608439935302,0.0,34.0,0.0,499.92648139979417,0.0
2020-10-01,38069,North Dakota,Pierce County,48.238883,-99.966497,3975,36,0,905.6603773584906,0.0,5.0,0.0,125.78616352201257,0.0
2020-10-01,38071,North Dakota,Ramsey County,48.266163,-98.739031,11519,255,2,2213.733831061724,17.36261828283705,63.0,0.0,546.9224759093671,0.0
2020-10-01,38073,North Dakota,Ransom County,46.449276,-97.647554,5218,83,0,1590.6477577615944,0.0,8.0,0.0,153.31544653123802,0.0
2020-10-01,38075,North Dakota,Renville County,48.712781,-101.658152,2327,70,1,3008.165019338204,42.97378599054577,24.0,1.0,1031.3708637730983,42.97378599054577
2020-10-01,38077,North Dakota,Richland County,46.265219,-96.93796,16177,250,2,1545.4039685973914,12.36323174877913,33.0,1.0,203.99332385485567,6.181615874389565
2020-10-01,38079,North Dakota,Rolette County,48.768271,-99.840463,14176,211,5,1488.431151241535,35.270880361173816,43.0,1.0,303.3295711060948,7.054176072234762
2020-10-01,38081,North Dakota,Sargent County,46.108204,-97.630051,3898,79,0,2026.6803488968703,0.0,21.0,0.0,538.737814263725,0.0
2020-10-01,38083,North Dakota,Sheridan County,47.581359,-100.330986,1315,15,0,1140.684410646388,0.0,6.0,0.0,456.27376425855516,0.0
2020-10-01,38085,North Dakota,Sioux County,46.110618,-101.061284,4230,158,3,3735.224586288416,70.92198581560284,14.0,0.0,330.9692671394799,0.0
2020-10-01,38087,North Dakota,Slope County,46.445834,-103.462462,750,11,0,1466.6666666666667,0.0,4.0,0.0,533.3333333333334,0.0
2020-10-01,38089,North Dakota,Stark County,46.817031,-102.662026,31489,1682,14,5341.547842103591,44.45997014830576,291.0,7.0,924.1322366540696,22.22998507415288
2020-10-01,38091,North Dakota,Steele County,47.451062,-97.71892,1890,29,0,1534.3915343915344,0.0,1.0,0.0,52.91005291005291,0.0
2020-10-01,38093,North Dakota,Stutsman County,46.972223,-98.956123,20704,529,4,2555.061823802164,19.319938176197837,30.0,1.0,144.89953632148377,4.829984544049459
2020-10-01,38095,North Dakota,Towner County,48.682183,-99.248158,2189,22,0,1005.0251256281407,0.0,6.0,0.0,274.0977615349475,0.0
2020-10-01,38097,North Dakota,Traill County,47.446215,-97.164754,8036,125,0,1555.5002488800399,0.0,18.0,0.0,223.9920358387257,0.0
2020-10-01,38099,North Dakota,Walsh County,48.376979,-97.72223,10641,222,1,2086.270087397801,9.3976130062964,48.0,0.0,451.08542430222724,0.0
2020-10-01,38101,North Dakota,Ward County,48.216686,-101.540537,67641,1151,11,1701.6306677902455,16.262326103990183,190.0,5.0,280.8947236143759,7.391966410904629
2020-10-01,38103,North Dakota,Wells County,47.580851,-99.682213,3834,39,0,1017.2143974960876,0.0,6.0,0.0,156.49452269170578,0.0
2020-10-01,38105,North Dakota,Williams County,48.355765,-103.501333,37589,1137,7,3024.821091276703,18.62246933943441,232.0,0.0,617.2018409641119,0.0
2020-10-01,39001,Ohio,Adams County,38.834468,-83.478082,27698,144,4,519.8931330782007,14.441475918838906,18.0,0.0,64.98664163477508,0.0
2020-10-01,39003,Ohio,Allen County,40.771627,-84.106103,102351,1496,72,1461.6369161024318,70.34616173755019,88.0,3.0,85.97864212367246,2.9310900723979247
2020-10-01,39005,Ohio,Ashland County,40.843273,-82.270127,53484,271,4,506.6935906065365,7.47887218607434,35.0,0.0,65.44013162815048,0.0
2020-10-01,39007,Ohio,Ashtabula County,41.906637,-80.745592,97241,667,48,685.9246614082537,49.36189467405723,12.0,0.0,12.340473668514308,0.0
2020-10-01,39009,Ohio,Athens County,39.332604,-82.045844,65327,773,2,1183.2779708237022,3.0615212699190226,120.0,0.0,183.69127619514137,0.0
2020-10-01,39011,Ohio,Auglaize County,40.561309,-84.224018,45656,639,13,1399.5969861573506,28.473804100227788,54.0,4.0,118.27580164710005,8.761170492377783
2020-10-01,39013,Ohio,Belmont County,40.017682,-80.967727,67006,723,27,1079.0078500432796,40.29489896427186,5.0,0.0,7.46201832671701,0.0
2020-10-01,39015,Ohio,Brown County,38.931377,-83.866772,43432,296,3,681.525142751888,6.907349419782649,12.0,1.0,27.629397679130594,2.3024498065942165
2020-10-01,39017,Ohio,Butler County,39.439747,-84.565734,383134,6312,113,1647.465377648551,29.493597540286164,474.0,3.0,123.71650649642162,0.7830158639014025
2020-10-01,39019,Ohio,Carroll County,40.579884,-81.090787,26914,152,7,564.7618339897451,26.008768670580366,0.0,0.0,0.0,0.0
2020-10-01,39021,Ohio,Champaign County,40.132775,-83.767604,38885,318,3,817.7960653208178,7.715057220007715,16.0,0.0,41.14697184004115,0.0
2020-10-01,39023,Ohio,Clark County,39.917032,-83.783676,134083,1895,41,1413.3036999470476,30.578074774579928,118.0,1.0,88.00519081464466,0.7458067018190225
2020-10-01,39025,Ohio,Clermont County,39.052054,-84.149485,206428,1779,24,861.8016935687018,11.626329761466469,100.0,1.0,48.44304067277695,0.4844304067277695
2020-10-01,39027,Ohio,Clinton County,39.430225,-83.795682,41968,314,13,748.1890964544415,30.975981700343116,28.0,0.0,66.71749904689287,0.0
2020-10-01,39029,Ohio,Columbiana County,40.770073,-80.778455,101883,1966,80,1929.6644189904105,78.52144126105435,42.0,0.0,41.22375666205353,0.0
2020-10-01,39031,Ohio,Coshocton County,40.29671,-81.930109,36600,235,11,642.0765027322404,30.05464480874317,2.0,0.0,5.46448087431694,0.0
2020-10-01,39033,Ohio,Crawford County,40.848524,-82.924783,41494,256,7,616.9566684339904,16.869908902491925,25.0,0.0,60.24967465175688,0.0
2020-10-01,39035,Ohio,Cuyahoga County,41.760392,-81.724217,1235072,17704,658,1433.4386983107056,53.276246243134004,377.0,2.0,30.52453622137009,0.16193387915846202
2020-10-01,39037,Ohio,Darke County,40.131542,-84.621248,51113,865,44,1692.328761763152,86.08377516483087,81.0,2.0,158.47240428071134,3.912898871128675
2020-10-01,39039,Ohio,Defiance County,41.321679,-84.486433,38087,350,12,918.9487226612754,31.50681334838659,62.0,1.0,162.7852022999974,2.625567779032216
2020-10-01,39041,Ohio,Delaware County,40.278941,-83.007462,209177,2360,21,1128.2311152755801,10.039344669825077,144.0,1.0,68.84122059308625,0.4780640318964322
2020-10-01,39043,Ohio,Erie County,41.554006,-82.525897,74266,983,50,1323.620499286349,67.32555947539923,51.0,4.0,68.67207066490722,5.3860447580319395
2020-10-01,39045,Ohio,Fairfield County,39.747694,-82.626685,157574,2194,54,1392.361684034168,34.269613007222006,127.0,2.0,80.59705281328138,1.2692449261934076
2020-10-01,39047,Ohio,Fayette County,39.555246,-83.461893,28525,256,6,897.4583698510079,21.034180543383,28.0,0.0,98.15950920245399,0.0
2020-10-01,39049,Ohio,Franklin County,39.969875,-83.009086,1316756,27600,615,2096.060317932859,46.70569186698219,1055.0,9.0,80.12114621083937,0.6834979297607149
2020-10-01,39051,Ohio,Fulton County,41.597264,-84.124267,42126,312,1,740.6352371457058,2.3738308882875185,71.0,0.0,168.5419930684138,0.0
2020-10-01,39053,Ohio,Gallia County,38.817046,-82.301746,29898,212,13,709.0775302695832,43.48116930898388,23.0,0.0,76.92822262358686,0.0
2020-10-01,39055,Ohio,Geauga County,41.499322,-81.173505,93649,739,49,789.1168085083663,52.323036017469484,26.0,1.0,27.763243601106257,1.06781706158101
2020-10-01,39057,Ohio,Greene County,39.687479,-83.894894,168937,1589,34,940.5873195333172,20.125845729473117,169.0,2.0,100.03729200826345,1.1838732782043009
2020-10-01,39059,Ohio,Guernsey County,40.056665,-81.497875,38875,180,8,463.0225080385853,20.578778135048232,13.0,0.0,33.440514469453376,0.0
2020-10-01,39061,Ohio,Hamilton County,39.196927,-84.544187,817473,13537,322,1655.9568328250598,39.3896801484575,584.0,7.0,71.43966834378628,0.8562973945316849
2020-10-01,39063,Ohio,Hancock County,41.000471,-83.666034,75783,745,12,983.0700816805879,15.834685879418867,59.0,2.0,77.8538722404761,2.639114313236478
2020-10-01,39065,Ohio,Hardin County,40.660415,-83.664077,31365,258,13,822.5729316116691,41.447473298262395,6.0,0.0,19.12960306073649,0.0
2020-10-01,39067,Ohio,Harrison County,40.292318,-81.091565,15040,68,3,452.12765957446805,19.946808510638295,5.0,1.0,33.244680851063826,6.6489361702127665
2020-10-01,39069,Ohio,Henry County,41.331584,-84.0689,27006,346,17,1281.1967710879064,62.94897430200696,40.0,4.0,148.1152336517811,14.81152336517811
2020-10-01,39071,Ohio,Highland County,39.184422,-83.601359,43161,237,4,549.1068325571696,9.267625865943792,15.0,1.0,34.75359699728922,2.316906466485948
2020-10-01,39073,Ohio,Hocking County,39.490342,-82.483447,28264,170,9,601.4718369657515,31.842626662892723,9.0,0.0,31.842626662892723,0.0
2020-10-01,39075,Ohio,Holmes County,40.565597,-81.930001,43960,405,9,921.2920837124659,20.473157415832574,20.0,2.0,45.49590536851684,4.549590536851683
2020-10-01,39077,Ohio,Huron County,41.14508,-82.594641,58266,598,7,1026.3275323516286,12.013867435554182,56.0,0.0,96.11093948443346,0.0
2020-10-01,39079,Ohio,Jackson County,39.013477,-82.614142,32413,278,7,857.6805602690278,21.596273100299264,32.0,1.0,98.72581988708234,3.085181871471323
2020-10-01,39081,Ohio,Jefferson County,40.399384,-80.763527,65325,349,4,534.2518178339074,6.123230003827019,14.0,0.0,21.431305013394564,0.0
2020-10-01,39083,Ohio,Knox County,40.40362,-82.422393,62322,295,15,473.3480953756298,24.068547222489652,13.0,0.0,20.859407592824365,0.0
2020-10-01,39085,Ohio,Lake County,41.924116,-81.392643,230149,1677,53,728.6583908685243,23.028559759112575,69.0,3.0,29.98057779959939,1.3035033825912778
2020-10-01,39087,Ohio,Lawrence County,38.603866,-82.517186,59463,703,22,1182.2477843364782,36.99779694936347,62.0,0.0,104.26651867547886,0.0
2020-10-01,39089,Ohio,Licking County,40.091505,-82.483435,176862,1977,63,1117.8206737456321,35.62099263832819,79.0,0.0,44.667593943300425,0.0
2020-10-01,39091,Ohio,Logan County,40.387553,-83.766343,45672,321,3,702.8376248029427,6.568575932737782,13.0,0.0,28.463829041863725,0.0
2020-10-01,39093,Ohio,Lorain County,41.438805,-82.179722,309833,2355,86,760.0868855157455,27.756888388260773,60.0,0.0,19.36527096855403,0.0
2020-10-01,39095,Ohio,Lucas County,41.682321,-83.468903,428348,7429,364,1734.3375012840029,84.97763500705034,199.0,0.0,46.4575532044039,0.0
2020-10-01,39097,Ohio,Madison County,39.896607,-83.400885,44731,887,12,1982.9648342312937,26.82703270662404,85.0,0.0,190.02481500525363,0.0
2020-10-01,39099,Ohio,Mahoning County,41.01088,-80.770396,228683,3155,282,1379.6390636820402,123.31480695985272,125.0,1.0,54.66081868787798,0.4372865495030238
2020-10-01,39101,Ohio,Marion County,40.588034,-83.168803,65093,3138,48,4820.794862734856,73.74064799594427,55.0,1.0,84.4944924953528,1.5362634999155054
2020-10-01,39103,Ohio,Medina County,41.116174,-81.899764,179746,1514,39,842.2996895619374,21.69728394512256,63.0,0.0,35.0494586805826,0.0
2020-10-01,39105,Ohio,Meigs County,39.089807,-82.028397,22907,181,11,790.1514820797137,48.020255816999175,7.0,1.0,30.558344610817656,4.365477801545379
2020-10-01,39107,Ohio,Mercer County,40.535333,-84.632059,41172,1167,19,2834.450597493442,46.14786748275527,66.0,1.0,160.30311862430779,2.42883513067133
2020-10-01,39109,Ohio,Miami County,40.053326,-84.228413,106987,1526,53,1426.3415181283706,49.53872900445848,119.0,2.0,111.22846701001056,1.8693860001682445
2020-10-01,39111,Ohio,Monroe County,39.726253,-81.090983,13654,110,18,805.6247253552073,131.82950051267028,0.0,0.0,0.0,0.0
2020-10-01,39113,Ohio,Montgomery County,39.753736,-84.290591,531687,8120,166,1527.2143197031337,31.221376486541892,453.0,9.0,85.20050330363541,1.6927252311980545
2020-10-01,39115,Ohio,Morgan County,39.624946,-81.861697,14508,51,0,351.5301902398677,0.0,4.0,0.0,27.570995312930798,0.0
2020-10-01,39117,Ohio,Morrow County,40.525266,-82.797729,35328,264,2,747.2826086956522,5.661231884057971,7.0,0.0,19.8143115942029,0.0
2020-10-01,39119,Ohio,Muskingum County,39.966046,-81.943506,86215,498,3,577.6257031839007,3.47967291074639,106.0,1.0,122.94844284637244,1.1598909702487965
2020-10-01,39121,Ohio,Noble County,39.767232,-81.452493,14424,48,0,332.77870216306155,0.0,20.0,0.0,138.65779256794232,0.0
2020-10-01,39123,Ohio,Ottawa County,41.545495,-83.012613,40525,475,30,1172.1159777914868,74.02837754472549,7.0,0.0,17.273288093769278,0.0
2020-10-01,39125,Ohio,Paulding County,41.118948,-84.582125,18672,123,1,658.7403598971722,5.355612682090832,16.0,0.0,85.6898029134533,0.0
2020-10-01,39127,Ohio,Perry County,39.743187,-82.237952,36134,309,9,855.1502739801849,24.907289533403443,16.0,0.0,44.279625837161674,0.0
2020-10-01,39129,Ohio,Pickaway County,39.648947,-83.052827,58457,2692,45,4605.0943428503,76.97966026309938,49.0,1.0,83.82229673093043,1.7106591169577638
2020-10-01,39131,Ohio,Pike County,39.071341,-83.052911,27772,210,0,756.1572807143887,0.0,31.0,0.0,111.62321762926688,0.0
2020-10-01,39133,Ohio,Portage County,41.16897,-81.196962,162466,1205,67,741.693646670688,41.2393977816897,89.0,1.0,54.78069257567737,0.615513399726712
2020-10-01,39135,Ohio,Preble County,39.73881,-84.644758,40882,464,16,1134.9738271121767,39.137028521109535,34.0,1.0,83.16618560735776,2.446064282569346
2020-10-01,39137,Ohio,Putnam County,41.024533,-84.129879,33861,636,25,1878.2670328696731,73.8312512920469,57.0,2.0,168.33525294586693,5.906500103363752
2020-10-01,39139,Ohio,Richland County,40.774159,-82.542781,121154,982,19,810.5386532842498,15.682519768228865,143.0,0.0,118.0315961503541,0.0
2020-10-01,39141,Ohio,Ross County,39.323897,-83.059536,76666,934,27,1218.271463230115,35.217697545196046,66.0,4.0,86.08770511047922,5.217436673362378
2020-10-01,39143,Ohio,Sandusky County,41.355319,-83.142776,58518,600,20,1025.3255408592229,34.17751802864076,42.0,0.0,71.7727878601456,0.0
2020-10-01,39145,Ohio,Scioto County,38.814889,-82.998675,75314,547,7,726.2925883633852,9.29442069203601,58.0,1.0,77.01091430544122,1.3277743845765728
2020-10-01,39147,Ohio,Seneca County,41.119992,-83.127547,55178,498,14,902.5336184711299,25.372431041357064,34.0,0.0,61.618761100438576,0.0
2020-10-01,39149,Ohio,Shelby County,40.33668,-84.204142,48590,690,10,1420.0452768059272,20.580366330520683,80.0,0.0,164.64293064416546,0.0
2020-10-01,39151,Ohio,Stark County,40.814131,-81.365667,370606,2979,176,803.8186105999363,47.489786997512184,162.0,6.0,43.71219030452826,1.6189700112788243
2020-10-01,39153,Ohio,Summit County,41.121847,-81.534928,541013,5464,253,1009.9572468683748,46.764125815830674,227.0,1.0,41.95832632487574,0.18483844195980503
2020-10-01,39155,Ohio,Trumbull County,41.306374,-80.7704,197974,1949,132,984.4727085374847,66.67542202511441,73.0,0.0,36.87352884722236,0.0
2020-10-01,39157,Ohio,Tuscarawas County,40.44749,-81.471105,91987,959,20,1042.5386195875503,21.742202702555797,31.0,0.0,33.70041418896148,0.0
2020-10-01,39159,Ohio,Union County,40.295901,-83.367042,58988,573,2,971.3840103071811,3.390520105784227,58.0,0.0,98.3250830677426,0.0
2020-10-01,39161,Ohio,Van Wert County,40.85552,-84.585775,28275,130,3,459.7701149425287,10.610079575596817,14.0,0.0,49.51370468611849,0.0
2020-10-01,39163,Ohio,Vinton County,39.252042,-82.485961,13085,48,3,366.83225066870466,22.92701566679404,1.0,0.0,7.642338555598013,0.0
2020-10-01,39165,Ohio,Warren County,39.425652,-84.169906,234602,3189,56,1359.323449927963,23.87021423517276,187.0,7.0,79.70946539245189,2.983776779396595
2020-10-01,39167,Ohio,Washington County,39.450676,-81.490636,59911,264,23,440.65363622707014,38.39027891372202,6.0,0.0,10.014855368797049,0.0
2020-10-01,39169,Ohio,Wayne County,40.829661,-81.887194,115710,961,68,830.524587330395,58.767608676864576,42.0,1.0,36.297640653357526,0.8642295393656555
2020-10-01,39171,Ohio,Williams County,41.564959,-84.584324,36692,226,3,615.9380791453178,8.176169192194484,20.0,0.0,54.507794614629894,0.0
2020-10-01,39173,Ohio,Wood County,41.360183,-83.622682,130817,2002,73,1530.3821368782346,55.80314485120435,198.0,1.0,151.35647507586935,0.76442664179732
2020-10-01,39175,Ohio,Wyandot County,40.839782,-83.313681,21772,217,12,996.6930001837222,55.11666360462979,9.0,0.0,41.33749770347235,0.0
2020-10-01,40001,Oklahoma,Adair County,35.898043,-94.651026,22194,649,10,2924.2137514643596,45.057222672794445,46.0,0.0,207.26322429485447,0.0
2020-10-01,40003,Oklahoma,Alfalfa County,36.729703,-98.323445,5702,74,0,1297.790249035426,0.0,12.0,0.0,210.4524728165556,0.0
2020-10-01,40005,Oklahoma,Atoka County,34.392469,-96.036558,13758,312,1,2267.77147841256,7.268498328245384,21.0,0.0,152.63846489315307,0.0
2020-10-01,40007,Oklahoma,Beaver County,36.748334,-100.483056,5311,61,0,1148.5595932969309,0.0,10.0,0.0,188.28845791752966,0.0
2020-10-01,40009,Oklahoma,Beckham County,35.270601,-99.690057,21859,575,4,2630.495448099181,18.29909876938561,212.0,3.0,969.8522347774373,13.724324077039206
2020-10-01,40011,Oklahoma,Blaine County,35.877782,-98.428934,9429,138,1,1463.5698377346484,10.605578534309046,18.0,0.0,190.90041361756283,0.0
2020-10-01,40013,Oklahoma,Bryan County,33.964004,-96.264137,47995,1015,5,2114.8036253776436,10.417751849150953,104.0,1.0,216.68923846233983,2.0835503698301907
2020-10-01,40015,Oklahoma,Caddo County,35.16792,-98.381045,28762,821,21,2854.460746818719,73.0130032682011,84.0,1.0,292.0520130728044,3.4768096794381473
2020-10-01,40017,Oklahoma,Canadian County,35.543354,-97.979889,148306,2415,17,1628.3899505077338,11.46278640108964,293.0,0.0,197.56449503054498,0.0
2020-10-01,40019,Oklahoma,Carter County,34.251848,-97.287927,48111,570,9,1184.7602419405125,18.706740662218618,31.0,1.0,64.43432894764192,2.078526740246513
2020-10-01,40021,Oklahoma,Cherokee County,35.904367,-94.996796,48657,1125,8,2312.1030889697267,16.44162196600695,83.0,0.0,170.58182789732206,0.0
2020-10-01,40023,Oklahoma,Choctaw County,34.027645,-95.554208,14672,336,2,2290.0763358778627,13.631406761177754,29.0,0.0,197.65539803707745,0.0
2020-10-01,40025,Oklahoma,Cimarron County,36.74839,-102.517698,2137,27,0,1263.4534394010295,0.0,3.0,0.0,140.38371548900327,0.0
2020-10-01,40027,Oklahoma,Cleveland County,35.206376,-97.323088,284014,6266,72,2206.2292703880794,25.350862985627465,419.0,2.0,147.52793876358206,0.7041906384896519
2020-10-01,40029,Oklahoma,Coal County,34.582861,-96.288039,5495,71,0,1292.083712465878,0.0,1.0,0.0,18.198362147406733,0.0
2020-10-01,40031,Oklahoma,Comanche County,34.66263,-98.476612,120749,1697,13,1405.3946616535127,10.766134709190139,148.0,0.0,122.56830284308772,0.0
2020-10-01,40033,Oklahoma,Cotton County,34.290676,-98.373438,5666,69,3,1217.7903282739144,52.94740557712672,1.0,0.0,17.649135192375574,0.0
2020-10-01,40035,Oklahoma,Craig County,36.76389,-95.201553,14142,511,1,3613.350304058832,7.071135624381275,13.0,0.0,91.92476311695658,0.0
2020-10-01,40037,Oklahoma,Creek County,35.907732,-96.379793,71522,1199,34,1676.4072593048293,47.53782053074579,90.0,1.0,125.83540728726824,1.3981711920807585
2020-10-01,40039,Oklahoma,Custer County,35.645601,-98.997386,29003,734,0,2530.772678688412,0.0,124.0,0.0,427.5419784160259,0.0
2020-10-01,40041,Oklahoma,Delaware County,36.393375,-94.808217,43009,804,25,1869.376177079216,58.127368690274125,88.0,0.0,204.6083377897649,0.0
2020-10-01,40043,Oklahoma,Dewey County,35.97796,-99.014385,4891,69,1,1410.7544469433653,20.445716622367613,6.0,0.0,122.67429973420569,0.0
2020-10-01,40045,Oklahoma,Ellis County,36.224258,-99.750139,3859,13,0,336.87483804094325,0.0,3.0,0.0,77.74034724021767,0.0
2020-10-01,40047,Oklahoma,Garfield County,36.378054,-97.78845,61056,1767,21,2894.064465408805,34.39465408805031,179.0,2.0,293.17348008385744,3.2756813417190775
2020-10-01,40049,Oklahoma,Garvin County,34.70935,-97.312723,27711,391,5,1410.9920248276858,18.04337627656887,32.0,1.0,115.47760817004078,3.6086752553137744
2020-10-01,40051,Oklahoma,Grady County,35.021058,-97.88689,55834,1151,11,2061.4679227710717,19.70125729842032,143.0,0.0,256.1163448794641,0.0
2020-10-01,40053,Oklahoma,Grant County,36.788254,-97.788151,4333,53,1,1223.171013154858,23.078698361412417,7.0,1.0,161.55088852988692,23.078698361412417
2020-10-01,40055,Oklahoma,Greer County,34.933853,-99.552968,5712,109,8,1908.263305322129,140.0560224089636,1.0,0.0,17.50700280112045,0.0
2020-10-01,40057,Oklahoma,Harmon County,34.745971,-99.844194,2653,46,0,1733.8861666038447,0.0,3.0,0.0,113.07953260459857,0.0
2020-10-01,40059,Oklahoma,Harper County,36.80035,-99.662805,3688,30,1,813.4490238611713,27.114967462039047,1.0,0.0,27.114967462039047,0.0
2020-10-01,40061,Oklahoma,Haskell County,35.232295,-95.109576,12627,289,4,2288.746337213907,31.678149996040233,14.0,0.0,110.87352498614081,0.0
2020-10-01,40063,Oklahoma,Hughes County,35.052934,-96.251183,13279,300,4,2259.206265532043,30.122750207093908,9.0,0.0,67.77618796596128,0.0
2020-10-01,40065,Oklahoma,Jackson County,34.594006,-99.412235,24530,799,10,3257.2360375050957,40.766408479412966,60.0,0.0,244.59845087647778,0.0
2020-10-01,40067,Oklahoma,Jefferson County,34.105082,-97.83889,6002,44,0,733.088970343219,0.0,3.0,0.0,49.983338887037654,0.0
2020-10-01,40069,Oklahoma,Johnston County,34.313455,-96.654254,11085,193,4,1741.0915651781686,36.08479927830402,37.0,0.0,333.78439332431213,0.0
2020-10-01,40071,Oklahoma,Kay County,36.814885,-97.143862,43538,656,13,1506.7297533189399,29.858973770039967,99.0,0.0,227.38756947953513,0.0
2020-10-01,40073,Oklahoma,Kingfisher County,35.949436,-97.934557,15765,373,2,2366.000634316524,12.686330478908975,38.0,0.0,241.04027909927052,0.0
2020-10-01,40075,Oklahoma,Kiowa County,34.921489,-98.981617,8708,79,2,907.2117593017915,22.967386311437757,8.0,0.0,91.86954524575103,0.0
2020-10-01,40077,Oklahoma,Latimer County,34.875137,-95.272262,10073,142,2,1409.709123399186,19.85505807604487,9.0,0.0,89.34776134220193,0.0
2020-10-01,40079,Oklahoma,Le Flore County,34.897356,-94.695074,49853,1199,19,2405.0709084709047,38.11204942531042,136.0,2.0,272.80203799169556,4.011794676348464
2020-10-01,40081,Oklahoma,Lincoln County,35.703117,-96.881392,34877,486,10,1393.4684749261692,28.672190842102246,66.0,0.0,189.2364595578748,0.0
2020-10-01,40083,Oklahoma,Logan County,35.914151,-97.450764,48011,538,1,1120.5765345441669,2.082856012163879,97.0,0.0,202.0370331798963,0.0
2020-10-01,40085,Oklahoma,Love County,33.957804,-97.245093,10253,200,1,1950.6485906563933,9.753242953281966,30.0,0.0,292.597288598459,0.0
2020-10-01,40087,Oklahoma,McClain County,35.016436,-97.449803,40474,918,7,2268.1227454662253,17.295053614666205,88.0,0.0,217.42353115580372,0.0
2020-10-01,40089,Oklahoma,McCurtain County,34.117073,-94.766086,32832,1321,34,4023.5136452241713,103.55750487329433,65.0,0.0,197.97758284600388,0.0
2020-10-01,40091,Oklahoma,McIntosh County,35.369108,-95.671787,19596,344,6,1755.460298020004,30.61849357011635,42.0,1.0,214.32945499081447,5.103082261686058
2020-10-01,40093,Oklahoma,Major County,36.313119,-98.542015,7629,96,1,1258.3562721195437,13.107877834578582,11.0,0.0,144.1866561803644,0.0
2020-10-01,40095,Oklahoma,Marshall County,34.027007,-96.770533,16931,190,2,1122.2018782115645,11.812651349595416,12.0,1.0,70.8759080975725,5.906325674797708
2020-10-01,40097,Oklahoma,Mayes County,36.303804,-95.235638,41100,683,11,1661.800486618005,26.763990267639905,93.0,0.0,226.27737226277372,0.0
2020-10-01,40099,Oklahoma,Murray County,34.485766,-97.071557,14073,155,1,1101.3998436722802,7.105805443046969,23.0,0.0,163.4335251900803,0.0
2020-10-01,40101,Oklahoma,Muskogee County,35.617551,-95.383911,67997,1885,24,2772.181125637896,35.29567480918276,128.0,3.0,188.24359898230804,4.411959351147845
2020-10-01,40103,Oklahoma,Noble County,36.384901,-97.236335,11131,161,3,1446.410924445243,26.95175635612254,12.0,1.0,107.80702542449016,8.98391878537418
2020-10-01,40105,Oklahoma,Nowata County,36.789615,-95.613312,10076,152,4,1508.5351329892815,39.69829297340214,15.0,0.0,148.86859865025804,0.0
2020-10-01,40107,Oklahoma,Okfuskee County,35.466804,-96.327762,11993,147,5,1225.7150004169098,41.69098640873843,13.0,1.0,108.39656466271991,8.338197281747686
2020-10-01,40109,Oklahoma,Oklahoma County,35.554611,-97.409401,797434,18580,196,2329.9733896472935,24.57883661845369,1261.0,8.0,158.13220906056173,1.0032178211613751
2020-10-01,40111,Oklahoma,Okmulgee County,35.6435,-95.965947,38465,864,8,2246.197842194202,20.79812816846484,48.0,1.0,124.78876901078904,2.599766021058105
2020-10-01,40113,Oklahoma,Osage County,36.624299,-96.408112,46963,1015,13,2161.275898047399,27.681366181887867,204.0,0.0,434.38451546962506,0.0
2020-10-01,40115,Oklahoma,Ottawa County,36.835764,-94.802681,31127,897,6,2881.7425386320556,19.27586982362579,65.0,2.0,208.8219230892794,6.425289941208597
2020-10-01,40117,Oklahoma,Pawnee County,36.313704,-96.696669,16376,259,3,1581.582804103566,18.319491939423546,9.0,0.0,54.958475818270635,0.0
2020-10-01,40119,Oklahoma,Payne County,36.079225,-96.975255,81784,2346,7,2868.5317421500536,8.559131370439205,197.0,1.0,240.87841142521765,1.2227330529198865
2020-10-01,40121,Oklahoma,Pittsburg County,34.92554,-95.74813,43654,978,20,2240.3445274201677,45.81481651165987,75.0,1.0,171.80556191872452,2.2907408255829935
2020-10-01,40123,Oklahoma,Pontotoc County,34.721446,-96.691971,38284,459,3,1198.9342806394316,7.8361717688851735,84.0,0.0,219.4128095287849,0.0
2020-10-01,40125,Oklahoma,Pottawatomie County,35.211393,-96.957007,72592,1434,10,1975.4242891778708,13.77562265814415,138.0,0.0,190.10359268238926,0.0
2020-10-01,40127,Oklahoma,Pushmataha County,34.377899,-95.408082,11096,170,2,1532.083633741889,18.02451333813987,19.0,1.0,171.23287671232876,9.012256669069934
2020-10-01,40129,Oklahoma,Roger Mills County,35.708554,-99.741572,3583,59,1,1646.6648060284676,27.909572983533355,15.0,0.0,418.6435947530003,0.0
2020-10-01,40131,Oklahoma,Rogers County,36.377794,-95.601383,92459,1948,52,2106.8798061843627,56.24114472360723,169.0,3.0,182.78372035172347,3.244681426361955
2020-10-01,40133,Oklahoma,Seminole County,35.158366,-96.602857,24258,485,6,1999.340423777723,24.73410833539451,50.0,0.0,206.1175694616209,0.0
2020-10-01,40135,Oklahoma,Sequoyah County,35.502435,-94.750757,41569,940,11,2261.30048834468,26.46202699126753,105.0,0.0,252.59207582573555,0.0
2020-10-01,40137,Oklahoma,Stephens County,34.481361,-97.855607,43143,458,5,1061.5858887884476,11.58936559812716,46.0,0.0,106.62216350276987,0.0
2020-10-01,40139,Oklahoma,Texas County,36.746317,-101.483855,19983,1576,10,7886.703698143421,50.04253615573238,99.0,2.0,495.42110794175045,10.008507231146474
2020-10-01,40141,Oklahoma,Tillman County,34.371085,-98.931701,7250,108,2,1489.655172413793,27.586206896551726,20.0,0.0,275.8620689655172,0.0
2020-10-01,40143,Oklahoma,Tulsa County,36.120318,-95.941813,651552,17482,166,2683.131967977997,25.47762880015716,995.0,10.0,152.71229310937576,1.5347969156721182
2020-10-01,40145,Oklahoma,Wagoner County,35.963479,-95.514098,81289,1519,26,1868.6415136119276,31.984647369262753,78.0,0.0,95.95394210778827,0.0
2020-10-01,40147,Oklahoma,Washington County,36.70438,-95.906155,51527,1016,40,1971.7817843072564,77.6292041065849,40.0,0.0,77.6292041065849,0.0
2020-10-01,40149,Oklahoma,Washita County,35.289497,-98.991436,10916,93,0,851.9604250641262,0.0,21.0,0.0,192.37816049835104,0.0
2020-10-01,40151,Oklahoma,Woods County,36.726984,-98.863649,8793,113,0,1285.113158194018,0.0,10.0,0.0,113.72682815876266,0.0
2020-10-01,40153,Oklahoma,Woodward County,36.425619,-99.273661,20211,1107,4,5477.2153777645835,19.7912028103508,101.0,3.0,499.7278709613577,14.843402107763099
2020-10-01,41001,Oregon,Baker County,44.703427,-117.691933,16124,99,2,613.991565368395,12.403870007442322,7.0,0.0,43.413545026048126,0.0
2020-10-01,41003,Oregon,Benton County,44.493882,-123.424664,93053,333,6,357.86057408143745,6.447938271737612,39.0,0.0,41.911598766294475,0.0
2020-10-01,41005,Oregon,Clackamas County,45.160493,-122.195127,418187,2491,63,595.666531958191,15.065030715923736,145.0,2.0,34.67348339379273,0.4782549433626584
2020-10-01,41007,Oregon,Clatsop County,46.024509,-123.705037,40224,221,0,549.42322991249,0.0,90.0,0.0,223.74701670644393,0.0
2020-10-01,41009,Oregon,Columbia County,45.941932,-123.081079,52354,190,1,362.9140084807274,1.9100737288459333,35.0,0.0,66.85258050960768,0.0
2020-10-01,41011,Oregon,Coos County,43.18591,-124.094133,64487,165,0,255.86552328376263,0.0,16.0,0.0,24.811202257819406,0.0
2020-10-01,41013,Oregon,Crook County,44.163054,-120.371585,24404,63,1,258.15440091788236,4.097688903458449,2.0,0.0,8.195377806916898,0.0
2020-10-01,41015,Oregon,Curry County,42.466439,-124.210929,22925,32,0,139.5856052344602,0.0,1.0,0.0,4.362050163576881,0.0
2020-10-01,41017,Oregon,Deschutes County,43.915118,-121.225575,197692,879,12,444.6310422273031,6.07004835805192,86.0,0.0,43.50201323270542,0.0
2020-10-01,41019,Oregon,Douglas County,43.286328,-123.154476,110980,248,4,223.46368715083798,3.604253018561903,25.0,0.0,22.526581366011893,0.0
2020-10-01,41021,Oregon,Gilliam County,45.43059,-120.319901,1912,8,0,418.41004184100416,0.0,0.0,0.0,0.0,0.0
2020-10-01,41023,Oregon,Grant County,44.496326,-119.014057,7199,10,0,138.90818169190166,0.0,1.0,0.0,13.890818169190165,0.0
2020-10-01,41025,Oregon,Harney County,43.064449,-118.987169,7393,12,0,162.3157040443663,0.0,0.0,0.0,0.0,0.0
2020-10-01,41027,Oregon,Hood River County,45.511775,-121.655976,23382,252,0,1077.752117013087,0.0,4.0,0.0,17.107176460525192,0.0
2020-10-01,41029,Oregon,Jackson County,42.411621,-122.675611,220944,1217,6,550.8183069012963,2.7156202476645666,108.0,2.0,48.8811644579622,0.9052067492215222
2020-10-01,41031,Oregon,Jefferson County,44.645151,-121.178632,24658,554,8,2246.735339443588,32.44383161651391,33.0,0.0,133.8308054181199,0.0
2020-10-01,41033,Oregon,Josephine County,42.386983,-123.57162,87487,204,2,233.17750065724047,2.2860539280121617,9.0,0.0,10.287242676054728,0.0
2020-10-01,41035,Oregon,Klamath County,42.683761,-121.646168,68238,291,3,426.4486063483689,4.396377385034731,12.0,1.0,17.585509540138926,1.4654591283449105
2020-10-01,41037,Oregon,Lake County,42.788401,-120.38979,7869,33,0,419.3671368661837,0.0,4.0,0.0,50.832380226204094,0.0
2020-10-01,41039,Oregon,Lane County,43.928329,-122.89769,382067,1323,17,346.2743445521335,4.449481373685767,227.0,1.0,59.41366304862759,0.26173419845210394
2020-10-01,41041,Oregon,Lincoln County,44.641061,-123.911212,49962,481,13,962.7316760738161,26.019775029022057,5.0,0.0,10.0076057803931,0.0
2020-10-01,41043,Oregon,Linn County,44.488898,-122.537208,129749,548,13,422.35392951005406,10.019345043121719,53.0,0.0,40.84809902195778,0.0
2020-10-01,41045,Oregon,Malheur County,43.188625,-117.603191,30571,1661,30,5433.253737201923,98.13221680677766,72.0,4.0,235.51732033626638,13.084295574237021
2020-10-01,41047,Oregon,Marion County,44.900898,-122.57626,347818,4813,96,1383.7696726448892,27.600641714919874,244.0,4.0,70.15163102542134,1.1500267381216613
2020-10-01,41049,Oregon,Morrow County,45.425496,-119.602311,11603,515,6,4438.5072825993275,51.710764457467896,21.0,0.0,180.98767560113762,0.0
2020-10-01,41051,Oregon,Multnomah County,45.547711,-122.417363,812855,7345,140,903.6051940382971,17.223243998007025,323.0,4.0,39.73648436683049,0.4920926856573436
2020-10-01,41053,Oregon,Polk County,44.900375,-123.398673,86085,538,15,624.9636986699193,17.424638438752396,23.0,0.0,26.717778939420338,0.0
2020-10-01,41055,Oregon,Sherman County,45.399216,-120.678512,1780,18,0,1011.2359550561797,0.0,0.0,0.0,0.0,0.0
2020-10-01,41057,Oregon,Tillamook County,45.45589,-123.759299,27036,53,0,196.03491640775263,0.0,2.0,0.0,7.397544015386892,0.0
2020-10-01,41059,Oregon,Umatilla County,45.5912,-118.73388,77950,3052,41,3915.330339961514,52.59781911481719,113.0,0.0,144.96472097498395,0.0
2020-10-01,41061,Oregon,Union County,45.304081,-117.999149,26835,445,2,1658.2820942798585,7.452953232718464,6.0,0.0,22.358859698155396,0.0
2020-10-01,41063,Oregon,Wallowa County,45.593753,-117.18558,7208,33,1,457.82463928967815,13.873473917869035,5.0,0.0,69.36736958934517,0.0
2020-10-01,41065,Oregon,Wasco County,45.164536,-121.165069,26682,301,4,1128.1013417285062,14.991379956524998,22.0,1.0,82.45258976088749,3.7478449891312495
2020-10-01,41067,Oregon,Washington County,45.553542,-123.097615,601592,4648,60,772.6166571363981,9.97353688213939,231.0,1.0,38.39811699623665,0.16622561470232317
2020-10-01,41069,Oregon,Wheeler County,44.736415,-120.026861,1332,0,0,0.0,0.0,0.0,0.0,0.0,0.0
2020-10-01,41071,Oregon,Yamhill County,45.247827,-123.316399,107100,784,14,732.0261437908497,13.071895424836603,34.0,1.0,31.746031746031747,0.9337068160597572
2020-10-01,42001,Pennsylvania,Adams County,39.869471,-77.21773,103009,854,26,829.0537720005048,25.240512964886562,39.0,0.0,37.860769447329844,0.0
2020-10-01,42003,Pennsylvania,Allegheny County,40.469757,-79.980451,1216045,12454,361,1024.139731671114,29.686401407842638,527.0,7.0,43.33721202751543,0.5756365923958406
2020-10-01,42005,Pennsylvania,Armstrong County,40.81238,-79.464129,64735,452,18,698.2312504827373,27.805669267011663,28.0,0.0,43.25326330424036,0.0
2020-10-01,42007,Pennsylvania,Beaver County,40.68414,-80.350721,163929,1940,123,1183.4391718365878,75.03248357520634,84.0,1.0,51.24169610014091,0.6100201916683442
2020-10-01,42009,Pennsylvania,Bedford County,39.998634,-78.494747,47888,250,6,522.0514533912462,12.52923488138991,15.0,0.0,31.323087203474774,0.0
2020-10-01,42011,Pennsylvania,Berks County,40.413957,-75.92686,421164,7215,395,1713.1093825683106,93.78769315516045,252.0,2.0,59.83417386101377,0.4748743957223314
2020-10-01,42013,Pennsylvania,Blair County,40.498654,-78.309597,121829,728,18,597.5588735030248,14.774807311887974,97.0,2.0,79.61979495850743,1.6416452568764417
2020-10-01,42015,Pennsylvania,Bradford County,41.791504,-76.502123,60323,176,5,291.7626775856638,8.288712431410906,41.0,2.0,67.96744193756942,3.3154849725643616
2020-10-01,42017,Pennsylvania,Bucks County,40.336887,-75.10706,628270,8929,610,1421.2042593152626,97.0920145797189,259.0,3.0,41.224314387126554,0.4775017110477979
2020-10-01,42019,Pennsylvania,Butler County,40.913847,-79.918978,187853,1082,25,575.9822840199517,13.308278281422176,52.0,2.0,27.681218825358126,1.064662262513774
2020-10-01,42021,Pennsylvania,Cambria County,40.510222,-78.710478,130192,617,7,473.91544795379133,5.376674450043014,57.0,0.0,43.78149195035025,0.0
2020-10-01,42023,Pennsylvania,Cameron County,41.438291,-78.198323,4447,8,0,179.8965594783,0.0,0.0,0.0,0.0,0.0
2020-10-01,42025,Pennsylvania,Carbon County,40.918367,-75.705039,64182,471,28,733.8506123212115,43.62593873671746,13.0,0.0,20.254900127761676,0.0
2020-10-01,42027,Pennsylvania,Centre County,40.909128,-77.847877,162385,2755,11,1696.585275733596,6.774024694399113,553.0,0.0,340.54869600024637,0.0
2020-10-01,42029,Pennsylvania,Chester County,39.974029,-75.749752,524989,6959,366,1325.5515829855483,69.71574642516319,258.0,2.0,49.143886824295365,0.38096036297903385
2020-10-01,42031,Pennsylvania,Clarion County,41.198159,-79.420369,38438,129,3,335.6053904989854,7.804776523232218,12.0,0.0,31.21910609292887,0.0
2020-10-01,42033,Pennsylvania,Clearfield County,41.000249,-78.473749,79255,334,6,421.42451580341935,7.57050028389376,20.0,3.0,25.235000946312535,3.78525014194688
2020-10-01,42035,Pennsylvania,Clinton County,41.262624,-77.69636,38632,208,6,538.4137502588528,15.531165872851522,4.0,0.0,10.354110581901015,0.0
2020-10-01,42037,Pennsylvania,Columbia County,41.045517,-76.40426,64964,926,35,1425.4048396034727,53.87599285758266,50.0,0.0,76.96570408226094,0.0
2020-10-01,42039,Pennsylvania,Crawford County,41.687876,-80.107795,84629,317,3,374.5760909380945,3.5448841413699794,20.0,0.0,23.63256094246653,0.0
2020-10-01,42041,Pennsylvania,Cumberland County,40.164805,-77.263442,253370,1918,77,756.9956979910803,30.39033824051782,117.0,0.0,46.17752693689071,0.0
2020-10-01,42043,Pennsylvania,Dauphin County,40.412565,-76.792634,278299,3879,181,1393.824627469017,65.03796276666463,125.0,1.0,44.91572014272419,0.35932576114179354
2020-10-01,42045,Pennsylvania,Delaware County,39.916685,-75.398818,566747,11578,756,2042.8868613331874,133.39285430712468,303.0,1.0,53.463009067538074,0.17644557448032366
2020-10-01,42047,Pennsylvania,Elk County,41.427332,-78.653937,29910,73,2,244.06552992310264,6.686726847208291,2.0,0.0,6.686726847208291,0.0
2020-10-01,42049,Pennsylvania,Erie County,42.117952,-80.096386,269728,1579,38,585.4045557005576,14.088266698303478,65.0,0.0,24.098350931308577,0.0
2020-10-01,42051,Pennsylvania,Fayette County,39.918907,-79.640119,129274,815,7,630.4438634218791,5.414855268654176,32.0,0.0,24.753624085276236,0.0
2020-10-01,42053,Pennsylvania,Forest County,41.513304,-79.249705,7247,15,0,206.98219953084032,0.0,0.0,0.0,0.0,0.0
2020-10-01,42055,Pennsylvania,Franklin County,39.926772,-77.724521,155027,1798,51,1159.7979706760757,32.89749527501661,49.0,1.0,31.60739742109439,0.6450489269611099
2020-10-01,42057,Pennsylvania,Fulton County,39.91075,-78.122617,14530,52,2,357.88024776324846,13.764624913971096,7.0,0.0,48.17618719889883,0.0
2020-10-01,42059,Pennsylvania,Greene County,39.847707,-80.225655,36233,190,1,524.3838489774515,2.759914994618166,8.0,0.0,22.079319956945326,0.0
2020-10-01,42061,Pennsylvania,Huntingdon County,40.422311,-77.968595,45144,422,6,934.7864611022507,13.290802764486976,22.0,0.0,48.732943469785575,0.0
2020-10-01,42063,Pennsylvania,Indiana County,40.651432,-79.087545,84073,740,12,880.1874561393075,14.273310099556337,56.0,0.0,66.60878046459625,0.0
2020-10-01,42065,Pennsylvania,Jefferson County,41.138028,-79.012419,43425,116,3,267.1272308578008,6.908462867012091,5.0,0.0,11.514104778353483,0.0
2020-10-01,42067,Pennsylvania,Juniata County,40.530673,-77.400438,24763,194,7,783.4268868876953,28.267980454710653,10.0,0.0,40.38282922101522,0.0
2020-10-01,42069,Pennsylvania,Lackawanna County,41.440284,-75.609666,209674,2619,216,1249.0819081049628,103.01706458597631,195.0,0.0,93.00151664011752,0.0
2020-10-01,42071,Pennsylvania,Lancaster County,40.041992,-76.250198,545724,8052,459,1475.4711172680697,84.1084504254898,319.0,1.0,58.4544568316585,0.1832428113845094
2020-10-01,42073,Pennsylvania,Lawrence County,40.992735,-80.334446,85512,540,22,631.4903171484705,25.727383291233977,31.0,0.0,36.252221910375155,0.0
2020-10-01,42075,Pennsylvania,Lebanon County,40.371448,-76.464819,141793,2091,60,1474.684928028887,42.31520596926506,108.0,1.0,76.1673707446771,0.7052534328210842
2020-10-01,42077,Pennsylvania,Lehigh County,40.614241,-75.590627,369318,5704,353,1544.4684526613921,95.58158551708826,153.0,0.0,41.42771270287395,0.0
2020-10-01,42079,Pennsylvania,Luzerne County,41.172787,-75.976035,317417,4147,190,1306.4832696421427,59.85816764697543,87.0,1.0,27.408739922562436,0.31504298761566013
2020-10-01,42081,Pennsylvania,Lycoming County,41.343882,-77.055262,113299,718,26,633.7213920687738,22.948128403604624,67.0,1.0,59.13556165544268,0.8826203232155624
2020-10-01,42083,Pennsylvania,McKean County,41.81459,-78.572463,40625,60,2,147.69230769230768,4.923076923076923,3.0,0.0,7.384615384615384,0.0
2020-10-01,42085,Pennsylvania,Mercer County,41.300014,-80.252786,109424,747,20,682.6655943851441,18.277525954086855,37.0,4.0,33.813423015060685,3.6555051908173706
2020-10-01,42087,Pennsylvania,Mifflin County,40.601615,-77.651832,46138,231,2,500.671897351424,4.334821622090251,11.0,0.0,23.84151892149638,0.0
2020-10-01,42089,Pennsylvania,Monroe County,41.05624,-75.329065,170271,1809,134,1062.4240181827793,78.69807542094661,24.0,1.0,14.09517768733372,0.5872990703055717
2020-10-01,42091,Pennsylvania,Montgomery County,40.209999,-75.370201,830915,12325,881,1483.3045498035299,106.02769236323813,266.0,3.0,32.01290143997882,0.36104776060126487
2020-10-01,42093,Pennsylvania,Montour County,41.029284,-76.665225,18230,195,5,1069.6653867251782,27.427317608337905,30.0,0.0,164.56390565002744,0.0
2020-10-01,42095,Pennsylvania,Northampton County,40.752791,-75.307447,305285,4532,305,1484.5144700853302,99.90664461077354,89.0,0.0,29.153086460192934,0.0
2020-10-01,42097,Pennsylvania,Northumberland County,40.851524,-76.709877,90843,1083,63,1192.1667051946765,69.35041775370694,156.0,12.0,171.72484396156005,13.209603381658466
2020-10-01,42099,Pennsylvania,Perry County,40.39778,-77.266328,46272,237,6,512.188796680498,12.966804979253112,23.0,0.0,49.70608575380359,0.0
2020-10-01,42101,Pennsylvania,Philadelphia County,40.009376,-75.133346,1584064,32483,1832,2050.6115914508505,115.65189285281403,1115.0,14.0,70.38857015878146,0.8838026746394084
2020-10-01,42103,Pennsylvania,Pike County,41.325949,-75.031514,55809,585,22,1048.2180293501049,39.420165206328726,13.0,0.0,23.293733985557886,0.0
2020-10-01,42105,Pennsylvania,Potter County,41.748587,-77.894436,16526,30,0,181.53213118722013,0.0,3.0,0.0,18.153213118722014,0.0
2020-10-01,42107,Pennsylvania,Schuylkill County,40.703682,-76.217788,141359,1204,53,851.7321146867197,37.49319109501341,110.0,1.0,77.81605698965046,0.7074186999059133
2020-10-01,42109,Pennsylvania,Snyder County,40.755407,-77.072929,40372,347,7,859.5065887248588,17.338749628455364,62.0,3.0,153.5717824234618,7.430892697909441
2020-10-01,42111,Pennsylvania,Somerset County,39.981297,-79.028486,73447,225,3,306.3433496262611,4.084577995016815,14.0,0.0,19.061363976745135,0.0
2020-10-01,42113,Pennsylvania,Sullivan County,41.439285,-76.511717,6066,13,0,214.30926475436863,0.0,2.0,0.0,32.97065611605671,0.0
2020-10-01,42115,Pennsylvania,Susquehanna County,41.819665,-75.800969,40328,297,28,736.4610196389605,69.43066851815115,4.0,0.0,9.918666931164452,0.0
2020-10-01,42117,Pennsylvania,Tioga County,41.766859,-77.257288,40591,81,3,199.55162474440147,7.390800916459314,15.0,0.0,36.95400458229657,0.0
2020-10-01,42119,Pennsylvania,Union County,40.962179,-77.055475,44923,477,6,1061.8168866727513,13.356187253745297,23.0,0.0,51.19871780602364,0.0
2020-10-01,42121,Pennsylvania,Venango County,41.400714,-79.765813,50668,93,1,183.54780137364807,1.9736322728349256,9.0,0.0,17.762690455514328,0.0
2020-10-01,42123,Pennsylvania,Warren County,41.834298,-79.298182,39191,44,1,112.27067438952822,2.5516062361256413,2.0,0.0,5.103212472251283,0.0
2020-10-01,42125,Pennsylvania,Washington County,40.200005,-80.252132,206865,1388,30,670.9689894375559,14.502211587267059,77.0,1.0,37.22234307398545,0.4834070529089019
2020-10-01,42127,Pennsylvania,Wayne County,41.646602,-75.292493,51361,245,10,477.01563443079385,19.47002589513444,22.0,0.0,42.834056969295766,0.0
2020-10-01,42129,Pennsylvania,Westmoreland County,40.311068,-79.466688,348899,2299,56,658.9299482085073,16.050490256492566,149.0,4.0,42.705768718167725,1.146463589749469
2020-10-01,42131,Pennsylvania,Wyoming County,41.525173,-76.008731,26794,78,8,291.10994998880346,29.85743076808241,5.0,0.0,18.660894230051504,0.0
2020-10-01,42133,Pennsylvania,York County,39.921751,-76.728889,449058,4971,159,1106.9839530751037,35.4074529348102,321.0,7.0,71.48297101933382,1.5588186826646002
2020-10-01,44001,Rhode Island,Bristol County,41.706831,-71.286637,48479,414,16,853.9780110975887,33.00398110522082,10.0,0.0,20.62748819076301,0.0
2020-10-01,44003,Rhode Island,Kent County,41.674245,-71.580924,164292,1945,110,1183.867747668785,66.95396002239914,78.0,1.0,47.47644437951939,0.6086723638399922
2020-10-01,44005,Rhode Island,Newport County,41.502504,-71.283689,82082,530,5,645.6957676469872,6.091469506103652,12.0,0.0,14.619526814648767,0.0
2020-10-01,44007,Rhode Island,Providence County,41.869768,-71.578625,638931,18927,893,2962.291702859933,139.76470072668252,490.0,12.0,76.69059726324126,1.8781370758344798
2020-10-01,44009,Rhode Island,Washington County,41.396792,-71.620282,125577,877,68,698.3762950221776,54.15004339966714,74.0,1.0,58.92798840552012,0.7963241676421637
2020-10-01,45001,South Carolina,Abbeville County,34.229041,-82.454058,24527,595,13,2425.8979899702367,53.00281322624047,42.0,1.0,171.23985811554613,4.077139478941574
2020-10-01,45003,South Carolina,Aiken County,33.550013,-81.632983,170872,4290,82,2510.6512477175897,47.989138068261624,237.0,2.0,138.70031368509763,1.1704667821527224
2020-10-01,45005,South Carolina,Allendale County,32.979757,-81.363265,8688,396,6,4558.011049723757,69.06077348066297,18.0,0.0,207.18232044198894,0.0
2020-10-01,45007,South Carolina,Anderson County,34.521235,-82.638603,202558,4561,181,2251.7007474402394,89.35712240444713,284.0,10.0,140.2067555959281,4.936857591405919
2020-10-01,45009,South Carolina,Bamberg County,33.203021,-81.053161,14066,648,34,4606.8534053746625,241.71761694867055,13.0,1.0,92.42144177449168,7.109341674960899
2020-10-01,45011,South Carolina,Barnwell County,33.260552,-81.434228,20866,744,16,3565.609124892169,76.67976612671332,63.0,0.0,301.92657912393366,0.0
2020-10-01,45013,South Carolina,Beaufort County,32.358112,-80.689422,192122,5704,83,2968.9468150446073,43.20171557656072,180.0,1.0,93.6904675154329,0.5205025973079606
2020-10-01,45015,South Carolina,Berkeley County,33.2077,-79.953655,227907,5515,89,2419.846691852378,39.051016423365674,108.0,1.0,47.3877502665561,0.438775465431075
2020-10-01,45017,South Carolina,Calhoun County,33.67478,-80.780347,14553,456,17,3133.3745619459905,116.81440252868825,9.0,0.0,61.84291898577613,0.0
2020-10-01,45019,South Carolina,Charleston County,32.800458,-79.94248,411406,15899,263,3864.5522914104313,63.927118223847,217.0,3.0,52.7459492569384,0.7292066717549087
2020-10-01,45021,South Carolina,Cherokee County,35.049796,-81.607647,57300,1175,40,2050.610820244328,69.80802792321117,43.0,5.0,75.043630017452,8.726003490401396
2020-10-01,45023,South Carolina,Chester County,34.689342,-81.161249,32244,1049,21,3253.3184468428235,65.12839598064757,28.0,0.0,86.83786130753009,0.0
2020-10-01,45025,South Carolina,Chesterfield County,34.637018,-80.159227,45650,1249,37,2736.035049288061,81.05147864184009,43.0,1.0,94.19496166484117,2.190580503833516
2020-10-01,45027,South Carolina,Clarendon County,33.664682,-80.217889,33745,1107,67,3280.485997925619,198.5479330271151,20.0,1.0,59.2680397095866,2.9634019854793303
2020-10-01,45029,South Carolina,Colleton County,32.835018,-80.655244,37677,1054,42,2797.4626429917453,111.47384345887411,46.0,0.0,122.09039997876688,0.0
2020-10-01,45031,South Carolina,Darlington County,34.332185,-79.962115,66618,2075,57,3114.77378486295,85.56246059623525,55.0,5.0,82.56026899636734,7.5054789996697595
2020-10-01,45033,South Carolina,Dillon County,34.390172,-79.374964,30479,1063,39,3487.647232520752,127.95695396830605,59.0,3.0,193.5759047212835,9.842842612946619
2020-10-01,45035,South Carolina,Dorchester County,33.082186,-80.404697,162809,4201,90,2580.3241835525064,55.279499290579764,112.0,2.0,68.79226578383259,1.2284333175684392
2020-10-01,45037,South Carolina,Edgefield County,33.776498,-81.968245,27260,823,19,3019.0755685986796,69.69919295671313,22.0,2.0,80.70432868672047,7.336757153338224
2020-10-01,45039,South Carolina,Fairfield County,34.395669,-81.127001,22347,774,36,3463.5521546516316,161.09544905356424,15.0,2.0,67.12310377231843,8.949747169642459
2020-10-01,45041,South Carolina,Florence County,34.028535,-79.710233,138293,4968,190,3592.3727159002988,137.38945572082463,95.0,3.0,68.69472786041231,2.169307195591968
2020-10-01,45043,South Carolina,Georgetown County,33.417531,-79.296333,62680,1911,44,3048.8194001276324,70.19783024888322,36.0,0.0,57.4345883854499,0.0
2020-10-01,45045,South Carolina,Greenville County,34.892645,-82.372077,523542,14577,307,2784.3038380874887,58.63903946579262,501.0,8.0,95.6943282487365,1.5280531456884072
2020-10-01,45047,South Carolina,Greenwood County,34.155796,-82.127876,70811,2239,73,3161.9381169592293,103.09132761859034,56.0,1.0,79.08375817316518,1.4122099673779498
2020-10-01,45049,South Carolina,Hampton County,32.778334,-81.143822,19222,669,27,3480.387056497763,140.46405160753304,37.0,2.0,192.48777442513787,10.404744563520966
2020-10-01,45051,South Carolina,Horry County,33.909269,-78.976675,354081,10416,200,2941.6997805586857,56.48425077877661,189.0,4.0,53.377616985943895,1.1296850155755322
2020-10-01,45053,South Carolina,Jasper County,32.43059,-81.021627,30073,820,22,2726.6983673062214,73.15532204967911,30.0,2.0,99.75725734047151,6.650483822698102
2020-10-01,45055,South Carolina,Kershaw County,34.338356,-80.590885,66551,2041,38,3066.820934321047,57.0990668810386,123.0,1.0,184.82066385178285,1.5026070231852264
2020-10-01,45057,South Carolina,Lancaster County,34.686818,-80.703688,98012,2185,53,2229.318858915235,54.07501122311554,74.0,4.0,75.50095906623679,4.081132922499285
2020-10-01,45059,South Carolina,Laurens County,34.483676,-82.005498,67493,1691,56,2505.445009112056,82.97156742180671,57.0,0.0,84.45320255433897,0.0
2020-10-01,45061,South Carolina,Lee County,34.15864,-80.251209,16828,717,35,4260.755883052056,207.98668885191347,12.0,1.0,71.30972189208462,5.9424768243403845
2020-10-01,45063,South Carolina,Lexington County,33.899477,-81.266277,298750,7490,164,2507.112970711297,54.895397489539754,478.0,7.0,160.0,2.3430962343096233
2020-10-01,45065,South Carolina,McCormick County,33.897599,-82.316196,9463,237,7,2504.49117615978,73.97231321990911,7.0,1.0,73.97231321990911,10.567473317129874
2020-10-01,45067,South Carolina,Marion County,34.08362,-79.354001,30657,898,26,2929.184199367192,84.80934207521936,41.0,3.0,133.73780865707667,9.785693316371466
2020-10-01,45069,South Carolina,Marlboro County,34.60167,-79.679435,26118,932,11,3568.420246573244,42.11654797457692,29.0,0.0,111.03453556933916,0.0
2020-10-01,45071,South Carolina,Newberry County,34.289881,-81.599676,38440,1287,27,3348.0749219562954,70.23933402705515,69.0,3.0,179.50052029136316,7.804370447450572
2020-10-01,45073,South Carolina,Oconee County,34.748766,-83.06154,79546,1767,28,2221.3561964146534,35.19975863022653,394.0,2.0,495.31088929675906,2.5142684735876095
2020-10-01,45075,South Carolina,Orangeburg County,33.436135,-80.802913,86175,3137,126,3640.2668987525385,146.21409921671017,65.0,3.0,75.42790832608065,3.4812880765883376
2020-10-01,45077,South Carolina,Pickens County,34.885368,-82.723377,126884,3169,45,2497.5568235553733,35.465464518773054,348.0,0.0,274.26625894517827,0.0
2020-10-01,45079,South Carolina,Richland County,34.029095,-80.898037,415759,15475,246,3722.1082405913044,59.16889351763882,642.0,12.0,154.416380643594,2.8862874886653085
2020-10-01,45081,South Carolina,Saluda County,34.005278,-81.727903,20473,689,22,3365.4080984711572,107.4586040150442,4.0,2.0,19.53792800273531,9.768964001367655
2020-10-01,45083,South Carolina,Spartanburg County,34.933271,-81.991052,319785,6974,204,2180.8402520443424,63.792860828369065,356.0,10.0,111.32479634754601,3.1271010209984835
2020-10-01,45085,South Carolina,Sumter County,33.91614,-80.382376,106721,3247,78,3042.5127200832076,73.08777091668931,78.0,1.0,73.08777091668931,0.9370227040601193
2020-10-01,45087,South Carolina,Union County,34.690397,-81.615896,27316,581,13,2126.95855908625,47.59115536681798,21.0,1.0,76.87802020793674,3.660858105139845
2020-10-01,45089,South Carolina,Williamsburg County,33.626462,-79.716474,30368,1338,45,4405.953635405691,148.18229715489989,13.0,1.0,42.80821917808219,3.292939936775553
2020-10-01,45091,South Carolina,York County,34.970188,-81.183187,280979,5486,76,1952.4590805718576,27.04828474725869,243.0,6.0,86.48333149452449,2.1353909010993704
2020-10-01,46003,South Dakota,Aurora County,43.724719,-98.577587,2751,63,0,2290.0763358778627,0.0,17.0,0.0,617.9571065067248,0.0
2020-10-01,46005,South Dakota,Beadle County,44.418265,-98.279422,18453,822,10,4454.560234108275,54.19173034194982,84.0,1.0,455.2105348723785,5.419173034194982
2020-10-01,46007,South Dakota,Bennett County,43.186912,-101.677181,3365,69,3,2050.520059435364,89.15304606240713,6.0,2.0,178.30609212481426,59.43536404160475
2020-10-01,46009,South Dakota,Bon Homme County,42.985799,-97.884199,6901,94,1,1362.1214316765686,14.490653528474136,14.0,0.0,202.86914939863786,0.0
2020-10-01,46011,South Dakota,Brookings County,44.376675,-96.797797,35077,815,2,2323.4598169740857,5.701741882144995,96.0,0.0,273.68361034295975,0.0
2020-10-01,46013,South Dakota,Brown County,45.589254,-98.352175,38839,1275,4,3282.7827698962383,10.298926336929375,173.0,0.0,445.42856407219546,0.0
2020-10-01,46015,South Dakota,Brule County,43.729873,-99.092909,5297,138,1,2605.2482537285255,18.878610534264677,30.0,1.0,566.3583160279403,18.878610534264677
2020-10-01,46017,South Dakota,Buffalo County,44.044306,-99.203998,1962,142,3,7237.512742099898,152.90519877675843,17.0,0.0,866.4627930682976,0.0
2020-10-01,46019,South Dakota,Butte County,44.896226,-103.501436,10429,121,3,1160.2262920701887,28.765941125707165,35.0,1.0,335.60264646658356,9.588647041902387
2020-10-01,46021,South Dakota,Campbell County,45.785575,-100.002107,1376,37,0,2688.953488372093,0.0,16.0,0.0,1162.7906976744187,0.0
2020-10-01,46023,South Dakota,Charles Mix County,43.206185,-98.595143,9292,196,0,2109.3413689195004,0.0,37.0,0.0,398.1919931123547,0.0
2020-10-01,46025,South Dakota,Clark County,44.855211,-97.724912,3736,44,0,1177.730192719486,0.0,7.0,0.0,187.3661670235546,0.0
2020-10-01,46027,South Dakota,Clay County,42.91615,-96.980468,14070,572,7,4065.3873489694383,49.75124378109452,24.0,2.0,170.57569296375266,14.214641080312722
2020-10-01,46029,South Dakota,Codington County,44.966285,-97.198837,28009,942,7,3363.204684208647,24.991966867792495,162.0,4.0,578.3855189403406,14.281123924452855
2020-10-01,46031,South Dakota,Corson County,45.685671,-101.179665,4086,93,1,2276.064610866373,24.47381302006853,2.0,0.0,48.94762604013706,0.0
2020-10-01,46033,South Dakota,Custer County,43.684943,-103.46225,8972,195,3,2173.4284440481497,33.43736067766385,16.0,1.0,178.33259028087383,11.145786892554614
2020-10-01,46035,South Dakota,Davison County,43.680439,-98.155868,19775,359,2,1815.4235145385587,10.11378002528445,110.0,0.0,556.2579013906447,0.0
2020-10-01,46037,South Dakota,Day County,45.355161,-97.58143,5424,89,0,1640.8554572271385,0.0,22.0,0.0,405.6047197640118,0.0
2020-10-01,46039,South Dakota,Deuel County,44.75629,-96.690239,4351,88,0,2022.523557802804,0.0,8.0,0.0,183.86577798207307,0.0
2020-10-01,46041,South Dakota,Dewey County,45.148049,-100.837953,5892,165,0,2800.4073319755603,0.0,31.0,0.0,526.1371350984385,0.0
2020-10-01,46043,South Dakota,Douglas County,43.391506,-98.358433,2921,93,1,3183.841150290996,34.23485107839781,17.0,1.0,581.9924683327628,34.23485107839781
2020-10-01,46045,South Dakota,Edmunds County,45.41168,-99.205362,3829,100,0,2611.6479498563594,0.0,10.0,0.0,261.1647949856359,0.0
2020-10-01,46047,South Dakota,Fall River County,43.221619,-103.512609,6713,99,4,1474.75048413526,59.58587814687919,8.0,1.0,119.17175629375838,14.896469536719797
2020-10-01,46049,South Dakota,Faulk County,45.065476,-99.153564,2299,76,1,3305.785123966942,43.49717268377555,11.0,0.0,478.46889952153106,0.0
2020-10-01,46051,South Dakota,Grant County,45.172637,-96.772261,7052,158,1,2240.499149177538,14.180374361883155,52.0,0.0,737.379466817924,0.0
2020-10-01,46053,South Dakota,Gregory County,43.175142,-99.206591,4185,140,3,3345.280764635603,71.68458781362007,28.0,2.0,669.0561529271207,47.789725209080046
2020-10-01,46055,South Dakota,Haakon County,44.282881,-101.595442,1899,28,1,1474.460242232754,52.6592943654555,7.0,1.0,368.6150605581885,52.6592943654555
2020-10-01,46057,South Dakota,Hamlin County,44.680619,-97.178598,6164,104,0,1687.2160934458143,0.0,18.0,0.0,292.01817001946785,0.0
2020-10-01,46059,South Dakota,Hand County,44.546713,-99.004575,3191,53,0,1660.9213412723284,0.0,18.0,0.0,564.0864932623002,0.0
2020-10-01,46061,South Dakota,Hanson County,43.680612,-97.796845,3453,44,1,1274.2542716478424,28.960324355632782,10.0,1.0,289.6032435563278,28.960324355632782
2020-10-01,46063,South Dakota,Harding County,45.596611,-103.473871,1298,4,0,308.1664098613251,0.0,0.0,0.0,0.0,0.0
2020-10-01,46065,South Dakota,Hughes County,44.384452,-99.975684,17526,483,5,2755.9055118110236,28.529042565331505,118.0,0.0,673.2854045418236,0.0
2020-10-01,46067,South Dakota,Hutchinson County,43.33671,-97.749383,7291,112,2,1536.1404471265946,27.4310794129749,30.0,0.0,411.4661911946235,0.0
2020-10-01,46069,South Dakota,Hyde County,44.537174,-99.472736,1301,20,0,1537.2790161414296,0.0,2.0,0.0,153.72790161414298,0.0
2020-10-01,46071,South Dakota,Jackson County,43.677506,-101.626323,3344,37,1,1106.4593301435407,29.90430622009569,6.0,0.0,179.42583732057417,0.0
2020-10-01,46073,South Dakota,Jerauld County,44.06341,-98.62317,2013,99,1,4918.0327868852455,49.67709885742673,23.0,0.0,1142.5732737208148,0.0
2020-10-01,46075,South Dakota,Jones County,43.951991,-100.686138,903,17,0,1882.6135105204874,0.0,10.0,0.0,1107.419712070875,0.0
2020-10-01,46077,South Dakota,Kingsbury County,44.362969,-97.499313,4939,61,0,1235.0678274954446,0.0,10.0,0.0,202.47013565499088,0.0
2020-10-01,46079,South Dakota,Lake County,44.02845,-97.123223,12797,206,7,1609.752285691959,54.70032038759084,23.0,0.0,179.72962413065562,0.0
2020-10-01,46081,South Dakota,Lawrence County,44.348767,-103.804947,25844,442,5,1710.261569416499,19.346850332765825,69.0,1.0,266.9865345921684,3.8693700665531656
2020-10-01,46083,South Dakota,Lincoln County,43.27942,-96.722286,61128,1474,2,2411.3335950791784,3.2718230598089257,210.0,0.0,343.5414212799372,0.0
2020-10-01,46085,South Dakota,Lyman County,43.894812,-99.841925,3781,172,3,4549.061094948426,79.34408886537953,45.0,0.0,1190.161332980693,0.0
2020-10-01,46087,South Dakota,McCook County,43.680416,-97.358048,5586,113,1,2022.9144289294666,17.901897601145723,22.0,0.0,393.8417472252059,0.0
2020-10-01,46089,South Dakota,McPherson County,45.784249,-99.211421,2379,37,0,1555.275325767129,0.0,8.0,0.0,336.2757461118117,0.0
2020-10-01,46091,South Dakota,Marshall County,45.737044,-97.58087,4935,46,0,932.1175278622086,0.0,9.0,0.0,182.370820668693,0.0
2020-10-01,46093,South Dakota,Meade County,44.605282,-102.714169,28332,584,5,2061.2734716927853,17.64788931243823,84.0,1.0,296.4845404489623,3.529577862487647
2020-10-01,46095,South Dakota,Mellette County,43.58469,-100.760955,2061,32,0,1552.6443474041728,0.0,2.0,0.0,97.0402717127608,0.0
2020-10-01,46097,South Dakota,Miner County,44.021541,-97.608122,2216,27,0,1218.4115523465703,0.0,8.0,0.0,361.01083032490976,0.0
2020-10-01,46099,South Dakota,Minnehaha County,43.667472,-96.795726,193134,6931,82,3588.7000735240813,42.45756832044073,478.0,2.0,247.49655679476425,1.0355504468400178
2020-10-01,46101,South Dakota,Moody County,44.012429,-96.676054,6576,101,0,1535.8880778588807,0.0,18.0,0.0,273.7226277372263,0.0
2020-10-01,46102,South Dakota,Oglala Lakota County,43.33358,-102.561686,14177,312,3,2200.7476899202934,21.16103548000282,69.0,0.0,486.7038160400649,0.0
2020-10-01,46103,South Dakota,Pennington County,44.002349,-102.823801,113775,2479,37,2178.8617886178863,32.520325203252035,337.0,1.0,296.19863766205225,0.8789277081960009
2020-10-01,46105,South Dakota,Perkins County,45.483387,-102.467995,2865,42,0,1465.9685863874345,0.0,6.0,0.0,209.42408376963354,0.0
2020-10-01,46107,South Dakota,Potter County,45.052713,-99.962003,2153,47,0,2183.000464468184,0.0,5.0,0.0,232.23409196470044,0.0
2020-10-01,46109,South Dakota,Roberts County,45.623397,-96.947551,10394,220,1,2116.6057340773523,9.620935154897056,46.0,0.0,442.56301712526454,0.0
2020-10-01,46111,South Dakota,Sanborn County,44.018942,-98.091709,2344,33,0,1407.8498293515358,0.0,9.0,0.0,383.95904436860064,0.0
2020-10-01,46115,South Dakota,Spink County,44.923772,-98.339615,6376,149,0,2336.888331242158,0.0,29.0,0.0,454.8306148055207,0.0
2020-10-01,46117,South Dakota,Stanley County,44.415547,-100.749163,3098,44,0,1420.2711426726921,0.0,8.0,0.0,258.23111684958036,0.0
2020-10-01,46119,South Dakota,Sully County,44.722325,-100.131399,1391,14,0,1006.4701653486701,0.0,5.0,0.0,359.45363048166786,0.0
2020-10-01,46121,South Dakota,Todd County,43.208794,-100.707664,10177,138,5,1355.9988208705906,49.13039206052864,20.0,0.0,196.52156824211457,0.0
2020-10-01,46123,South Dakota,Tripp County,43.349729,-99.876219,5441,176,1,3234.6995037676897,18.37897445322551,50.0,1.0,918.9487226612754,18.37897445322551
2020-10-01,46125,South Dakota,Turner County,43.30867,-97.150185,8384,177,3,2111.1641221374043,35.782442748091604,28.0,1.0,333.96946564885496,11.927480916030534
2020-10-01,46127,South Dakota,Union County,42.831106,-96.650829,15932,442,8,2774.2907356264122,50.21340697966357,67.0,1.0,420.5372834546824,6.276675872457946
2020-10-01,46129,South Dakota,Walworth County,45.427605,-100.027856,5435,136,1,2502.29990800368,18.39926402943882,31.0,0.0,570.3771849126035,0.0
2020-10-01,46135,South Dakota,Yankton County,43.006603,-97.388361,22814,451,4,1976.8563162970106,17.533093714385902,69.0,0.0,302.4458665731568,0.0
2020-10-01,46137,South Dakota,Ziebach County,44.989764,-101.660827,2756,63,0,2285.921625544267,0.0,3.0,0.0,108.85341074020319,0.0
2020-10-01,47001,Tennessee,Anderson County,36.116731,-84.195418,76978,1244,13,1616.0461430538596,16.887942009405283,86.0,2.0,111.72023175452728,2.59814492452389
2020-10-01,47003,Tennessee,Bedford County,35.51366,-86.458294,49713,1380,17,2775.9338603584574,34.1962866855752,66.0,0.0,132.76205419105665,0.0
2020-10-01,47005,Tennessee,Benton County,36.070948,-88.071232,16160,349,9,2159.6534653465346,55.69306930693069,10.0,0.0,61.881188118811885,0.0
2020-10-01,47007,Tennessee,Bledsoe County,35.593561,-85.20591,15064,865,4,5742.166755177907,26.55337227827934,16.0,0.0,106.21348911311736,0.0
2020-10-01,47009,Tennessee,Blount County,35.688185,-83.922973,133088,2616,24,1965.6167347920175,18.033181053137774,137.0,1.0,102.93940851166145,0.7513825438807405
2020-10-01,47011,Tennessee,Bradley County,35.153914,-84.859414,108110,3027,17,2799.9260012949776,15.724724817315698,107.0,0.0,98.97326796781056,0.0
2020-10-01,47013,Tennessee,Campbell County,36.401592,-84.159249,39842,476,4,1194.7191406053914,10.039656643742784,42.0,1.0,105.41639475929922,2.509914160935696
2020-10-01,47015,Tennessee,Cannon County,35.808394,-86.062404,14678,308,1,2098.378525684698,6.8129172911840845,21.0,1.0,143.0712631148658,6.8129172911840845
2020-10-01,47017,Tennessee,Carroll County,35.965748,-88.452379,27767,923,20,3324.089746821767,72.02794684337523,75.0,2.0,270.1048006626571,7.202794684337523
2020-10-01,47019,Tennessee,Carter County,36.284744,-82.126593,56391,1199,28,2126.2258161763402,49.653313472007945,53.0,0.0,93.98662907201503,0.0
2020-10-01,47021,Tennessee,Cheatham County,36.255169,-87.100808,40667,832,10,2045.8848697961491,24.589962377357566,29.0,0.0,71.31089089433694,0.0
2020-10-01,47023,Tennessee,Chester County,35.420253,-88.611353,17297,654,11,3781.0024859802274,63.594843036364686,47.0,1.0,271.7234202462855,5.781349366942244
2020-10-01,47025,Tennessee,Claiborne County,36.501572,-83.660698,31959,451,5,1411.1830783190965,15.64504521418067,12.0,1.0,37.54810851403361,3.129009042836134
2020-10-01,47027,Tennessee,Clay County,36.545749,-85.545717,7615,246,5,3230.466185160866,65.65988181221273,29.0,0.0,380.8273145108339,0.0
2020-10-01,47029,Tennessee,Cocke County,35.916198,-83.119224,36004,763,10,2119.2089767803577,27.77469170092212,23.0,1.0,63.88179091212087,2.7774691700922123
2020-10-01,47031,Tennessee,Coffee County,35.488765,-86.078202,56520,1300,14,2300.070771408351,24.769992922859164,137.0,2.0,242.3920736022647,3.5385704175513095
2020-10-01,47033,Tennessee,Crockett County,35.818795,-89.132494,14230,578,19,4061.8411806043573,133.52073085031623,34.0,0.0,238.93183415319746,0.0
2020-10-01,47035,Tennessee,Cumberland County,35.952398,-84.994761,60520,1226,19,2025.776602775942,31.394580304031724,48.0,1.0,79.31262392597489,1.6523463317911435
2020-10-01,47037,Tennessee,Davidson County,36.169129,-86.78479,694144,27496,312,3961.137746634704,44.947446063064724,676.0,15.0,97.38613313664024,2.160934906878112
2020-10-01,47039,Tennessee,Decatur County,35.603136,-88.110292,11663,543,7,4655.748949669896,60.01886307125096,42.0,1.0,360.1131784275058,8.574123295892996
2020-10-01,47041,Tennessee,DeKalb County,35.982219,-85.833596,20490,546,14,2664.714494875549,68.32601268911664,26.0,1.0,126.8911664226452,4.880429477794046
2020-10-01,47043,Tennessee,Dickson County,36.145533,-87.364155,53948,1298,16,2406.0206124416104,29.65818936753911,63.0,2.0,116.77912063468524,3.7072736709423886
2020-10-01,47045,Tennessee,Dyer County,36.054196,-89.398306,37159,1468,17,3950.5907048090635,45.74934739901504,137.0,4.0,368.6859172744153,10.76455232918001
2020-10-01,47047,Tennessee,Fayette County,35.196993,-89.413803,41133,1251,21,3041.3536576471447,51.05389832980818,67.0,3.0,162.88624705224515,7.293414047115454
2020-10-01,47049,Tennessee,Fentress County,36.369892,-84.937764,18523,598,4,3228.4187226691142,21.594774064676347,132.0,1.0,712.6275441343195,5.398693516169087
2020-10-01,47051,Tennessee,Franklin County,35.155926,-86.099203,42208,1026,10,2430.8188021228207,23.692191053828658,66.0,2.0,156.36846095526914,4.7384382107657315
2020-10-01,47053,Tennessee,Gibson County,35.991632,-88.933812,49133,1788,24,3639.1020291860864,48.84700710316895,182.0,4.0,370.4231371990312,8.141167850528158
2020-10-01,47055,Tennessee,Giles County,35.202723,-87.035319,29464,658,17,2233.233776812381,57.69752918816182,77.0,0.0,261.3358674993212,0.0
2020-10-01,47057,Tennessee,Grainger County,36.277509,-83.509546,23320,404,3,1732.4185248713552,12.864493996569468,42.0,0.0,180.10291595197256,0.0
2020-10-01,47059,Tennessee,Greene County,36.179487,-82.847523,69069,1184,46,1714.2278011843227,66.6000666000666,57.0,7.0,82.52616948269123,10.134792743488395
2020-10-01,47061,Tennessee,Grundy County,35.393386,-85.710379,13427,350,6,2606.6880166828037,44.68608028599091,73.0,1.0,543.6806434795561,7.447680047665153
2020-10-01,47063,Tennessee,Hamblen County,36.218397,-83.266071,64934,1985,28,3056.9501339821973,43.120707179597744,84.0,3.0,129.36212153879322,4.620075769242615
2020-10-01,47065,Tennessee,Hamilton County,35.163472,-85.201843,367804,9709,95,2639.721155832998,25.82897412752444,440.0,6.0,119.62893280116583,1.6313036291068068
2020-10-01,47067,Tennessee,Hancock County,36.521353,-83.227493,6620,111,3,1676.7371601208458,45.31722054380665,3.0,0.0,45.31722054380665,0.0
2020-10-01,47069,Tennessee,Hardeman County,35.218785,-88.988697,25050,1623,26,6479.041916167665,103.79241516966069,47.0,1.0,187.624750499002,3.9920159680638725
2020-10-01,47071,Tennessee,Hardin County,35.201893,-88.185696,25652,1092,16,4256.97801341026,62.373304225791365,88.0,1.0,343.0531732418525,3.8983315141119603
2020-10-01,47073,Tennessee,Hawkins County,36.452089,-82.931485,56786,850,20,1496.8478146021907,35.219948578875076,66.0,4.0,116.22583031028775,7.043989715775014
2020-10-01,47075,Tennessee,Haywood County,35.586678,-89.282691,17304,1032,23,5963.9389736477115,132.91724456773,63.0,7.0,364.07766990291265,40.45307443365696
2020-10-01,47077,Tennessee,Henderson County,35.653994,-88.387674,28117,1206,24,4289.220044812746,85.35761283209447,58.0,3.0,206.28089767756163,10.66970160401181
2020-10-01,47079,Tennessee,Henry County,36.325295,-88.300288,32345,644,10,1991.0341629309012,30.91667954861648,33.0,1.0,102.02504251043437,3.091667954861648
2020-10-01,47081,Tennessee,Hickman County,35.802327,-87.467116,25178,630,8,2502.1844467392166,31.773770752244022,58.0,3.0,230.35983795376916,11.915164032091509
2020-10-01,47083,Tennessee,Houston County,36.285782,-87.705598,8201,273,3,3328.862333861724,36.58090476771125,65.0,2.0,792.5862699670771,24.38726984514084
2020-10-01,47085,Tennessee,Humphreys County,36.040822,-87.790453,18582,280,3,1506.8345710903025,16.144656118824667,34.0,0.0,182.9727693466796,0.0
2020-10-01,47087,Tennessee,Jackson County,36.35425,-85.674128,11786,338,5,2867.8092652299338,42.42321398269133,22.0,0.0,186.66214152384185,0.0
2020-10-01,47089,Tennessee,Jefferson County,36.048338,-83.441143,54495,1164,14,2135.975777594275,25.690430314707772,75.0,0.0,137.62730525736308,0.0
2020-10-01,47091,Tennessee,Johnson County,36.453203,-81.861247,17788,756,3,4250.056217674837,16.86530245109062,83.0,1.0,466.6067011468406,5.621767483696875
2020-10-01,47093,Tennessee,Knox County,35.992726,-83.937721,470313,9987,80,2123.4794700550483,17.009948693742253,585.0,5.0,124.38524982299022,1.0631217933588908
2020-10-01,47095,Tennessee,Lake County,36.333905,-89.485536,7016,925,2,13184.150513112885,28.506271379703534,14.0,0.0,199.54389965792475,0.0
2020-10-01,47097,Tennessee,Lauderdale County,35.762951,-89.627732,25633,1024,16,3994.8503881714973,62.419537315179646,67.0,1.0,261.3818125073148,3.901221082198728
2020-10-01,47099,Tennessee,Lawrence County,35.220476,-87.396546,44142,1123,14,2544.0623442526394,31.71582619727244,106.0,3.0,240.13411263649132,6.796248470844095
2020-10-01,47101,Tennessee,Lewis County,35.523244,-87.496983,12268,214,1,1744.375611346593,8.15128790348875,27.0,0.0,220.08477339419628,0.0
2020-10-01,47103,Tennessee,Lincoln County,35.142784,-86.593403,34366,650,1,1891.4042949426757,2.9098527614502703,46.0,0.0,133.85322702671246,0.0
2020-10-01,47105,Tennessee,Loudon County,35.735085,-84.314085,54068,1235,7,2284.1606865428716,12.94665976178146,103.0,1.0,190.50085078049864,1.849522823111637
2020-10-01,47107,Tennessee,McMinn County,35.424472,-84.619949,53794,1186,26,2204.7068446295125,48.33252779120348,77.0,2.0,143.1386399970257,3.7178867531694983
2020-10-01,47109,Tennessee,McNairy County,35.175375,-88.56374,25694,937,18,3646.765781894606,70.0552658208142,101.0,0.0,393.08788043901296,0.0
2020-10-01,47111,Tennessee,Macon County,36.537757,-86.00096,24602,1076,21,4373.62816031217,85.35891390943826,38.0,1.0,154.4589870742216,4.064710186163727
2020-10-01,47113,Tennessee,Madison County,35.606056,-88.833424,97984,3122,66,3186.2344872632266,67.35793598954932,279.0,6.0,284.7403657740039,6.123448726322665
2020-10-01,47115,Tennessee,Marion County,35.133422,-85.618399,28907,567,8,1961.4626215103608,27.67495762272114,40.0,1.0,138.3747881136057,3.4593697028401427
2020-10-01,47117,Tennessee,Marshall County,35.468343,-86.765865,34375,798,5,2321.4545454545455,14.545454545454545,57.0,0.0,165.8181818181818,0.0
2020-10-01,47119,Tennessee,Maury County,35.615696,-87.077763,96387,2472,26,2564.661209499206,26.974592009295858,169.0,3.0,175.3348480604231,3.112452924149522
2020-10-01,47121,Tennessee,Meigs County,35.512203,-84.816102,12422,231,3,1859.6039285139268,24.15070037031074,8.0,0.0,64.40186765416198,0.0
2020-10-01,47123,Tennessee,Monroe County,35.447818,-84.249705,46545,1084,19,2328.9289934472013,40.82071113975723,71.0,2.0,152.54055215382962,4.296916962079708
2020-10-01,47125,Tennessee,Montgomery County,36.500354,-87.380887,208993,3198,46,1530.194791213103,22.01030656529166,157.0,3.0,75.1221332771911,1.4354547759972822
2020-10-01,47127,Tennessee,Moore County,35.288888,-86.358684,6488,190,1,2928.4833538840935,15.413070283600494,23.0,0.0,354.50061652281136,0.0
2020-10-01,47129,Tennessee,Morgan County,36.138697,-84.639262,21403,328,3,1532.4954445638461,14.016726627108348,17.0,0.0,79.42811755361397,0.0
2020-10-01,47131,Tennessee,Obion County,36.357996,-89.150024,30069,1247,11,4147.12827164189,36.582526854900394,99.0,2.0,329.2427416941036,6.651368519072799
2020-10-01,47133,Tennessee,Overton County,36.34485,-85.283076,22241,792,6,3560.990962636572,26.977204262398274,79.0,1.0,355.1998561215773,4.496200710399712
2020-10-01,47135,Tennessee,Perry County,35.663752,-87.869326,8076,154,0,1906.8845963348194,0.0,5.0,0.0,61.91183754333829,0.0
2020-10-01,47137,Tennessee,Pickett County,36.559364,-85.075741,5048,132,2,2614.8969889064974,39.61965134706815,26.0,0.0,515.0554675118859,0.0
2020-10-01,47139,Tennessee,Polk County,35.109437,-84.541112,16832,424,11,2519.0114068441067,65.35171102661596,36.0,0.0,213.87832699619773,0.0
2020-10-01,47141,Tennessee,Putnam County,36.14094,-85.49618,80245,3393,44,4228.300828712069,54.83207676490746,196.0,6.0,244.25197831640602,7.477101377032836
2020-10-01,47143,Tennessee,Rhea County,35.60059,-84.949548,33167,875,15,2638.1644405583866,45.22567612385805,73.0,4.0,220.0982904694425,12.060180299695482
2020-10-01,47145,Tennessee,Roane County,35.84725,-84.523929,53382,921,6,1725.3006631448804,11.239743733842868,49.0,2.0,91.7912404930501,3.7465812446142897
2020-10-01,47147,Tennessee,Robertson County,36.527509,-86.869354,71813,2272,39,3163.77257599599,54.307715873170594,66.0,4.0,91.90536532382716,5.57002214083801
2020-10-01,47149,Tennessee,Rutherford County,35.843369,-86.417213,332285,9637,92,2900.221195660352,27.687075853559445,421.0,4.0,126.69846667770136,1.2037859066764978
2020-10-01,47151,Tennessee,Scott County,36.435234,-84.50352,22068,227,2,1028.6387529454414,9.062896501721951,19.0,0.0,86.09751676635854,0.0
2020-10-01,47153,Tennessee,Sequatchie County,35.372336,-85.410082,15026,249,3,1657.1276454146148,19.96539331824837,22.0,0.0,146.41288433382138,0.0
2020-10-01,47155,Tennessee,Sevier County,35.795345,-83.518496,98250,2688,15,2735.8778625954196,15.267175572519085,127.0,0.0,129.2620865139949,0.0
2020-10-01,47157,Tennessee,Shelby County,35.183794,-89.895397,937166,31658,472,3378.0568223772525,50.364609898353116,795.0,23.0,84.83022218048883,2.454207685724834
2020-10-01,47159,Tennessee,Smith County,36.256645,-85.941915,20157,769,11,3815.051843032197,54.57161283921218,59.0,1.0,292.7022870466835,4.961055712655654
2020-10-01,47161,Tennessee,Stewart County,36.458464,-87.811889,13715,222,2,1618.6656944950785,14.582573824279985,36.0,0.0,262.4863288370397,0.0
2020-10-01,47163,Tennessee,Sullivan County,36.509681,-82.301336,158348,2294,33,1448.7079091620988,20.84017480486018,174.0,1.0,109.88455806199005,0.6315204486321268
2020-10-01,47165,Tennessee,Sumner County,36.473443,-86.459798,191283,5000,98,2613.9280542442348,51.232989863187,196.0,5.0,102.465979726374,2.613928054244235
2020-10-01,47167,Tennessee,Tipton County,35.500259,-89.766803,61599,1874,19,3042.257179499667,30.844656569100145,92.0,2.0,149.35307391353757,3.2468059546421206
2020-10-01,47169,Tennessee,Trousdale County,36.39303,-86.156691,11284,1677,7,14861.751152073732,62.03473945409429,27.0,0.0,239.276852180078,0.0
2020-10-01,47171,Tennessee,Unicoi County,36.100129,-82.418218,17883,292,1,1632.835653973047,5.59190292456523,9.0,0.0,50.327126321087064,0.0
2020-10-01,47173,Tennessee,Union County,36.28414,-83.836088,19972,384,2,1922.6917684758662,10.01401962747847,38.0,1.0,190.26637292209094,5.007009813739235
2020-10-01,47175,Tennessee,Van Buren County,35.699234,-85.458409,5872,167,0,2844.0054495912805,0.0,7.0,0.0,119.20980926430518,0.0
2020-10-01,47177,Tennessee,Warren County,35.67825,-85.777343,41277,1102,8,2669.7676672238777,19.381253482568987,62.0,0.0,150.20471448990963,0.0
2020-10-01,47179,Tennessee,Washington County,36.295665,-82.495037,129375,2394,38,1850.4347826086957,29.371980676328505,157.0,4.0,121.35265700483093,3.0917874396135265
2020-10-01,47181,Tennessee,Wayne County,35.242847,-87.819843,16673,1507,6,9038.565345168836,35.98632519642536,15.0,0.0,89.96581299106339,0.0
2020-10-01,47183,Tennessee,Weakley County,36.303596,-88.721194,33328,1266,21,3798.6077772443587,63.010081613058084,81.0,2.0,243.03888622179548,6.00096015362458
2020-10-01,47185,Tennessee,White County,35.927049,-85.455785,27345,859,10,3141.3421100749683,36.5697568111172,53.0,1.0,193.8197110989212,3.656975681111721
2020-10-01,47187,Tennessee,Williamson County,35.894807,-86.898068,238412,5459,36,2289.7337382346527,15.099911078301426,287.0,0.0,120.37984665201417,0.0
2020-10-01,47189,Tennessee,Wilson County,36.149527,-86.291242,144657,3618,47,2501.088782430162,32.49065029690924,197.0,4.0,136.18421507427917,2.765161727396531
2020-10-01,48001,Texas,Anderson County,31.841261,-95.661727,57735,2840,39,4919.026586992292,67.55001299038712,15.0,3.0,25.98077422707197,5.1961548454143935
2020-10-01,48003,Texas,Andrews County,32.312258,-102.640206,18705,425,10,2272.11975407645,53.46164127238706,10.0,0.0,53.46164127238706,0.0
2020-10-01,48005,Texas,Angelina County,31.251896,-94.611134,86715,2163,86,2494.378135270714,99.17545983970477,43.0,2.0,49.587729919852386,2.3064060427838324
2020-10-01,48007,Texas,Aransas County,28.122621,-96.967501,23510,323,18,1373.883453849426,76.56316461080391,1.0,0.0,4.253509145044662,0.0
2020-10-01,48009,Texas,Archer County,33.616305,-98.687267,8553,87,1,1017.1869519466853,11.691804045364199,5.0,0.0,58.459020226820996,0.0
2020-10-01,48011,Texas,Armstrong County,34.964179,-101.356636,1887,13,1,688.924218335983,52.994170641229466,0.0,0.0,0.0,0.0
2020-10-01,48013,Texas,Atascosa County,28.891478,-98.535381,51153,1165,34,2277.48128164526,66.4672648720505,11.0,1.0,21.504115105663402,1.9549195550603093
2020-10-01,48015,Texas,Austin County,29.891901,-96.27017,30032,499,10,1661.561001598295,33.29781566329249,8.0,0.0,26.638252530633988,0.0
2020-10-01,48017,Texas,Bailey County,34.067521,-102.830345,7000,226,5,3228.5714285714284,71.42857142857143,9.0,0.0,128.57142857142856,0.0
2020-10-01,48019,Texas,Bandera County,29.756389,-99.248285,23112,160,8,692.2810661128418,34.614053305642095,2.0,0.0,8.653513326410524,0.0
2020-10-01,48021,Texas,Bastrop County,30.100772,-97.310639,88723,1853,32,2088.522705499138,36.06731061844167,39.0,1.0,43.957034816225786,1.127103456826302
2020-10-01,48023,Texas,Baylor County,33.618802,-99.208189,3509,20,1,569.9629524080934,28.498147620404676,3.0,0.0,85.49444286121403,0.0
2020-10-01,48025,Texas,Bee County,28.416077,-97.742586,32565,1834,37,5631.813296483955,113.61891601412559,0.0,1.0,0.0,3.070781513895286
2020-10-01,48027,Texas,Bell County,31.042748,-97.48127,362924,5590,94,1540.2673838048736,25.90073954877605,186.0,4.0,51.25039953268453,1.1021591297351512
2020-10-01,48029,Texas,Bexar County,29.448671,-98.520147,2003554,47395,1385,2365.546424004544,69.12716103484108,3387.0,15.0,169.04959886282077,0.7486696140957518
2020-10-01,48031,Texas,Blanco County,30.266456,-98.399217,11931,145,5,1215.321431564831,41.90763557120108,1.0,0.0,8.381527114240214,0.0
2020-10-01,48033,Texas,Borden County,32.73859,-101.439199,654,1,0,152.90519877675843,0.0,0.0,0.0,0.0,0.0
2020-10-01,48035,Texas,Bosque County,31.900819,-97.637641,18685,342,9,1830.3451966818304,48.16697886004817,28.0,2.0,149.85282312014985,10.703773080010704
2020-10-01,48037,Texas,Bowie County,33.446065,-94.422393,93245,1430,66,1533.5942946002467,70.781275135396,100.0,9.0,107.24435626575152,9.651992063917636
2020-10-01,48039,Texas,Brazoria County,29.167817,-95.434647,374264,11485,178,3068.6894812218115,47.56001111514866,316.0,1.0,84.43237928307292,0.2671910736806105
2020-10-01,48041,Texas,Brazos County,30.656713,-96.302394,229211,6492,67,2832.3248011657383,29.230708822874995,314.0,2.0,136.9916801549664,0.8725584723246266
2020-10-01,48043,Texas,Brewster County,29.808997,-103.252458,9203,221,5,2401.3908508095187,54.33010974682169,5.0,1.0,54.33010974682169,10.866021949364338
2020-10-01,48045,Texas,Briscoe County,34.525172,-101.205893,1546,14,1,905.5627425614488,64.6830530401035,2.0,0.0,129.366106080207,0.0
2020-10-01,48047,Texas,Brooks County,27.034994,-98.215276,7093,322,26,4539.6870153672635,366.55857888058654,10.0,0.0,140.98406880022557,0.0
2020-10-01,48049,Texas,Brown County,31.764137,-98.998456,37864,587,26,1550.2852313543208,68.66680752165645,23.0,0.0,60.74371434608071,0.0
2020-10-01,48051,Texas,Burleson County,30.493487,-96.622091,18443,347,6,1881.4726454481377,32.53266822100526,10.0,0.0,54.22111370167543,0.0
2020-10-01,48053,Texas,Burnet County,30.78963,-98.201187,48155,756,12,1569.9304329768456,24.91953068217215,34.0,0.0,70.6053369328211,0.0
2020-10-01,48055,Texas,Caldwell County,29.832399,-97.628141,43664,1550,36,3549.8351044338588,82.44778307072187,27.0,1.0,61.8358373030414,2.290216196408941
2020-10-01,48057,Texas,Calhoun County,28.441719,-96.579574,21290,828,9,3889.14983560357,42.27336777829967,10.0,1.0,46.97040864255519,4.697040864255519
2020-10-01,48059,Texas,Callahan County,32.29315,-99.372249,13943,97,4,695.6895933443304,28.688230653374454,9.0,1.0,64.54851897009252,7.1720576633436135
2020-10-01,48061,Texas,Cameron County,26.102923,-97.478958,423163,22876,966,5405.9546794025,228.28082795518512,290.0,20.0,68.53151149793342,4.726311137788511
2020-10-01,48063,Texas,Camp County,32.974581,-94.979085,13094,360,13,2749.3508477165115,99.28211394531847,9.0,1.0,68.73377119291278,7.63708568810142
2020-10-01,48065,Texas,Carson County,35.405496,-101.355356,5926,29,0,489.36888288896387,0.0,8.0,0.0,134.99831252109348,0.0
2020-10-01,48067,Texas,Cass County,33.083698,-94.357579,30026,383,20,1275.5611803103975,66.60893891960302,45.0,4.0,149.87011256910677,13.321787783920602
2020-10-01,48069,Texas,Castro County,34.533621,-102.258786,7530,263,5,3492.6958831341303,66.40106241699867,12.0,0.0,159.3625498007968,0.0
2020-10-01,48071,Texas,Chambers County,29.696374,-94.669445,43837,1356,8,3093.277368433059,18.249424002554917,60.0,0.0,136.8706800191619,0.0
2020-10-01,48073,Texas,Cherokee County,31.843881,-95.156343,52646,1569,33,2980.2834023477567,62.68282490597576,23.0,0.0,43.688029479922506,0.0
2020-10-01,48075,Texas,Childress County,34.524624,-100.208166,7306,75,0,1026.5535176567205,0.0,7.0,0.0,95.81166164796058,0.0
2020-10-01,48077,Texas,Clay County,33.785904,-98.212917,10471,90,2,859.5167605768313,19.100372457262917,6.0,0.0,57.30111737178875,0.0
2020-10-01,48079,Texas,Cochran County,33.60844,-102.830449,2853,53,1,1857.6936558009113,35.05082369435682,3.0,0.0,105.15247108307045,0.0
2020-10-01,48081,Texas,Coke County,31.87711,-100.635231,3387,53,3,1564.8066135222912,88.57395925597875,1.0,0.0,29.52465308532625,0.0
2020-10-01,48083,Texas,Coleman County,31.914205,-99.346622,8175,79,4,966.3608562691132,48.92966360856269,9.0,0.0,110.09174311926607,0.0
2020-10-01,48085,Texas,Collin County,33.194532,-96.579444,1034730,14109,163,1363.5441129570033,15.752901723154833,799.0,9.0,77.2182115141148,0.8697921196833956
2020-10-01,48087,Texas,Collingsworth County,34.963358,-100.272135,2920,19,0,650.6849315068494,0.0,1.0,0.0,34.24657534246575,0.0
2020-10-01,48089,Texas,Colorado County,29.596296,-96.508935,21493,486,4,2261.2013213604428,18.61071046387196,4.0,0.0,18.61071046387196,0.0
2020-10-01,48091,Texas,Comal County,29.805491,-98.260544,156209,2748,103,1759.181609254268,65.93730194803116,100.0,0.0,64.01679800779725,0.0
2020-10-01,48093,Texas,Comanche County,31.951645,-98.549617,13635,309,5,2266.226622662266,36.67033370003667,9.0,1.0,66.00660066006601,7.3340667400073345
2020-10-01,48095,Texas,Concho County,31.318883,-99.863649,2726,134,2,4915.62729273661,73.36757153338225,5.0,0.0,183.4189288334556,0.0
2020-10-01,48097,Texas,Cooke County,33.639196,-97.210343,41257,462,7,1119.8099716411762,16.966817752139033,37.0,1.0,89.68175097559202,2.423831107448433
2020-10-01,48099,Texas,Coryell County,31.391177,-97.798022,75951,1834,14,2414.714750299535,18.432937025187293,24.0,1.0,31.599320614606786,1.3166383589419495
2020-10-01,48101,Texas,Cottle County,34.091906,-100.276442,1398,29,3,2074.391988555079,214.59227467811158,4.0,0.0,286.1230329041488,0.0
2020-10-01,48103,Texas,Crane County,31.422796,-102.487774,4797,75,2,1563.4771732332706,41.692724619553886,0.0,0.0,0.0,0.0
2020-10-01,48105,Texas,Crockett County,30.717532,-101.404211,3464,164,7,4734.411085450346,202.07852193995382,0.0,0.0,0.0,0.0
2020-10-01,48107,Texas,Crosby County,33.609144,-101.29871,5737,88,3,1533.902736621928,52.29213874847481,2.0,0.0,34.86142583231654,0.0
2020-10-01,48109,Texas,Culberson County,31.445908,-104.526945,2171,55,2,2533.394748963611,92.12344541685859,1.0,0.0,46.06172270842929,0.0
2020-10-01,48111,Texas,Dallam County,36.28637,-102.59402,7287,258,10,3540.5516673528205,137.23068478111708,12.0,0.0,164.67682173734048,0.0
2020-10-01,48113,Texas,Dallas County,32.766987,-96.778424,2635516,82410,1194,3126.9019045985683,45.304221260656355,3687.0,17.0,139.89670334006698,0.6450349760729968
2020-10-01,48115,Texas,Dawson County,32.742528,-101.948771,12728,462,12,3629.792583280955,94.28032683846638,67.0,2.0,526.3984915147706,15.713387806411063
2020-10-01,48117,Texas,Deaf Smith County,34.940766,-102.607564,18546,901,25,4858.190445379058,134.7999568640138,34.0,1.0,183.32794133505877,5.391998274560552
2020-10-01,48119,Texas,Delta County,33.385933,-95.67335,5331,29,0,543.9879947477021,0.0,5.0,0.0,93.79103357719002,0.0
2020-10-01,48121,Texas,Denton County,33.205132,-97.12114,887207,12242,159,1379.8358218544263,17.921409547039193,472.0,3.0,53.200662303160364,0.33813980277432437
2020-10-01,48123,Texas,DeWitt County,29.082346,-97.361654,20160,997,0,4945.436507936508,0.0,1.0,0.0,4.9603174603174605,0.0
2020-10-01,48125,Texas,Dickens County,33.615363,-100.787617,2211,50,2,2261.4201718679333,90.45680687471732,2.0,0.0,90.45680687471732,0.0
2020-10-01,48127,Texas,Dimmit County,28.423587,-99.765871,10124,257,7,2538.522323192414,69.1426313709996,3.0,0.0,29.632556301856976,0.0
2020-10-01,48129,Texas,Donley County,34.955036,-100.815846,3278,66,1,2013.4228187919462,30.50640634533252,5.0,0.0,152.5320317266626,0.0
2020-10-01,48131,Texas,Duval County,27.681123,-98.497393,11157,448,17,4015.4163305548086,152.37070897194587,14.0,0.0,125.48176032983777,0.0
2020-10-01,48133,Texas,Eastland County,32.324645,-98.83656,18360,183,4,996.7320261437908,21.78649237472767,12.0,1.0,65.359477124183,5.446623093681917
2020-10-01,48135,Texas,Ector County,31.865301,-102.542507,166223,3172,91,1908.279840936573,54.745733141623,77.0,1.0,46.32331265829639,0.6016014630947583
2020-10-01,48137,Texas,Edwards County,29.985877,-100.307373,1932,67,2,3467.9089026915112,103.51966873706004,0.0,0.0,0.0,0.0
2020-10-01,48139,Texas,Ellis County,32.346878,-96.79694,184826,4459,72,2412.539361345265,38.95555820068605,131.0,3.0,70.87747394847045,1.6231482583619188
2020-10-01,48141,Texas,El Paso County,31.76648,-106.241424,839238,24666,575,2939.0947502377157,68.51453342198518,1459.0,14.0,173.84818132639373,1.6681799441874654
2020-10-01,48143,Texas,Erath County,32.236661,-98.220507,42698,883,13,2068.012553281184,30.446390931659565,46.0,0.0,107.73338329664152,0.0
2020-10-01,48145,Texas,Falls County,31.25193,-96.934127,17297,293,6,1693.9353645140775,34.688096201653465,59.0,0.0,341.0996126495924,0.0
2020-10-01,48147,Texas,Fannin County,33.591161,-96.104988,35514,691,17,1945.7115503745001,47.868446246550654,17.0,2.0,47.868446246550654,5.631581911358901
2020-10-01,48149,Texas,Fayette County,29.877886,-96.921231,25346,492,21,1941.1346958099898,82.85331018701176,19.0,0.0,74.96251874062968,0.0
2020-10-01,48151,Texas,Fisher County,32.740473,-100.40312,3830,67,3,1749.3472584856395,78.3289817232376,1.0,0.0,26.109660574412533,0.0
2020-10-01,48153,Texas,Floyd County,34.07373,-101.303274,5712,111,9,1943.2773109243699,157.56302521008405,5.0,0.0,87.53501400560225,0.0
2020-10-01,48155,Texas,Foard County,33.963306,-99.816828,1155,13,0,1125.5411255411257,0.0,4.0,0.0,346.32034632034635,0.0
2020-10-01,48157,Texas,Fort Bend County,29.526602,-95.771015,811688,16472,302,2029.3511792708528,37.20641428726309,423.0,4.0,52.11362001163009,0.49280018923527263
2020-10-01,48159,Texas,Franklin County,33.175846,-95.219066,10725,136,6,1268.0652680652681,55.94405594405595,2.0,0.0,18.64801864801865,0.0
2020-10-01,48161,Texas,Freestone County,31.701749,-96.144957,19717,417,3,2114.926205812243,15.215296444692397,13.0,1.0,65.93295126033372,5.071765481564132
2020-10-01,48163,Texas,Frio County,28.869334,-99.108788,20306,984,9,4845.858366985128,44.321875307790805,11.0,0.0,54.17118093174431,0.0
2020-10-01,48165,Texas,Gaines County,32.743942,-102.631561,21492,356,9,1656.43029964638,41.87604690117253,21.0,0.0,97.7107761027359,0.0
2020-10-01,48167,Texas,Galveston County,29.233453,-94.888456,342139,11697,166,3418.785932033472,48.51829227302354,178.0,4.0,52.02563870239874,1.1691154764583984
2020-10-01,48169,Texas,Garza County,33.183792,-101.301134,6229,105,4,1685.6638304703804,64.21576497030021,2.0,0.0,32.10788248515011,0.0
2020-10-01,48171,Texas,Gillespie County,30.325091,-98.941851,26988,321,10,1189.4175188972877,37.05350526159774,11.0,0.0,40.75885578775752,0.0
2020-10-01,48173,Texas,Glasscock County,31.868006,-101.521494,1409,9,0,638.75088715401,0.0,0.0,0.0,0.0,0.0
2020-10-01,48175,Texas,Goliad County,28.6607,-97.430415,7658,155,6,2024.0271611386786,78.34943849569079,1.0,0.0,13.058239749281798,0.0
2020-10-01,48177,Texas,Gonzales County,29.461912,-97.49192,20837,1063,18,5101.5021356241305,86.38479627585545,6.0,0.0,28.794932091951818,0.0
2020-10-01,48179,Texas,Gray County,35.402542,-100.812374,21886,319,7,1457.5527734624875,31.98391665905145,24.0,1.0,109.65914283103353,4.569130951293064
2020-10-01,48181,Texas,Grayson County,33.624524,-96.675693,136212,1916,54,1406.6308401609256,39.64408422165448,78.0,6.0,57.263677209056475,4.404898246850498
2020-10-01,48183,Texas,Gregg County,32.486397,-94.816276,123945,2277,80,1837.105167614668,64.54475775545605,77.0,3.0,62.12432933962645,2.4204284158296017
2020-10-01,48185,Texas,Grimes County,30.543231,-95.988082,28880,1089,34,3770.7756232686984,117.72853185595567,0.0,1.0,0.0,3.4626038781163437
2020-10-01,48187,Texas,Guadalupe County,29.583532,-97.946771,166847,3642,79,2182.8381691010327,47.34876863233981,76.0,1.0,45.550714127314244,0.5993515016751875
2020-10-01,48189,Texas,Hale County,34.068436,-101.822888,33406,1926,58,5765.431359635993,173.62150511884093,88.0,2.0,263.4257319044483,5.986948452373825
2020-10-01,48191,Texas,Hall County,34.655623,-100.763893,2964,34,1,1147.0985155195683,33.738191632928476,6.0,0.0,202.42914979757086,0.0
2020-10-01,48193,Texas,Hamilton County,31.707342,-98.111756,8461,148,4,1749.2022219595792,47.27573572863728,24.0,0.0,283.65441437182363,0.0
2020-10-01,48195,Texas,Hansford County,36.272847,-101.35693,5399,125,5,2315.243563622893,92.60974254491572,13.0,0.0,240.78533061678087,0.0
2020-10-01,48197,Texas,Hardeman County,34.289904,-99.745697,3933,30,0,762.7765064836003,0.0,5.0,0.0,127.12941774726673,0.0
2020-10-01,48199,Texas,Hardin County,30.329648,-94.393178,57602,1352,32,2347.1407242804066,55.553626610187145,19.0,1.0,32.984965799798616,1.7360508315683483
2020-10-01,48201,Texas,Harris County,29.857273,-95.393037,4713325,142681,2767,3027.1835699850953,58.70590294537296,3664.0,39.0,77.73705399054808,0.8274413497902224
2020-10-01,48203,Texas,Harrison County,32.547991,-94.374434,66553,916,39,1376.3466710741814,58.59991285141166,36.0,2.0,54.09222724745692,3.005123735969829
2020-10-01,48205,Texas,Hartley County,35.840244,-102.610047,5576,137,0,2456.958393113343,0.0,8.0,0.0,143.47202295552367,0.0
2020-10-01,48207,Texas,Haskell County,33.175964,-99.730774,5658,69,3,1219.5121951219512,53.022269353128316,7.0,0.0,123.71862849063274,0.0
2020-10-01,48209,Texas,Hays County,30.061225,-98.029267,230191,5940,69,2580.465787107228,29.975107628013262,122.0,2.0,52.99946566112489,0.8688436993627032
2020-10-01,48211,Texas,Hemphill County,35.815956,-100.27921,3819,74,0,1937.680020947892,0.0,1.0,0.0,26.18486514794449,0.0
2020-10-01,48213,Texas,Henderson County,32.211633,-95.853418,82737,998,24,1206.231794723038,29.00757822981254,51.0,0.0,61.64110373835164,0.0
2020-10-01,48215,Texas,Hidalgo County,26.396384,-98.18099,868707,31984,1689,3681.793746337948,194.4268896187092,822.0,28.0,94.62338855333272,3.223181118605007
2020-10-01,48217,Texas,Hill County,31.982681,-97.130668,36649,695,14,1896.3682501568937,38.200223744167644,50.0,0.0,136.42937051488445,0.0
2020-10-01,48219,Texas,Hockley County,33.605932,-102.343398,23021,361,10,1568.1334433777856,43.43859953955084,19.0,0.0,82.53333912514661,0.0
2020-10-01,48221,Texas,Hood County,32.430149,-97.831677,61643,980,31,1589.7993283908959,50.28957059195692,45.0,1.0,73.00098956896971,1.6222442126437713
2020-10-01,48223,Texas,Hopkins County,33.148967,-95.565434,37084,383,19,1032.790421745227,51.23503397691727,44.0,7.0,118.64955236759789,18.876065149390573
2020-10-01,48225,Texas,Houston County,31.323036,-95.4216,22968,536,11,2333.6816440264715,47.89272030651341,0.0,0.0,0.0,0.0
2020-10-01,48227,Texas,Howard County,32.30343,-101.438721,36664,827,19,2255.6185904429412,51.82195068732272,105.0,2.0,286.38446432467816,5.454942177612917
2020-10-01,48229,Texas,Hudspeth County,31.450868,-105.377549,4886,52,3,1064.2652476463363,61.39991813344248,7.0,0.0,143.26647564469914,0.0
2020-10-01,48231,Texas,Hunt County,33.123308,-96.08423,98594,1669,43,1692.800778952066,43.613201614702724,70.0,5.0,70.99823518672537,5.071302513337526
2020-10-01,48233,Texas,Hutchinson County,35.837047,-101.362746,20938,224,6,1069.825198204222,28.656032094755947,22.0,0.0,105.07211768077181,0.0
2020-10-01,48235,Texas,Irion County,31.303424,-100.981304,1536,10,0,651.0416666666667,0.0,0.0,0.0,0.0,0.0
2020-10-01,48237,Texas,Jack County,33.232161,-98.171176,8935,140,3,1566.871852266368,33.57582540570789,9.0,1.0,100.72747621712368,11.191941801902631
2020-10-01,48239,Texas,Jackson County,28.959802,-96.58908,14760,612,16,4146.341463414635,108.40108401084011,6.0,0.0,40.65040650406504,0.0
2020-10-01,48241,Texas,Jasper County,30.752932,-94.022294,35529,483,33,1359.4528413408766,92.88187114751331,13.0,3.0,36.58982802780827,8.443806467955755
2020-10-01,48243,Texas,Jeff Davis County,30.625357,-104.191873,2274,14,0,615.6552330694811,0.0,0.0,0.0,0.0,0.0
2020-10-01,48245,Texas,Jefferson County,29.854,-94.149331,251565,7540,150,2997.237294536203,59.62673662870431,215.0,6.0,85.46498916780952,2.3850694651481725
2020-10-01,48247,Texas,Jim Hogg County,27.053231,-98.747571,5200,111,3,2134.6153846153843,57.6923076923077,4.0,0.0,76.92307692307692,0.0
2020-10-01,48249,Texas,Jim Wells County,27.733516,-98.090814,40482,1490,42,3680.6481893187097,103.74981473247371,33.0,3.0,81.51771157551504,7.410701052319549
2020-10-01,48251,Texas,Johnson County,32.379821,-97.364959,175817,3130,56,1780.260156867652,31.851299931178442,172.0,1.0,97.82899264576236,0.5687732130567579
2020-10-01,48253,Texas,Jones County,32.743709,-99.87443,20083,650,0,3236.5682417965445,0.0,0.0,0.0,0.0,0.0
2020-10-01,48255,Texas,Karnes County,28.908996,-97.852205,15601,938,17,6012.435100314083,108.96737388628934,2.0,0.0,12.819691045445804,0.0
2020-10-01,48257,Texas,Kaufman County,32.598944,-96.288377,136154,3192,51,2344.4041306168015,37.4575847936895,85.0,1.0,62.429307989482496,0.7344624469350882
2020-10-01,48259,Texas,Kendall County,29.943525,-98.709269,47431,341,10,718.9390904682591,21.083257784992938,10.0,2.0,21.083257784992938,4.216651556998587
2020-10-01,48261,Texas,Kenedy County,26.890213,-97.591143,404,8,2,1980.1980198019803,495.0495049504951,0.0,0.0,0.0,0.0
2020-10-01,48263,Texas,Kent County,33.18478,-100.76972,762,9,0,1181.1023622047244,0.0,0.0,0.0,0.0,0.0
2020-10-01,48265,Texas,Kerr County,30.059953,-99.353339,52600,601,13,1142.5855513307986,24.714828897338407,11.0,2.0,20.912547528517113,3.802281368821293
2020-10-01,48267,Texas,Kimble County,30.479472,-99.746396,4337,16,1,368.91860733225735,23.057412958266085,0.0,0.0,0.0,0.0
2020-10-01,48269,Texas,King County,33.614268,-100.245345,272,0,0,0.0,0.0,0.0,0.0,0.0,0.0
2020-10-01,48271,Texas,Kinney County,29.347086,-100.4177,3667,46,1,1254.4314153258795,27.270248159258248,2.0,0.0,54.540496318516496,0.0
2020-10-01,48273,Texas,Kleberg County,27.438735,-97.66062,30680,1007,50,3282.2685788787485,162.97262059973926,10.0,0.0,32.59452411994785,0.0
2020-10-01,48275,Texas,Knox County,33.61189,-99.730356,3664,100,8,2729.2576419213974,218.34061135371178,32.0,0.0,873.3624454148471,0.0
2020-10-01,48277,Texas,Lamar County,33.667263,-95.570348,49859,1236,42,2478.9907539260716,84.23754989069175,118.0,3.0,236.66740207384825,6.016967849335125
2020-10-01,48279,Texas,Lamb County,34.068861,-102.348018,12893,341,23,2644.8460404870857,178.39137516481813,8.0,0.0,62.04917397037152,0.0
2020-10-01,48281,Texas,Lampasas County,31.196731,-98.240889,21428,261,9,1218.0324808661564,42.001120029867465,16.0,1.0,74.66865783087549,4.666791114429718
2020-10-01,48283,Texas,La Salle County,28.351098,-99.096774,7520,368,13,4893.617021276596,172.87234042553192,0.0,0.0,0.0,0.0
2020-10-01,48285,Texas,Lavaca County,29.382578,-96.923633,20154,1005,37,4986.603155701101,183.58638483675696,32.0,0.0,158.77741391287088,0.0
2020-10-01,48287,Texas,Lee County,30.321498,-96.976823,17239,231,15,1339.9849179186729,87.01200765705667,12.0,0.0,69.60960612564534,0.0
2020-10-01,48289,Texas,Leon County,31.300493,-95.995622,17404,252,7,1447.9430016088256,40.220638933578485,14.0,1.0,80.44127786715697,5.745805561939783
2020-10-01,48291,Texas,Liberty County,30.158508,-94.844061,88219,2256,54,2557.2722429408627,61.21130368741428,7.0,1.0,7.934798626146295,1.1335426608780421
2020-10-01,48293,Texas,Limestone County,31.547543,-96.593623,23437,579,15,2470.4527029909973,64.00136536246106,15.0,0.0,64.00136536246106,0.0
2020-10-01,48295,Texas,Lipscomb County,36.2802,-100.272683,3233,32,1,989.7927621404269,30.93102381688834,0.0,0.0,0.0,0.0
2020-10-01,48297,Texas,Live Oak County,28.351535,-98.126961,12207,374,9,3063.815843368559,73.72818874416319,6.0,0.0,49.15212582944212,0.0
2020-10-01,48299,Texas,Llano County,30.707584,-98.68469,21795,134,2,614.8199128240421,9.176416609314062,10.0,0.0,45.882083046570315,0.0
2020-10-01,48301,Texas,Loving County,31.844936,-103.561229,169,0,0,0.0,0.0,0.0,0.0,0.0,0.0
2020-10-01,48303,Texas,Lubbock County,33.611469,-101.819944,310569,12139,137,3908.632220215153,44.11258045716089,1284.0,4.0,413.4346956714933,1.2879585534937485
2020-10-01,48305,Texas,Lynn County,33.178412,-101.818493,5951,108,5,1814.8210384809277,84.01949252226517,15.0,0.0,252.0584775667955,0.0
2020-10-01,48307,Texas,McCulloch County,31.205477,-99.359856,7984,163,4,2041.5831663326653,50.1002004008016,14.0,0.0,175.3507014028056,0.0
2020-10-01,48309,Texas,McLennan County,31.549596,-97.201511,256623,8179,122,3187.1656086944663,47.540555601017836,400.0,9.0,155.87067410169783,3.507090167288201
2020-10-01,48311,Texas,McMullen County,28.384922,-98.578853,743,24,1,3230.148048452221,134.58950201884252,0.0,0.0,0.0,0.0
2020-10-01,48313,Texas,Madison County,30.966878,-95.930372,14284,830,6,5810.697283674041,42.00504060487258,0.0,0.0,0.0,0.0
2020-10-01,48315,Texas,Marion County,32.798182,-94.356853,9854,151,14,1532.3726405520601,142.07428455449562,1.0,0.0,10.148163182463973,0.0
2020-10-01,48317,Texas,Martin County,32.30983,-101.961836,5771,77,6,1334.2574943683937,103.96811644429042,0.0,0.0,0.0,0.0
2020-10-01,48319,Texas,Mason County,30.703916,-99.237302,4274,78,2,1824.9883013570427,46.79457182966776,2.0,0.0,46.79457182966776,0.0
2020-10-01,48321,Texas,Matagorda County,28.77476,-96.001532,36643,1048,50,2860.027836148787,136.45170973992305,7.0,2.0,19.10323936358923,5.458068389596922
2020-10-01,48323,Texas,Maverick County,28.729787,-100.316678,58722,3712,156,6321.310582064643,265.65852661694083,60.0,5.0,102.17635639113108,8.514696365927591
2020-10-01,48325,Texas,Medina County,29.353661,-99.111085,51584,1223,48,2370.8901985111665,93.05210918114143,30.0,1.0,58.15756823821339,1.9385856079404467
2020-10-01,48327,Texas,Menard County,30.885268,-99.858861,2138,27,0,1262.862488306829,0.0,1.0,0.0,46.77268475210477,0.0
2020-10-01,48329,Texas,Midland County,31.814269,-102.002454,176832,3890,75,2199.8280854144045,42.41313789359392,254.0,3.0,143.63916033297141,1.6965255157437569
2020-10-01,48331,Texas,Milam County,30.791242,-96.984395,24823,509,7,2050.5176650686863,28.199653547113567,21.0,1.0,84.5989606413407,4.028521935301938
2020-10-01,48333,Texas,Mills County,31.494888,-98.594623,4873,59,0,1210.7531294890211,0.0,0.0,0.0,0.0,0.0
2020-10-01,48335,Texas,Mitchell County,32.304117,-100.924392,8545,94,3,1100.0585137507314,35.108250438853126,7.0,1.0,81.91925102399064,11.702750146284377
2020-10-01,48337,Texas,Montague County,33.678356,-97.725014,19818,188,4,948.632556261984,20.18367140982945,15.0,0.0,75.68876778686042,0.0
2020-10-01,48339,Texas,Montgomery County,30.298801,-95.50295,607391,10845,170,1785.505547497411,27.98856091051728,274.0,1.0,45.1109746440102,0.1646385935912781
2020-10-01,48341,Texas,Moore County,35.835676,-101.890502,20940,1183,22,5649.474689589302,105.06208213944605,24.0,0.0,114.61318051575931,0.0
2020-10-01,48343,Texas,Morris County,33.116466,-94.731265,12388,191,5,1541.8146593477559,40.36164029706167,7.0,1.0,56.50629641588634,8.072328059412333
2020-10-01,48345,Texas,Motley County,34.057899,-100.793152,1200,9,0,750.0,0.0,1.0,0.0,83.33333333333334,0.0
2020-10-01,48347,Texas,Nacogdoches County,31.62056,-94.62025,65204,1635,65,2507.5148763879515,99.68713575854242,92.0,1.0,141.0956383043985,1.5336482424391142
2020-10-01,48349,Texas,Navarro County,32.048448,-96.476909,50113,1312,30,2618.083132121406,59.86470576497116,49.0,1.0,97.77901941611957,1.9954901921657056
2020-10-01,48351,Texas,Newton County,30.786718,-93.73925,13595,182,13,1338.7274733357854,95.6233909525561,4.0,0.0,29.42258183155572,0.0
2020-10-01,48353,Texas,Nolan County,32.312338,-100.418108,14714,265,5,1801.005844773685,33.98124235422047,39.0,0.0,265.05369036291967,0.0
2020-10-01,48355,Texas,Nueces County,27.740032,-97.516214,362294,15925,404,4395.601362429408,111.51164523839755,76.0,4.0,20.977438213163893,1.1040756954296786
2020-10-01,48357,Texas,Ochiltree County,36.278744,-100.815864,9836,140,5,1423.3428222854818,50.83367222448149,7.0,0.0,71.16714111427409,0.0
2020-10-01,48359,Texas,Oldham County,35.401921,-102.59762,2112,18,1,852.2727272727273,47.34848484848485,1.0,0.0,47.34848484848485,0.0
2020-10-01,48361,Texas,Orange County,30.122323,-93.8941,83396,1996,45,2393.400163077366,53.95942251426927,35.0,1.0,41.968439733320544,1.1990982780948727
2020-10-01,48363,Texas,Palo Pinto County,32.752204,-98.317967,29189,582,16,1993.9018123265612,54.815170098324714,37.0,0.0,126.7600808523759,0.0
2020-10-01,48365,Texas,Panola County,32.163978,-94.305156,23194,393,27,1694.4037251013192,116.40941622833492,15.0,1.0,64.67189790463051,4.311459860308701
2020-10-01,48367,Texas,Parker County,32.777096,-97.805905,142878,2025,41,1417.2930752110192,28.695810411679894,85.0,4.0,59.49131426811685,2.7995912596760872
2020-10-01,48369,Texas,Parmer County,34.532163,-102.784853,9605,443,12,4612.1811556481,124.93492972410203,21.0,4.0,218.63612701717855,41.64497657470068
2020-10-01,48371,Texas,Pecos County,30.773298,-102.718153,15823,383,5,2420.527080831701,31.599570245844657,19.0,0.0,120.0783669342097,0.0
2020-10-01,48373,Texas,Polk County,30.784553,-94.837338,51353,863,28,1680.524993671256,54.524565263957314,25.0,2.0,48.682647557104744,3.8946118045683797
2020-10-01,48375,Texas,Potter County,35.398675,-101.893804,117415,5989,73,5100.711152748797,62.17263552357025,1282.0,9.0,1091.853681386535,7.6651194481114
2020-10-01,48377,Texas,Presidio County,30.005891,-104.261619,6704,97,7,1446.8973747016707,104.41527446300717,1.0,0.0,14.916467780429596,0.0
2020-10-01,48379,Texas,Rains County,32.87058,-95.79544,12514,72,4,575.3556017260668,31.9642000958926,5.0,1.0,39.95525011986575,7.99105002397315
2020-10-01,48381,Texas,Randall County,34.962529,-101.895547,137713,3045,47,2211.1202283008865,34.12894933666393,278.0,1.0,201.86910458707604,0.7261478582268921
2020-10-01,48383,Texas,Reagan County,31.375191,-101.514395,3849,88,6,2286.308131982333,155.8846453624318,1.0,0.0,25.98077422707197,0.0
2020-10-01,48385,Texas,Real County,29.830097,-99.812549,3452,118,8,3418.3082271147164,231.7497103128621,0.0,0.0,0.0,0.0
2020-10-01,48387,Texas,Red River County,33.619625,-95.048429,12023,164,14,1364.0522332196624,116.4434833236297,4.0,0.0,33.2695666638942,0.0
2020-10-01,48389,Texas,Reeves County,31.308366,-103.712706,15976,200,8,1251.8778167250875,50.0751126690035,8.0,0.0,50.0751126690035,0.0
2020-10-01,48391,Texas,Refugio County,28.322116,-97.162472,6948,308,16,4432.930339666092,230.2820955670697,4.0,1.0,57.57052389176742,14.392630972941856
2020-10-01,48393,Texas,Roberts County,35.838596,-100.836682,854,11,0,1288.0562060889931,0.0,2.0,0.0,234.192037470726,0.0
2020-10-01,48395,Texas,Robertson County,31.025481,-96.514941,17074,317,4,1856.6241068290967,23.427433524657374,13.0,0.0,76.13915895513647,0.0
2020-10-01,48397,Texas,Rockwall County,32.898677,-96.404402,104915,1659,30,1581.2800838774247,28.594576561978748,49.0,2.0,46.70447505123195,1.9063051041319166
2020-10-01,48399,Texas,Runnels County,31.845119,-99.982715,10264,279,7,2718.2385035074044,68.19953234606392,16.0,1.0,155.8846453624318,9.742790335151987
2020-10-01,48401,Texas,Rusk County,32.109423,-94.756382,54406,964,21,1771.8633974194022,38.59868396867993,50.0,4.0,91.90162849685696,7.3521302797485575
2020-10-01,48403,Texas,Sabine County,31.3433,-93.851913,10542,82,9,777.8410168848416,85.37279453614116,5.0,0.0,47.42933029785619,0.0
2020-10-01,48405,Texas,San Augustine County,31.382449,-94.16318,8237,204,15,2476.629840961515,182.10513536481727,5.0,0.0,60.701711788272426,0.0
2020-10-01,48407,Texas,San Jacinto County,30.574388,-95.163136,28859,227,11,786.5830416854361,38.11635884819294,1.0,0.0,3.4651235316539033,0.0
2020-10-01,48409,Texas,San Patricio County,28.011794,-97.517157,66730,1466,79,2196.9129327139217,118.38753184474749,6.0,0.0,8.99145811479095,0.0
2020-10-01,48411,Texas,San Saba County,31.155138,-98.819292,6055,66,0,1090.0082576383154,0.0,12.0,0.0,198.18331957060278,0.0
2020-10-01,48413,Texas,Schleicher County,30.896233,-100.527216,2793,53,2,1897.6011457214465,71.6075904045829,0.0,0.0,0.0,0.0
2020-10-01,48415,Texas,Scurry County,32.744353,-100.913346,16703,743,9,4448.3027001137525,53.88253607136442,97.0,5.0,580.733999880261,29.934742261869122
2020-10-01,48417,Texas,Shackelford County,32.74382,-99.347005,3265,28,0,857.5803981623277,0.0,3.0,0.0,91.88361408882082,0.0
2020-10-01,48419,Texas,Shelby County,31.790139,-94.142579,25274,485,27,1918.9681095196645,106.8291524887236,8.0,0.0,31.65308221888106,0.0
2020-10-01,48421,Texas,Sherman County,36.278593,-101.899265,3022,66,1,2183.984116479153,33.090668431502316,4.0,0.0,132.36267372600926,0.0
2020-10-01,48423,Texas,Smith County,32.377016,-95.270041,232751,3838,125,1648.972507099862,53.70546206031338,114.0,5.0,48.9793813990058,2.148218482412535
2020-10-01,48425,Texas,Somervell County,32.218071,-97.769217,9128,146,5,1599.4741454864154,54.77651183172656,6.0,0.0,65.73181419807187,0.0
2020-10-01,48427,Texas,Starr County,26.530903,-98.740235,64633,3446,178,5331.641731004286,275.40111088762706,55.0,3.0,85.09584886977241,4.641591756533041
2020-10-01,48429,Texas,Stephens County,32.738052,-98.839344,9366,136,4,1452.060644885757,42.707666026051676,4.0,0.0,42.707666026051676,0.0
2020-10-01,48431,Texas,Sterling County,31.835773,-101.054911,1291,5,0,387.2966692486445,0.0,1.0,0.0,77.45933384972889,0.0
2020-10-01,48433,Texas,Stonewall County,33.17958,-100.253807,1350,16,1,1185.1851851851852,74.07407407407408,2.0,0.0,148.14814814814815,0.0
2020-10-01,48435,Texas,Sutton County,30.522185,-100.513359,3776,84,3,2224.576271186441,79.44915254237289,3.0,0.0,79.44915254237289,0.0
2020-10-01,48437,Texas,Swisher County,34.526319,-101.743865,7397,109,3,1473.5703663647425,40.5569825604975,5.0,0.0,67.59497093416249,0.0
2020-10-01,48439,Texas,Tarrant County,32.772119,-97.291224,2102515,46850,771,2228.2837458947974,36.670368582388235,2260.0,20.0,107.49031517016526,0.951241727169604
2020-10-01,48441,Texas,Taylor County,32.297126,-99.89043,138034,1525,59,1104.8002666009822,42.74309228161177,56.0,1.0,40.569714707970505,0.7244591912137589
2020-10-01,48443,Texas,Terrell County,30.232343,-102.072513,776,3,0,386.59793814432993,0.0,0.0,0.0,0.0,0.0
2020-10-01,48445,Texas,Terry County,33.171229,-102.339284,12337,253,5,2050.7416713949906,40.52849152954527,16.0,1.0,129.69117289454488,8.105698305909055
2020-10-01,48447,Texas,Throckmorton County,33.170695,-99.205796,1501,8,2,532.9780146568954,133.24450366422386,0.0,0.0,0.0,0.0
2020-10-01,48449,Texas,Titus County,33.214599,-94.966783,32750,1478,35,4512.977099236641,106.8702290076336,27.0,4.0,82.44274809160305,12.213740458015266
2020-10-01,48451,Texas,Tom Green County,31.398823,-100.463788,119200,2288,73,1919.4630872483222,61.24161073825503,59.0,3.0,49.49664429530202,2.5167785234899327
2020-10-01,48453,Texas,Travis County,30.239513,-97.69127,1273954,29514,438,2316.724151735463,34.38114719997739,769.0,4.0,60.36324702461785,0.31398307945184833
2020-10-01,48455,Texas,Trinity County,31.096675,-95.151687,14651,197,7,1344.6181148044502,47.778308647873864,3.0,0.0,20.476417991945944,0.0
2020-10-01,48457,Texas,Tyler County,30.769295,-94.375656,21672,230,5,1061.2772240679217,23.071244001476558,16.0,0.0,73.82798080472499,0.0
2020-10-01,48459,Texas,Upshur County,32.735349,-94.941184,41753,399,12,955.6199554523027,28.740449788039182,15.0,1.0,35.92556223504898,2.3950374823365985
2020-10-01,48461,Texas,Upton County,31.353816,-102.041546,3657,25,2,683.6204539239814,54.68963631391851,1.0,0.0,27.344818156959256,0.0
2020-10-01,48463,Texas,Uvalde County,29.350308,-99.768427,26741,793,35,2965.4837141468156,130.88515762312554,22.0,1.0,82.27067050596463,3.739575932089301
2020-10-01,48465,Texas,Val Verde County,29.875285,-101.143324,49025,2208,129,4503.824579296278,263.13105558388577,55.0,3.0,112.18765935747066,6.119326874043855
2020-10-01,48467,Texas,Van Zandt County,32.558787,-95.836906,56590,593,22,1047.8883194910763,38.87612652412087,8.0,0.0,14.136773281498497,0.0
2020-10-01,48469,Texas,Victoria County,28.79637,-96.971198,92084,4076,97,4426.393293080231,105.3386038834108,49.0,0.0,53.21228443594979,0.0
2020-10-01,48471,Texas,Walker County,30.743163,-95.569825,72971,3845,58,5269.21653807677,79.4836304833427,0.0,0.0,0.0,0.0
2020-10-01,48473,Texas,Waller County,30.01359,-95.982149,55246,869,15,1572.964558520074,27.151286971002428,28.0,0.0,50.682402345871196,0.0
2020-10-01,48475,Texas,Ward County,31.513069,-103.105113,11998,135,1,1125.1875312552093,8.334722453742291,15.0,0.0,125.02083680613435,0.0
2020-10-01,48477,Texas,Washington County,30.215075,-96.410272,35882,641,48,1786.411013878825,133.77180759155007,5.0,0.0,13.934563290786466,0.0
2020-10-01,48479,Texas,Webb County,27.760799,-99.340752,276652,13902,313,5025.085667191996,113.13852782557149,428.0,11.0,154.70699651547793,3.9761143964258348
2020-10-01,48481,Texas,Wharton County,29.27848,-96.229674,41556,1375,57,3308.788141303302,137.1643084031187,20.0,0.0,48.1278275098662,0.0
2020-10-01,48483,Texas,Wheeler County,35.392593,-100.253107,5056,48,0,949.367088607595,0.0,1.0,0.0,19.778481012658226,0.0
2020-10-01,48485,Texas,Wichita County,33.988212,-98.70801,132230,1872,26,1415.715041972321,19.662708916282238,178.0,0.0,134.61393027300915,0.0
2020-10-01,48487,Texas,Wilbarger County,34.08492,-99.24244,12769,210,2,1644.6080350849716,15.662933667475917,27.0,0.0,211.44960451092487,0.0
2020-10-01,48489,Texas,Willacy County,26.481861,-97.594731,21358,1213,55,5679.370727596217,257.51474857196365,6.0,2.0,28.092518026032398,9.364172675344133
2020-10-01,48491,Texas,Williamson County,30.649082,-97.605065,590551,8663,145,1466.935116526769,24.55334086302453,148.0,1.0,25.061341018811245,0.16933338526223815
2020-10-01,48493,Texas,Wilson County,29.173883,-98.086734,51070,912,28,1785.7842177403563,54.82670843939691,24.0,0.0,46.99432151948306,0.0
2020-10-01,48495,Texas,Winkler County,31.832862,-103.054925,8010,118,4,1473.1585518102372,49.93757802746567,5.0,0.0,62.421972534332085,0.0
2020-10-01,48497,Texas,Wise County,33.219095,-97.653997,69984,776,15,1108.824874256973,21.43347050754458,13.0,0.0,18.57567443987197,0.0
2020-10-01,48499,Texas,Wood County,32.783588,-95.382166,45539,538,31,1181.4049496036364,68.07351940095303,25.0,3.0,54.897999516897606,6.587759942027712
2020-10-01,48501,Texas,Yoakum County,33.162398,-102.832242,8713,238,5,2731.550556639504,57.385515895787904,25.0,0.0,286.9275794789395,0.0
2020-10-01,48503,Texas,Young County,33.158778,-98.67839,18010,337,6,1871.1826762909493,33.31482509716824,36.0,0.0,199.8889505830094,0.0
2020-10-01,48505,Texas,Zapata County,26.996981,-99.182603,14179,335,9,2362.6489879399114,63.474151914803585,2.0,0.0,14.105367092178575,0.0
2020-10-01,48507,Texas,Zavala County,28.864652,-99.75983,11840,373,18,3150.3378378378375,152.02702702702703,26.0,1.0,219.5945945945946,8.445945945945946
2020-10-01,49001,Utah,Beaver County,38.357535,-113.238948,6710,40,0,596.1251862891207,0.0,3.0,0.0,44.70938897168406,0.0
2020-10-01,49003,Utah,Box Elder County,41.276061,-113.126226,56046,576,5,1027.7272240659458,8.921243264461335,29.0,0.0,51.743210933875744,0.0
2020-10-01,49005,Utah,Cache County,41.734117,-111.745399,128289,2803,6,2184.9106314648957,4.676940345625892,144.0,0.0,112.24656829502139,0.0
2020-10-01,49007,Utah,Carbon County,39.673284,-110.588484,20463,134,0,654.8404437277037,0.0,22.0,0.0,107.51111762693643,0.0
2020-10-01,49009,Utah,Daggett County,40.890099,-109.505785,950,1,0,105.26315789473684,0.0,0.0,0.0,0.0,0.0
2020-10-01,49011,Utah,Davis County,41.037559,-112.201943,355481,5405,30,1520.4750746172087,8.43926960934621,531.0,2.0,149.37507208542792,0.562617973956414
2020-10-01,49013,Utah,Duchesne County,40.289393,-110.429584,19938,108,1,541.6792055371652,5.0155481994181965,4.0,0.0,20.062192797672786,0.0
2020-10-01,49015,Utah,Emery County,39.009025,-110.7211,10012,44,0,439.47263284059125,0.0,11.0,0.0,109.86815821014781,0.0
2020-10-01,49017,Utah,Garfield County,37.831664,-111.450908,5051,50,2,989.9029895070283,39.59611958028113,2.0,0.0,39.59611958028113,0.0
2020-10-01,49019,Utah,Grand County,38.974326,-109.57345,9754,59,1,604.8800492105803,10.25220422390814,2.0,0.0,20.50440844781628,0.0
2020-10-01,49021,Utah,Iron County,37.909304,-113.30674,54839,769,3,1402.286693776327,5.470559273509728,38.0,1.0,69.2937507977899,1.823519757836576
2020-10-01,49023,Utah,Juab County,39.71412,-112.790471,12017,148,2,1231.5885828409753,16.643088957310475,25.0,1.0,208.03861196638098,8.321544478655237
2020-10-01,49025,Utah,Kane County,37.275089,-111.815329,7886,84,1,1065.1787978696423,12.6806999746386,9.0,0.0,114.12629977174741,0.0
2020-10-01,49027,Utah,Millard County,38.956744,-113.133092,13188,196,0,1486.1995753715498,0.0,13.0,0.0,98.57446163178648,0.0
2020-10-01,49029,Utah,Morgan County,41.091027,-111.577885,12124,107,0,882.5470141867371,0.0,8.0,0.0,65.98482349059717,0.0
2020-10-01,49031,Utah,Piute County,38.335881,-112.129375,1479,9,0,608.5192697768763,0.0,2.0,0.0,135.2265043948614,0.0
2020-10-01,49033,Utah,Rich County,41.627598,-111.240227,2483,19,0,765.2033830044302,0.0,2.0,0.0,80.54772452678212,0.0
2020-10-01,49035,Utah,Salt Lake County,40.667883,-111.92424,1160437,32019,253,2759.2191562316607,21.80213143841501,2627.0,5.0,226.38023434275192,0.43087216281452595
2020-10-01,49037,Utah,San Juan County,37.602633,-109.791574,15308,703,29,4592.370002613013,189.44342827279854,8.0,0.0,52.260256075254766,0.0
2020-10-01,49039,Utah,Sanpete County,39.382531,-111.572883,30939,222,1,717.5409677106564,3.232166521219173,14.0,0.0,45.25033129706842,0.0
2020-10-01,49041,Utah,Sevier County,38.746824,-111.81193,21620,117,1,541.1655874190565,4.6253469010175765,14.0,0.0,64.75485661424607,0.0
2020-10-01,49043,Utah,Summit County,40.87206,-110.968486,42145,1029,1,2441.570767588089,2.372760707082691,52.0,0.0,123.38355676829991,0.0
2020-10-01,49045,Utah,Tooele County,40.467753,-113.123979,72259,902,0,1248.2874105647738,0.0,54.0,0.0,74.73117535531907,0.0
2020-10-01,49047,Utah,Uintah County,40.125887,-109.517748,35734,111,1,310.6285330497565,2.7984552527005095,2.0,0.0,5.596910505401019,0.0
2020-10-01,49049,Utah,Utah County,40.120425,-111.668508,636235,19757,57,3105.2991426123995,8.958953845670232,2703.0,3.0,424.84302183941463,0.47152388661422273
2020-10-01,49051,Utah,Wasatch County,40.334884,-111.161568,34091,799,7,2343.7270833944444,20.53327857792379,66.0,0.0,193.59948373471005,0.0
2020-10-01,49053,Utah,Washington County,37.262531,-113.4878,177556,3411,28,1921.0840523553131,15.76967266665165,199.0,3.0,112.0773164522742,1.6896077857126768
2020-10-01,49055,Utah,Wayne County,38.25984,-110.990877,2711,2,0,73.77351530800443,0.0,0.0,0.0,0.0,0.0
2020-10-01,49057,Utah,Weber County,41.270325,-111.876883,260213,4385,31,1685.1579283125748,11.913317167090039,282.0,1.0,108.37275616514164,0.384300553777098
2020-10-01,50001,Vermont,Addison County,44.031248,-73.141581,36777,84,2,228.40362182886042,5.4381814721157244,1.0,0.0,2.7190907360578622,0.0
2020-10-01,50003,Vermont,Bennington County,43.035325,-73.11146,35470,116,1,327.03693261911474,2.8192839018889204,7.0,0.0,19.73498731322244,0.0
2020-10-01,50005,Vermont,Caledonia County,44.468791,-72.112168,29993,34,0,113.35978394958823,0.0,0.0,0.0,0.0,0.0
2020-10-01,50007,Vermont,Chittenden County,44.463329,-73.06941,163774,837,39,511.07013323238124,23.81330369899984,5.0,0.0,3.0529876537179286,0.0
2020-10-01,50009,Vermont,Essex County,44.724021,-71.732736,6163,6,0,97.35518416355671,0.0,0.0,0.0,0.0,0.0
2020-10-01,50011,Vermont,Franklin County,44.858964,-72.909402,49402,128,7,259.09882191004414,14.169466823205537,4.0,0.0,8.09683818468888,0.0
2020-10-01,50013,Vermont,Grand Isle County,44.801787,-73.300759,7235,16,0,221.14720110573603,0.0,2.0,0.0,27.643400138217004,0.0
2020-10-01,50015,Vermont,Lamoille County,44.603704,-72.638922,25362,59,1,232.6314959388061,3.9429067108272218,2.0,0.0,7.8858134216544435,0.0
2020-10-01,50017,Vermont,Orange County,44.003392,-72.369687,28892,25,0,86.52914301536757,0.0,1.0,0.0,3.4611657206147033,0.0
2020-10-01,50019,Vermont,Orleans County,44.828442,-72.25163,27037,21,0,77.67133927580723,0.0,0.0,0.0,0.0,0.0
2020-10-01,50021,Vermont,Rutland County,43.580858,-73.038202,58191,131,1,225.12072313588013,1.7184788025639703,3.0,0.0,5.155436407691911,0.0
2020-10-01,50023,Vermont,Washington County,44.274988,-72.609514,58409,78,2,133.54106387714222,3.4241298430036466,1.0,0.0,1.7120649215018233,0.0
2020-10-01,50025,Vermont,Windham County,42.995335,-72.721955,42222,123,3,291.31732272275116,7.105300554213443,0.0,0.0,0.0,0.0
2020-10-01,50027,Vermont,Windsor County,43.572685,-72.598821,55062,89,2,161.6359739929534,3.6322690784933345,5.0,0.0,9.080672696233338,0.0
2020-10-01,51001,Virginia,Accomack County,37.765944,-75.757807,32316,1182,19,3657.630894912737,58.79440524817428,13.0,0.0,40.22775095927714,0.0
2020-10-01,51003,Virginia,Albemarle County,38.024184,-78.553506,109330,1321,21,1208.2685447727065,19.207902679959755,106.0,0.0,96.9541754321778,0.0
2020-10-01,51005,Virginia,Alleghany County,37.787905,-80.008669,14860,79,4,531.628532974428,26.917900403768503,2.0,0.0,13.458950201884251,0.0
2020-10-01,51007,Virginia,Amelia County,37.331927,-77.977462,13145,124,5,943.3244579688095,38.03727653100038,0.0,0.0,0.0,0.0
2020-10-01,51009,Virginia,Amherst County,37.629304,-79.154667,31605,405,4,1281.4428096820125,12.656225280809998,17.0,0.0,53.78895744344249,0.0
2020-10-01,51011,Virginia,Appomattox County,37.370725,-78.81094,15911,217,3,1363.8363396392433,18.854880271510275,7.0,0.0,43.99472063352398,0.0
2020-10-01,51013,Virginia,Arlington County,38.878337,-77.100703,236842,3997,150,1687.6229722768765,63.33336148149399,108.0,2.0,45.60002026667567,0.8444448197532531
2020-10-01,51015,Virginia,Augusta County,38.171911,-79.147557,75558,507,7,671.0077026919718,9.264406151565684,33.0,0.0,43.6750575716668,0.0
2020-10-01,51017,Virginia,Bath County,38.068368,-79.731203,4147,15,0,361.7072582589824,0.0,8.0,0.0,192.91053773812396,0.0
2020-10-01,51019,Virginia,Bedford County,37.312257,-79.527223,78997,793,13,1003.8355886932416,16.456321126118713,63.0,1.0,79.749863918883,1.2658708558552856
2020-10-01,51021,Virginia,Bland County,37.130612,-81.125853,6280,64,5,1019.108280254777,79.61783439490446,0.0,1.0,0.0,15.92356687898089
2020-10-01,51023,Virginia,Botetourt County,37.565482,-79.797546,33419,307,10,918.6390975193751,29.9230976390676,14.0,0.0,41.892336694694635,0.0
2020-10-01,51025,Virginia,Brunswick County,36.764204,-77.861483,16231,363,5,2236.461092970242,30.805249214466144,14.0,0.0,86.25469780050521,0.0
2020-10-01,51027,Virginia,Buchanan County,37.26812,-82.038151,21004,158,2,752.2376690154257,9.521995810321844,22.0,0.0,104.74195391354027,0.0
2020-10-01,51029,Virginia,Buckingham County,37.573928,-78.529169,17148,682,9,3977.1401912759507,52.48425472358292,5.0,0.0,29.157919290879402,0.0
2020-10-01,51031,Virginia,Campbell County,37.210152,-79.095428,54885,461,4,839.9380522911542,7.2879657465609915,26.0,0.0,47.37177735264644,0.0
2020-10-01,51033,Virginia,Caroline County,38.030319,-77.352348,30725,365,5,1187.9576891781935,16.273393002441008,18.0,0.0,58.584214808787635,0.0
2020-10-01,51035,Virginia,Carroll County,36.731963,-80.727831,29791,505,24,1695.1428283709845,80.56124332852204,16.0,0.0,53.70749555234802,0.0
2020-10-01,51036,Virginia,Charles City County,37.361054,-77.05417,6963,83,5,1192.0149360907653,71.80812868016659,0.0,0.0,0.0,0.0
2020-10-01,51037,Virginia,Charlotte County,37.009042,-78.658568,11880,107,0,900.6734006734006,0.0,1.0,0.0,8.417508417508419,0.0
2020-10-01,51041,Virginia,Chesterfield County,37.378434,-77.585847,352802,6057,95,1716.8270021145006,26.927284992715464,187.0,1.0,53.00423466987149,0.28344510518647853
2020-10-01,51043,Virginia,Clarke County,39.115307,-77.990748,14619,97,1,663.5200766126275,6.840413160954922,4.0,1.0,27.36165264381969,6.840413160954922
2020-10-01,51045,Virginia,Craig County,37.473603,-80.231051,5131,31,0,604.1707269538101,0.0,2.0,0.0,38.97875657766517,0.0
2020-10-01,51047,Virginia,Culpeper County,38.48593,-77.956476,52605,1217,17,2313.4683014922534,32.31631974146944,29.0,1.0,55.127839558977286,1.9009599847923202
2020-10-01,51049,Virginia,Cumberland County,37.520189,-78.252836,9932,105,2,1057.1888844140153,20.13693113169553,1.0,0.0,10.068465565847765,0.0
2020-10-01,51051,Virginia,Dickenson County,37.136701,-82.34922,14318,102,1,712.3899986031569,6.984215672579969,5.0,0.0,34.92107836289985,0.0
2020-10-01,51053,Virginia,Dinwiddie County,37.073498,-77.635492,28544,399,11,1397.841928251121,38.53699551569507,24.0,0.0,84.08071748878925,0.0
2020-10-01,51057,Virginia,Essex County,37.93948,-76.941871,10953,180,2,1643.3853738701725,18.25983748744636,4.0,0.0,36.51967497489272,0.0
2020-10-01,51059,Virginia,Fairfax County,38.82952,-77.273252,1147532,21018,588,1831.5829101062106,51.24040113914035,514.0,5.0,44.791779227071665,0.4357176967613975
2020-10-01,51061,Virginia,Fauquier County,38.744096,-77.8215,71222,945,25,1326.837213220634,35.10151357726545,25.0,0.0,35.10151357726545,0.0
2020-10-01,51063,Virginia,Floyd County,36.931433,-80.350266,15749,206,10,1308.0195567972569,63.496094990158106,8.0,1.0,50.79687599212648,6.34960949901581
2020-10-01,51065,Virginia,Fluvanna County,37.830584,-78.283494,27270,381,9,1397.1397139713972,33.00330033003301,7.0,0.0,25.66923359002567,0.0
2020-10-01,51067,Virginia,Franklin County,36.991186,-79.882715,56042,379,4,676.2785054066593,7.137504014846008,50.0,1.0,89.2188001855751,1.784376003711502
2020-10-01,51069,Virginia,Frederick County,39.20366,-78.263829,89313,905,13,1013.2903384725629,14.555551823362782,40.0,0.0,44.78631330265471,0.0
2020-10-01,51071,Virginia,Giles County,37.318072,-80.698321,16720,90,0,538.2775119617226,0.0,2.0,0.0,11.961722488038278,0.0
2020-10-01,51073,Virginia,Gloucester County,37.403541,-76.523505,37348,250,2,669.3798864731713,5.35503909178537,16.0,0.0,42.84031273428296,0.0
2020-10-01,51075,Virginia,Goochland County,37.718814,-77.917626,23753,276,7,1161.9584894539637,29.469961689049804,15.0,0.0,63.149917905106726,0.0
2020-10-01,51077,Virginia,Grayson County,36.652229,-81.215324,15550,322,15,2070.7395498392284,96.46302250803858,15.0,3.0,96.46302250803858,19.292604501607716
2020-10-01,51079,Virginia,Greene County,38.297981,-78.470163,19819,223,3,1125.1829052929008,15.136989757303596,10.0,0.0,50.45663252434533,0.0
2020-10-01,51081,Virginia,Greensville County,36.680336,-77.560277,11336,795,11,7013.055751587862,97.03599153140438,15.0,0.0,132.32180663373325,0.0
2020-10-01,51083,Virginia,Halifax County,36.766461,-78.939614,33911,363,7,1070.4491168057564,20.642269470083452,27.0,1.0,79.62018224175046,2.9488956385833505
2020-10-01,51085,Virginia,Hanover County,37.760215,-77.491317,107766,1326,38,1230.4437392127388,35.26158528663957,61.0,2.0,56.60412374960562,1.8558729098231355
2020-10-01,51087,Virginia,Henrico County,37.631269,-77.651922,330818,5501,217,1662.847849875158,65.59497971694405,130.0,7.0,39.29653162766234,2.1159670876433565
2020-10-01,51089,Virginia,Henry County,36.781479,-79.759231,50557,1081,25,2138.180667365548,49.449136618074654,46.0,5.0,90.98641137725735,9.889827323614929
2020-10-01,51091,Virginia,Highland County,38.366243,-79.564472,2190,7,0,319.63470319634706,0.0,1.0,0.0,45.662100456621005,0.0
2020-10-01,51093,Virginia,Isle of Wight County,36.901418,-76.707569,37109,753,18,2029.157347274246,48.50575332129672,35.0,0.0,94.31674256918807,0.0
2020-10-01,51095,Virginia,James City County,37.324837,-76.777888,76523,855,21,1117.3111352142494,27.44272963684121,16.0,1.0,20.908746389974258,1.3067966493733911
2020-10-01,51097,Virginia,King and Queen County,37.717772,-76.905581,7025,75,1,1067.6156583629893,14.234875444839856,3.0,0.0,42.704626334519574,0.0
2020-10-01,51099,Virginia,King George County,38.27718,-77.162636,26836,234,4,871.9630347294678,14.905351021016545,7.0,0.0,26.08436428677895,0.0
2020-10-01,51101,Virginia,King William County,37.70826,-77.091054,17148,161,2,938.8850011663168,11.663167716351762,6.0,0.0,34.98950314905528,0.0
2020-10-01,51103,Virginia,Lancaster County,37.704843,-76.412663,10603,153,0,1442.987833631991,0.0,12.0,0.0,113.17551636329341,0.0
2020-10-01,51105,Virginia,Lee County,36.701721,-83.130112,23423,290,7,1238.0993041028048,29.8851556162746,27.0,0.0,115.27131451991632,0.0
2020-10-01,51107,Virginia,Loudoun County,39.0812,-77.638898,413538,6887,126,1665.3850432124736,30.468784005339295,140.0,2.0,33.85420445037699,0.48363149214824275
2020-10-01,51109,Virginia,Louisa County,37.972704,-77.959795,37591,296,6,787.4225213481951,15.961267324625576,10.0,0.0,26.602112207709293,0.0
2020-10-01,51111,Virginia,Lunenburg County,36.945555,-78.240528,12196,118,3,967.5303378156773,24.59822892751722,2.0,0.0,16.398819285011477,0.0
2020-10-01,51113,Virginia,Madison County,38.412059,-78.276961,13261,110,3,829.5000377045471,22.622728301033106,4.0,0.0,30.163637734710807,0.0
2020-10-01,51115,Virginia,Mathews County,37.425348,-76.268808,8834,81,0,916.9119311750056,0.0,39.0,0.0,441.4761150101879,0.0
2020-10-01,51117,Virginia,Mecklenburg County,36.687256,-78.368959,30587,735,33,2402.9816588746853,107.8889724392716,41.0,0.0,134.04387484879197,0.0
2020-10-01,51119,Virginia,Middlesex County,37.606975,-76.528082,10582,122,10,1152.901152901153,94.5000945000945,10.0,0.0,94.5000945000945,0.0
2020-10-01,51121,Virginia,Montgomery County,37.175534,-80.387791,98535,2022,4,2052.062718830872,4.059471253869184,204.0,0.0,207.03303394732836,0.0
2020-10-01,51125,Virginia,Nelson County,37.789079,-78.88344,14930,107,2,716.6778298727395,13.395847287340922,7.0,0.0,46.88546550569323,0.0
2020-10-01,51127,Virginia,New Kent County,37.510158,-76.999326,23091,194,3,840.1541726213676,12.992074834351046,10.0,0.0,43.30691611450349,0.0
2020-10-01,51131,Virginia,Northampton County,37.302775,-75.924018,11710,306,31,2613.151152860803,264.73099914602903,1.0,0.0,8.539709649871904,0.0
2020-10-01,51133,Virginia,Northumberland County,37.856974,-76.379687,12095,173,6,1430.343116990492,49.60727573377428,26.0,0.0,214.9648615130219,0.0
2020-10-01,51135,Virginia,Nottoway County,37.141167,-78.053866,15232,266,18,1746.3235294117646,118.17226890756302,10.0,0.0,65.65126050420169,0.0
2020-10-01,51137,Virginia,Orange County,38.250193,-78.009622,37051,331,5,893.3632020728185,13.494912418018409,11.0,1.0,29.688807319640496,2.6989824836036815
2020-10-01,51139,Virginia,Page County,38.623209,-78.491872,23902,405,29,1694.4188770814158,121.32875909965693,16.0,0.0,66.94000502050038,0.0
2020-10-01,51141,Virginia,Patrick County,36.667138,-80.286413,17608,278,25,1578.827805542935,141.98091776465245,4.0,1.0,22.716946842344388,5.679236710586097
2020-10-01,51143,Virginia,Pittsylvania County,36.821721,-79.398502,60354,1025,10,1698.313284952116,16.568910097093813,49.0,1.0,81.18765947575967,1.6568910097093812
2020-10-01,51145,Virginia,Powhatan County,37.549404,-77.912855,29652,231,5,779.0368271954674,16.862268986914877,12.0,0.0,40.46944556859571,0.0
2020-10-01,51147,Virginia,Prince Edward County,37.224881,-78.432957,22802,584,12,2561.178843961056,52.62696254714499,8.0,0.0,35.084641698096654,0.0
2020-10-01,51149,Virginia,Prince George County,37.187325,-77.220993,38353,824,5,2148.4629624801187,13.036789820874509,42.0,0.0,109.50903449534587,0.0
2020-10-01,51153,Virginia,Prince William County,38.701119,-77.479579,470335,12594,207,2677.665918972647,44.01118351813069,344.0,5.0,73.13935811708676,1.0630720656553307
2020-10-01,51155,Virginia,Pulaski County,37.063385,-80.713444,34027,236,5,693.5668733652687,14.694213418755693,11.0,0.0,32.32726952126252,0.0
2020-10-01,51157,Virginia,Rappahannock County,38.684522,-78.168824,7370,64,2,868.3853459972863,27.137042062415198,1.0,0.0,13.568521031207599,0.0
2020-10-01,51159,Virginia,Richmond County,37.942894,-76.730561,9023,352,4,3901.1415272082454,44.33115371827552,9.0,0.0,99.74509586611993,0.0
2020-10-01,51161,Virginia,Roanoke County,37.343588,-79.943996,94186,924,8,981.0375215000106,8.493831354978447,100.0,1.0,106.17289193723057,1.0617289193723058
2020-10-01,51163,Virginia,Rockbridge County,37.814517,-79.447754,22573,120,2,531.6085588977983,8.860142648296637,14.0,0.0,62.02099853807646,0.0
2020-10-01,51165,Virginia,Rockingham County,38.507585,-78.885321,81948,1477,22,1802.3624737638502,26.846292771025524,74.0,1.0,90.30116659344951,1.220286035046615
2020-10-01,51167,Virginia,Russell County,36.93342,-82.095934,26586,275,5,1034.3789964643045,18.806890844805537,29.0,0.0,109.07996689987212,0.0
2020-10-01,51169,Virginia,Scott County,36.712776,-82.613624,21566,194,4,899.564128721135,18.54771399425021,13.0,0.0,60.28007048131318,0.0
2020-10-01,51171,Virginia,Shenandoah County,38.856204,-78.573987,43616,811,59,1859.4093910491563,135.27146001467352,7.0,1.0,16.049156272927366,2.292736610418195
2020-10-01,51173,Virginia,Smyth County,36.842318,-81.539786,30104,526,20,1747.2761094871114,66.43635397289397,72.0,11.0,239.17087430241827,36.539994685091685
2020-10-01,51175,Virginia,Southampton County,36.720068,-77.103813,17631,774,26,4389.994895354773,147.46752878452725,28.0,4.0,158.8111848448755,22.6873121206965
2020-10-01,51177,Virginia,Spotsylvania County,38.182431,-77.657226,136215,2161,46,1586.4625775428551,33.77014278897331,42.0,2.0,30.833608633410417,1.4682670777814484
2020-10-01,51179,Virginia,Stafford County,38.413261,-77.451334,152882,2039,17,1333.708350230897,11.119687078923613,55.0,0.0,35.97545819651758,0.0
2020-10-01,51181,Virginia,Surry County,37.119761,-76.880172,6422,124,3,1930.862659607599,46.71441918405481,6.0,0.0,93.42883836810962,0.0
2020-10-01,51183,Virginia,Sussex County,36.926645,-77.259732,11159,523,12,4686.799892463482,107.53651760910476,62.0,2.0,555.6053409803745,17.922752934850795
2020-10-01,51185,Virginia,Tazewell County,37.125395,-81.562924,40595,325,2,800.5912058135239,4.926715112698608,42.0,0.0,103.46101736667077,0.0
2020-10-01,51187,Virginia,Warren County,38.908221,-78.207594,40164,442,10,1100.4879992032666,24.897918534010554,27.0,4.0,67.2243800418285,9.959167413604222
2020-10-01,51191,Virginia,Washington County,36.747814,-81.950322,53740,598,21,1112.7651656122068,39.077037588388535,48.0,4.0,89.3189430591738,7.443245254931149
2020-10-01,51193,Virginia,Westmoreland County,38.109311,-76.803933,18015,275,3,1526.5056897030254,16.65278934221482,6.0,0.0,33.30557868442964,0.0
2020-10-01,51195,Virginia,Wise County,36.974561,-82.62156,37383,426,9,1139.555412888211,24.075114356793193,28.0,0.0,74.90035577668995,0.0
2020-10-01,51197,Virginia,Wythe County,36.899867,-81.083001,28684,247,4,861.1072374843118,13.945056477478735,18.0,0.0,62.7527541486543,0.0
2020-10-01,51199,Virginia,York County,37.219081,-76.561648,68280,554,8,811.3649677797305,11.716461628588167,13.0,0.0,19.03925014645577,0.0
2020-10-01,51510,Virginia,Alexandria city,38.819251,-77.08367,159428,3859,69,2420.528388990642,43.279725016935544,98.0,0.0,61.46975437187947,0.0
2020-10-01,51520,Virginia,Bristol city,36.616954,-82.157564,16762,188,6,1121.5845364514973,35.79525116334566,10.0,2.0,59.65875193890943,11.931750387781888
2020-10-01,51530,Virginia,Buena Vista city,37.729345,-79.358134,6478,89,1,1373.8808274158691,15.436863229391788,9.0,0.0,138.9317690645261,0.0
2020-10-01,51540,Virginia,Charlottesville city,38.037658,-78.485381,47266,1274,29,2695.383573816274,61.35488511826683,155.0,1.0,327.9312825286675,2.115685693733339
2020-10-01,51550,Virginia,Chesapeake city,36.679376,-76.301788,244835,4357,72,1779.5658300488085,29.40756019359977,95.0,2.0,38.80164192211081,0.816876672044438
2020-10-01,51570,Virginia,Colonial Heights city,37.261685,-77.396804,17370,263,26,1514.104778353483,149.68336211859528,12.0,1.0,69.08462867012089,5.757052389176741
2020-10-01,51580,Virginia,Covington city,37.78106,-79.985434,5538,32,0,577.825929938606,0.0,2.0,0.0,36.114120621162876,0.0
2020-10-01,51590,Virginia,Danville city,36.583334,-79.408071,40044,910,28,2272.500249725302,69.92308460693238,56.0,1.0,139.84616921386475,2.497253021676156
2020-10-01,51595,Virginia,Emporia city,36.696182,-77.535975,5346,260,26,4863.449307893752,486.34493078937527,5.0,0.0,93.52787130564909,0.0
2020-10-01,51600,Virginia,Fairfax city,38.853183,-77.299025,24019,137,8,570.3817810899704,33.30696531912236,2.0,1.0,8.32674132978059,4.163370664890295
2020-10-01,51610,Virginia,Falls Church city,38.884722,-77.175603,14617,71,7,485.7357870972156,47.88944379831703,1.0,0.0,6.841349114045291,0.0
2020-10-01,51620,Virginia,Franklin city,36.684014,-76.941396,7967,422,9,5296.849504204845,112.96598468683318,19.0,0.0,238.48374544998117,0.0
2020-10-01,51630,Virginia,Fredericksburg city,38.299272,-77.486658,29036,549,5,1890.7563025210084,17.220002755200444,16.0,0.0,55.10400881664141,0.0
2020-10-01,51640,Virginia,Galax city,36.66564,-80.914308,6347,419,30,6601.544036552702,472.6642508271624,6.0,0.0,94.53285016543249,0.0
2020-10-01,51650,Virginia,Hampton city,37.047961,-76.297293,134510,1851,27,1376.1058657348894,20.07285703665155,51.0,3.0,37.91539662478626,2.230317448516839
2020-10-01,51660,Virginia,Harrisonburg city,38.436255,-78.873303,53016,2670,34,5036.215482118606,64.13158291836427,106.0,0.0,199.93964086313568,0.0
2020-10-01,51670,Virginia,Hopewell city,37.29101,-77.298944,22529,402,7,1784.3668161036885,31.071063962004526,16.0,0.0,71.01957477029606,0.0
2020-10-01,51678,Virginia,Lexington city,37.782332,-79.44432,7446,107,1,1437.013161428955,13.430029546065002,36.0,0.0,483.4810636583401,0.0
2020-10-01,51680,Virginia,Lynchburg city,37.399016,-79.195458,82168,1454,15,1769.5453217797683,18.255281861551943,99.0,3.0,120.48486028624284,3.6510563723103884
2020-10-01,51683,Virginia,Manassas city,38.746808,-77.482633,41085,1930,24,4697.578191554095,58.41548010222709,20.0,0.0,48.67956675185591,0.0
2020-10-01,51685,Virginia,Manassas Park city,38.768945,-77.448767,17478,613,8,3507.266277606134,45.77182744021055,6.0,1.0,34.32887058015792,5.721478430026319
2020-10-01,51690,Virginia,Martinsville city,36.683527,-79.863647,12554,389,19,3098.6139875736817,151.34618448303328,10.0,3.0,79.65588657001753,23.896765971005255
2020-10-01,51700,Virginia,Newport News city,37.076136,-76.52198,179225,2762,43,1541.079648486539,23.992188589761476,58.0,6.0,32.36155670246897,3.347747245082996
2020-10-01,51710,Virginia,Norfolk city,36.923015,-76.244641,242742,4891,78,2014.8964744461196,32.13288182514769,110.0,0.0,45.31560257392623,0.0
2020-10-01,51720,Virginia,Norton city,36.931549,-82.625996,3981,35,0,879.1760864104497,0.0,2.0,0.0,50.23863350916855,0.0
2020-10-01,51730,Virginia,Petersburg city,37.20473,-77.392368,31346,749,29,2389.4595801697187,92.5157914885472,17.0,0.0,54.23339501052766,0.0
2020-10-01,51735,Virginia,Poquoson city,37.12836,-76.303534,12271,75,2,611.1971314481298,16.298590171950128,1.0,0.0,8.149295085975064,0.0
2020-10-01,51740,Virginia,Portsmouth city,36.859339,-76.356973,94398,2599,59,2753.236297379182,62.501324180597045,60.0,1.0,63.56066865823429,1.059344477637238
2020-10-01,51750,Virginia,Radford city,37.120119,-80.559147,18249,746,1,4087.8952271357334,5.479752315195353,18.0,0.0,98.63554167351634,0.0
2020-10-01,51760,Virginia,Richmond city,37.531399,-77.476009,230436,4683,62,2032.2345466854138,26.905518234998002,105.0,1.0,45.56579701088371,0.4339599715322259
2020-10-01,51770,Virginia,Roanoke city,37.278458,-79.958174,99143,1801,28,1816.5679876541965,28.242034233380064,161.0,5.0,162.39169684193539,5.043220398817869
2020-10-01,51775,Virginia,Salem city,37.285333,-80.055241,25301,277,6,1094.8183866250347,23.714477688628907,13.0,1.0,51.38136832536263,3.952412948104818
2020-10-01,51790,Virginia,Staunton city,38.157978,-79.061876,24932,270,0,1082.9456120648163,0.0,20.0,0.0,80.21819348628269,0.0
2020-10-01,51800,Virginia,Suffolk city,36.697157,-76.634781,92108,1984,73,2153.993138489599,79.25478785773223,56.0,1.0,60.79819342510966,1.0856820254483868
2020-10-01,51810,Virginia,Virginia Beach city,36.779985,-76.025208,449974,6957,93,1546.0893296057106,20.667860809735675,223.0,7.0,49.55841893087156,1.5556454372919324
2020-10-01,51820,Virginia,Waynesboro city,38.067157,-78.90142,22630,277,3,1224.0388864339373,13.25673884224481,20.0,0.0,88.37825894829872,0.0
2020-10-01,51830,Virginia,Williamsburg city,37.269481,-76.708193,14954,185,7,1237.127190049485,46.81021800187241,8.0,0.0,53.49739200213989,0.0
2020-10-01,51840,Virginia,Winchester city,39.173869,-78.176356,28078,510,4,1816.368687228435,14.246028919438707,16.0,0.0,56.98411567775483,0.0
2020-10-01,53001,Washington,Adams County,47.011238,-118.512861,19983,870,10,4353.700645548716,50.04253615573238,39.0,0.0,195.16589100735627,0.0
2020-10-01,53003,Washington,Asotin County,46.181861,-117.227781,22582,125,2,553.5382162784518,8.856611460455229,25.0,0.0,110.70764325569037,0.0
2020-10-01,53005,Washington,Benton County,46.228125,-119.516659,204390,4606,132,2253.5349087528743,64.58241596947013,107.0,2.0,52.35089779343413,0.9785214540828808
2020-10-01,53007,Washington,Chelan County,47.860974,-120.619041,77200,1853,16,2400.2590673575132,20.72538860103627,15.0,1.0,19.4300518134715,1.2953367875647668
2020-10-01,53009,Washington,Clallam County,48.110903,-123.88986,77331,235,1,303.8884793937748,1.2931424655054249,7.0,0.0,9.051997258537973,0.0
2020-10-01,53011,Washington,Clark County,45.77173,-122.485953,488241,3356,68,687.3654609096737,13.92754807564297,671.0,6.0,137.43212880524166,1.2289013007920269
2020-10-01,53013,Washington,Columbia County,46.29285,-117.911634,3985,14,1,351.3174404015057,25.09410288582183,0.0,0.0,0.0,0.0
2020-10-01,53015,Washington,Cowlitz County,46.196785,-122.67846,110593,688,7,622.1008562928938,6.329514526235837,37.0,1.0,33.45600535296086,0.904216360890834
2020-10-01,53017,Washington,Douglas County,47.741763,-119.694622,43429,1191,9,2742.4071472978885,20.723479702502935,9.0,0.0,20.723479702502935,0.0
2020-10-01,53019,Washington,Ferry County,48.473256,-118.533589,7627,30,0,393.3394519470302,0.0,1.0,0.0,13.111315064901008,0.0
2020-10-01,53021,Washington,Franklin County,46.53458,-118.906944,95222,4344,66,4561.970973094453,69.31171367961186,114.0,0.0,119.72023271932957,0.0
2020-10-01,53023,Washington,Garfield County,46.429478,-117.536711,2225,13,0,584.2696629213483,0.0,2.0,0.0,89.88764044943821,0.0
2020-10-01,53025,Washington,Grant County,47.213633,-119.467788,97733,2988,22,3057.3091995538866,22.51030869818792,95.0,2.0,97.20360574217511,2.0463916998352656
2020-10-01,53027,Washington,Grays Harbor County,47.113732,-123.826735,75061,527,10,702.095628888504,13.322497701869146,59.0,4.0,78.60273644102796,5.328999080747659
2020-10-01,53029,Washington,Island County,48.158554,-122.670649,85141,315,12,369.9745128668914,14.09426715683396,8.0,0.0,9.396178104555972,0.0
2020-10-01,53031,Washington,Jefferson County,47.805708,-123.527057,32221,71,0,220.35318581049623,0.0,0.0,0.0,0.0,0.0
2020-10-01,53033,Washington,King County,47.490599,-121.833996,2252782,22529,759,1000.0523796798803,33.691675448401135,769.0,0.0,34.135571040606685,0.0
2020-10-01,53035,Washington,Kitsap County,47.639595,-122.649634,271473,1231,14,453.4520928416454,5.157050609084513,73.0,1.0,26.890335318797817,0.3683607577917509
2020-10-01,53037,Washington,Kittitas County,47.124441,-120.676709,47935,545,22,1136.9562949827891,45.895483467195156,28.0,0.0,58.412433503702935,0.0
2020-10-01,53039,Washington,Klickitat County,45.870446,-120.779305,22425,195,3,869.5652173913044,13.377926421404682,3.0,0.0,13.377926421404682,0.0
2020-10-01,53041,Washington,Lewis County,46.580071,-122.377444,80707,557,5,690.1507923724088,6.195249482696668,73.0,1.0,90.45064244737135,1.2390498965393335
2020-10-01,53043,Washington,Lincoln County,47.582743,-118.417692,10939,51,1,466.22177529938756,9.141603437242892,9.0,0.0,82.27443093518603,0.0
2020-10-01,53045,Washington,Mason County,47.354126,-123.17385,66768,413,6,618.5597891205367,8.986340762041698,33.0,2.0,49.42487419122933,2.995446920680566
2020-10-01,53047,Washington,Okanogan County,48.548453,-119.742235,42243,1057,10,2502.189711904931,23.67256113438913,13.0,0.0,30.77432947470587,0.0
2020-10-01,53049,Washington,Pacific County,46.556587,-123.782419,22471,86,3,382.7154999777491,13.350540696898223,6.0,0.0,26.701081393796446,0.0
2020-10-01,53051,Washington,Pend Oreille County,48.543825,-117.232191,13724,68,0,495.48236665695134,0.0,8.0,0.0,58.29204313611193,0.0
2020-10-01,53053,Washington,Pierce County,47.051413,-122.15324,904980,8116,207,896.8153992353423,22.873433667042367,380.0,9.0,41.98987822935314,0.9944971159583638
2020-10-01,53055,Washington,San Juan County,48.50719,-123.103769,17582,29,0,164.94141735866225,0.0,0.0,0.0,0.0,0.0
2020-10-01,53057,Washington,Skagit County,48.493292,-121.81577,129205,1117,22,864.5176270268179,17.02720482953446,27.0,0.0,20.89702410897411,0.0
2020-10-01,53059,Washington,Skamania County,46.024785,-121.953232,12083,65,1,537.9458743689481,8.276090374906893,1.0,0.0,8.276090374906893,0.0
2020-10-01,53061,Washington,Snohomish County,48.070464,-121.936784,822083,7035,212,855.7530079079606,25.788150344916513,250.0,1.0,30.410554652024185,0.12164221860809676
2020-10-01,53063,Washington,Spokane County,47.620375,-117.403371,522798,7079,170,1354.0602680193879,32.517339393035165,518.0,7.0,99.08224591524834,1.3389492691249776
2020-10-01,53065,Washington,Stevens County,48.388727,-117.854454,45723,183,3,400.23620497342694,6.561249261859458,21.0,1.0,45.928744833016204,2.187083087286486
2020-10-01,53067,Washington,Thurston County,46.935822,-122.830152,290536,1133,18,389.9688850951345,6.195445659057741,80.0,1.0,27.53531404025663,0.34419142550320786
2020-10-01,53069,Washington,Wahkiakum County,46.294638,-123.424458,4488,6,0,133.6898395721925,0.0,0.0,0.0,0.0,0.0
2020-10-01,53071,Washington,Walla Walla County,46.254606,-118.48037,60760,917,5,1509.2165898617511,8.229098090849243,43.0,0.0,70.77024358130349,0.0
2020-10-01,53073,Washington,Whatcom County,48.842653,-121.836432,229247,1370,46,597.6086928073214,20.065693335136338,62.0,4.0,27.045064929966365,1.7448428987075078
2020-10-01,53075,Washington,Whitman County,46.905944,-117.53539,50104,1336,0,2666.453776145617,0.0,143.0,0.0,285.4063547820533,0.0
2020-10-01,53077,Washington,Yakima County,46.456558,-120.740145,250873,11442,262,4560.873429982501,104.43531189087707,111.0,5.0,44.24549473239448,1.9930403032610124
2020-10-01,54001,West Virginia,Barbour County,39.139725,-79.996947,16441,83,1,504.8354722948726,6.082355087890031,31.0,0.0,188.55300772459097,0.0
2020-10-01,54003,West Virginia,Berkeley County,39.447938,-78.037754,119171,1049,16,880.2477112720376,13.426085205293234,81.0,3.0,67.969556351797,2.5173909759924813
2020-10-01,54005,West Virginia,Boone County,38.022814,-81.713538,21457,240,1,1118.5161019713846,4.660483758214102,34.0,0.0,158.45644777927947,0.0
2020-10-01,54007,West Virginia,Braxton County,38.69933,-80.73166,13957,13,0,93.1432256215519,0.0,0.0,0.0,0.0,0.0
2020-10-01,54009,West Virginia,Brooke County,40.272645,-80.578691,21939,114,1,519.6225899083823,4.558092893933178,3.0,0.0,13.674278681799535,0.0
2020-10-01,54011,West Virginia,Cabell County,38.419578,-82.243397,91945,858,10,933.1665669693838,10.876067214095382,99.0,0.0,107.6730654195443,0.0
2020-10-01,54013,West Virginia,Calhoun County,38.844159,-81.115478,7109,25,0,351.6669011112674,0.0,0.0,0.0,0.0,0.0
2020-10-01,54015,West Virginia,Clay County,38.459826,-81.081866,8508,37,2,434.8848142924307,23.507287259050305,3.0,0.0,35.26093088857546,0.0
2020-10-01,54017,West Virginia,Doddridge County,39.26348,-80.701232,8448,28,1,331.43939393939394,11.837121212121213,9.0,1.0,106.5340909090909,11.837121212121213
2020-10-01,54019,West Virginia,Fayette County,38.030933,-81.086051,42406,634,14,1495.0714521529972,33.01419610432486,51.0,1.0,120.26600009432627,2.358156864594633
2020-10-01,54021,West Virginia,Gilmer County,38.915867,-80.849413,7823,48,0,613.575354723252,0.0,9.0,0.0,115.04537901060974,0.0
2020-10-01,54023,West Virginia,Grant County,39.105988,-79.195064,11568,162,7,1400.4149377593362,60.51175656984786,6.0,0.0,51.86721991701245,0.0
2020-10-01,54025,West Virginia,Greenbrier County,37.924418,-80.45059,34662,129,3,372.165483815129,8.655011251514626,4.0,0.0,11.540015002019503,0.0
2020-10-01,54027,West Virginia,Hampshire County,39.312139,-78.611989,23175,109,1,470.3344120819849,4.314994606256742,6.0,0.0,25.88996763754045,0.0
2020-10-01,54029,West Virginia,Hancock County,40.516958,-80.570164,28810,150,0,520.6525511975009,0.0,5.0,0.0,17.355085039916695,0.0
2020-10-01,54031,West Virginia,Hardy County,39.011361,-78.841729,13776,92,1,667.8281068524971,7.259001161440186,5.0,0.0,36.29500580720093,0.0
2020-10-01,54033,West Virginia,Harrison County,39.279182,-80.386498,67256,402,9,597.7161888902106,13.381705721422625,56.0,1.0,83.26394671107411,1.4868561912691804
2020-10-01,54035,West Virginia,Jackson County,38.834234,-81.677717,28576,278,23,972.8443449048152,80.48712206047033,20.0,0.0,69.98880179171333,0.0
2020-10-01,54037,West Virginia,Jefferson County,39.307398,-77.86322,57146,439,4,768.2077485738284,6.9996150211738355,12.0,0.0,20.998845063521504,0.0
2020-10-01,54039,West Virginia,Kanawha County,38.328068,-81.523516,178124,2772,82,1556.2192629853362,46.03534616334688,304.0,8.0,170.66762480070062,4.491253284228964
2020-10-01,54041,West Virginia,Lewis County,38.988877,-80.495477,15907,38,2,238.88853963663797,12.573081033507261,0.0,0.0,0.0,0.0
2020-10-01,54043,West Virginia,Lincoln County,38.17177,-82.077623,20409,179,2,877.0640403743446,9.799598216473125,22.0,0.0,107.79558038120436,0.0
2020-10-01,54045,West Virginia,Logan County,37.830591,-81.940853,32019,627,42,1958.2123114400827,131.17211655579501,28.0,3.0,87.44807770386333,9.3694368968425
2020-10-01,54047,West Virginia,McDowell County,37.382727,-81.658183,17624,90,0,510.6672719019519,0.0,10.0,0.0,56.74080798910577,0.0
2020-10-01,54049,West Virginia,Marion County,39.505839,-80.243402,56072,292,4,520.7590241118562,7.133685261806249,31.0,1.0,55.28606077899843,1.7834213154515624
2020-10-01,54051,West Virginia,Marshall County,39.854426,-80.671794,30531,182,1,596.1154236677476,3.2753594707019094,20.0,0.0,65.50718941403818,0.0
2020-10-01,54053,West Virginia,Mason County,38.770914,-82.029007,26516,144,6,543.0683360989591,22.62784733745663,4.0,0.0,15.08523155830442,0.0
2020-10-01,54055,West Virginia,Mercer County,37.403448,-81.106456,58758,430,28,731.8152421797882,47.65308553728854,23.0,1.0,39.14360597705844,1.7018959120460193
2020-10-01,54057,West Virginia,Mineral County,39.404781,-78.95669,26868,174,4,647.6105404198303,14.887598630340925,3.0,0.0,11.165698972755694,0.0
2020-10-01,54059,West Virginia,Mingo County,37.721161,-82.158989,23424,392,9,1673.4972677595629,38.42213114754098,26.0,0.0,110.99726775956283,0.0
2020-10-01,54061,West Virginia,Monongalia County,39.633645,-80.059074,105612,2059,5,1949.5890618490323,4.734310495019506,100.0,0.0,94.6862099003901,0.0
2020-10-01,54063,West Virginia,Monroe County,37.554062,-80.550329,13275,151,8,1137.476459510358,60.263653483992464,4.0,1.0,30.131826741996232,7.532956685499058
2020-10-01,54065,West Virginia,Morgan County,39.555002,-78.257345,17884,58,0,324.3122343994632,0.0,5.0,0.0,27.95795124133304,0.0
2020-10-01,54067,West Virginia,Nicholas County,38.291432,-80.797515,24496,114,3,465.3821032005226,12.24689745264533,16.0,0.0,65.31678641410844,0.0
2020-10-01,54069,West Virginia,Ohio County,40.098932,-80.620728,41411,375,7,905.5564946511796,16.90372123348869,13.0,1.0,31.39262514790756,2.4148173190698126
2020-10-01,54071,West Virginia,Pendleton County,38.67445,-79.340617,6969,53,1,760.5108336920649,14.349261013057827,1.0,0.0,14.349261013057827,0.0
2020-10-01,54073,West Virginia,Pleasants County,39.368133,-81.161172,7460,18,3,241.2868632707775,40.21447721179624,2.0,0.0,26.809651474530835,0.0
2020-10-01,54075,West Virginia,Pocahontas County,38.332606,-80.010121,8247,59,0,715.4116648478234,0.0,0.0,0.0,0.0,0.0
2020-10-01,54077,West Virginia,Preston County,39.46903,-79.668865,33432,158,4,472.60110074180426,11.964584828906437,7.0,0.0,20.938023450586265,0.0
2020-10-01,54079,West Virginia,Putnam County,38.510513,-81.906109,56450,590,9,1045.1727192205492,15.943312666076174,61.0,4.0,108.06023029229407,7.085916740478299
2020-10-01,54081,West Virginia,Raleigh County,37.762469,-81.264672,73361,538,8,733.3596870271671,10.904976758768283,41.0,0.0,55.88800588868745,0.0
2020-10-01,54083,West Virginia,Randolph County,38.781095,-79.867788,28695,259,1,902.5962711273742,3.4849276877504796,19.0,0.0,66.2136260672591,0.0
2020-10-01,54085,West Virginia,Ritchie County,39.177112,-81.066317,9554,13,0,136.068662340381,0.0,2.0,0.0,20.933640360058615,0.0
2020-10-01,54087,West Virginia,Roane County,38.74295,-81.354494,13688,55,2,401.8118059614261,14.61133839859731,6.0,0.0,43.834015195791935,0.0
2020-10-01,54089,West Virginia,Summers County,37.655999,-80.856325,12573,56,0,445.398870595721,0.0,9.0,0.0,71.58196134574086,0.0
2020-10-01,54091,West Virginia,Taylor County,39.332478,-80.046554,16695,131,8,784.6660676849356,47.918538484576224,11.0,2.0,65.88799041629231,11.979634621144056
2020-10-01,54093,West Virginia,Tucker County,39.111175,-79.559968,6839,37,0,541.014768240971,0.0,20.0,0.0,292.4404152653897,0.0
2020-10-01,54095,West Virginia,Tyler County,39.465634,-80.877219,8591,16,0,186.2414154347573,0.0,1.0,0.0,11.640088464672331,0.0
2020-10-01,54097,West Virginia,Upshur County,38.90253,-80.231606,24176,91,0,376.4063534083388,0.0,27.0,0.0,111.6810059563203,0.0
2020-10-01,54099,West Virginia,Wayne County,38.143642,-82.422666,39402,407,10,1032.9424902289225,25.379422364346986,26.0,0.0,65.98649814730217,0.0
2020-10-01,54101,West Virginia,Webster County,38.483459,-80.449052,8114,7,0,86.27064333251171,0.0,0.0,0.0,0.0,0.0
2020-10-01,54103,West Virginia,Wetzel County,39.59818,-80.635399,15065,61,0,404.9120477928975,0.0,10.0,0.0,66.37902422834385,0.0
2020-10-01,54105,West Virginia,Wirt County,39.020034,-81.382975,5821,12,0,206.1501460230201,0.0,0.0,0.0,0.0,0.0
2020-10-01,54107,West Virginia,Wood County,39.211602,-81.516234,83518,375,6,449.00500490912134,7.184080078545942,19.0,0.0,22.749586915395483,0.0
2020-10-01,54109,West Virginia,Wyoming County,37.60366,-81.549032,20394,121,4,593.3117583603021,19.613611846621556,13.0,1.0,63.74423850152006,4.903402961655389
2020-10-01,55001,Wisconsin,Adams County,43.973757,-89.767228,20220,285,4,1409.4955489614242,19.782393669634025,49.0,0.0,242.3343224530168,0.0
2020-10-01,55003,Wisconsin,Ashland County,46.544424,-90.679691,15562,145,2,931.7568435933686,12.851818532322323,50.0,0.0,321.2954633080581,0.0
2020-10-01,55005,Wisconsin,Barron County,45.437192,-91.852892,45244,526,6,1162.5850941561312,13.261426929537617,62.0,2.0,137.03474493855538,4.420475643179206
2020-10-01,55007,Wisconsin,Bayfield County,46.634199,-91.177282,15036,120,1,798.0845969672785,6.650704974727321,23.0,0.0,152.96621441872838,0.0
2020-10-01,55009,Wisconsin,Brown County,44.474024,-87.99613,264542,10128,71,3828.5036024525402,26.83883844531303,1539.0,7.0,581.7601741878417,2.6460826636224115
2020-10-01,55011,Wisconsin,Buffalo County,44.385633,-91.761294,13031,157,2,1204.8192771084339,15.348016268897245,18.0,0.0,138.1321464200752,0.0
2020-10-01,55013,Wisconsin,Burnett County,45.866897,-92.37573,15414,223,4,1446.7367328402752,25.95043466978072,43.0,1.0,278.9671727001427,6.48760866744518
2020-10-01,55015,Wisconsin,Calumet County,44.07841,-88.212132,50089,1442,5,2878.875601429456,9.982231627702689,394.0,1.0,786.599852262972,1.9964463255405378
2020-10-01,55017,Wisconsin,Chippewa County,45.069092,-91.283505,64658,633,0,978.9971851897677,0.0,96.0,0.0,148.47350675863774,0.0
2020-10-01,55019,Wisconsin,Clark County,44.739346,-90.609953,34774,476,8,1368.838787599931,23.005693909242538,79.0,0.0,227.18122735377005,0.0
2020-10-01,55021,Wisconsin,Columbia County,43.471882,-89.330472,57532,793,4,1378.3633456163527,6.952652436904678,169.0,1.0,293.7495654592227,1.7381631092261696
2020-10-01,55023,Wisconsin,Crawford County,43.24991,-90.95123,16131,193,0,1196.4540326080219,0.0,31.0,0.0,192.17655446035585,0.0
2020-10-01,55025,Wisconsin,Dane County,43.067468,-89.417852,546695,10539,47,1927.7659389604805,8.597115393409487,865.0,3.0,158.22350670849377,0.5487520463878397
2020-10-01,55027,Wisconsin,Dodge County,43.429628,-88.701939,87839,2110,20,2402.12206423115,22.768929518778677,327.0,2.0,372.27199763203134,2.2768929518778673
2020-10-01,55029,Wisconsin,Door County,45.093417,-87.048683,27668,417,4,1507.156281624982,14.457134595923087,95.0,1.0,343.35694665317334,3.6142836489807717
2020-10-01,55031,Wisconsin,Douglas County,46.463218,-91.892477,43150,536,0,1242.178447276941,0.0,113.0,0.0,261.87717265353416,0.0
2020-10-01,55033,Wisconsin,Dunn County,44.947751,-91.897645,45368,679,1,1496.649620878152,2.2041967906894726,184.0,1.0,405.57220948686296,2.2041967906894726
2020-10-01,55035,Wisconsin,Eau Claire County,44.726355,-91.286414,104646,2050,7,1958.9855321751427,6.689218890354146,287.0,1.0,274.25797450452,0.9556026986220209
2020-10-01,55037,Wisconsin,Florence County,45.871828,-88.406988,4295,99,2,2305.0058207217694,46.56577415599534,16.0,1.0,372.52619324796274,23.28288707799767
2020-10-01,55039,Wisconsin,Fond du Lac County,43.754722,-88.493284,103403,2394,14,2315.2132916839937,13.539259015695869,411.0,0.0,397.47396110364303,0.0
2020-10-01,55041,Wisconsin,Forest County,45.666881,-88.773326,9004,320,6,3553.976010661928,66.63705019991116,63.0,1.0,699.6890270990671,11.106175033318525
2020-10-01,55043,Wisconsin,Grant County,42.870028,-90.694229,51439,1177,19,2288.1471257217286,36.936954450903016,212.0,0.0,412.13864966270734,0.0
2020-10-01,55045,Wisconsin,Green County,42.675522,-89.605074,36960,583,3,1577.3809523809523,8.116883116883116,99.0,1.0,267.85714285714283,2.705627705627706
2020-10-01,55047,Wisconsin,Green Lake County,43.780247,-88.97038,18913,390,0,2062.0737059165654,0.0,98.0,0.0,518.1621107174959,0.0
2020-10-01,55049,Wisconsin,Iowa County,43.001021,-90.133691,23678,225,0,950.2491764507138,0.0,31.0,0.0,130.92321986654278,0.0
2020-10-01,55051,Wisconsin,Iron County,46.32655,-90.261298,5687,150,1,2637.5945138034112,17.583963425356075,7.0,0.0,123.08774397749252,0.0
2020-10-01,55053,Wisconsin,Jackson County,44.32459,-90.79951,20643,172,1,833.2122269050042,4.844257133168629,34.0,0.0,164.70474252773337,0.0
2020-10-01,55055,Wisconsin,Jefferson County,43.013804,-88.773985,84769,1646,9,1941.7475728155339,10.617088794252616,255.0,0.0,300.8175158371575,0.0
2020-10-01,55057,Wisconsin,Juneau County,43.932836,-90.113984,26687,432,2,1618.7656911604902,7.494285607224492,76.0,0.0,284.7828530745307,0.0
2020-10-01,55059,Wisconsin,Kenosha County,42.579703,-87.425005,169561,4026,72,2374.366747070376,42.46259458248064,233.0,3.0,137.41367413497207,1.7692747742700266
2020-10-01,55061,Wisconsin,Kewaunee County,44.501032,-87.163304,20434,659,2,3225.017128315553,9.78760888714887,167.0,0.0,817.2653420769307,0.0
2020-10-01,55063,Wisconsin,La Crosse County,43.908222,-91.111758,118016,3429,8,2905.5382321041216,6.778741865509762,314.0,2.0,266.06561822125815,1.6946854663774404
2020-10-01,55065,Wisconsin,Lafayette County,42.655578,-90.130292,16665,344,0,2064.206420642064,0.0,83.0,0.0,498.04980498049804,0.0
2020-10-01,55067,Wisconsin,Langlade County,45.262381,-89.067725,19189,251,2,1308.0410651936006,10.422637969670124,93.0,0.0,484.6526655896607,0.0
2020-10-01,55069,Wisconsin,Lincoln County,45.338417,-89.742309,27593,282,2,1021.9983329105208,7.24821512702497,89.0,1.0,322.54557315261115,3.624107563512485
2020-10-01,55071,Wisconsin,Manitowoc County,44.156137,-87.577352,78981,1401,5,1773.8443423101758,6.330636482191919,334.0,1.0,422.8865170104202,1.266127296438384
2020-10-01,55073,Wisconsin,Marathon County,44.898036,-89.757823,135692,1803,15,1328.7445096247384,11.054446835480352,487.0,1.0,358.9010405919288,0.7369631223653568
2020-10-01,55075,Wisconsin,Marinette County,45.346899,-87.991198,40350,1096,9,2716.2329615861213,22.304832713754646,230.0,1.0,570.0123915737299,2.4783147459727384
2020-10-01,55077,Wisconsin,Marquette County,43.826053,-89.409095,15574,329,1,2112.495184281495,6.420958006934635,87.0,0.0,558.6233466033133,0.0
2020-10-01,55078,Wisconsin,Menominee County,44.991304,-88.669251,4556,104,0,2282.70412642669,0.0,39.0,0.0,856.0140474100089,0.0
2020-10-01,55079,Wisconsin,Milwaukee County,43.01766,-87.481554,945726,31333,557,3313.116061100149,58.89655143244449,1960.0,8.0,207.2481881644366,0.8459109720997414
2020-10-01,55081,Wisconsin,Monroe County,43.945175,-90.619969,46253,613,3,1325.3194387391088,6.4860657687068946,133.0,1.0,287.54891574600566,2.1620219229022983
2020-10-01,55083,Wisconsin,Oconto County,44.996575,-88.206516,37930,1153,6,3039.8101766411814,15.818613234906408,304.0,1.0,801.4764039019246,2.636435539151068
2020-10-01,55085,Wisconsin,Oneida County,45.716176,-89.534533,35595,550,4,1545.1608371962354,11.237533361427166,130.0,2.0,365.2198342463829,5.618766680713583
2020-10-01,55087,Wisconsin,Outagamie County,44.418226,-88.464988,187885,5442,36,2896.452617292493,19.160656784735345,1222.0,5.0,650.3978497485164,2.661202331213242
2020-10-01,55089,Wisconsin,Ozaukee County,43.360752,-87.499304,89221,1506,22,1687.9434213918246,24.657872025644185,135.0,1.0,151.30966924827115,1.1208123648020085
2020-10-01,55091,Wisconsin,Pepin County,44.627436,-91.83489,7287,70,0,960.6147934678195,0.0,8.0,0.0,109.78454782489364,0.0
2020-10-01,55093,Wisconsin,Pierce County,44.725336,-92.426279,42754,665,7,1555.4100201150768,16.372737053842915,36.0,0.0,84.20264770547786,0.0
2020-10-01,55095,Wisconsin,Polk County,45.462041,-92.447066,43783,278,2,634.9496379873467,4.567983007103213,36.0,0.0,82.22369412785785,0.0
2020-10-01,55097,Wisconsin,Portage County,44.476246,-89.49807,70772,1609,7,2273.497993556774,9.890917311931272,251.0,2.0,354.66003504210704,2.8259763748375066
2020-10-01,55099,Wisconsin,Price County,45.679072,-90.35965,13351,145,0,1086.060969215789,0.0,72.0,0.0,539.2854467830125,0.0
2020-10-01,55101,Wisconsin,Racine County,42.754122,-87.420877,196311,5597,100,2851.088324138739,50.93958056349364,466.0,1.0,237.37844542588036,0.5093958056349364
2020-10-01,55103,Wisconsin,Richland County,43.376199,-90.435693,17252,195,4,1130.3037329005333,23.185717597959655,66.0,0.0,382.5643403663343,0.0
2020-10-01,55105,Wisconsin,Rock County,42.66988,-89.075284,163354,2898,33,1774.0612412307014,20.201525521260578,279.0,1.0,170.7947157706576,0.6121674400381993
2020-10-01,55107,Wisconsin,Rusk County,45.472734,-91.136745,14178,77,1,543.0949358160531,7.053180984624065,10.0,0.0,70.53180984624065,0.0
2020-10-01,55109,Wisconsin,St. Croix County,45.028959,-92.447284,90687,1059,9,1167.752820139601,9.924244930364882,123.0,0.0,135.63134738165337,0.0
2020-10-01,55111,Wisconsin,Sauk County,43.428001,-89.943318,64442,1046,4,1623.1650166040781,6.207131994661866,127.0,0.0,197.07644083051426,0.0
2020-10-01,55113,Wisconsin,Sawyer County,45.864913,-91.14713,16558,229,1,1383.0172726174658,6.039376736320811,29.0,0.0,175.14192535330355,0.0
2020-10-01,55115,Wisconsin,Shawano County,44.789641,-88.755813,40899,1133,1,2770.2388811462383,2.4450475561749676,404.0,0.0,987.7992126946868,0.0
2020-10-01,55117,Wisconsin,Sheboygan County,43.741232,-87.731516,115340,2130,19,1846.7140627709382,16.47303624067973,534.0,2.0,462.97901855384083,1.7340038148083925
2020-10-01,55119,Wisconsin,Taylor County,45.211656,-90.504853,20343,223,4,1096.2001671336577,19.66278326697144,54.0,0.0,265.44757410411444,0.0
2020-10-01,55121,Wisconsin,Trempealeau County,44.30305,-91.358867,29649,713,2,2404.80286013019,6.745590070491416,95.0,0.0,320.41552834834226,0.0
2020-10-01,55123,Wisconsin,Vernon County,43.599366,-90.821983,30822,265,1,859.7754850431511,3.244435792615664,54.0,0.0,175.19953280124588,0.0
2020-10-01,55125,Wisconsin,Vilas County,46.049848,-89.501254,22195,251,1,1130.8853345348052,4.505519261094841,62.0,0.0,279.3421941878801,0.0
2020-10-01,55127,Wisconsin,Walworth County,42.66811,-88.541731,103868,2838,35,2732.314090961605,33.69661493433974,146.0,0.0,140.5630222975315,0.0
2020-10-01,55129,Wisconsin,Washburn County,45.892489,-91.796422,15720,123,1,782.4427480916031,6.361323155216285,25.0,0.0,159.03307888040712,0.0
2020-10-01,55131,Wisconsin,Washington County,43.391156,-88.232917,136034,2857,41,2100.2102415572576,30.139523942543775,327.0,4.0,240.38108120028818,2.9404413602481734
2020-10-01,55133,Wisconsin,Waukesha County,43.018368,-88.30424,404198,8553,98,2116.042137764165,24.24554302594273,914.0,4.0,226.12679924195567,0.989614001058887
2020-10-01,55135,Wisconsin,Waupaca County,44.478004,-88.967005,50990,1337,23,2622.08276132575,45.1068837026868,259.0,1.0,507.94273386938613,1.9611688566385566
2020-10-01,55137,Wisconsin,Waushara County,44.112823,-89.239786,24443,422,3,1726.465654788692,12.273452522194493,100.0,1.0,409.1150840731497,4.091150840731498
2020-10-01,55139,Wisconsin,Winnebago County,44.085707,-88.668149,171907,4625,34,2690.4081858214035,19.778135852524912,1149.0,6.0,668.3846498397389,3.4902592680926317
2020-10-01,55141,Wisconsin,Wood County,44.461413,-90.038825,72999,948,6,1298.6479266839272,8.21929067521473,150.0,1.0,205.4822668803682,1.369881779202455
2020-10-01,56001,Wyoming,Albany County,41.665514,-105.721883,38880,589,0,1514.9176954732511,0.0,128.0,0.0,329.21810699588474,0.0
2020-10-01,56003,Wyoming,Big Horn County,44.525117,-107.994848,11790,64,2,542.832909245123,16.963528413910094,12.0,0.0,101.78117048346056,0.0
2020-10-01,56005,Wyoming,Campbell County,44.191999,-105.517014,46341,341,2,735.8494637577955,4.3158326320105305,62.0,1.0,133.79081159232646,2.1579163160052652
2020-10-01,56007,Wyoming,Carbon County,41.70359,-106.933153,14800,233,2,1574.3243243243242,13.513513513513514,11.0,0.0,74.32432432432432,0.0
2020-10-01,56009,Wyoming,Converse County,42.984623,-105.524752,13822,145,0,1049.0522355664882,0.0,33.0,0.0,238.74981912892488,0.0
2020-10-01,56011,Wyoming,Crook County,44.589266,-104.567298,7584,47,0,619.7257383966245,0.0,9.0,0.0,118.67088607594937,0.0
2020-10-01,56013,Wyoming,Fremont County,43.054831,-108.608935,39261,751,14,1912.8397137108072,35.65879626092051,59.0,0.0,150.27635567102215,0.0
2020-10-01,56015,Wyoming,Goshen County,42.089455,-104.35354,13211,107,2,809.9311180077208,15.138899402013472,24.0,0.0,181.6667928241617,0.0
2020-10-01,56017,Wyoming,Hot Springs County,43.720209,-108.435076,4413,38,0,861.0922275096307,0.0,1.0,0.0,22.660321776569226,0.0
2020-10-01,56019,Wyoming,Johnson County,44.044048,-106.588541,8445,42,1,497.335701598579,11.841326228537596,9.0,0.0,106.57193605683837,0.0
2020-10-01,56021,Wyoming,Laramie County,41.29283,-104.660395,99500,725,4,728.643216080402,4.020100502512563,53.0,0.0,53.266331658291456,0.0
2020-10-01,56023,Wyoming,Lincoln County,42.229993,-110.682961,19830,216,1,1089.2586989409986,5.042864346949067,50.0,0.0,252.14321734745334,0.0
2020-10-01,56025,Wyoming,Natrona County,42.977645,-106.768219,79858,626,6,783.891407247865,7.5133361717047755,119.0,2.0,149.0145007388114,2.5044453905682587
2020-10-01,56027,Wyoming,Niobrara County,43.062159,-104.468373,2356,4,0,169.7792869269949,0.0,0.0,0.0,0.0,0.0
2020-10-01,56029,Wyoming,Park County,44.492387,-109.593597,29194,252,2,863.1910666575324,6.850722751250257,34.0,0.0,116.46228677125437,0.0
2020-10-01,56031,Wyoming,Platte County,42.131593,-104.953963,8393,38,1,452.7582509233886,11.914690813773383,13.0,0.0,154.89098057905397,0.0
2020-10-01,56033,Wyoming,Sheridan County,44.781369,-106.881211,30485,304,4,997.2117434804003,13.121207151057897,34.0,0.0,111.53026078399213,0.0
2020-10-01,56035,Wyoming,Sublette County,42.767928,-109.91617,9831,117,1,1190.112908147696,10.171905197843556,27.0,0.0,274.641440341776,0.0
2020-10-01,56037,Wyoming,Sweetwater County,41.660328,-108.875677,42343,342,2,807.6895826937157,4.723330892945706,14.0,0.0,33.063316250619934,0.0
2020-10-01,56039,Wyoming,Teton County,44.048662,-110.426087,23464,591,1,2518.7521309239687,4.261847937265598,62.0,0.0,264.2345721104671,0.0
2020-10-01,56041,Wyoming,Uinta County,41.284726,-110.558947,20226,356,2,1760.1107485414814,9.888262632255513,9.0,0.0,44.49718184514981,0.0
2020-10-01,56043,Wyoming,Washakie County,43.878831,-107.669052,7805,116,6,1486.2267777065983,76.87379884689302,3.0,0.0,38.43689942344651,0.0
2020-10-01,56045,Wyoming,Weston County,43.846213,-104.57002,6927,39,0,563.014291901256,0.0,12.0,0.0,173.23516673884797,0.0
