state,date,cases,deaths,cases_day,deaths_day,cases_day_per_100k,deaths_day_per_100k
Alabama,2020-02-01,0,0,0.0,0.0,0.0,0.0
Alabama,2020-02-02,0,0,0.0,0.0,0.0,0.0
Alabama,2020-02-03,0,0,0.0,0.0,0.0,0.0
Alabama,2020-02-04,0,0,0.0,0.0,0.0,0.0
Alabama,2020-02-05,0,0,0.0,0.0,0.0,0.0
Alabama,2020-02-06,0,0,0.0,0.0,0.0,0.0
Alabama,2020-02-07,0,0,0.0,0.0,0.0,0.0
Alabama,2020-02-08,0,0,0.0,0.0,0.0,0.0
Alabama,2020-02-09,0,0,0.0,0.0,0.0,0.0
Alabama,2020-02-10,0,0,0.0,0.0,0.0,0.0
Alabama,2020-02-11,0,0,0.0,0.0,0.0,0.0
Alabama,2020-02-12,0,0,0.0,0.0,0.0,0.0
Alabama,2020-02-13,0,0,0.0,0.0,0.0,0.0
Alabama,2020-02-14,0,0,0.0,0.0,0.0,0.0
Alabama,2020-02-15,0,0,0.0,0.0,0.0,0.0
Alabama,2020-02-16,0,0,0.0,0.0,0.0,0.0
Alabama,2020-02-17,0,0,0.0,0.0,0.0,0.0
Alabama,2020-02-18,0,0,0.0,0.0,0.0,0.0
Alabama,2020-02-19,0,0,0.0,0.0,0.0,0.0
Alabama,2020-02-20,0,0,0.0,0.0,0.0,0.0
Alabama,2020-02-21,0,0,0.0,0.0,0.0,0.0
Alabama,2020-02-22,0,0,0.0,0.0,0.0,0.0
Alabama,2020-02-23,0,0,0.0,0.0,0.0,0.0
Alabama,2020-02-24,0,0,0.0,0.0,0.0,0.0
Alabama,2020-02-25,0,0,0.0,0.0,0.0,0.0
Alabama,2020-02-26,0,0,0.0,0.0,0.0,0.0
Alabama,2020-02-27,0,0,0.0,0.0,0.0,0.0
Alabama,2020-02-28,0,0,0.0,0.0,0.0,0.0
Alabama,2020-02-29,0,0,0.0,0.0,0.0,0.0
Alabama,2020-03-01,0,0,0.0,0.0,0.0,0.0
Alabama,2020-03-02,0,0,0.0,0.0,0.0,0.0
Alabama,2020-03-03,0,0,0.0,0.0,0.0,0.0
Alabama,2020-03-04,0,0,0.0,0.0,0.0,0.0
Alabama,2020-03-05,0,0,0.0,0.0,0.0,0.0
Alabama,2020-03-06,0,0,0.0,0.0,0.0,0.0
Alabama,2020-03-07,0,0,0.0,0.0,0.0,0.0
Alabama,2020-03-08,0,0,0.0,0.0,0.0,0.0
Alabama,2020-03-09,0,0,0.0,0.0,0.0,0.0
Alabama,2020-03-10,0,0,0.0,0.0,0.0,0.0
Alabama,2020-03-11,0,0,0.0,0.0,0.0,0.0
Alabama,2020-03-12,0,0,0.0,0.0,0.0,0.0
Alabama,2020-03-13,5,0,5.0,0.0,0.10197453288015851,0.0
Alabama,2020-03-14,11,0,6.0,0.0,0.12236943945619022,0.0
Alabama,2020-03-15,22,0,11.0,0.0,0.2243439723363487,0.0
Alabama,2020-03-16,29,0,7.0,0.0,0.1427643460322219,0.0
Alabama,2020-03-17,39,0,10.0,0.0,0.20394906576031702,0.0
Alabama,2020-03-18,51,0,12.0,0.0,0.24473887891238044,0.0
Alabama,2020-03-19,78,0,27.0,0.0,0.5506624775528559,0.0
Alabama,2020-03-20,106,0,28.0,0.0,0.5710573841288876,0.0
Alabama,2020-03-21,131,0,25.0,0.0,0.5098726644007925,0.0
Alabama,2020-03-22,167,0,36.0,0.0,0.7342166367371412,0.0
Alabama,2020-03-23,196,0,29.0,0.0,0.5914522907049193,0.0
Alabama,2020-03-24,242,0,46.0,0.0,0.9381657024974582,0.0
Alabama,2020-03-25,386,1,144.0,1.0,2.936866546948565,0.020394906576031702
Alabama,2020-03-26,531,1,145.0,0.0,2.957261453524597,0.0
Alabama,2020-03-27,639,2,108.0,1.0,2.2026499102114236,0.020394906576031702
Alabama,2020-03-28,717,3,78.0,1.0,1.5908027129304727,0.020394906576031702
Alabama,2020-03-29,825,4,108.0,1.0,2.2026499102114236,0.020394906576031702
Alabama,2020-03-30,941,6,116.0,2.0,2.3658091628196773,0.040789813152063405
Alabama,2020-03-31,997,13,56.0,7.0,1.1421147682577752,0.1427643460322219
Alabama,2020-04-01,1106,16,109.0,3.0,2.2230448167874557,0.06118471972809511
Alabama,2020-04-02,1270,17,164.0,1.0,3.3447646784691996,0.020394906576031702
Alabama,2020-04-03,1534,21,264.0,4.0,5.3842553360723695,0.08157962630412681
Alabama,2020-04-04,1632,26,98.0,5.0,1.9987008444511067,0.10197453288015851
Alabama,2020-04-05,1840,31,208.0,5.0,4.2421405678145945,0.10197453288015851
Alabama,2020-04-06,2003,32,163.0,1.0,3.3243697718931675,0.020394906576031702
Alabama,2020-04-07,2197,39,194.0,7.0,3.95661187575015,0.1427643460322219
Alabama,2020-04-08,2497,48,300.0,9.0,6.118471972809511,0.1835541591842853
Alabama,2020-04-09,2838,48,341.0,0.0,6.95466314242681,0.0
Alabama,2020-04-10,3007,58,169.0,10.0,3.446739211349358,0.20394906576031702
Alabama,2020-04-11,3262,60,255.0,2.0,5.200701176888084,0.040789813152063405
Alabama,2020-04-12,3581,61,319.0,1.0,6.505975197754112,0.020394906576031702
Alabama,2020-04-13,3801,61,220.0,0.0,4.486879446726975,0.0
Alabama,2020-04-14,3951,73,150.0,12.0,3.0592359864047554,0.24473887891238044
Alabama,2020-04-15,4237,75,286.0,2.0,5.8329432807450665,0.040789813152063405
Alabama,2020-04-16,4400,82,163.0,7.0,3.3243697718931675,0.1427643460322219
Alabama,2020-04-17,4515,96,115.0,14.0,2.3454142562436457,0.2855286920644438
Alabama,2020-04-18,4719,110,204.0,14.0,4.160560941510467,0.2855286920644438
Alabama,2020-04-19,4897,112,178.0,2.0,3.630293370533643,0.040789813152063405
Alabama,2020-04-20,5074,112,177.0,0.0,3.609898463957611,0.0
Alabama,2020-04-21,5317,141,243.0,29.0,4.955962297975703,0.5914522907049193
Alabama,2020-04-22,5598,174,281.0,33.0,5.7309687478649085,0.6730319170090462
Alabama,2020-04-23,5825,194,227.0,20.0,4.629643792759196,0.40789813152063403
Alabama,2020-04-24,6026,208,201.0,14.0,4.099376221782372,0.2855286920644438
Alabama,2020-04-25,6213,212,187.0,4.0,3.8138475297179277,0.08157962630412681
Alabama,2020-04-26,6417,218,204.0,6.0,4.160560941510467,0.12236943945619022
Alabama,2020-04-27,6537,227,120.0,9.0,2.447388789123804,0.1835541591842853
Alabama,2020-04-28,6744,240,207.0,13.0,4.221745661238562,0.26513378548841215
Alabama,2020-04-29,6916,261,172.0,21.0,3.507923931077453,0.42829303809666575
Alabama,2020-04-30,7063,269,147.0,8.0,2.99805126667666,0.16315925260825362
Alabama,2020-05-01,7294,287,231.0,18.0,4.711223419063323,0.3671083183685706
Alabama,2020-05-02,7611,287,317.0,0.0,6.46518538460205,0.0
Alabama,2020-05-03,7885,289,274.0,2.0,5.588204401832686,0.040789813152063405
Alabama,2020-05-04,8110,297,225.0,8.0,4.5888539796071335,0.16315925260825362
Alabama,2020-05-05,8436,314,326.0,17.0,6.648739543786335,0.3467134117925389
Alabama,2020-05-06,8691,341,255.0,27.0,5.200701176888084,0.5506624775528559
Alabama,2020-05-07,9046,368,355.0,27.0,7.240191834491254,0.5506624775528559
Alabama,2020-05-08,9384,381,338.0,13.0,6.893478422698716,0.26513378548841215
Alabama,2020-05-09,9668,388,284.0,7.0,5.792153467593003,0.1427643460322219
Alabama,2020-05-10,9889,391,221.0,3.0,4.507274353303006,0.06118471972809511
Alabama,2020-05-11,10164,401,275.0,10.0,5.608599308408718,0.20394906576031702
Alabama,2020-05-12,10468,438,304.0,37.0,6.200051599113638,0.7546115433131729
Alabama,2020-05-13,10699,448,231.0,10.0,4.711223419063323,0.20394906576031702
Alabama,2020-05-14,11094,470,395.0,22.0,8.055988097532524,0.4486879446726974
Alabama,2020-05-15,11387,482,293.0,12.0,5.975707626777289,0.24473887891238044
Alabama,2020-05-16,11671,482,284.0,0.0,5.792153467593003,0.0
Alabama,2020-05-17,11768,485,97.0,3.0,1.978305937875075,0.06118471972809511
Alabama,2020-05-18,12078,486,310.0,1.0,6.322421038569828,0.020394906576031702
Alabama,2020-05-19,12374,500,296.0,14.0,6.036892346505383,0.2855286920644438
Alabama,2020-05-20,13049,522,675.0,22.0,13.766561938821399,0.4486879446726974
Alabama,2020-05-21,13410,529,361.0,7.0,7.362561273947445,0.1427643460322219
Alabama,2020-05-22,13670,541,260.0,12.0,5.302675709768242,0.24473887891238044
Alabama,2020-05-23,14152,551,482.0,10.0,9.83034496964728,0.20394906576031702
Alabama,2020-05-24,14507,558,355.0,7.0,7.240191834491254,0.1427643460322219
Alabama,2020-05-25,15194,566,687.0,8.0,14.01130081773378,0.16315925260825362
Alabama,2020-05-26,15648,580,454.0,14.0,9.259287585518392,0.2855286920644438
Alabama,2020-05-27,16029,583,381.0,3.0,7.7704594054680785,0.06118471972809511
Alabama,2020-05-28,16553,605,524.0,22.0,10.686931045840613,0.4486879446726974
Alabama,2020-05-29,17031,610,478.0,5.0,9.748765343343154,0.10197453288015851
Alabama,2020-05-30,17358,618,327.0,8.0,6.669134450362367,0.16315925260825362
Alabama,2020-05-31,17849,629,491.0,11.0,10.013899128831566,0.2243439723363487
Alabama,2020-06-01,18246,643,397.0,14.0,8.096777910684585,0.2855286920644438
Alabama,2020-06-02,18427,650,181.0,7.0,3.691478090261738,0.1427643460322219
Alabama,2020-06-03,18553,650,126.0,0.0,2.5697582285799947,0.0
Alabama,2020-06-04,18766,651,213.0,1.0,4.3441151006947525,0.020394906576031702
Alabama,2020-06-05,19073,670,307.0,19.0,6.261236318841732,0.3875032249446024
Alabama,2020-06-06,19709,684,636.0,14.0,12.97116058235616,0.2855286920644438
Alabama,2020-06-07,20166,687,457.0,3.0,9.320472305246488,0.06118471972809511
Alabama,2020-06-08,20590,712,424.0,25.0,8.647440388237442,0.5098726644007925
Alabama,2020-06-09,21071,723,481.0,11.0,9.809950063071248,0.2243439723363487
Alabama,2020-06-10,21626,739,555.0,16.0,11.319173149697594,0.32631850521650724
Alabama,2020-06-11,22474,750,848.0,11.0,17.294880776474884,0.2243439723363487
Alabama,2020-06-12,23333,764,859.0,14.0,17.519224748811233,0.2855286920644438
Alabama,2020-06-13,24220,768,887.0,4.0,18.09028213294012,0.08157962630412681
Alabama,2020-06-14,25235,768,1015.0,0.0,20.700830174672177,0.0
Alabama,2020-06-15,26272,774,1037.0,6.0,21.149518119344876,0.12236943945619022
Alabama,2020-06-16,26912,785,640.0,11.0,13.052740208660289,0.2243439723363487
Alabama,2020-06-17,27312,790,400.0,5.0,8.15796263041268,0.10197453288015851
Alabama,2020-06-18,28206,809,894.0,19.0,18.23304647897234,0.3875032249446024
Alabama,2020-06-19,29002,821,796.0,12.0,16.234345634521233,0.24473887891238044
Alabama,2020-06-20,29549,838,547.0,17.0,11.156013897089341,0.3467134117925389
Alabama,2020-06-21,30021,839,472.0,1.0,9.626395903886964,0.020394906576031702
Alabama,2020-06-22,30453,840,432.0,1.0,8.810599640845695,0.020394906576031702
Alabama,2020-06-23,31097,864,644.0,24.0,13.134319834964415,0.4894777578247609
Alabama,2020-06-24,32064,889,967.0,25.0,19.721874659022657,0.5098726644007925
Alabama,2020-06-25,33206,895,1142.0,6.0,23.290983309828203,0.12236943945619022
Alabama,2020-06-26,34180,906,974.0,11.0,19.864639005054876,0.2243439723363487
Alabama,2020-06-27,35077,918,897.0,12.0,18.294231198700437,0.24473887891238044
Alabama,2020-06-28,35430,918,353.0,0.0,7.19940202133919,0.0
Alabama,2020-06-29,37174,929,1744.0,11.0,35.56871706859929,0.2243439723363487
Alabama,2020-06-30,38045,948,871.0,19.0,17.763963627723612,0.3875032249446024
Alabama,2020-07-01,38960,972,915.0,24.0,18.661339517069006,0.4894777578247609
Alabama,2020-07-02,40111,985,1151.0,13.0,23.47453746901249,0.26513378548841215
Alabama,2020-07-03,41864,1006,1753.0,21.0,35.752271227783574,0.42829303809666575
Alabama,2020-07-04,42862,1007,998.0,1.0,20.354116762879638,0.020394906576031702
Alabama,2020-07-05,43951,1007,1089.0,0.0,22.210053261298523,0.0
Alabama,2020-07-06,44874,1007,923.0,0.0,18.82449876967726,0.0
Alabama,2020-07-07,45784,1033,910.0,26.0,18.559364984188846,0.5302675709768243
Alabama,2020-07-08,46962,1058,1178.0,25.0,24.025199946565344,0.5098726644007925
Alabama,2020-07-09,49173,1068,2211.0,10.0,45.09313843960609,0.20394906576031702
Alabama,2020-07-10,50508,1102,1335.0,34.0,27.22720027900232,0.6934268235850778
Alabama,2020-07-11,51947,1114,1439.0,12.0,29.34827056290962,0.24473887891238044
Alabama,2020-07-12,53587,1121,1640.0,7.0,33.44764678469199,0.1427643460322219
Alabama,2020-07-13,55545,1123,1958.0,2.0,39.93322707587007,0.040789813152063405
Alabama,2020-07-14,57254,1164,1709.0,41.0,34.854895338438176,0.8361911696172999
Alabama,2020-07-15,59067,1211,1813.0,47.0,36.97596562234548,0.9585606090734899
Alabama,2020-07-16,61088,1230,2021.0,19.0,41.218106190160064,0.3875032249446024
Alabama,2020-07-17,63091,1264,2003.0,34.0,40.8509978717915,0.6934268235850778
Alabama,2020-07-18,65234,1285,2143.0,21.0,43.70628479243594,0.42829303809666575
Alabama,2020-07-19,67011,1286,1777.0,1.0,36.24174898560833,0.020394906576031702
Alabama,2020-07-20,68891,1291,1880.0,5.0,38.3424243629396,0.10197453288015851
Alabama,2020-07-21,70357,1304,1466.0,13.0,29.898933040462477,0.26513378548841215
Alabama,2020-07-22,71812,1363,1455.0,59.0,29.674589068126128,1.2032994879858705
Alabama,2020-07-23,74211,1394,2399.0,31.0,48.927380875900056,0.6322421038569828
Alabama,2020-07-24,76005,1437,1794.0,43.0,36.588462397400875,0.8769809827693632
Alabama,2020-07-25,78130,1454,2125.0,17.0,43.339176474067365,0.3467134117925389
Alabama,2020-07-26,79289,1472,1159.0,18.0,23.637696721620745,0.3671083183685706
Alabama,2020-07-27,81115,1491,1826.0,19.0,37.24109940783389,0.3875032249446024
Alabama,2020-07-28,82292,1491,1177.0,0.0,24.004805039989314,0.0
Alabama,2020-07-29,82366,1538,74.0,47.0,1.5092230866263459,0.9585606090734899
Alabama,2020-07-30,85760,1565,3394.0,27.0,69.2203129190516,0.5506624775528559
Alabama,2020-07-31,87721,1580,1961.0,15.0,39.99441179559817,0.3059235986404755
Alabama,2020-08-01,89347,1603,1626.0,23.0,33.162118092627544,0.4690828512487291
Alabama,2020-08-02,91442,1627,2095.0,24.0,42.72732927678641,0.4894777578247609
Alabama,2020-08-03,92658,1633,1216.0,6.0,24.800206396454552,0.12236943945619022
Alabama,2020-08-04,93702,1666,1044.0,33.0,21.292282465377095,0.6730319170090462
Alabama,2020-08-05,94654,1694,952.0,28.0,19.41595106038218,0.5710573841288876
Alabama,2020-08-06,96592,1712,1938.0,18.0,39.52532894434944,0.3671083183685706
Alabama,2020-08-07,98296,1733,1704.0,21.0,34.75292080555802,0.42829303809666575
Alabama,2020-08-08,100172,1752,1876.0,19.0,38.26084473663547,0.3875032249446024
Alabama,2020-08-09,101103,1765,931.0,13.0,18.987658022285515,0.26513378548841215
Alabama,2020-08-10,103008,1794,1905.0,29.0,38.85229702734039,0.5914522907049193
Alabama,2020-08-11,103849,1843,841.0,49.0,17.15211643044266,0.9993504222255534
Alabama,2020-08-12,104784,1877,935.0,34.0,19.06923764858964,0.6934268235850778
Alabama,2020-08-13,105557,1884,773.0,7.0,15.765262783272506,0.1427643460322219
Alabama,2020-08-14,106309,1888,752.0,4.0,15.336969745175839,0.08157962630412681
Alabama,2020-08-15,107580,1891,1271.0,3.0,25.921926258136295,0.06118471972809511
Alabama,2020-08-16,108433,1893,853.0,2.0,17.39685530935504,0.040789813152063405
Alabama,2020-08-17,109004,1918,571.0,25.0,11.645491654914101,0.5098726644007925
Alabama,2020-08-18,110358,1929,1354.0,11.0,27.614703503946924,0.2243439723363487
Alabama,2020-08-19,111462,1939,1104.0,10.0,22.515976859939,0.20394906576031702
Alabama,2020-08-20,112402,1968,940.0,29.0,19.1712121814698,0.5914522907049193
Alabama,2020-08-21,112770,1988,368.0,20.0,7.505325619979666,0.40789813152063403
Alabama,2020-08-22,114532,2010,1762.0,22.0,35.935825386967856,0.4486879446726974
Alabama,2020-08-23,115060,2012,528.0,2.0,10.768510672144739,0.040789813152063405
Alabama,2020-08-24,116707,2023,1647.0,11.0,33.59041113072421,0.2243439723363487
Alabama,2020-08-25,117240,2035,533.0,12.0,10.870485205024897,0.24473887891238044
Alabama,2020-08-26,119250,2043,2010.0,8.0,40.993762217823715,0.16315925260825362
Alabama,2020-08-27,121023,2074,1773.0,31.0,36.160169359304206,0.6322421038569828
Alabama,2020-08-28,122183,2105,1160.0,31.0,23.658091628196775,0.6322421038569828
Alabama,2020-08-29,123889,2150,1706.0,45.0,34.79371061871008,0.9177707959214266
Alabama,2020-08-30,125235,2159,1346.0,9.0,27.451544251338667,0.1835541591842853
Alabama,2020-08-31,126058,2179,823.0,20.0,16.78500811207409,0.40789813152063403
Alabama,2020-09-01,127615,2197,1557.0,18.0,31.754869538881362,0.3671083183685706
Alabama,2020-09-02,128238,2214,623.0,17.0,12.706026796867752,0.3467134117925389
Alabama,2020-09-03,129284,2230,1046.0,16.0,21.33307227852916,0.32631850521650724
Alabama,2020-09-04,130393,2262,1109.0,32.0,22.61795139281916,0.6526370104330145
Alabama,2020-09-05,131803,2269,1410.0,7.0,28.7568182722047,0.1427643460322219
Alabama,2020-09-06,132313,2270,510.0,1.0,10.401402353776168,0.020394906576031702
Alabama,2020-09-07,132972,2270,659.0,0.0,13.440243433604891,0.0
Alabama,2020-09-08,133605,2271,633.0,1.0,12.909975862628066,0.020394906576031702
Alabama,2020-09-09,134416,2278,811.0,7.0,16.54026923316171,0.1427643460322219
Alabama,2020-09-10,135565,2298,1149.0,20.0,23.433747655860426,0.40789813152063403
Alabama,2020-09-11,136703,2328,1138.0,30.0,23.209403683524076,0.611847197280951
Alabama,2020-09-12,137646,2344,943.0,16.0,19.232396901197895,0.32631850521650724
Alabama,2020-09-13,138753,2345,1107.0,1.0,22.577161579667095,0.020394906576031702
Alabama,2020-09-14,139454,2348,701.0,3.0,14.296829509798222,0.06118471972809511
Alabama,2020-09-15,140156,2382,702.0,34.0,14.317224416374255,0.6934268235850778
Alabama,2020-09-16,141081,2388,925.0,6.0,18.865288582829326,0.12236943945619022
Alabama,2020-09-17,141756,2395,675.0,7.0,13.766561938821399,0.1427643460322219
Alabama,2020-09-18,142861,2420,1105.0,25.0,22.536371766515032,0.5098726644007925
Alabama,2020-09-19,144164,2429,1303.0,9.0,26.574563268569307,0.1835541591842853
Alabama,2020-09-20,144960,2429,796.0,0.0,16.234345634521233,0.0
Alabama,2020-09-21,145776,2431,816.0,2.0,16.64224376604187,0.040789813152063405
Alabama,2020-09-22,146578,2446,802.0,15.0,16.356715073977426,0.3059235986404755
Alabama,2020-09-23,147153,2467,575.0,21.0,11.727071281218228,0.42829303809666575
Alabama,2020-09-24,147153,2493,0.0,26.0,0.0,0.5302675709768243
Alabama,2020-09-25,150650,2504,3497.0,11.0,71.32098829638286,0.2243439723363487
Alabama,2020-09-26,151587,2505,937.0,1.0,19.110027461741705,0.020394906576031702
Alabama,2020-09-27,152317,2505,730.0,0.0,14.888281800503142,0.0
Alabama,2020-09-28,152976,2505,659.0,0.0,13.440243433604891,0.0
Alabama,2020-09-29,153550,2520,574.0,15.0,11.706676374642198,0.3059235986404755
Alabama,2020-09-30,154699,2538,1149.0,18.0,23.433747655860426,0.3671083183685706
Alabama,2020-10-01,155744,2548,1045.0,10.0,21.31267737195313,0.20394906576031702
Alaska,2020-02-01,0,0,0.0,0.0,0.0,0.0
Alaska,2020-02-02,0,0,0.0,0.0,0.0,0.0
Alaska,2020-02-03,0,0,0.0,0.0,0.0,0.0
Alaska,2020-02-04,0,0,0.0,0.0,0.0,0.0
Alaska,2020-02-05,0,0,0.0,0.0,0.0,0.0
Alaska,2020-02-06,0,0,0.0,0.0,0.0,0.0
Alaska,2020-02-07,0,0,0.0,0.0,0.0,0.0
Alaska,2020-02-08,0,0,0.0,0.0,0.0,0.0
Alaska,2020-02-09,0,0,0.0,0.0,0.0,0.0
Alaska,2020-02-10,0,0,0.0,0.0,0.0,0.0
Alaska,2020-02-11,0,0,0.0,0.0,0.0,0.0
Alaska,2020-02-12,0,0,0.0,0.0,0.0,0.0
Alaska,2020-02-13,0,0,0.0,0.0,0.0,0.0
Alaska,2020-02-14,0,0,0.0,0.0,0.0,0.0
Alaska,2020-02-15,0,0,0.0,0.0,0.0,0.0
Alaska,2020-02-16,0,0,0.0,0.0,0.0,0.0
Alaska,2020-02-17,0,0,0.0,0.0,0.0,0.0
Alaska,2020-02-18,0,0,0.0,0.0,0.0,0.0
Alaska,2020-02-19,0,0,0.0,0.0,0.0,0.0
Alaska,2020-02-20,0,0,0.0,0.0,0.0,0.0
Alaska,2020-02-21,0,0,0.0,0.0,0.0,0.0
Alaska,2020-02-22,0,0,0.0,0.0,0.0,0.0
Alaska,2020-02-23,0,0,0.0,0.0,0.0,0.0
Alaska,2020-02-24,0,0,0.0,0.0,0.0,0.0
Alaska,2020-02-25,0,0,0.0,0.0,0.0,0.0
Alaska,2020-02-26,0,0,0.0,0.0,0.0,0.0
Alaska,2020-02-27,0,0,0.0,0.0,0.0,0.0
Alaska,2020-02-28,0,0,0.0,0.0,0.0,0.0
Alaska,2020-02-29,0,0,0.0,0.0,0.0,0.0
Alaska,2020-03-01,0,0,0.0,0.0,0.0,0.0
Alaska,2020-03-02,0,0,0.0,0.0,0.0,0.0
Alaska,2020-03-03,0,0,0.0,0.0,0.0,0.0
Alaska,2020-03-04,0,0,0.0,0.0,0.0,0.0
Alaska,2020-03-05,0,0,0.0,0.0,0.0,0.0
Alaska,2020-03-06,0,0,0.0,0.0,0.0,0.0
Alaska,2020-03-07,0,0,0.0,0.0,0.0,0.0
Alaska,2020-03-08,0,0,0.0,0.0,0.0,0.0
Alaska,2020-03-09,0,0,0.0,0.0,0.0,0.0
Alaska,2020-03-10,0,0,0.0,0.0,0.0,0.0
Alaska,2020-03-11,0,0,0.0,0.0,0.0,0.0
Alaska,2020-03-12,0,0,0.0,0.0,0.0,0.0
Alaska,2020-03-13,0,0,0.0,0.0,0.0,0.0
Alaska,2020-03-14,0,0,0.0,0.0,0.0,0.0
Alaska,2020-03-15,1,0,1.0,0.0,0.1366969906157516,0.0
Alaska,2020-03-16,1,0,0.0,0.0,0.0,0.0
Alaska,2020-03-17,1,0,0.0,0.0,0.0,0.0
Alaska,2020-03-18,3,0,2.0,0.0,0.2733939812315032,0.0
Alaska,2020-03-19,8,0,5.0,0.0,0.683484953078758,0.0
Alaska,2020-03-20,11,0,3.0,0.0,0.4100909718472548,0.0
Alaska,2020-03-21,14,0,3.0,0.0,0.4100909718472548,0.0
Alaska,2020-03-22,15,0,1.0,0.0,0.1366969906157516,0.0
Alaska,2020-03-23,22,0,7.0,0.0,0.9568789343102612,0.0
Alaska,2020-03-24,37,0,15.0,0.0,2.050454859236274,0.0
Alaska,2020-03-25,41,0,4.0,0.0,0.5467879624630064,0.0
Alaska,2020-03-26,49,0,8.0,0.0,1.0935759249260129,0.0
Alaska,2020-03-27,62,0,13.0,0.0,1.7770608780047705,0.0
Alaska,2020-03-28,73,1,11.0,1.0,1.5036668967732676,0.1366969906157516
Alaska,2020-03-29,89,2,16.0,1.0,2.1871518498520257,0.1366969906157516
Alaska,2020-03-30,109,3,20.0,1.0,2.733939812315032,0.1366969906157516
Alaska,2020-03-31,116,3,7.0,0.0,0.9568789343102612,0.0
Alaska,2020-04-01,126,3,10.0,0.0,1.366969906157516,0.0
Alaska,2020-04-02,140,3,14.0,0.0,1.9137578686205223,0.0
Alaska,2020-04-03,149,3,9.0,0.0,1.2302729155417642,0.0
Alaska,2020-04-04,158,4,9.0,1.0,1.2302729155417642,0.1366969906157516
Alaska,2020-04-05,170,6,12.0,2.0,1.6403638873890192,0.2733939812315032
Alaska,2020-04-06,186,6,16.0,0.0,2.1871518498520257,0.0
Alaska,2020-04-07,192,6,6.0,0.0,0.8201819436945096,0.0
Alaska,2020-04-08,214,7,22.0,1.0,3.007333793546535,0.1366969906157516
Alaska,2020-04-09,226,7,12.0,0.0,1.6403638873890192,0.0
Alaska,2020-04-10,234,7,8.0,0.0,1.0935759249260129,0.0
Alaska,2020-04-11,245,8,11.0,1.0,1.5036668967732676,0.1366969906157516
Alaska,2020-04-12,257,8,12.0,0.0,1.6403638873890192,0.0
Alaska,2020-04-13,271,9,14.0,1.0,1.9137578686205223,0.1366969906157516
Alaska,2020-04-14,277,9,6.0,0.0,0.8201819436945096,0.0
Alaska,2020-04-15,285,9,8.0,0.0,1.0935759249260129,0.0
Alaska,2020-04-16,292,9,7.0,0.0,0.9568789343102612,0.0
Alaska,2020-04-17,300,9,8.0,0.0,1.0935759249260129,0.0
Alaska,2020-04-18,309,9,9.0,0.0,1.2302729155417642,0.0
Alaska,2020-04-19,315,9,6.0,0.0,0.8201819436945096,0.0
Alaska,2020-04-20,319,9,4.0,0.0,0.5467879624630064,0.0
Alaska,2020-04-21,320,9,1.0,0.0,0.1366969906157516,0.0
Alaska,2020-04-22,329,9,9.0,0.0,1.2302729155417642,0.0
Alaska,2020-04-23,336,9,7.0,0.0,0.9568789343102612,0.0
Alaska,2020-04-24,338,9,2.0,0.0,0.2733939812315032,0.0
Alaska,2020-04-25,340,9,2.0,0.0,0.2733939812315032,0.0
Alaska,2020-04-26,340,9,0.0,0.0,0.0,0.0
Alaska,2020-04-27,341,9,1.0,0.0,0.1366969906157516,0.0
Alaska,2020-04-28,347,9,6.0,0.0,0.8201819436945096,0.0
Alaska,2020-04-29,352,9,5.0,0.0,0.683484953078758,0.0
Alaska,2020-04-30,352,9,0.0,0.0,0.0,0.0
Alaska,2020-05-01,356,9,4.0,0.0,0.5467879624630064,0.0
Alaska,2020-05-02,362,9,6.0,0.0,0.8201819436945096,0.0
Alaska,2020-05-03,364,9,2.0,0.0,0.2733939812315032,0.0
Alaska,2020-05-04,368,9,4.0,0.0,0.5467879624630064,0.0
Alaska,2020-05-05,370,9,2.0,0.0,0.2733939812315032,0.0
Alaska,2020-05-06,370,9,0.0,0.0,0.0,0.0
Alaska,2020-05-07,371,9,1.0,0.0,0.1366969906157516,0.0
Alaska,2020-05-08,371,9,0.0,0.0,0.0,0.0
Alaska,2020-05-09,374,9,3.0,0.0,0.4100909718472548,0.0
Alaska,2020-05-10,375,10,1.0,1.0,0.1366969906157516,0.1366969906157516
Alaska,2020-05-11,377,10,2.0,0.0,0.2733939812315032,0.0
Alaska,2020-05-12,380,10,3.0,0.0,0.4100909718472548,0.0
Alaska,2020-05-13,382,11,2.0,1.0,0.2733939812315032,0.1366969906157516
Alaska,2020-05-14,382,11,0.0,0.0,0.0,0.0
Alaska,2020-05-15,384,11,2.0,0.0,0.2733939812315032,0.0
Alaska,2020-05-16,386,11,2.0,0.0,0.2733939812315032,0.0
Alaska,2020-05-17,390,11,4.0,0.0,0.5467879624630064,0.0
Alaska,2020-05-18,394,11,4.0,0.0,0.5467879624630064,0.0
Alaska,2020-05-19,398,11,4.0,0.0,0.5467879624630064,0.0
Alaska,2020-05-20,398,11,0.0,0.0,0.0,0.0
Alaska,2020-05-21,399,11,1.0,0.0,0.1366969906157516,0.0
Alaska,2020-05-22,403,11,4.0,0.0,0.5467879624630064,0.0
Alaska,2020-05-23,405,11,2.0,0.0,0.2733939812315032,0.0
Alaska,2020-05-24,408,11,3.0,0.0,0.4100909718472548,0.0
Alaska,2020-05-25,408,11,0.0,0.0,0.0,0.0
Alaska,2020-05-26,411,11,3.0,0.0,0.4100909718472548,0.0
Alaska,2020-05-27,416,11,5.0,0.0,0.683484953078758,0.0
Alaska,2020-05-28,417,11,1.0,0.0,0.1366969906157516,0.0
Alaska,2020-05-29,431,11,14.0,0.0,1.9137578686205223,0.0
Alaska,2020-05-30,437,11,6.0,0.0,0.8201819436945096,0.0
Alaska,2020-05-31,440,11,3.0,0.0,0.4100909718472548,0.0
Alaska,2020-06-01,467,11,27.0,0.0,3.690818746625293,0.0
Alaska,2020-06-02,475,11,8.0,0.0,1.0935759249260129,0.0
Alaska,2020-06-03,495,11,20.0,0.0,2.733939812315032,0.0
Alaska,2020-06-04,514,11,19.0,0.0,2.5972428216992802,0.0
Alaska,2020-06-05,525,11,11.0,0.0,1.5036668967732676,0.0
Alaska,2020-06-06,538,11,13.0,0.0,1.7770608780047705,0.0
Alaska,2020-06-07,552,11,14.0,0.0,1.9137578686205223,0.0
Alaska,2020-06-08,563,12,11.0,1.0,1.5036668967732676,0.1366969906157516
Alaska,2020-06-09,581,13,18.0,1.0,2.4605458310835284,0.1366969906157516
Alaska,2020-06-10,595,13,14.0,0.0,1.9137578686205223,0.0
Alaska,2020-06-11,618,13,23.0,0.0,3.1440307841622865,0.0
Alaska,2020-06-12,640,14,22.0,1.0,3.007333793546535,0.1366969906157516
Alaska,2020-06-13,664,14,24.0,0.0,3.2807277747780383,0.0
Alaska,2020-06-14,685,14,21.0,0.0,2.8706368029307834,0.0
Alaska,2020-06-15,699,14,14.0,0.0,1.9137578686205223,0.0
Alaska,2020-06-16,703,14,4.0,0.0,0.5467879624630064,0.0
Alaska,2020-06-17,724,14,21.0,0.0,2.8706368029307834,0.0
Alaska,2020-06-18,756,14,32.0,0.0,4.374303699704051,0.0
Alaska,2020-06-19,774,14,18.0,0.0,2.4605458310835284,0.0
Alaska,2020-06-20,791,14,17.0,0.0,2.323848840467777,0.0
Alaska,2020-06-21,810,14,19.0,0.0,2.5972428216992802,0.0
Alaska,2020-06-22,822,14,12.0,0.0,1.6403638873890192,0.0
Alaska,2020-06-23,833,14,11.0,0.0,1.5036668967732676,0.0
Alaska,2020-06-24,855,14,22.0,0.0,3.007333793546535,0.0
Alaska,2020-06-25,877,14,22.0,0.0,3.007333793546535,0.0
Alaska,2020-06-26,905,14,28.0,0.0,3.8275157372410447,0.0
Alaska,2020-06-27,938,14,33.0,0.0,4.511000690319802,0.0
Alaska,2020-06-28,962,14,24.0,0.0,3.2807277747780383,0.0
Alaska,2020-06-29,999,14,37.0,0.0,5.057788652782809,0.0
Alaska,2020-06-30,1027,14,28.0,0.0,3.8275157372410447,0.0
Alaska,2020-07-01,1068,14,41.0,0.0,5.604576615245816,0.0
Alaska,2020-07-02,1107,14,39.0,0.0,5.331182634014312,0.0
Alaska,2020-07-03,1148,14,41.0,0.0,5.604576615245816,0.0
Alaska,2020-07-04,1197,15,49.0,1.0,6.6981525401718285,0.1366969906157516
Alaska,2020-07-05,1250,15,53.0,0.0,7.244940502634834,0.0
Alaska,2020-07-06,1281,16,31.0,1.0,4.2376067090883,0.1366969906157516
Alaska,2020-07-07,1313,16,32.0,0.0,4.374303699704051,0.0
Alaska,2020-07-08,1338,16,25.0,0.0,3.41742476539379,0.0
Alaska,2020-07-09,1387,16,49.0,0.0,6.6981525401718285,0.0
Alaska,2020-07-10,1434,16,47.0,0.0,6.424758558940325,0.0
Alaska,2020-07-11,1487,16,53.0,0.0,7.244940502634834,0.0
Alaska,2020-07-12,1556,16,69.0,0.0,9.43209235248686,0.0
Alaska,2020-07-13,1661,16,105.0,0.0,14.353184014653916,0.0
Alaska,2020-07-14,1745,16,84.0,0.0,11.482547211723134,0.0
Alaska,2020-07-15,1808,16,63.0,0.0,8.611910408792351,0.0
Alaska,2020-07-16,1863,16,55.0,0.0,7.5183344838663375,0.0
Alaska,2020-07-17,1940,18,77.0,2.0,10.525668277412873,0.2733939812315032
Alaska,2020-07-18,2007,18,67.0,0.0,9.158698371255356,0.0
Alaska,2020-07-19,2082,18,75.0,0.0,10.252274296181369,0.0
Alaska,2020-07-20,2154,18,72.0,0.0,9.842183324334114,0.0
Alaska,2020-07-21,2268,18,114.0,0.0,15.583456930195682,0.0
Alaska,2020-07-22,2370,20,102.0,2.0,13.943093042806664,0.2733939812315032
Alaska,2020-07-23,2551,20,181.0,0.0,24.74215530145104,0.0
Alaska,2020-07-24,2630,21,79.0,1.0,10.799062258644376,0.1366969906157516
Alaska,2020-07-25,2692,21,62.0,0.0,8.4752134181766,0.0
Alaska,2020-07-26,2801,21,109.0,0.0,14.899971977116923,0.0
Alaska,2020-07-27,3026,23,225.0,2.0,30.756822888544107,0.2733939812315032
Alaska,2020-07-28,3138,23,112.0,0.0,15.310062948964179,0.0
Alaska,2020-07-29,3266,23,128.0,0.0,17.497214798816206,0.0
Alaska,2020-07-30,3361,24,95.0,1.0,12.986214108496402,0.1366969906157516
Alaska,2020-07-31,3471,25,110.0,1.0,15.036668967732675,0.1366969906157516
Alaska,2020-08-01,3589,26,118.0,1.0,16.130244892658688,0.1366969906157516
Alaska,2020-08-02,3737,26,148.0,0.0,20.231154611131235,0.0
Alaska,2020-08-03,3873,29,136.0,3.0,18.590790723742217,0.4100909718472548
Alaska,2020-08-04,3949,29,76.0,0.0,10.388971286797121,0.0
Alaska,2020-08-05,4015,29,66.0,0.0,9.022001380639605,0.0
Alaska,2020-08-06,4072,29,57.0,0.0,7.791728465097841,0.0
Alaska,2020-08-07,4118,29,46.0,0.0,6.288061568324573,0.0
Alaska,2020-08-08,4174,30,56.0,1.0,7.655031474482089,0.1366969906157516
Alaska,2020-08-09,4261,31,87.0,1.0,11.892638183570389,0.1366969906157516
Alaska,2020-08-10,4362,31,101.0,0.0,13.806396052190912,0.0
Alaska,2020-08-11,4430,33,68.0,2.0,9.295395361871108,0.2733939812315032
Alaska,2020-08-12,4491,34,61.0,1.0,8.338516427560847,0.1366969906157516
Alaska,2020-08-13,4550,35,59.0,1.0,8.065122446329344,0.1366969906157516
Alaska,2020-08-14,4636,36,86.0,1.0,11.755941192954637,0.1366969906157516
Alaska,2020-08-15,4741,36,105.0,0.0,14.353184014653916,0.0
Alaska,2020-08-16,4839,37,98.0,1.0,13.396305080343657,0.1366969906157516
Alaska,2020-08-17,4934,37,95.0,0.0,12.986214108496402,0.0
Alaska,2020-08-18,4991,37,57.0,0.0,7.791728465097841,0.0
Alaska,2020-08-19,5060,37,69.0,0.0,9.43209235248686,0.0
Alaska,2020-08-20,5134,38,74.0,1.0,10.115577305565617,0.1366969906157516
Alaska,2020-08-21,5220,38,86.0,0.0,11.755941192954637,0.0
Alaska,2020-08-22,5291,40,71.0,2.0,9.705486333718362,0.2733939812315032
Alaska,2020-08-23,5379,43,88.0,3.0,12.02933517418614,0.4100909718472548
Alaska,2020-08-24,5444,43,65.0,0.0,8.885304390023853,0.0
Alaska,2020-08-25,5517,43,73.0,0.0,9.978880314949865,0.0
Alaska,2020-08-26,5554,44,37.0,1.0,5.057788652782809,0.1366969906157516
Alaska,2020-08-27,5602,45,48.0,1.0,6.561455549556077,0.1366969906157516
Alaska,2020-08-28,5697,45,95.0,0.0,12.986214108496402,0.0
Alaska,2020-08-29,5809,46,112.0,1.0,15.310062948964179,0.1366969906157516
Alaska,2020-08-30,5896,46,87.0,0.0,11.892638183570389,0.0
Alaska,2020-08-31,5941,47,45.0,1.0,6.151364577708822,0.1366969906157516
Alaska,2020-09-01,5980,47,39.0,0.0,5.331182634014312,0.0
Alaska,2020-09-02,6012,48,32.0,1.0,4.374303699704051,0.1366969906157516
Alaska,2020-09-03,6080,48,68.0,0.0,9.295395361871108,0.0
Alaska,2020-09-04,6167,48,87.0,0.0,11.892638183570389,0.0
Alaska,2020-09-05,6286,49,119.0,1.0,16.266941883274438,0.1366969906157516
Alaska,2020-09-06,6374,49,88.0,0.0,12.02933517418614,0.0
Alaska,2020-09-07,6469,49,95.0,0.0,12.986214108496402,0.0
Alaska,2020-09-08,6499,49,30.0,0.0,4.100909718472548,0.0
Alaska,2020-09-09,6542,50,43.0,1.0,5.877970596477319,0.1366969906157516
Alaska,2020-09-10,6607,51,65.0,1.0,8.885304390023853,0.1366969906157516
Alaska,2020-09-11,6718,51,111.0,0.0,15.173365958348427,0.0
Alaska,2020-09-12,6812,51,94.0,0.0,12.84951711788065,0.0
Alaska,2020-09-13,6914,51,102.0,0.0,13.943093042806664,0.0
Alaska,2020-09-14,6977,51,63.0,0.0,8.611910408792351,0.0
Alaska,2020-09-15,7062,51,85.0,0.0,11.619244202338885,0.0
Alaska,2020-09-16,7102,52,40.0,1.0,5.467879624630064,0.1366969906157516
Alaska,2020-09-17,7157,52,55.0,0.0,7.5183344838663375,0.0
Alaska,2020-09-18,7263,52,106.0,0.0,14.489881005269668,0.0
Alaska,2020-09-19,7370,52,107.0,0.0,14.62657799588542,0.0
Alaska,2020-09-20,7463,52,93.0,0.0,12.712820127264898,0.0
Alaska,2020-09-21,7563,52,100.0,0.0,13.66969906157516,0.0
Alaska,2020-09-22,7641,52,78.0,0.0,10.662365268028624,0.0
Alaska,2020-09-23,7702,52,61.0,0.0,8.338516427560847,0.0
Alaska,2020-09-24,7776,53,74.0,1.0,10.115577305565617,0.1366969906157516
Alaska,2020-09-25,7922,56,146.0,3.0,19.95776062989973,0.4100909718472548
Alaska,2020-09-26,8046,57,124.0,1.0,16.9504268363532,0.1366969906157516
Alaska,2020-09-27,8159,57,113.0,0.0,15.44675993957993,0.0
Alaska,2020-09-28,8265,57,106.0,0.0,14.489881005269668,0.0
Alaska,2020-09-29,8386,57,121.0,0.0,16.54033586450594,0.0
Alaska,2020-09-30,8505,58,119.0,1.0,16.266941883274438,0.1366969906157516
Alaska,2020-10-01,8610,58,105.0,0.0,14.353184014653916,0.0
Arizona,2020-02-01,1,0,0.0,0.0,0.0,0.0
Arizona,2020-02-02,1,0,0.0,0.0,0.0,0.0
Arizona,2020-02-03,1,0,0.0,0.0,0.0,0.0
Arizona,2020-02-04,1,0,0.0,0.0,0.0,0.0
Arizona,2020-02-05,1,0,0.0,0.0,0.0,0.0
Arizona,2020-02-06,1,0,0.0,0.0,0.0,0.0
Arizona,2020-02-07,1,0,0.0,0.0,0.0,0.0
Arizona,2020-02-08,1,0,0.0,0.0,0.0,0.0
Arizona,2020-02-09,1,0,0.0,0.0,0.0,0.0
Arizona,2020-02-10,1,0,0.0,0.0,0.0,0.0
Arizona,2020-02-11,1,0,0.0,0.0,0.0,0.0
Arizona,2020-02-12,1,0,0.0,0.0,0.0,0.0
Arizona,2020-02-13,1,0,0.0,0.0,0.0,0.0
Arizona,2020-02-14,1,0,0.0,0.0,0.0,0.0
Arizona,2020-02-15,1,0,0.0,0.0,0.0,0.0
Arizona,2020-02-16,1,0,0.0,0.0,0.0,0.0
Arizona,2020-02-17,1,0,0.0,0.0,0.0,0.0
Arizona,2020-02-18,1,0,0.0,0.0,0.0,0.0
Arizona,2020-02-19,1,0,0.0,0.0,0.0,0.0
Arizona,2020-02-20,1,0,0.0,0.0,0.0,0.0
Arizona,2020-02-21,1,0,0.0,0.0,0.0,0.0
Arizona,2020-02-22,1,0,0.0,0.0,0.0,0.0
Arizona,2020-02-23,1,0,0.0,0.0,0.0,0.0
Arizona,2020-02-24,1,0,0.0,0.0,0.0,0.0
Arizona,2020-02-25,1,0,0.0,0.0,0.0,0.0
Arizona,2020-02-26,1,0,0.0,0.0,0.0,0.0
Arizona,2020-02-27,1,0,0.0,0.0,0.0,0.0
Arizona,2020-02-28,1,0,0.0,0.0,0.0,0.0
Arizona,2020-02-29,1,0,0.0,0.0,0.0,0.0
Arizona,2020-03-01,1,0,0.0,0.0,0.0,0.0
Arizona,2020-03-02,1,0,0.0,0.0,0.0,0.0
Arizona,2020-03-03,1,0,0.0,0.0,0.0,0.0
Arizona,2020-03-04,1,0,0.0,0.0,0.0,0.0
Arizona,2020-03-05,1,0,0.0,0.0,0.0,0.0
Arizona,2020-03-06,2,0,1.0,0.0,0.013738684990775159,0.0
Arizona,2020-03-07,4,0,2.0,0.0,0.027477369981550318,0.0
Arizona,2020-03-08,4,0,0.0,0.0,0.0,0.0
Arizona,2020-03-09,6,0,2.0,0.0,0.027477369981550318,0.0
Arizona,2020-03-10,6,0,0.0,0.0,0.0,0.0
Arizona,2020-03-11,10,0,4.0,0.0,0.054954739963100636,0.0
Arizona,2020-03-12,10,0,0.0,0.0,0.0,0.0
Arizona,2020-03-13,10,0,0.0,0.0,0.0,0.0
Arizona,2020-03-14,12,0,2.0,0.0,0.027477369981550318,0.0
Arizona,2020-03-15,12,0,0.0,0.0,0.0,0.0
Arizona,2020-03-16,18,0,6.0,0.0,0.08243210994465096,0.0
Arizona,2020-03-17,20,0,2.0,0.0,0.027477369981550318,0.0
Arizona,2020-03-18,27,0,7.0,0.0,0.09617079493542612,0.0
Arizona,2020-03-19,44,0,17.0,0.0,0.2335576448431777,0.0
Arizona,2020-03-20,62,0,18.0,0.0,0.2472963298339529,0.0
Arizona,2020-03-21,102,1,40.0,1.0,0.5495473996310064,0.013738684990775159
Arizona,2020-03-22,150,2,48.0,1.0,0.6594568795572077,0.013738684990775159
Arizona,2020-03-23,232,2,82.0,0.0,1.126572169243563,0.0
Arizona,2020-03-24,326,5,94.0,3.0,1.291436389132865,0.04121605497232548
Arizona,2020-03-25,401,5,75.0,0.0,1.030401374308137,0.0
Arizona,2020-03-26,508,8,107.0,3.0,1.470039294012942,0.04121605497232548
Arizona,2020-03-27,663,8,155.0,0.0,2.12949617357015,0.0
Arizona,2020-03-28,773,10,110.0,2.0,1.5112553489852676,0.027477369981550318
Arizona,2020-03-29,919,13,146.0,3.0,2.0058480086531736,0.04121605497232548
Arizona,2020-03-30,1154,14,235.0,1.0,3.2285909728321625,0.013738684990775159
Arizona,2020-03-31,1289,21,135.0,7.0,1.8547224737546464,0.09617079493542612
Arizona,2020-04-01,1414,24,125.0,3.0,1.717335623846895,0.04121605497232548
Arizona,2020-04-02,1596,32,182.0,8.0,2.500440668321079,0.10990947992620127
Arizona,2020-04-03,1769,39,173.0,7.0,2.3767925034041024,0.09617079493542612
Arizona,2020-04-04,2018,51,249.0,12.0,3.4209325627030145,0.16486421988930192
Arizona,2020-04-05,2269,61,251.0,10.0,3.448409932684565,0.1373868499077516
Arizona,2020-04-06,2456,61,187.0,0.0,2.569134093274955,0.0
Arizona,2020-04-07,2575,70,119.0,9.0,1.634903513902244,0.12364816491697644
Arizona,2020-04-08,2726,79,151.0,9.0,2.074541433607049,0.12364816491697644
Arizona,2020-04-09,3018,85,292.0,6.0,4.011696017306347,0.08243210994465096
Arizona,2020-04-10,3111,95,93.0,10.0,1.2776977041420898,0.1373868499077516
Arizona,2020-04-11,3393,104,282.0,9.0,3.874309167398595,0.12364816491697644
Arizona,2020-04-12,3539,114,146.0,10.0,2.0058480086531736,0.1373868499077516
Arizona,2020-04-13,3701,121,162.0,7.0,2.225666968505576,0.09617079493542612
Arizona,2020-04-14,3798,129,97.0,8.0,1.3326524441051906,0.10990947992620127
Arizona,2020-04-15,3962,140,164.0,11.0,2.253144338487126,0.15112553489852676
Arizona,2020-04-16,4234,148,272.0,8.0,3.7369223174908432,0.10990947992620127
Arizona,2020-04-17,4507,167,273.0,19.0,3.7506610024816185,0.261035014824728
Arizona,2020-04-18,4718,175,211.0,8.0,2.898862533053559,0.10990947992620127
Arizona,2020-04-19,4928,183,210.0,8.0,2.8851238480627837,0.10990947992620127
Arizona,2020-04-20,5064,186,136.0,3.0,1.8684611587454216,0.04121605497232548
Arizona,2020-04-21,5251,207,187.0,21.0,2.569134093274955,0.28851238480627833
Arizona,2020-04-22,5459,227,208.0,20.0,2.857646478081233,0.2747736998155032
Arizona,2020-04-23,5768,248,309.0,21.0,4.2452536621495245,0.28851238480627833
Arizona,2020-04-24,6043,265,275.0,17.0,3.778138372463169,0.2335576448431777
Arizona,2020-04-25,6280,272,237.0,7.0,3.256068342813713,0.09617079493542612
Arizona,2020-04-26,6526,274,246.0,2.0,3.3797165077306897,0.027477369981550318
Arizona,2020-04-27,6716,274,190.0,0.0,2.61035014824728,0.0
Arizona,2020-04-28,6948,291,232.0,17.0,3.1873749178598376,0.2335576448431777
Arizona,2020-04-29,7202,302,254.0,11.0,3.4896259876568907,0.15112553489852676
Arizona,2020-04-30,7648,318,446.0,16.0,6.127453505885722,0.21981895985240255
Arizona,2020-05-01,7961,328,313.0,10.0,4.3002084021126254,0.1373868499077516
Arizona,2020-05-02,8364,346,403.0,18.0,5.536690051282389,0.2472963298339529
Arizona,2020-05-03,8640,360,276.0,14.0,3.7918770574539447,0.19234158987085223
Arizona,2020-05-04,8919,360,279.0,0.0,3.8330931124262695,0.0
Arizona,2020-05-05,9304,377,385.0,17.0,5.289393721448437,0.2335576448431777
Arizona,2020-05-06,9706,424,402.0,47.0,5.522951366291615,0.6457181945664325
Arizona,2020-05-07,9944,448,238.0,24.0,3.269807027804488,0.32972843977860383
Arizona,2020-05-08,10526,514,582.0,66.0,7.995914664631142,0.9067532093911606
Arizona,2020-05-09,10960,529,434.0,15.0,5.962589285996419,0.20608027486162742
Arizona,2020-05-10,11118,533,158.0,4.0,2.1707122285424756,0.054954739963100636
Arizona,2020-05-11,11379,539,261.0,6.0,3.585796782592317,0.08243210994465096
Arizona,2020-05-12,11735,559,356.0,20.0,4.890971856715956,0.2747736998155032
Arizona,2020-05-13,12175,591,440.0,32.0,6.04502139594107,0.4396379197048051
Arizona,2020-05-14,12673,621,498.0,30.0,6.841865125406029,0.41216054972325483
Arizona,2020-05-15,13168,648,495.0,27.0,6.800649070433704,0.37094449475092933
Arizona,2020-05-16,13631,676,463.0,28.0,6.361011150728899,0.38468317974170446
Arizona,2020-05-17,13937,677,306.0,1.0,4.204037607177199,0.013738684990775159
Arizona,2020-05-18,14170,683,233.0,6.0,3.2011136028506124,0.08243210994465096
Arizona,2020-05-19,14566,701,396.0,18.0,5.440519256346963,0.2472963298339529
Arizona,2020-05-20,14897,744,331.0,43.0,4.547504731946578,0.5907634546033319
Arizona,2020-05-21,15315,758,418.0,14.0,5.742770326144017,0.19234158987085223
Arizona,2020-05-22,15607,770,292.0,12.0,4.011696017306347,0.16486421988930192
Arizona,2020-05-23,16039,795,432.0,25.0,5.935111916014869,0.343467124769379
Arizona,2020-05-24,16339,796,300.0,1.0,4.121605497232548,0.013738684990775159
Arizona,2020-05-25,16560,801,221.0,5.0,3.0362493829613104,0.0686934249538758
Arizona,2020-05-26,16782,803,222.0,2.0,3.0499880679520857,0.027477369981550318
Arizona,2020-05-27,17261,826,479.0,23.0,6.580830110581302,0.3159897547878287
Arizona,2020-05-28,17763,850,502.0,24.0,6.89681986536913,0.32972843977860383
Arizona,2020-05-29,18465,879,702.0,29.0,9.644556863524162,0.3984218647324797
Arizona,2020-05-30,19255,896,790.0,17.0,10.853561142712376,0.2335576448431777
Arizona,2020-05-31,20119,910,864.0,14.0,11.870223832029739,0.19234158987085223
Arizona,2020-06-01,20123,910,4.0,0.0,0.054954739963100636,0.0
Arizona,2020-06-02,21249,935,1126.0,25.0,15.46975929961283,0.343467124769379
Arizona,2020-06-03,22220,974,971.0,39.0,13.340263126042679,0.5358087146402312
Arizona,2020-06-04,22753,989,533.0,15.0,7.32271910008316,0.20608027486162742
Arizona,2020-06-05,24331,1004,1578.0,15.0,21.679644915443202,0.20608027486162742
Arizona,2020-06-06,25451,1035,1120.0,31.0,15.38732718966818,0.42589923471402996
Arizona,2020-06-07,26889,1045,1438.0,10.0,19.75622901673468,0.1373868499077516
Arizona,2020-06-08,27677,1045,788.0,0.0,10.826083772730826,0.0
Arizona,2020-06-09,28296,1069,619.0,24.0,8.504246009289824,0.32972843977860383
Arizona,2020-06-10,29852,1094,1556.0,25.0,21.37739384564615,0.343467124769379
Arizona,2020-06-11,31263,1123,1411.0,29.0,19.38528452198375,0.3984218647324797
Arizona,2020-06-12,32918,1138,1655.0,15.0,22.73752365973289,0.20608027486162742
Arizona,2020-06-13,34458,1177,1540.0,39.0,21.157574885793746,0.5358087146402312
Arizona,2020-06-14,35691,1183,1233.0,6.0,16.93979859362577,0.08243210994465096
Arizona,2020-06-15,36705,1191,1014.0,8.0,13.931026580646012,0.10990947992620127
Arizona,2020-06-16,39097,1217,2392.0,26.0,32.862934497934184,0.35720580976015415
Arizona,2020-06-17,40924,1237,1827.0,20.0,25.100577478146217,0.2747736998155032
Arizona,2020-06-18,43443,1271,2519.0,34.0,34.60774749176263,0.4671152896863554
Arizona,2020-06-19,46688,1311,3245.0,40.0,44.582032795065395,0.5495473996310064
Arizona,2020-06-20,49798,1337,3110.0,26.0,42.727310321310746,0.35720580976015415
Arizona,2020-06-21,52390,1339,2592.0,2.0,35.61067149608922,0.027477369981550318
Arizona,2020-06-22,54586,1342,2196.0,3.0,30.17015223974225,0.04121605497232548
Arizona,2020-06-23,58353,1395,3767.0,53.0,51.753626360250024,0.7281503045110834
Arizona,2020-06-24,59973,1463,1620.0,68.0,22.25666968505576,0.9342305793727108
Arizona,2020-06-25,63030,1484,3057.0,21.0,41.999160016799664,0.28851238480627833
Arizona,2020-06-26,66458,1535,3428.0,51.0,47.09621214837725,0.7006729345295332
Arizona,2020-06-27,70049,1579,3591.0,44.0,49.335617801873596,0.604502139594107
Arizona,2020-06-28,73907,1588,3858.0,9.0,53.00384669441057,0.12364816491697644
Arizona,2020-06-29,74532,1588,625.0,0.0,8.586678119234474,0.0
Arizona,2020-06-30,79204,1632,4672.0,44.0,64.18713627690155,0.604502139594107
Arizona,2020-07-01,84092,1720,4888.0,88.0,67.15469223490899,1.209004279188214
Arizona,2020-07-02,87424,1720,3332.0,0.0,45.77729838926283,0.0
Arizona,2020-07-03,91857,1788,4433.0,68.0,60.90359056410629,0.9342305793727108
Arizona,2020-07-04,94553,1805,2696.0,17.0,37.039494735129836,0.2335576448431777
Arizona,2020-07-05,98084,1807,3531.0,2.0,48.51129670242709,0.027477369981550318
Arizona,2020-07-06,101441,1810,3357.0,3.0,46.120765514032215,0.04121605497232548
Arizona,2020-07-07,105094,1927,3653.0,117.0,50.18741627130166,1.6074261439206938
Arizona,2020-07-08,108614,1962,3520.0,35.0,48.36017116752856,0.48085397467713065
Arizona,2020-07-09,112671,2038,4057.0,76.0,55.737845007574826,1.044140059298912
Arizona,2020-07-10,116892,2082,4221.0,44.0,57.99098934606195,0.604502139594107
Arizona,2020-07-11,119930,2151,3038.0,69.0,41.738125001974936,0.9479692643634862
Arizona,2020-07-12,122467,2237,2537.0,86.0,34.85504382159658,1.1815269092066638
Arizona,2020-07-13,123824,2245,1357.0,8.0,18.64339553248189,0.10990947992620127
Arizona,2020-07-14,128097,2337,4273.0,92.0,58.705400965582264,1.2639590191513148
Arizona,2020-07-15,131354,2434,3257.0,97.0,44.7468970149547,1.3326524441051906
Arizona,2020-07-16,134611,2492,3257.0,58.0,44.7468970149547,0.7968437294649594
Arizona,2020-07-17,138523,2583,3912.0,91.0,53.74573568391243,1.2502203341605396
Arizona,2020-07-18,141265,2728,2742.0,145.0,37.67147424470549,1.9921093236623981
Arizona,2020-07-19,143619,2761,2354.0,33.0,32.34086446828473,0.4533766046955803
Arizona,2020-07-20,145182,2784,1563.0,23.0,21.473564640581575,0.3159897547878287
Arizona,2020-07-21,148674,2917,3492.0,133.0,47.975487987786856,1.8272451037730961
Arizona,2020-07-22,150609,2974,1935.0,57.0,26.584355457149933,0.783105044474184
Arizona,2020-07-23,152944,3061,2335.0,87.0,32.07982945346,1.1952655941974388
Arizona,2020-07-24,156293,3284,3349.0,223.0,46.01085603410601,3.063726752942861
Arizona,2020-07-25,160041,3284,3748.0,0.0,51.492591345425296,0.0
Arizona,2020-07-26,162003,3301,1962.0,17.0,26.955299951900862,0.2335576448431777
Arizona,2020-07-27,163825,3303,1822.0,2.0,25.031884053192343,0.027477369981550318
Arizona,2020-07-28,165934,3407,2109.0,104.0,28.974886645544814,1.4288232390406166
Arizona,2020-07-29,168266,3454,2332.0,47.0,32.03861339848767,0.6457181945664325
Arizona,2020-07-30,170798,3624,2532.0,170.0,34.7863503966427,2.335576448431777
Arizona,2020-07-31,174010,3692,3212.0,68.0,44.12865619036982,0.9342305793727108
Arizona,2020-08-01,177000,3745,2990.0,53.0,41.07866812241773,0.7281503045110834
Arizona,2020-08-02,178467,3765,1467.0,20.0,20.15465088146716,0.2747736998155032
Arizona,2020-08-03,179490,3778,1023.0,13.0,14.054674745562988,0.17860290488007707
Arizona,2020-08-04,180498,3843,1008.0,65.0,13.84859447070136,0.8930145244003853
Arizona,2020-08-05,182194,3930,1696.0,87.0,23.30080974435467,1.1952655941974388
Arizona,2020-08-06,183645,4002,1451.0,72.0,19.934831921614755,0.9891853193358116
Arizona,2020-08-07,185050,4080,1405.0,78.0,19.3028524120391,1.0716174292804623
Arizona,2020-08-08,186103,4136,1053.0,56.0,14.466835295286245,0.7693663594834089
Arizona,2020-08-09,186923,4147,820.0,11.0,11.265721692435632,0.15112553489852676
Arizona,2020-08-10,187521,4150,598.0,3.0,8.215733624483546,0.04121605497232548
Arizona,2020-08-11,188736,4199,1215.0,49.0,16.69250226379182,0.6731955645479828
Arizona,2020-08-12,189442,4347,706.0,148.0,9.699511603487263,2.0333253786347236
Arizona,2020-08-13,190791,4382,1349.0,35.0,18.53348605255569,0.48085397467713065
Arizona,2020-08-14,191721,4422,930.0,40.0,12.776977041420897,0.5495473996310064
Arizona,2020-08-15,192654,4491,933.0,69.0,12.818193096393225,0.9479692643634862
Arizona,2020-08-16,193537,4504,883.0,13.0,12.131258846854466,0.17860290488007707
Arizona,2020-08-17,194005,4505,468.0,1.0,6.429704575682775,0.013738684990775159
Arizona,2020-08-18,194917,4526,912.0,21.0,12.529680711586945,0.28851238480627833
Arizona,2020-08-19,195557,4628,640.0,102.0,8.792758394096102,1.4013458690590663
Arizona,2020-08-20,196280,4681,723.0,53.0,9.93306924833044,0.7281503045110834
Arizona,2020-08-21,196898,4687,618.0,6.0,8.490507324299049,0.08243210994465096
Arizona,2020-08-22,197872,4756,974.0,69.0,13.381479181015006,0.9479692643634862
Arizona,2020-08-23,198075,4770,203.0,14.0,2.7889530531273574,0.19234158987085223
Arizona,2020-08-24,198386,4770,311.0,0.0,4.272731032131075,0.0
Arizona,2020-08-25,199252,4792,866.0,22.0,11.89770120201129,0.3022510697970535
Arizona,2020-08-26,199459,4896,207.0,104.0,2.843907793090458,1.4288232390406166
Arizona,2020-08-27,200139,4929,680.0,33.0,9.342305793727109,0.4533766046955803
Arizona,2020-08-28,200658,4977,519.0,48.0,7.130377510212307,0.6594568795572077
Arizona,2020-08-29,201285,5006,627.0,29.0,8.614155489216026,0.3984218647324797
Arizona,2020-08-30,201661,5025,376.0,19.0,5.16574555653146,0.261035014824728
Arizona,2020-08-31,201835,5025,174.0,0.0,2.3905311883948777,0.0
Arizona,2020-09-01,202342,5042,507.0,17.0,6.965513290323006,0.2335576448431777
Arizona,2020-09-02,202861,5065,519.0,23.0,7.130377510212307,0.3159897547878287
Arizona,2020-09-03,203952,5130,1091.0,65.0,14.988905324935699,0.8930145244003853
Arizona,2020-09-04,204679,5171,727.0,41.0,9.988023988293541,0.5632860846217815
Arizona,2020-09-05,205513,5207,834.0,36.0,11.458063282306483,0.4945926596679058
Arizona,2020-09-06,205751,5218,238.0,11.0,3.269807027804488,0.15112553489852676
Arizona,2020-09-07,205954,5218,203.0,0.0,2.7889530531273574,0.0
Arizona,2020-09-08,206044,5220,90.0,2.0,1.2364816491697646,0.027477369981550318
Arizona,2020-09-09,206541,5251,497.0,31.0,6.828126440415255,0.42589923471402996
Arizona,2020-09-10,206993,5273,452.0,22.0,6.2098856158303715,0.3022510697970535
Arizona,2020-09-11,207521,5288,528.0,15.0,7.254025675129284,0.20608027486162742
Arizona,2020-09-12,208126,5310,605.0,22.0,8.311904419418973,0.3022510697970535
Arizona,2020-09-13,208512,5320,386.0,10.0,5.303132406439212,0.1373868499077516
Arizona,2020-09-14,208725,5320,213.0,0.0,2.926339903035109,0.0
Arizona,2020-09-15,209209,5342,484.0,22.0,6.649523535535177,0.3022510697970535
Arizona,2020-09-16,209904,5370,695.0,28.0,9.548386068588737,0.38468317974170446
Arizona,2020-09-17,211625,5408,1721.0,38.0,23.64427686912405,0.522070029649456
Arizona,2020-09-18,212912,5451,1287.0,43.0,17.68168758312763,0.5907634546033319
Arizona,2020-09-19,213544,5466,632.0,15.0,8.682848914169902,0.20608027486162742
Arizona,2020-09-20,214015,5474,471.0,8.0,6.4709206306551,0.10990947992620127
Arizona,2020-09-21,214401,5476,386.0,2.0,5.303132406439212,0.027477369981550318
Arizona,2020-09-22,214841,5492,440.0,16.0,6.04502139594107,0.21981895985240255
Arizona,2020-09-23,215283,5524,442.0,32.0,6.072498765922621,0.4396379197048051
Arizona,2020-09-24,215849,5559,566.0,35.0,7.77609570477874,0.48085397467713065
Arizona,2020-09-25,216365,5583,516.0,24.0,7.089161455239982,0.32972843977860383
Arizona,2020-09-26,216820,5619,455.0,36.0,6.251101670802698,0.4945926596679058
Arizona,2020-09-27,217230,5619,410.0,0.0,5.632860846217816,0.0
Arizona,2020-09-28,217506,5620,276.0,1.0,3.7918770574539447,0.013738684990775159
Arizona,2020-09-29,218183,5629,677.0,9.0,9.301089738754783,0.12364816491697644
Arizona,2020-09-30,218507,5650,324.0,21.0,4.451333937011152,0.28851238480627833
Arizona,2020-10-01,219212,5673,705.0,23.0,9.685772918496488,0.3159897547878287
Arkansas,2020-02-01,0,0,0.0,0.0,0.0,0.0
Arkansas,2020-02-02,0,0,0.0,0.0,0.0,0.0
Arkansas,2020-02-03,0,0,0.0,0.0,0.0,0.0
Arkansas,2020-02-04,0,0,0.0,0.0,0.0,0.0
Arkansas,2020-02-05,0,0,0.0,0.0,0.0,0.0
Arkansas,2020-02-06,0,0,0.0,0.0,0.0,0.0
Arkansas,2020-02-07,0,0,0.0,0.0,0.0,0.0
Arkansas,2020-02-08,0,0,0.0,0.0,0.0,0.0
Arkansas,2020-02-09,0,0,0.0,0.0,0.0,0.0
Arkansas,2020-02-10,0,0,0.0,0.0,0.0,0.0
Arkansas,2020-02-11,0,0,0.0,0.0,0.0,0.0
Arkansas,2020-02-12,0,0,0.0,0.0,0.0,0.0
Arkansas,2020-02-13,0,0,0.0,0.0,0.0,0.0
Arkansas,2020-02-14,0,0,0.0,0.0,0.0,0.0
Arkansas,2020-02-15,0,0,0.0,0.0,0.0,0.0
Arkansas,2020-02-16,0,0,0.0,0.0,0.0,0.0
Arkansas,2020-02-17,0,0,0.0,0.0,0.0,0.0
Arkansas,2020-02-18,0,0,0.0,0.0,0.0,0.0
Arkansas,2020-02-19,0,0,0.0,0.0,0.0,0.0
Arkansas,2020-02-20,0,0,0.0,0.0,0.0,0.0
Arkansas,2020-02-21,0,0,0.0,0.0,0.0,0.0
Arkansas,2020-02-22,0,0,0.0,0.0,0.0,0.0
Arkansas,2020-02-23,0,0,0.0,0.0,0.0,0.0
Arkansas,2020-02-24,0,0,0.0,0.0,0.0,0.0
Arkansas,2020-02-25,0,0,0.0,0.0,0.0,0.0
Arkansas,2020-02-26,0,0,0.0,0.0,0.0,0.0
Arkansas,2020-02-27,0,0,0.0,0.0,0.0,0.0
Arkansas,2020-02-28,0,0,0.0,0.0,0.0,0.0
Arkansas,2020-02-29,0,0,0.0,0.0,0.0,0.0
Arkansas,2020-03-01,0,0,0.0,0.0,0.0,0.0
Arkansas,2020-03-02,0,0,0.0,0.0,0.0,0.0
Arkansas,2020-03-03,0,0,0.0,0.0,0.0,0.0
Arkansas,2020-03-04,0,0,0.0,0.0,0.0,0.0
Arkansas,2020-03-05,0,0,0.0,0.0,0.0,0.0
Arkansas,2020-03-06,0,0,0.0,0.0,0.0,0.0
Arkansas,2020-03-07,0,0,0.0,0.0,0.0,0.0
Arkansas,2020-03-08,0,0,0.0,0.0,0.0,0.0
Arkansas,2020-03-09,0,0,0.0,0.0,0.0,0.0
Arkansas,2020-03-10,0,0,0.0,0.0,0.0,0.0
Arkansas,2020-03-11,1,0,1.0,0.0,0.033136678193812455,0.0
Arkansas,2020-03-12,3,0,2.0,0.0,0.06627335638762491,0.0
Arkansas,2020-03-13,3,0,0.0,0.0,0.0,0.0
Arkansas,2020-03-14,6,0,3.0,0.0,0.09941003458143736,0.0
Arkansas,2020-03-15,7,0,1.0,0.0,0.033136678193812455,0.0
Arkansas,2020-03-16,16,0,9.0,0.0,0.2982301037443121,0.0
Arkansas,2020-03-17,16,0,0.0,0.0,0.0,0.0
Arkansas,2020-03-18,19,0,3.0,0.0,0.09941003458143736,0.0
Arkansas,2020-03-19,47,0,28.0,0.0,0.9278269894267488,0.0
Arkansas,2020-03-20,65,0,18.0,0.0,0.5964602074886242,0.0
Arkansas,2020-03-21,97,0,32.0,0.0,1.0603737022019986,0.0
Arkansas,2020-03-22,158,0,61.0,0.0,2.0213373698225596,0.0
Arkansas,2020-03-23,184,0,26.0,0.0,0.8615536330391238,0.0
Arkansas,2020-03-24,220,0,36.0,0.0,1.1929204149772483,0.0
Arkansas,2020-03-25,293,0,73.0,0.0,2.418977508148309,0.0
Arkansas,2020-03-26,325,0,32.0,0.0,1.0603737022019986,0.0
Arkansas,2020-03-27,373,4,48.0,4.0,1.5905605533029978,0.13254671277524982
Arkansas,2020-03-28,394,5,21.0,1.0,0.6958702420700615,0.033136678193812455
Arkansas,2020-03-29,435,5,41.0,0.0,1.3586038059463106,0.0
Arkansas,2020-03-30,497,7,62.0,2.0,2.054474048016372,0.06627335638762491
Arkansas,2020-03-31,553,7,56.0,0.0,1.8556539788534976,0.0
Arkansas,2020-04-01,612,9,59.0,2.0,1.9550640134349349,0.06627335638762491
Arkansas,2020-04-02,668,11,56.0,2.0,1.8556539788534976,0.06627335638762491
Arkansas,2020-04-03,720,11,52.0,0.0,1.7231072660782476,0.0
Arkansas,2020-04-04,728,12,8.0,1.0,0.26509342555049964,0.033136678193812455
Arkansas,2020-04-05,839,14,111.0,2.0,3.6781712795131822,0.06627335638762491
Arkansas,2020-04-06,913,16,74.0,2.0,2.4521141863421216,0.06627335638762491
Arkansas,2020-04-07,980,18,67.0,2.0,2.2201574389854346,0.06627335638762491
Arkansas,2020-04-08,1062,18,82.0,0.0,2.717207611892621,0.0
Arkansas,2020-04-09,1131,21,69.0,3.0,2.2864307953730596,0.09941003458143736
Arkansas,2020-04-10,1185,24,54.0,3.0,1.7893806224658726,0.09941003458143736
Arkansas,2020-04-11,1207,25,22.0,1.0,0.7290069202638739,0.033136678193812455
Arkansas,2020-04-12,1249,27,42.0,2.0,1.391740484140123,0.06627335638762491
Arkansas,2020-04-13,1429,27,180.0,0.0,5.964602074886241,0.0
Arkansas,2020-04-14,1450,32,21.0,5.0,0.6958702420700615,0.16568339096906226
Arkansas,2020-04-15,1543,33,93.0,1.0,3.081711072024558,0.033136678193812455
Arkansas,2020-04-16,1571,36,28.0,3.0,0.9278269894267488,0.09941003458143736
Arkansas,2020-04-17,1647,36,76.0,0.0,2.5183875427297466,0.0
Arkansas,2020-04-18,1730,37,83.0,1.0,2.7503442900864337,0.033136678193812455
Arkansas,2020-04-19,1733,38,3.0,1.0,0.09941003458143736,0.033136678193812455
Arkansas,2020-04-20,1926,41,193.0,3.0,6.395378891405804,0.09941003458143736
Arkansas,2020-04-21,2165,41,239.0,0.0,7.9196660883211765,0.0
Arkansas,2020-04-22,2278,43,113.0,2.0,3.7444446359008072,0.06627335638762491
Arkansas,2020-04-23,2471,44,193.0,1.0,6.395378891405804,0.033136678193812455
Arkansas,2020-04-24,2625,46,154.0,2.0,5.103048441847118,0.06627335638762491
Arkansas,2020-04-25,2705,47,80.0,1.0,2.650934255504996,0.033136678193812455
Arkansas,2020-04-26,2782,50,77.0,3.0,2.551524220923559,0.09941003458143736
Arkansas,2020-04-27,2861,51,79.0,1.0,2.617797577311184,0.033136678193812455
Arkansas,2020-04-28,2902,57,41.0,6.0,1.3586038059463106,0.19882006916287473
Arkansas,2020-04-29,3034,59,132.0,2.0,4.374041521583244,0.06627335638762491
Arkansas,2020-04-30,3101,61,67.0,2.0,2.2201574389854346,0.06627335638762491
Arkansas,2020-05-01,3144,64,43.0,3.0,1.4248771623339356,0.09941003458143736
Arkansas,2020-05-02,3180,72,36.0,8.0,1.1929204149772483,0.26509342555049964
Arkansas,2020-05-03,3243,75,63.0,3.0,2.0876107262101846,0.09941003458143736
Arkansas,2020-05-04,3298,80,55.0,5.0,1.822517300659685,0.16568339096906226
Arkansas,2020-05-05,3359,83,61.0,3.0,2.0213373698225596,0.09941003458143736
Arkansas,2020-05-06,3462,87,103.0,4.0,3.413077853962683,0.13254671277524982
Arkansas,2020-05-07,3539,88,77.0,1.0,2.551524220923559,0.033136678193812455
Arkansas,2020-05-08,3591,88,52.0,0.0,1.7231072660782476,0.0
Arkansas,2020-05-09,3591,88,0.0,0.0,0.0,0.0
Arkansas,2020-05-10,3880,91,289.0,3.0,9.5764999980118,0.09941003458143736
Arkansas,2020-05-11,3907,94,27.0,3.0,0.8946903112329363,0.09941003458143736
Arkansas,2020-05-12,4024,95,117.0,1.0,3.876991348676057,0.033136678193812455
Arkansas,2020-05-13,4095,97,71.0,2.0,2.3527041517606846,0.06627335638762491
Arkansas,2020-05-14,4230,98,135.0,1.0,4.473451556164681,0.033136678193812455
Arkansas,2020-05-15,4323,98,93.0,0.0,3.081711072024558,0.0
Arkansas,2020-05-16,4445,98,122.0,0.0,4.042674739645119,0.0
Arkansas,2020-05-17,4626,98,181.0,0.0,5.997738753080054,0.0
Arkansas,2020-05-18,4682,100,56.0,2.0,1.8556539788534976,0.06627335638762491
Arkansas,2020-05-19,4792,102,110.0,2.0,3.64503460131937,0.06627335638762491
Arkansas,2020-05-20,4869,107,77.0,5.0,2.551524220923559,0.16568339096906226
Arkansas,2020-05-21,5305,110,436.0,3.0,14.447591692502229,0.09941003458143736
Arkansas,2020-05-22,5466,113,161.0,3.0,5.335005189203805,0.09941003458143736
Arkansas,2020-05-23,5624,115,158.0,2.0,5.235595154622368,0.06627335638762491
Arkansas,2020-05-24,5770,116,146.0,1.0,4.837955016296618,0.033136678193812455
Arkansas,2020-05-25,5869,117,99.0,1.0,3.280531141187433,0.033136678193812455
Arkansas,2020-05-26,6003,119,134.0,2.0,4.440314877970869,0.06627335638762491
Arkansas,2020-05-27,6096,120,93.0,1.0,3.081711072024558,0.033136678193812455
Arkansas,2020-05-28,6338,125,242.0,5.0,8.019076122902613,0.16568339096906226
Arkansas,2020-05-29,6583,132,245.0,7.0,8.118486157484051,0.2319567473566872
Arkansas,2020-05-30,6814,133,231.0,1.0,7.6545726627706765,0.033136678193812455
Arkansas,2020-05-31,7064,133,250.0,0.0,8.284169548453113,0.0
Arkansas,2020-06-01,7253,133,189.0,0.0,6.262832178630554,0.0
Arkansas,2020-06-02,7612,135,359.0,2.0,11.896067471578672,0.06627335638762491
Arkansas,2020-06-03,7813,140,201.0,5.0,6.660472316956304,0.16568339096906226
Arkansas,2020-06-04,8190,149,377.0,9.0,12.492527679067294,0.2982301037443121
Arkansas,2020-06-05,8407,150,217.0,1.0,7.190659168057302,0.033136678193812455
Arkansas,2020-06-06,8837,152,430.0,2.0,14.248771623339357,0.06627335638762491
Arkansas,2020-06-07,9160,152,323.0,0.0,10.703147056601424,0.0
Arkansas,2020-06-08,9436,154,276.0,2.0,9.145723181492238,0.06627335638762491
Arkansas,2020-06-09,9782,160,346.0,6.0,11.465290655059109,0.19882006916287473
Arkansas,2020-06-10,10088,164,306.0,4.0,10.13982352730661,0.13254671277524982
Arkansas,2020-06-11,10512,170,424.0,6.0,14.04995155417648,0.19882006916287473
Arkansas,2020-06-12,11246,175,734.0,5.0,24.322321794258343,0.16568339096906226
Arkansas,2020-06-13,11773,176,527.0,1.0,17.463029408139164,0.033136678193812455
Arkansas,2020-06-14,12159,178,386.0,2.0,12.790757782811609,0.06627335638762491
Arkansas,2020-06-15,12573,181,414.0,3.0,13.718584772238357,0.09941003458143736
Arkansas,2020-06-16,12794,187,221.0,6.0,7.323205880832552,0.19882006916287473
Arkansas,2020-06-17,13215,196,421.0,9.0,13.950541519595044,0.2982301037443121
Arkansas,2020-06-18,13492,207,277.0,11.0,9.17885985968605,0.36450346013193696
Arkansas,2020-06-19,14093,213,601.0,6.0,19.915143594481286,0.19882006916287473
Arkansas,2020-06-20,14577,223,484.0,10.0,16.038152245805225,0.3313667819381245
Arkansas,2020-06-21,14990,224,413.0,1.0,13.685448094044544,0.033136678193812455
Arkansas,2020-06-22,15498,226,508.0,2.0,16.833432522456725,0.06627335638762491
Arkansas,2020-06-23,15994,236,496.0,10.0,16.435792384130977,0.3313667819381245
Arkansas,2020-06-24,16641,239,647.0,3.0,21.43943079139666,0.09941003458143736
Arkansas,2020-06-25,17122,239,481.0,0.0,15.938742211223792,0.0
Arkansas,2020-06-26,18040,248,918.0,9.0,30.419470581919832,0.2982301037443121
Arkansas,2020-06-27,18574,258,534.0,10.0,17.69498615549585,0.3313667819381245
Arkansas,2020-06-28,19101,263,527.0,5.0,17.463029408139164,0.16568339096906226
Arkansas,2020-06-29,19520,264,419.0,1.0,13.884268163207418,0.033136678193812455
Arkansas,2020-06-30,20053,269,533.0,5.0,17.661849477302038,0.16568339096906226
Arkansas,2020-07-01,20488,276,435.0,7.0,14.414455014308418,0.2319567473566872
Arkansas,2020-07-02,21337,278,849.0,2.0,28.13303978654677,0.06627335638762491
Arkansas,2020-07-03,21834,280,497.0,2.0,16.46892906232479,0.06627335638762491
Arkansas,2020-07-04,22315,285,481.0,5.0,15.938742211223792,0.16568339096906226
Arkansas,2020-07-05,22896,286,581.0,1.0,19.252410030605034,0.033136678193812455
Arkansas,2020-07-06,23281,291,385.0,5.0,12.757621104617794,0.16568339096906226
Arkansas,2020-07-07,23594,300,313.0,9.0,10.371780274663298,0.2982301037443121
Arkansas,2020-07-08,24299,304,705.0,4.0,23.361358126637782,0.13254671277524982
Arkansas,2020-07-09,25113,308,814.0,4.0,26.97325604976334,0.13254671277524982
Arkansas,2020-07-10,25834,312,721.0,4.0,23.891544977738782,0.13254671277524982
Arkansas,2020-07-11,26807,318,973.0,6.0,32.241987882579515,0.19882006916287473
Arkansas,2020-07-12,27294,320,487.0,2.0,16.137562280386664,0.06627335638762491
Arkansas,2020-07-13,27817,322,523.0,2.0,17.330482695363912,0.06627335638762491
Arkansas,2020-07-14,28686,330,869.0,8.0,28.79577335042302,0.26509342555049964
Arkansas,2020-07-15,29248,334,562.0,4.0,18.6228131449226,0.13254671277524982
Arkansas,2020-07-16,30094,340,846.0,6.0,28.033629751965336,0.19882006916287473
Arkansas,2020-07-17,30663,352,569.0,12.0,18.854769892279286,0.39764013832574946
Arkansas,2020-07-18,31410,355,747.0,3.0,24.7530986107779,0.09941003458143736
Arkansas,2020-07-19,32024,356,614.0,1.0,20.345920411000847,0.033136678193812455
Arkansas,2020-07-20,32670,362,646.0,6.0,21.406294113202847,0.19882006916287473
Arkansas,2020-07-21,33449,372,779.0,10.0,25.8134723129799,0.3313667819381245
Arkansas,2020-07-22,33981,378,532.0,6.0,17.628712799108225,0.19882006916287473
Arkansas,2020-07-23,34971,384,990.0,6.0,32.80531141187433,0.19882006916287473
Arkansas,2020-07-24,35852,392,881.0,8.0,29.19341348874877,0.26509342555049964
Arkansas,2020-07-25,36598,397,746.0,5.0,24.71996193258409,0.16568339096906226
Arkansas,2020-07-26,37207,399,609.0,2.0,20.180237020031786,0.06627335638762491
Arkansas,2020-07-27,37917,406,710.0,7.0,23.527041517606843,0.2319567473566872
Arkansas,2020-07-28,38630,406,713.0,0.0,23.626451552188282,0.0
Arkansas,2020-07-29,39370,432,740.0,26.0,24.521141863421217,0.8615536330391238
Arkansas,2020-07-30,40114,440,744.0,8.0,24.653688576196465,0.26509342555049964
Arkansas,2020-07-31,40877,451,763.0,11.0,25.2832854618789,0.36450346013193696
Arkansas,2020-08-01,41532,457,655.0,6.0,21.70452421694716,0.19882006916287473
Arkansas,2020-08-02,42132,460,600.0,3.0,19.882006916287473,0.09941003458143736
Arkansas,2020-08-03,42955,473,823.0,13.0,27.27148615350765,0.4307768165195619
Arkansas,2020-08-04,43728,488,773.0,15.0,25.614652243817027,0.49705017290718684
Arkansas,2020-08-05,44605,506,877.0,18.0,29.060866775973523,0.5964602074886242
Arkansas,2020-08-06,45295,513,690.0,7.0,22.864307953730595,0.2319567473566872
Arkansas,2020-08-07,46252,520,957.0,7.0,31.71180103147852,0.2319567473566872
Arkansas,2020-08-08,47039,534,787.0,14.0,26.0785657385304,0.4639134947133744
Arkansas,2020-08-09,47586,541,547.0,7.0,18.125762972015412,0.2319567473566872
Arkansas,2020-08-10,48201,552,615.0,11.0,20.37905708919466,0.36450346013193696
Arkansas,2020-08-11,48598,563,397.0,11.0,13.155261242943546,0.36450346013193696
Arkansas,2020-08-12,49310,570,712.0,7.0,23.593314873994466,0.2319567473566872
Arkansas,2020-08-13,49947,579,637.0,9.0,21.108064009458534,0.2982301037443121
Arkansas,2020-08-14,50552,583,605.0,4.0,20.047690307256534,0.13254671277524982
Arkansas,2020-08-15,51247,596,695.0,13.0,23.029991344699656,0.4307768165195619
Arkansas,2020-08-16,51908,596,661.0,0.0,21.90334428611003,0.0
Arkansas,2020-08-17,52299,599,391.0,3.0,12.95644117378067,0.09941003458143736
Arkansas,2020-08-18,52701,614,402.0,15.0,13.320944633912609,0.49705017290718684
Arkansas,2020-08-19,53425,628,724.0,14.0,23.990955012320217,0.4639134947133744
Arkansas,2020-08-20,53991,638,566.0,10.0,18.755359857697847,0.3313667819381245
Arkansas,2020-08-21,54846,661,855.0,23.0,28.33185985570965,0.7621435984576864
Arkansas,2020-08-22,55383,672,537.0,11.0,17.79439619007729,0.36450346013193696
Arkansas,2020-08-23,55759,685,376.0,13.0,12.459391000873483,0.4307768165195619
Arkansas,2020-08-24,56062,694,303.0,9.0,10.040413492725174,0.2982301037443121
Arkansas,2020-08-25,56553,709,491.0,15.0,16.270108993161916,0.49705017290718684
Arkansas,2020-08-26,57229,731,676.0,22.0,22.400394459017217,0.7290069202638739
Arkansas,2020-08-27,57938,737,709.0,6.0,23.49390483941303,0.19882006916287473
Arkansas,2020-08-28,58764,752,826.0,15.0,27.370896188089088,0.49705017290718684
Arkansas,2020-08-29,59477,769,713.0,17.0,23.626451552188282,0.5633235292948118
Arkansas,2020-08-30,59948,782,471.0,13.0,15.607375429285668,0.4307768165195619
Arkansas,2020-08-31,60315,795,367.0,13.0,12.161160897129172,0.4307768165195619
Arkansas,2020-09-01,60596,813,281.0,18.0,9.3114065724613,0.5964602074886242
Arkansas,2020-09-02,61155,840,559.0,27.0,18.52340311034116,0.8946903112329363
Arkansas,2020-09-03,62051,860,896.0,20.0,29.69046366165596,0.662733563876249
Arkansas,2020-09-04,62945,872,894.0,12.0,29.624190305268336,0.39764013832574946
Arkansas,2020-09-05,63476,881,531.0,9.0,17.595576120914412,0.2982301037443121
Arkansas,2020-09-06,64150,893,674.0,12.0,22.334121102629595,0.39764013832574946
Arkansas,2020-09-07,64497,908,347.0,15.0,11.498427333252922,0.49705017290718684
Arkansas,2020-09-08,64810,917,313.0,9.0,10.371780274663298,0.2982301037443121
Arkansas,2020-09-09,65245,928,435.0,11.0,14.414455014308418,0.36450346013193696
Arkansas,2020-09-10,65687,940,442.0,12.0,14.646411761665105,0.39764013832574946
Arkansas,2020-09-11,66624,953,937.0,13.0,31.04906746760227,0.4307768165195619
Arkansas,2020-09-12,66624,953,0.0,0.0,0.0,0.0
Arkansas,2020-09-13,68576,980,1952.0,27.0,64.68279583432191,0.8946903112329363
Arkansas,2020-09-14,68997,991,421.0,11.0,13.950541519595044,0.36450346013193696
Arkansas,2020-09-15,69759,1009,762.0,18.0,25.25014878368509,0.5964602074886242
Arkansas,2020-09-16,70761,1155,1002.0,146.0,33.20295155020008,4.837955016296618
Arkansas,2020-09-17,71674,1163,913.0,8.0,30.25378719095077,0.26509342555049964
Arkansas,2020-09-18,72459,1171,785.0,8.0,26.01229238214278,0.26509342555049964
Arkansas,2020-09-19,73511,1179,1052.0,8.0,34.8597854598907,0.26509342555049964
Arkansas,2020-09-20,74032,1179,521.0,0.0,17.26420933897629,0.0
Arkansas,2020-09-21,74677,1194,645.0,15.0,21.37315743500903,0.49705017290718684
Arkansas,2020-09-22,75388,1206,711.0,12.0,23.560178195800656,0.39764013832574946
Arkansas,2020-09-23,76339,1226,951.0,20.0,31.51298096231564,0.662733563876249
Arkansas,2020-09-24,77271,1243,932.0,17.0,30.88338407663321,0.5633235292948118
Arkansas,2020-09-25,78180,1263,909.0,20.0,30.121240478175523,0.662733563876249
Arkansas,2020-09-26,78898,1282,718.0,19.0,23.792134943157343,0.6295968856824367
Arkansas,2020-09-27,79470,1303,572.0,21.0,18.954179926860725,0.6958702420700615
Arkansas,2020-09-28,80149,1324,679.0,21.0,22.499804493598656,0.6958702420700615
Arkansas,2020-09-29,80863,1345,714.0,21.0,23.65958823038209,0.6958702420700615
Arkansas,2020-09-30,81786,1364,923.0,19.0,30.585153972888897,0.6295968856824367
Arkansas,2020-10-01,82851,1379,1065.0,15.0,35.29056227641026,0.49705017290718684
California,2020-02-01,798,0,0.0,0.0,0.0,0.0
California,2020-02-02,798,0,0.0,0.0,0.0,0.0
California,2020-02-03,798,0,0.0,0.0,0.0,0.0
California,2020-02-04,798,0,0.0,0.0,0.0,0.0
California,2020-02-05,798,0,0.0,0.0,0.0,0.0
California,2020-02-06,798,0,0.0,0.0,0.0,0.0
California,2020-02-07,799,1,1.0,1.0,0.0025308624118668293,0.0025308624118668293
California,2020-02-08,824,1,25.0,0.0,0.06327156029667073,0.0
California,2020-02-09,826,1,2.0,0.0,0.005061724823733659,0.0
California,2020-02-10,827,1,1.0,0.0,0.0025308624118668293,0.0
California,2020-02-11,828,1,1.0,0.0,0.0025308624118668293,0.0
California,2020-02-12,828,1,0.0,0.0,0.0,0.0
California,2020-02-13,829,1,1.0,0.0,0.0025308624118668293,0.0
California,2020-02-14,829,1,0.0,0.0,0.0,0.0
California,2020-02-15,831,1,2.0,0.0,0.005061724823733659,0.0
California,2020-02-16,832,1,1.0,0.0,0.0025308624118668293,0.0
California,2020-02-17,833,1,1.0,0.0,0.0025308624118668293,0.0
California,2020-02-18,835,2,2.0,1.0,0.005061724823733659,0.0025308624118668293
California,2020-02-19,835,2,0.0,0.0,0.0,0.0
California,2020-02-20,837,2,2.0,0.0,0.005061724823733659,0.0
California,2020-02-21,842,2,5.0,0.0,0.012654312059334146,0.0
California,2020-02-22,848,2,6.0,0.0,0.015185174471200975,0.0
California,2020-02-23,852,2,4.0,0.0,0.010123449647467317,0.0
California,2020-02-24,858,2,6.0,0.0,0.015185174471200975,0.0
California,2020-02-25,881,2,23.0,0.0,0.05820983547293707,0.0
California,2020-02-26,893,2,12.0,0.0,0.03037034894240195,0.0
California,2020-02-27,914,2,21.0,0.0,0.05314811064920341,0.0
California,2020-02-28,928,2,14.0,0.0,0.03543207376613561,0.0
California,2020-02-29,962,2,34.0,0.0,0.08604932200347219,0.0
California,2020-03-01,985,2,23.0,0.0,0.05820983547293707,0.0
California,2020-03-02,1039,2,54.0,0.0,0.13666657024080878,0.0
California,2020-03-03,1085,2,46.0,0.0,0.11641967094587415,0.0
California,2020-03-04,1148,3,63.0,1.0,0.15944433194761023,0.0025308624118668293
California,2020-03-05,1212,4,64.0,1.0,0.16197519435947708,0.0025308624118668293
California,2020-03-06,1274,4,62.0,0.0,0.1569134695357434,0.0
California,2020-03-07,1371,5,97.0,1.0,0.24549365395108244,0.0025308624118668293
California,2020-03-08,1479,5,108.0,0.0,0.27333314048161755,0.0
California,2020-03-09,1588,5,109.0,0.0,0.27586400289348434,0.0
California,2020-03-10,1871,8,283.0,3.0,0.7162340625583127,0.0075925872356004875
California,2020-03-11,2196,8,325.0,0.0,0.8225302838567194,0.0
California,2020-03-12,2591,9,395.0,1.0,0.9996906526873975,0.0025308624118668293
California,2020-03-13,3081,9,490.0,0.0,1.2401225818147463,0.0
California,2020-03-14,3632,10,551.0,1.0,1.3945051889386229,0.0025308624118668293
California,2020-03-15,4128,11,496.0,1.0,1.2553077562859472,0.0025308624118668293
California,2020-03-16,4723,13,595.0,2.0,1.5058631350607634,0.005061724823733659
California,2020-03-17,5579,18,856.0,5.0,2.1664182245580057,0.012654312059334146
California,2020-03-18,6394,24,815.0,6.0,2.062652865671466,0.015185174471200975
California,2020-03-19,7145,24,751.0,0.0,1.9006776713119888,0.0
California,2020-03-20,7905,31,760.0,7.0,1.92345543301879,0.017716036883067804
California,2020-03-21,8832,38,927.0,7.0,2.346109455800551,0.017716036883067804
California,2020-03-22,9514,48,682.0,10.0,1.7260481648931776,0.025308624118668292
California,2020-03-23,10263,62,749.0,14.0,1.8956159464882552,0.03543207376613561
California,2020-03-24,11259,80,996.0,18.0,2.520738962219362,0.04555552341360292
California,2020-03-25,12098,98,839.0,18.0,2.1233935635562697,0.04555552341360292
California,2020-03-26,13141,118,1043.0,20.0,2.6396894955771026,0.050617248237336585
California,2020-03-27,14104,133,963.0,15.0,2.4372205026277562,0.037962936178002435
California,2020-03-28,15097,155,993.0,22.0,2.5131463749837613,0.05567897306107024
California,2020-03-29,16038,181,941.0,26.0,2.3815415295666864,0.06580242270853756
California,2020-03-30,16861,206,823.0,25.0,2.0828997649664003,0.06327156029667073
California,2020-03-31,18230,235,1369.0,29.0,3.4647506418456886,0.07339500994413804
California,2020-04-01,19477,277,1247.0,42.0,3.1559854275979355,0.10629622129840682
California,2020-04-02,20974,318,1497.0,41.0,3.788701030564643,0.10376535888654001
California,2020-04-03,22340,374,1366.0,56.0,3.457158054610089,0.14172829506454243
California,2020-04-04,23845,427,1505.0,53.0,3.808947929859578,0.13413570782894194
California,2020-04-05,24966,465,1121.0,38.0,2.837096763702715,0.0961727716509395
California,2020-04-06,26104,522,1138.0,57.0,2.8801214247044515,0.14425915747640927
California,2020-04-07,27455,558,1351.0,36.0,3.419195118432086,0.09111104682720585
California,2020-04-08,28872,620,1417.0,62.0,3.586232037615297,0.1569134695357434
California,2020-04-09,30335,684,1463.0,64.0,3.702651708561171,0.16197519435947708
California,2020-04-10,31729,743,1394.0,59.0,3.5280222021423597,0.14932088230014293
California,2020-04-11,33186,805,1457.0,62.0,3.6874665340899697,0.1569134695357434
California,2020-04-12,34232,859,1046.0,54.0,2.647282082812703,0.13666657024080878
California,2020-04-13,35205,927,973.0,68.0,2.462529126746425,0.17209864400694438
California,2020-04-14,36715,1006,1510.0,79.0,3.821602241918912,0.1999381305374795
California,2020-04-15,38196,1095,1481.0,89.0,3.7482072319747743,0.2252467546561478
California,2020-04-16,39856,1163,1660.0,68.0,4.201231603698936,0.17209864400694438
California,2020-04-17,41515,1262,1659.0,99.0,4.19870074128707,0.2505553787748161
California,2020-04-18,43097,1337,1582.0,75.0,4.003824335573324,0.1898146808900122
California,2020-04-19,44295,1406,1198.0,69.0,3.0319731694164616,0.1746295064188112
California,2020-04-20,45362,1473,1067.0,67.0,2.7004301934619064,0.16956778159507754
California,2020-04-21,47257,1560,1895.0,87.0,4.795984270487641,0.22018502983241411
California,2020-04-22,48921,1632,1664.0,72.0,4.211355053346404,0.1822220936544117
California,2020-04-23,50664,1717,1743.0,85.0,4.411293183883883,0.2151233050086805
California,2020-04-24,52497,1806,1833.0,89.0,4.639070800951898,0.2252467546561478
California,2020-04-25,54501,1885,2004.0,79.0,5.071848273381126,0.1999381305374795
California,2020-04-26,56099,1952,1598.0,67.0,4.044318134163193,0.16956778159507754
California,2020-04-27,57353,2023,1254.0,71.0,3.1737014644810033,0.17969123124254485
California,2020-04-28,59582,2090,2229.0,67.0,5.641292316051162,0.16956778159507754
California,2020-04-29,61671,2183,2089.0,93.0,5.286971578389806,0.23537020430361513
California,2020-04-30,63688,2261,2017.0,78.0,5.104749484735394,0.19740726812561268
California,2020-05-01,65601,2340,1913.0,79.0,4.841539793901244,0.1999381305374795
California,2020-05-02,67814,2414,2213.0,74.0,5.600798517461293,0.18728381847814538
California,2020-05-03,69193,2510,1379.0,96.0,3.4900592659643572,0.2429627915392156
California,2020-05-04,70335,2580,1142.0,70.0,2.890244874351919,0.17716036883067804
California,2020-05-05,72741,2656,2406.0,76.0,6.089254962951591,0.192345543301879
California,2020-05-06,75333,2723,2592.0,67.0,6.559995371558822,0.16956778159507754
California,2020-05-07,77648,2821,2315.0,98.0,5.858946483471709,0.24802451636294925
California,2020-05-08,79792,2905,2144.0,84.0,5.426169011042481,0.21259244259681365
California,2020-05-09,82038,2989,2246.0,84.0,5.684316977052899,0.21259244259681365
California,2020-05-10,83604,3077,1566.0,88.0,3.9633305369834546,0.22271589224428096
California,2020-05-11,84929,3151,1325.0,74.0,3.3533926957235485,0.18728381847814538
California,2020-05-12,87348,3218,2419.0,67.0,6.122156174305859,0.16956778159507754
California,2020-05-13,89776,3302,2428.0,84.0,6.144933936012662,0.21259244259681365
California,2020-05-14,92051,3377,2275.0,75.0,5.757711986997037,0.1898146808900122
California,2020-05-15,94694,3452,2643.0,75.0,6.689069354564029,0.1898146808900122
California,2020-05-16,97198,3527,2504.0,75.0,6.337279479314541,0.1898146808900122
California,2020-05-17,98905,3618,1707.0,91.0,4.320182137056677,0.23030847947988145
California,2020-05-18,100231,3691,1326.0,73.0,3.3559235581354154,0.18475295606627853
California,2020-05-19,102999,3780,2768.0,89.0,7.005427156047383,0.2252467546561478
California,2020-05-20,105419,3855,2420.0,75.0,6.1246870367177255,0.1898146808900122
California,2020-05-21,108110,3927,2691.0,72.0,6.810550750333638,0.1822220936544117
California,2020-05-22,110542,3984,2432.0,57.0,6.155057385660128,0.14425915747640927
California,2020-05-23,113057,4064,2515.0,80.0,6.365118965845076,0.20246899294934634
California,2020-05-24,114796,4135,1739.0,71.0,4.401169734236416,0.17969123124254485
California,2020-05-25,116195,4212,1399.0,77.0,3.5406765142016936,0.19487640571374584
California,2020-05-26,118413,4271,2218.0,59.0,5.613452829520627,0.14932088230014293
California,2020-05-27,121997,4351,3584.0,80.0,9.070610884130716,0.20246899294934634
California,2020-05-28,125504,4432,3507.0,81.0,8.87573447841697,0.20499985536121318
California,2020-05-29,128673,4503,3169.0,71.0,8.020302983205982,0.17969123124254485
California,2020-05-30,132448,4564,3775.0,61.0,9.55400560479728,0.15438260712387658
California,2020-05-31,134673,4630,2225.0,66.0,5.631168866403694,0.16703691918321073
California,2020-06-01,136265,4697,1592.0,67.0,4.029132959691991,0.16956778159507754
California,2020-06-02,139913,4775,3648.0,78.0,9.232586078490193,0.19740726812561268
California,2020-06-03,143810,4840,3897.0,65.0,9.862770819045034,0.16450605677134392
California,2020-06-04,147222,4925,3412.0,85.0,8.635302549289621,0.2151233050086805
California,2020-06-05,150814,4999,3592.0,74.0,9.090857783425651,0.18728381847814538
California,2020-06-06,154520,5065,3706.0,66.0,9.379376098378469,0.16703691918321073
California,2020-06-07,157221,5130,2701.0,65.0,6.835859374452306,0.16450605677134392
California,2020-06-08,159234,5197,2013.0,67.0,5.094626035087927,0.16956778159507754
California,2020-06-09,163431,5277,4197.0,80.0,10.622029542605082,0.20246899294934634
California,2020-06-10,167442,5352,4011.0,75.0,10.151289133997853,0.1898146808900122
California,2020-06-11,171693,5414,4251.0,62.0,10.758696112845891,0.1569134695357434
California,2020-06-12,175769,5473,4076.0,59.0,10.315795190769196,0.14932088230014293
California,2020-06-13,180246,5543,4477.0,70.0,11.330671017927793,0.17716036883067804
California,2020-06-14,183887,5616,3641.0,73.0,9.214870041607124,0.18475295606627853
California,2020-06-15,186879,5681,2992.0,65.0,7.572340336305553,0.16450605677134392
California,2020-06-16,193292,5748,6413.0,67.0,16.230420647301976,0.16956778159507754
California,2020-06-17,199727,5808,6435.0,60.0,16.286099620363046,0.15185174471200974
California,2020-06-18,206464,5877,6737.0,69.0,17.050420068746828,0.1746295064188112
California,2020-06-19,213210,5944,6746.0,67.0,17.07319783045363,0.16956778159507754
California,2020-06-20,220096,6023,6886.0,79.0,17.427518568114987,0.1999381305374795
California,2020-06-21,225438,6101,5342.0,78.0,13.519867004192603,0.19740726812561268
California,2020-06-22,229770,6174,4332.0,73.0,10.963695968207103,0.18475295606627853
California,2020-06-23,239143,6246,9373.0,72.0,23.72177338642779,0.1822220936544117
California,2020-06-24,248825,6312,9682.0,66.0,24.50380987169464,0.16703691918321073
California,2020-06-25,258670,6404,9845.0,92.0,24.916340444828933,0.2328393418917483
California,2020-06-26,268070,6473,9400.0,69.0,23.790106671548195,0.1746295064188112
California,2020-06-27,277169,6558,9099.0,85.0,23.02831708557628,0.2151233050086805
California,2020-06-28,283436,6622,6267.0,64.0,15.860914735169418,0.16197519435947708
California,2020-06-29,288900,6718,5464.0,96.0,13.828632218440356,0.2429627915392156
California,2020-06-30,299417,6814,10517.0,96.0,26.617079985603443,0.2429627915392156
California,2020-07-01,309946,6910,10529.0,96.0,26.647450334545848,0.2429627915392156
California,2020-07-02,321177,6996,11231.0,86.0,28.424115747676357,0.21765416742054733
California,2020-07-03,331795,7104,10618.0,108.0,26.872697089201996,0.27333314048161755
California,2020-07-04,339786,7198,7991.0,94.0,20.224121533227834,0.23790106671548192
California,2020-07-05,345171,7284,5385.0,86.0,13.628694087902874,0.21765416742054733
California,2020-07-06,351403,7381,6232.0,97.0,15.772334550754078,0.24549365395108244
California,2020-07-07,363173,7499,11770.0,118.0,29.78825058767258,0.29864176460028585
California,2020-07-08,375687,7601,12514.0,102.0,31.671212222101502,0.25814796601041656
California,2020-07-09,387866,7707,12179.0,106.0,30.823373314126112,0.26827141565788387
California,2020-07-10,399041,7800,11175.0,93.0,28.282387452611815,0.23537020430361513
California,2020-07-11,410474,7914,11433.0,114.0,28.93534995487346,0.28851831495281854
California,2020-07-12,418040,8032,7566.0,118.0,19.14850500818443,0.29864176460028585
California,2020-07-13,423923,8142,5883.0,110.0,14.889063569012556,0.2783948653053512
California,2020-07-14,435581,8285,11658.0,143.0,29.504793997543494,0.36191332489695655
California,2020-07-15,447146,8418,11565.0,133.0,29.26942379323988,0.3366047007782883
California,2020-07-16,458728,8549,11582.0,131.0,29.312448454241615,0.3315429759545546
California,2020-07-17,469783,8678,11055.0,129.0,27.978683963187798,0.326481251130821
California,2020-07-18,480526,8801,10743.0,123.0,27.189054890685345,0.31129607665961995
California,2020-07-19,487844,8930,7318.0,129.0,18.520851130041457,0.326481251130821
California,2020-07-20,493316,9057,5472.0,127.0,13.848879117735288,0.3214195263070873
California,2020-07-21,504358,9205,11042.0,148.0,27.945782751833526,0.37456763695629075
California,2020-07-22,514459,9343,10101.0,138.0,25.564241222266844,0.3492590128376224
California,2020-07-23,523836,9486,9377.0,143.0,23.731896836075258,0.36191332489695655
California,2020-07-24,532340,9626,8504.0,140.0,21.522453950515516,0.3543207376613561
California,2020-07-25,540601,9763,8261.0,137.0,20.907454384431876,0.3467281504257556
California,2020-07-26,546390,9938,5789.0,175.0,14.651162502297074,0.4429009220766951
California,2020-07-27,550543,10081,4153.0,143.0,10.510671596482942,0.36191332489695655
California,2020-07-28,559632,10230,9089.0,149.0,23.00300846145761,0.37709849936815754
California,2020-07-29,568453,10358,8821.0,128.0,22.324737335077298,0.32395038871895415
California,2020-07-30,576239,10515,7786.0,157.0,19.705294738795132,0.39734539866309215
California,2020-07-31,583475,10659,7236.0,144.0,18.313320412268375,0.3644441873088234
California,2020-08-01,590694,10806,7219.0,147.0,18.27029575126664,0.3720367745444239
California,2020-08-02,596093,10945,5399.0,139.0,13.66412616166901,0.35178987524948924
California,2020-08-03,599659,11082,3566.0,137.0,9.025055360717113,0.3467281504257556
California,2020-08-04,607215,11259,7556.0,177.0,19.12319638406576,0.44796264690042875
California,2020-08-05,614448,11419,7233.0,160.0,18.305727825032776,0.4049379858986927
California,2020-08-06,621154,11568,6706.0,149.0,16.971963333978955,0.37709849936815754
California,2020-08-07,627387,11688,6233.0,120.0,15.774865413165946,0.3037034894240195
California,2020-08-08,633826,11823,6439.0,135.0,16.296223070010512,0.34166642560202193
California,2020-08-09,638103,11958,4277.0,135.0,10.82449853555443,0.34166642560202193
California,2020-08-10,641281,12087,3178.0,129.0,8.043080744912782,0.326481251130821
California,2020-08-11,648348,12226,7067.0,139.0,17.885604664662882,0.35178987524948924
California,2020-08-12,654547,12381,6199.0,155.0,15.688816091162472,0.39228367383935847
California,2020-08-13,660492,12491,5945.0,110.0,15.045977038548301,0.2783948653053512
California,2020-08-14,665692,12611,5200.0,120.0,13.160484541707511,0.3037034894240195
California,2020-08-15,670905,12733,5213.0,122.0,13.193385753061781,0.30876521424775316
California,2020-08-16,674554,12861,3649.0,128.0,9.23511694090206,0.32395038871895415
California,2020-08-17,677232,12993,2678.0,132.0,6.777649538979369,0.33407383836642146
California,2020-08-18,682991,13110,5759.0,117.0,14.57523662994107,0.296110902188419
California,2020-08-19,688240,13231,5249.0,121.0,13.284496799888986,0.3062343518358863
California,2020-08-20,692915,13365,4675.0,134.0,11.831781775477427,0.3391355631901551
California,2020-08-21,697596,13473,4681.0,108.0,11.846966949948628,0.27333314048161755
California,2020-08-22,702003,13592,4407.0,119.0,11.153510649097116,0.3011726270121527
California,2020-08-23,705119,13713,3116.0,121.0,7.886167275377039,0.3062343518358863
California,2020-08-24,707678,13820,2559.0,107.0,6.476476911967215,0.2708022780697507
California,2020-08-25,713122,13927,5444.0,107.0,13.778014970203017,0.2708022780697507
California,2020-08-26,718025,14034,4903.0,107.0,12.408818405383064,0.2708022780697507
California,2020-08-27,722645,14133,4620.0,99.0,11.69258434282475,0.2505553787748161
California,2020-08-28,726646,14250,4001.0,117.0,10.125980509879183,0.296110902188419
California,2020-08-29,730585,14337,3939.0,87.0,9.96906704034344,0.22018502983241411
California,2020-08-30,733213,14455,2628.0,118.0,6.651106418386027,0.29864176460028585
California,2020-08-31,735481,14565,2268.0,110.0,5.739995950113968,0.2783948653053512
California,2020-09-01,739839,14653,4358.0,88.0,11.029498390915641,0.22271589224428096
California,2020-09-02,744427,14754,4588.0,101.0,11.611596745645013,0.2556171035985497
California,2020-09-03,748476,14836,4049.0,82.0,10.247461905648791,0.20753071777308002
California,2020-09-04,752158,14917,3682.0,81.0,9.318635400493665,0.20499985536121318
California,2020-09-05,755620,15006,3462.0,89.0,8.761845669882963,0.2252467546561478
California,2020-09-06,757886,15092,2266.0,86.0,5.7349342252902344,0.21765416742054733
California,2020-09-07,759860,15175,1974.0,83.0,4.995922401025121,0.2100615801849468
California,2020-09-08,762185,15248,2325.0,73.0,5.884255107590378,0.18475295606627853
California,2020-09-09,766426,15329,4241.0,81.0,10.733387488727223,0.20499985536121318
California,2020-09-10,770032,15415,3606.0,86.0,9.126289857191786,0.21765416742054733
California,2020-09-11,773258,15487,3226.0,72.0,8.164562140682392,0.1822220936544117
California,2020-09-12,776625,15563,3367.0,76.0,8.521413740755614,0.192345543301879
California,2020-09-13,778964,15637,2339.0,74.0,5.9196871813565135,0.18728381847814538
California,2020-09-14,780989,15707,2025.0,70.0,5.124996384030329,0.17716036883067804
California,2020-09-15,785147,15785,4158.0,78.0,10.523325908542276,0.19740726812561268
California,2020-09-16,788895,15867,3748.0,82.0,9.485672319676876,0.20753071777308002
California,2020-09-17,792693,15929,3798.0,62.0,9.612215440270218,0.1569134695357434
California,2020-09-18,795992,16001,3299.0,72.0,8.349315096748668,0.1822220936544117
California,2020-09-19,799430,16061,3438.0,60.0,8.70110497199816,0.15185174471200974
California,2020-09-20,801916,16134,2486.0,73.0,6.291723955900937,0.18475295606627853
California,2020-09-21,804079,16205,2163.0,71.0,5.474255396867951,0.17969123124254485
California,2020-09-22,808166,16261,4087.0,56.0,10.34363467729973,0.14172829506454243
California,2020-09-23,811869,16329,3703.0,68.0,9.37178351114287,0.17209864400694438
California,2020-09-24,815643,16396,3774.0,67.0,9.551474742385414,0.16956778159507754
California,2020-09-25,819019,16468,3376.0,72.0,8.544191502462416,0.1822220936544117
California,2020-09-26,822511,16525,3492.0,57.0,8.837771542238968,0.14425915747640927
California,2020-09-27,824859,16601,2348.0,76.0,5.942464943063315,0.192345543301879
California,2020-09-28,826925,16660,2066.0,59.0,5.228761742916869,0.14932088230014293
California,2020-09-29,830978,16715,4053.0,55.0,10.257585355296259,0.1391974326526756
California,2020-09-30,834768,16766,3790.0,51.0,9.591968540975282,0.12907398300520828
California,2020-10-01,838464,16807,3696.0,41.0,9.3540674742598,0.10376535888654001
Colorado,2020-02-01,0,0,0.0,0.0,0.0,0.0
Colorado,2020-02-02,0,0,0.0,0.0,0.0,0.0
Colorado,2020-02-03,0,0,0.0,0.0,0.0,0.0
Colorado,2020-02-04,0,0,0.0,0.0,0.0,0.0
Colorado,2020-02-05,0,0,0.0,0.0,0.0,0.0
Colorado,2020-02-06,0,0,0.0,0.0,0.0,0.0
Colorado,2020-02-07,0,0,0.0,0.0,0.0,0.0
Colorado,2020-02-08,0,0,0.0,0.0,0.0,0.0
Colorado,2020-02-09,0,0,0.0,0.0,0.0,0.0
Colorado,2020-02-10,0,0,0.0,0.0,0.0,0.0
Colorado,2020-02-11,0,0,0.0,0.0,0.0,0.0
Colorado,2020-02-12,0,0,0.0,0.0,0.0,0.0
Colorado,2020-02-13,0,0,0.0,0.0,0.0,0.0
Colorado,2020-02-14,0,0,0.0,0.0,0.0,0.0
Colorado,2020-02-15,0,0,0.0,0.0,0.0,0.0
Colorado,2020-02-16,0,0,0.0,0.0,0.0,0.0
Colorado,2020-02-17,0,0,0.0,0.0,0.0,0.0
Colorado,2020-02-18,0,0,0.0,0.0,0.0,0.0
Colorado,2020-02-19,0,0,0.0,0.0,0.0,0.0
Colorado,2020-02-20,0,0,0.0,0.0,0.0,0.0
Colorado,2020-02-21,0,0,0.0,0.0,0.0,0.0
Colorado,2020-02-22,0,0,0.0,0.0,0.0,0.0
Colorado,2020-02-23,0,0,0.0,0.0,0.0,0.0
Colorado,2020-02-24,0,0,0.0,0.0,0.0,0.0
Colorado,2020-02-25,0,0,0.0,0.0,0.0,0.0
Colorado,2020-02-26,0,0,0.0,0.0,0.0,0.0
Colorado,2020-02-27,0,0,0.0,0.0,0.0,0.0
Colorado,2020-02-28,0,0,0.0,0.0,0.0,0.0
Colorado,2020-02-29,0,0,0.0,0.0,0.0,0.0
Colorado,2020-03-01,0,0,0.0,0.0,0.0,0.0
Colorado,2020-03-02,0,0,0.0,0.0,0.0,0.0
Colorado,2020-03-03,0,0,0.0,0.0,0.0,0.0
Colorado,2020-03-04,0,0,0.0,0.0,0.0,0.0
Colorado,2020-03-05,0,0,0.0,0.0,0.0,0.0
Colorado,2020-03-06,3,0,3.0,0.0,0.05209476524014992,0.0
Colorado,2020-03-07,7,0,4.0,0.0,0.06945968698686655,0.0
Colorado,2020-03-08,7,0,0.0,0.0,0.0,0.0
Colorado,2020-03-09,14,0,7.0,0.0,0.12155445222701647,0.0
Colorado,2020-03-10,18,0,4.0,0.0,0.06945968698686655,0.0
Colorado,2020-03-11,24,0,6.0,0.0,0.10418953048029984,0.0
Colorado,2020-03-12,49,0,25.0,0.0,0.43412304366791604,0.0
Colorado,2020-03-13,74,1,25.0,1.0,0.43412304366791604,0.01736492174671664
Colorado,2020-03-14,97,1,23.0,0.0,0.3993932001744827,0.0
Colorado,2020-03-15,127,1,30.0,0.0,0.5209476524014992,0.0
Colorado,2020-03-16,127,1,0.0,0.0,0.0,0.0
Colorado,2020-03-17,179,2,52.0,1.0,0.9029759308292653,0.01736492174671664
Colorado,2020-03-18,179,2,0.0,0.0,0.0,0.0
Colorado,2020-03-19,264,2,85.0,0.0,1.4760183484709144,0.0
Colorado,2020-03-20,341,4,77.0,2.0,1.3370989744971815,0.03472984349343328
Colorado,2020-03-21,474,6,133.0,2.0,2.309534592313313,0.03472984349343328
Colorado,2020-03-22,590,7,116.0,1.0,2.0143309226191306,0.01736492174671664
Colorado,2020-03-23,715,7,125.0,0.0,2.17061521833958,0.0
Colorado,2020-03-24,893,7,178.0,0.0,3.0909560709155617,0.0
Colorado,2020-03-25,1068,19,175.0,12.0,3.0388613056754123,0.2083790609605997
Colorado,2020-03-26,1327,24,259.0,5.0,4.49751473239961,0.0868246087335832
Colorado,2020-03-27,1596,30,269.0,6.0,4.671163949866776,0.10418953048029984
Colorado,2020-03-28,1894,43,298.0,13.0,5.174746680521559,0.22574398270731633
Colorado,2020-03-29,2120,46,226.0,3.0,3.924472314757961,0.05209476524014992
Colorado,2020-03-30,2464,53,344.0,7.0,5.973533080870524,0.12155445222701647
Colorado,2020-03-31,2836,68,372.0,15.0,6.459750889778591,0.2604738262007496
Colorado,2020-04-01,3202,79,366.0,11.0,6.35556135929829,0.19101413921388302
Colorado,2020-04-02,3580,96,378.0,17.0,6.5639404202588905,0.2952036696941829
Colorado,2020-04-03,4015,110,435.0,14.0,7.553740959821738,0.24310890445403294
Colorado,2020-04-04,4354,125,339.0,15.0,5.886708472136941,0.2604738262007496
Colorado,2020-04-05,4692,138,338.0,13.0,5.869343550390225,0.22574398270731633
Colorado,2020-04-06,4896,149,204.0,11.0,3.5424440363301946,0.19101413921388302
Colorado,2020-04-07,5177,178,281.0,29.0,4.879543010827376,0.5035827306547827
Colorado,2020-04-08,5417,191,240.0,13.0,4.167581219211994,0.22574398270731633
Colorado,2020-04-09,5865,225,448.0,34.0,7.779484942529054,0.5904073393883658
Colorado,2020-04-10,6175,248,310.0,23.0,5.383125741482159,0.3993932001744827
Colorado,2020-04-11,6460,273,285.0,25.0,4.949002697814243,0.43412304366791604
Colorado,2020-04-12,6738,289,278.0,16.0,4.8274482455872265,0.2778387479474662
Colorado,2020-04-13,6982,289,244.0,0.0,4.23704090619886,0.0
Colorado,2020-04-14,7169,327,187.0,38.0,3.247240366636012,0.6598670263752323
Colorado,2020-04-15,7382,354,213.0,27.0,3.6987283320506443,0.46885288716134926
Colorado,2020-04-16,8579,371,1197.0,17.0,20.78581133081982,0.2952036696941829
Colorado,2020-04-17,8969,388,390.0,17.0,6.7723194812194905,0.2952036696941829
Colorado,2020-04-18,9346,408,377.0,20.0,6.5465754985121745,0.3472984349343328
Colorado,2020-04-19,9609,419,263.0,11.0,4.566974419386476,0.19101413921388302
Colorado,2020-04-20,9974,446,365.0,27.0,6.338196437551574,0.46885288716134926
Colorado,2020-04-21,10335,483,361.0,37.0,6.268736750564707,0.6425021046285156
Colorado,2020-04-22,10776,505,441.0,22.0,7.6579304903020375,0.38202827842776604
Colorado,2020-04-23,11148,549,372.0,44.0,6.459750889778591,0.7640565568555321
Colorado,2020-04-24,12143,658,995.0,109.0,17.278097137983057,1.8927764703921137
Colorado,2020-04-25,12827,668,684.0,10.0,11.877606474754181,0.1736492174671664
Colorado,2020-04-26,13257,676,430.0,8.0,7.466916351088155,0.1389193739737331
Colorado,2020-04-27,13692,701,435.0,25.0,7.553740959821738,0.43412304366791604
Colorado,2020-04-28,14139,732,447.0,31.0,7.762120020782338,0.5383125741482159
Colorado,2020-04-29,14598,762,459.0,30.0,7.970499081742939,0.5209476524014992
Colorado,2020-04-30,15103,773,505.0,11.0,8.769285482091902,0.19101413921388302
Colorado,2020-05-01,15565,816,462.0,43.0,8.022593846983089,0.7466916351088155
Colorado,2020-05-02,15998,828,433.0,12.0,7.519011116328305,0.2083790609605997
Colorado,2020-05-03,16382,838,384.0,10.0,6.66812995073919,0.1736492174671664
Colorado,2020-05-04,16664,847,282.0,9.0,4.896907932574092,0.15628429572044977
Colorado,2020-05-05,17175,896,511.0,49.0,8.873475012572204,0.8508811655891154
Colorado,2020-05-06,17666,916,491.0,20.0,8.526176577637871,0.3472984349343328
Colorado,2020-05-07,18218,939,552.0,23.0,9.585436804187585,0.3993932001744827
Colorado,2020-05-08,18687,954,469.0,15.0,8.144148299210105,0.2604738262007496
Colorado,2020-05-09,19192,962,505.0,8.0,8.769285482091902,0.1389193739737331
Colorado,2020-05-10,19475,966,283.0,4.0,4.914272854320809,0.06945968698686655
Colorado,2020-05-11,19722,983,247.0,17.0,4.28913567143901,0.2952036696941829
Colorado,2020-05-12,20051,1006,329.0,23.0,5.7130592546697745,0.3993932001744827
Colorado,2020-05-13,20382,1059,331.0,53.0,5.747789098163208,0.920340852575982
Colorado,2020-05-14,20759,1090,377.0,31.0,6.5465754985121745,0.5383125741482159
Colorado,2020-05-15,21163,1149,404.0,59.0,7.0154283856735224,1.0245303830562817
Colorado,2020-05-16,21547,1191,384.0,42.0,6.66812995073919,0.7293267133620989
Colorado,2020-05-17,21844,1213,297.0,22.0,5.157381758774842,0.38202827842776604
Colorado,2020-05-18,22118,1223,274.0,10.0,4.75798855860036,0.1736492174671664
Colorado,2020-05-19,22410,1256,292.0,33.0,5.070557150041259,0.5730424176416491
Colorado,2020-05-20,22729,1297,319.0,41.0,5.539410037202608,0.7119617916153823
Colorado,2020-05-21,23087,1307,358.0,10.0,6.216641985324557,0.1736492174671664
Colorado,2020-05-22,23391,1320,304.0,13.0,5.2789362110018585,0.22574398270731633
Colorado,2020-05-23,23828,1325,437.0,5.0,7.588470803315172,0.0868246087335832
Colorado,2020-05-24,24032,1329,204.0,4.0,3.5424440363301946,0.06945968698686655
Colorado,2020-05-25,24235,1332,203.0,3.0,3.525079114583478,0.05209476524014992
Colorado,2020-05-26,24529,1351,294.0,19.0,5.105286993534692,0.32993351318761616
Colorado,2020-05-27,24753,1392,224.0,41.0,3.889742471264527,0.7119617916153823
Colorado,2020-05-28,25107,1421,354.0,29.0,6.1471822983376905,0.5035827306547827
Colorado,2020-05-29,25598,1435,491.0,14.0,8.526176577637871,0.24310890445403294
Colorado,2020-05-30,26084,1442,486.0,7.0,8.439351968904287,0.12155445222701647
Colorado,2020-05-31,26364,1444,280.0,2.0,4.862178089080659,0.03472984349343328
Colorado,2020-06-01,26563,1456,199.0,12.0,3.4556194275966114,0.2083790609605997
Colorado,2020-06-02,26771,1472,208.0,16.0,3.611903723317061,0.2778387479474662
Colorado,2020-06-03,27044,1492,273.0,20.0,4.740623636853643,0.3472984349343328
Colorado,2020-06-04,27345,1509,301.0,17.0,5.226841445761709,0.2952036696941829
Colorado,2020-06-05,27601,1520,256.0,11.0,4.445419967159459,0.19101413921388302
Colorado,2020-06-06,27832,1524,231.0,4.0,4.011296923491544,0.06945968698686655
Colorado,2020-06-07,27985,1524,153.0,0.0,2.6568330272476457,0.0
Colorado,2020-06-08,28164,1540,179.0,16.0,3.1083209926622786,0.2778387479474662
Colorado,2020-06-09,28328,1551,164.0,11.0,2.8478471664615292,0.19101413921388302
Colorado,2020-06-10,28480,1571,152.0,20.0,2.6394681055009293,0.3472984349343328
Colorado,2020-06-11,28628,1582,148.0,11.0,2.5700084185140626,0.19101413921388302
Colorado,2020-06-12,28804,1594,176.0,12.0,3.0562262274221283,0.2083790609605997
Colorado,2020-06-13,29000,1597,196.0,3.0,3.4035246623564617,0.05209476524014992
Colorado,2020-06-14,29112,1598,112.0,1.0,1.9448712356322635,0.01736492174671664
Colorado,2020-06-15,29281,1603,169.0,5.0,2.9346717751951124,0.0868246087335832
Colorado,2020-06-16,29414,1616,133.0,13.0,2.309534592313313,0.22574398270731633
Colorado,2020-06-17,29655,1626,241.0,10.0,4.1849461409587105,0.1736492174671664
Colorado,2020-06-18,29884,1631,229.0,5.0,3.976567079998111,0.0868246087335832
Colorado,2020-06-19,30170,1635,286.0,4.0,4.966367619560959,0.06945968698686655
Colorado,2020-06-20,30332,1639,162.0,4.0,2.813117322968096,0.06945968698686655
Colorado,2020-06-21,30520,1639,188.0,0.0,3.264605288382729,0.0
Colorado,2020-06-22,30687,1643,167.0,4.0,2.899941931701679,0.06945968698686655
Colorado,2020-06-23,30875,1653,188.0,10.0,3.264605288382729,0.1736492174671664
Colorado,2020-06-24,31137,1655,262.0,2.0,4.54960949763976,0.03472984349343328
Colorado,2020-06-25,31462,1656,325.0,1.0,5.643599567682908,0.01736492174671664
Colorado,2020-06-26,31779,1664,317.0,8.0,5.504680193709175,0.1389193739737331
Colorado,2020-06-27,32006,1664,227.0,0.0,3.9418372365046777,0.0
Colorado,2020-06-28,32287,1664,281.0,0.0,4.879543010827376,0.0
Colorado,2020-06-29,32493,1672,206.0,8.0,3.577173879823628,0.1389193739737331
Colorado,2020-06-30,32696,1679,203.0,7.0,3.525079114583478,0.12155445222701647
Colorado,2020-07-01,33009,1686,313.0,7.0,5.435220506722309,0.12155445222701647
Colorado,2020-07-02,33335,1686,326.0,0.0,5.660964489429625,0.0
Colorado,2020-07-03,33593,1690,258.0,4.0,4.480149810652893,0.06945968698686655
Colorado,2020-07-04,33847,1690,254.0,0.0,4.4106901236660265,0.0
Colorado,2020-07-05,34043,1690,196.0,0.0,3.4035246623564617,0.0
Colorado,2020-07-06,34240,1692,197.0,2.0,3.420889584103178,0.03472984349343328
Colorado,2020-07-07,34647,1695,407.0,3.0,7.067523150913673,0.05209476524014992
Colorado,2020-07-08,35099,1700,452.0,5.0,7.848944629515922,0.0868246087335832
Colorado,2020-07-09,35507,1706,408.0,6.0,7.084888072660389,0.10418953048029984
Colorado,2020-07-10,36172,1724,665.0,18.0,11.547672961566565,0.31256859144089955
Colorado,2020-07-11,36574,1725,402.0,1.0,6.98069854218009,0.01736492174671664
Colorado,2020-07-12,36895,1725,321.0,0.0,5.574139880696042,0.0
Colorado,2020-07-13,37225,1727,330.0,2.0,5.730424176416491,0.03472984349343328
Colorado,2020-07-14,37663,1738,438.0,11.0,7.605835725061888,0.19101413921388302
Colorado,2020-07-15,38135,1744,472.0,6.0,8.196243064450254,0.10418953048029984
Colorado,2020-07-16,38707,1746,572.0,2.0,9.932735239121918,0.03472984349343328
Colorado,2020-07-17,39327,1752,620.0,6.0,10.766251482964318,0.10418953048029984
Colorado,2020-07-18,39769,1753,442.0,1.0,7.675295412048754,0.01736492174671664
Colorado,2020-07-19,40118,1753,349.0,0.0,6.060357689604108,0.0
Colorado,2020-07-20,40538,1758,420.0,5.0,7.293267133620989,0.0868246087335832
Colorado,2020-07-21,41028,1763,490.0,5.0,8.508811655891154,0.0868246087335832
Colorado,2020-07-22,41666,1771,638.0,8.0,11.078820074405217,0.1389193739737331
Colorado,2020-07-23,42294,1786,628.0,15.0,10.905170856938051,0.2604738262007496
Colorado,2020-07-24,42961,1790,667.0,4.0,11.58240280506,0.06945968698686655
Colorado,2020-07-25,43763,1794,802.0,4.0,13.926667240866745,0.06945968698686655
Colorado,2020-07-26,44310,1794,547.0,0.0,9.498612195454003,0.0
Colorado,2020-07-27,44548,1799,238.0,5.0,4.132851375718561,0.0868246087335832
Colorado,2020-07-28,45293,1807,745.0,8.0,12.936866701303897,0.1389193739737331
Colorado,2020-07-29,45778,1821,485.0,14.0,8.42198704715757,0.24310890445403294
Colorado,2020-07-30,46186,1822,408.0,1.0,7.084888072660389,0.01736492174671664
Colorado,2020-07-31,46790,1838,604.0,16.0,10.488412735016851,0.2778387479474662
Colorado,2020-08-01,47249,1841,459.0,3.0,7.970499081742939,0.05209476524014992
Colorado,2020-08-02,47697,1844,448.0,3.0,7.779484942529054,0.05209476524014992
Colorado,2020-08-03,47950,1844,253.0,0.0,4.39332520191931,0.0
Colorado,2020-08-04,48376,1849,426.0,5.0,7.397456664101289,0.0868246087335832
Colorado,2020-08-05,48967,1851,591.0,2.0,10.262668752309533,0.03472984349343328
Colorado,2020-08-06,49419,1853,452.0,2.0,7.848944629515922,0.03472984349343328
Colorado,2020-08-07,49876,1856,457.0,3.0,7.935769238249505,0.05209476524014992
Colorado,2020-08-08,50306,1858,430.0,2.0,7.466916351088155,0.03472984349343328
Colorado,2020-08-09,50641,1859,335.0,1.0,5.817248785150074,0.01736492174671664
Colorado,2020-08-10,51020,1864,379.0,5.0,6.581305342005607,0.0868246087335832
Colorado,2020-08-11,51422,1877,402.0,13.0,6.98069854218009,0.22574398270731633
Colorado,2020-08-12,51733,1877,311.0,0.0,5.400490663228876,0.0
Colorado,2020-08-13,52200,1883,467.0,6.0,8.109418455716671,0.10418953048029984
Colorado,2020-08-14,52518,1889,318.0,6.0,5.522045115455892,0.10418953048029984
Colorado,2020-08-15,52819,1897,301.0,8.0,5.226841445761709,0.1389193739737331
Colorado,2020-08-16,53156,1898,337.0,1.0,5.851978628643508,0.01736492174671664
Colorado,2020-08-17,53351,1898,195.0,0.0,3.3861597406097452,0.0
Colorado,2020-08-18,53612,1900,261.0,2.0,4.532244575893043,0.03472984349343328
Colorado,2020-08-19,53885,1902,273.0,2.0,4.740623636853643,0.03472984349343328
Colorado,2020-08-20,54215,1905,330.0,3.0,5.730424176416491,0.05209476524014992
Colorado,2020-08-21,54571,1912,356.0,7.0,6.181912141831123,0.12155445222701647
Colorado,2020-08-22,54869,1919,298.0,7.0,5.174746680521559,0.12155445222701647
Colorado,2020-08-23,55127,1919,258.0,0.0,4.480149810652893,0.0
Colorado,2020-08-24,55323,1920,196.0,1.0,3.4035246623564617,0.01736492174671664
Colorado,2020-08-25,55662,1926,339.0,6.0,5.886708472136941,0.10418953048029984
Colorado,2020-08-26,55970,1930,308.0,4.0,5.348395897988726,0.06945968698686655
Colorado,2020-08-27,56323,1933,353.0,3.0,6.129817376590974,0.05209476524014992
Colorado,2020-08-28,56743,1939,420.0,6.0,7.293267133620989,0.10418953048029984
Colorado,2020-08-29,57021,1946,278.0,7.0,4.8274482455872265,0.12155445222701647
Colorado,2020-08-30,57203,1946,182.0,0.0,3.1604157579024283,0.0
Colorado,2020-08-31,57399,1948,196.0,2.0,3.4035246623564617,0.03472984349343328
Colorado,2020-09-01,57754,1949,355.0,1.0,6.164547220084407,0.01736492174671664
Colorado,2020-09-02,57999,1954,245.0,5.0,4.254405827945577,0.0868246087335832
Colorado,2020-09-03,58265,1957,266.0,3.0,4.619069184626626,0.05209476524014992
Colorado,2020-09-04,58635,1969,370.0,12.0,6.425021046285158,0.2083790609605997
Colorado,2020-09-05,58635,1969,0.0,0.0,0.0,0.0
Colorado,2020-09-06,58967,1972,332.0,3.0,5.765154019909924,0.05209476524014992
Colorado,2020-09-07,59464,1975,497.0,3.0,8.63036610811817,0.05209476524014992
Colorado,2020-09-08,59655,1975,191.0,0.0,3.3167000536228786,0.0
Colorado,2020-09-09,59902,1978,247.0,3.0,4.28913567143901,0.05209476524014992
Colorado,2020-09-10,60168,1981,266.0,3.0,4.619069184626626,0.05209476524014992
Colorado,2020-09-11,60473,1987,305.0,6.0,5.296301132748575,0.10418953048029984
Colorado,2020-09-12,60887,1990,414.0,3.0,7.1890776031406896,0.05209476524014992
Colorado,2020-09-13,61301,1990,414.0,0.0,7.1890776031406896,0.0
Colorado,2020-09-14,61682,1992,381.0,2.0,6.61603518549904,0.03472984349343328
Colorado,2020-09-15,62078,1998,396.0,6.0,6.87650901169979,0.10418953048029984
Colorado,2020-09-16,62668,2004,590.0,6.0,10.245303830562818,0.10418953048029984
Colorado,2020-09-17,63123,2008,455.0,4.0,7.901039394756072,0.06945968698686655
Colorado,2020-09-18,63728,2011,605.0,3.0,10.505777656763566,0.05209476524014992
Colorado,2020-09-19,64330,2015,602.0,4.0,10.453682891523417,0.06945968698686655
Colorado,2020-09-20,64830,2016,500.0,1.0,8.68246087335832,0.01736492174671664
Colorado,2020-09-21,65375,2021,545.0,5.0,9.463882351960569,0.0868246087335832
Colorado,2020-09-22,66033,2027,658.0,6.0,11.426118509339549,0.10418953048029984
Colorado,2020-09-23,66648,2031,615.0,4.0,10.679426874230735,0.06945968698686655
Colorado,2020-09-24,67194,2034,546.0,3.0,9.481247273707286,0.05209476524014992
Colorado,2020-09-25,67904,2038,710.0,4.0,12.329094440168815,0.06945968698686655
Colorado,2020-09-26,68486,2041,582.0,3.0,10.106384456589085,0.05209476524014992
Colorado,2020-09-27,69056,2042,570.0,1.0,9.898005395628486,0.01736492174671664
Colorado,2020-09-28,69468,2046,412.0,4.0,7.154347759647256,0.06945968698686655
Colorado,2020-09-29,70000,2046,532.0,0.0,9.238138369253251,0.0
Colorado,2020-09-30,70514,2052,514.0,6.0,8.925569777812353,0.10418953048029984
Colorado,2020-10-01,71198,2055,684.0,3.0,11.877606474754181,0.05209476524014992
Connecticut,2020-02-01,0,0,0.0,0.0,0.0,0.0
Connecticut,2020-02-02,0,0,0.0,0.0,0.0,0.0
Connecticut,2020-02-03,0,0,0.0,0.0,0.0,0.0
Connecticut,2020-02-04,0,0,0.0,0.0,0.0,0.0
Connecticut,2020-02-05,0,0,0.0,0.0,0.0,0.0
Connecticut,2020-02-06,0,0,0.0,0.0,0.0,0.0
Connecticut,2020-02-07,0,0,0.0,0.0,0.0,0.0
Connecticut,2020-02-08,0,0,0.0,0.0,0.0,0.0
Connecticut,2020-02-09,0,0,0.0,0.0,0.0,0.0
Connecticut,2020-02-10,0,0,0.0,0.0,0.0,0.0
Connecticut,2020-02-11,0,0,0.0,0.0,0.0,0.0
Connecticut,2020-02-12,0,0,0.0,0.0,0.0,0.0
Connecticut,2020-02-13,0,0,0.0,0.0,0.0,0.0
Connecticut,2020-02-14,0,0,0.0,0.0,0.0,0.0
Connecticut,2020-02-15,0,0,0.0,0.0,0.0,0.0
Connecticut,2020-02-16,0,0,0.0,0.0,0.0,0.0
Connecticut,2020-02-17,0,0,0.0,0.0,0.0,0.0
Connecticut,2020-02-18,0,0,0.0,0.0,0.0,0.0
Connecticut,2020-02-19,0,0,0.0,0.0,0.0,0.0
Connecticut,2020-02-20,0,0,0.0,0.0,0.0,0.0
Connecticut,2020-02-21,0,0,0.0,0.0,0.0,0.0
Connecticut,2020-02-22,0,0,0.0,0.0,0.0,0.0
Connecticut,2020-02-23,0,0,0.0,0.0,0.0,0.0
Connecticut,2020-02-24,0,0,0.0,0.0,0.0,0.0
Connecticut,2020-02-25,0,0,0.0,0.0,0.0,0.0
Connecticut,2020-02-26,0,0,0.0,0.0,0.0,0.0
Connecticut,2020-02-27,0,0,0.0,0.0,0.0,0.0
Connecticut,2020-02-28,0,0,0.0,0.0,0.0,0.0
Connecticut,2020-02-29,0,0,0.0,0.0,0.0,0.0
Connecticut,2020-03-01,0,0,0.0,0.0,0.0,0.0
Connecticut,2020-03-02,0,0,0.0,0.0,0.0,0.0
Connecticut,2020-03-03,0,0,0.0,0.0,0.0,0.0
Connecticut,2020-03-04,0,0,0.0,0.0,0.0,0.0
Connecticut,2020-03-05,0,0,0.0,0.0,0.0,0.0
Connecticut,2020-03-06,0,0,0.0,0.0,0.0,0.0
Connecticut,2020-03-07,0,0,0.0,0.0,0.0,0.0
Connecticut,2020-03-08,0,0,0.0,0.0,0.0,0.0
Connecticut,2020-03-09,1,0,1.0,0.0,0.028048232863160806,0.0
Connecticut,2020-03-10,2,0,1.0,0.0,0.028048232863160806,0.0
Connecticut,2020-03-11,3,0,1.0,0.0,0.028048232863160806,0.0
Connecticut,2020-03-12,5,0,2.0,0.0,0.05609646572632161,0.0
Connecticut,2020-03-13,8,0,3.0,0.0,0.08414469858948243,0.0
Connecticut,2020-03-14,20,0,12.0,0.0,0.3365787943579297,0.0
Connecticut,2020-03-15,26,0,6.0,0.0,0.16828939717896485,0.0
Connecticut,2020-03-16,41,0,15.0,0.0,0.42072349294741207,0.0
Connecticut,2020-03-17,68,0,27.0,0.0,0.7573022873053418,0.0
Connecticut,2020-03-18,96,1,28.0,1.0,0.7853505201685025,0.028048232863160806
Connecticut,2020-03-19,158,3,62.0,2.0,1.73899043751597,0.05609646572632161
Connecticut,2020-03-20,193,4,35.0,1.0,0.9816881502106282,0.028048232863160806
Connecticut,2020-03-21,223,5,30.0,1.0,0.8414469858948241,0.028048232863160806
Connecticut,2020-03-22,327,8,104.0,3.0,2.9170162177687238,0.08414469858948243
Connecticut,2020-03-23,415,10,88.0,2.0,2.468244491958151,0.05609646572632161
Connecticut,2020-03-24,618,12,203.0,2.0,5.693791271221643,0.05609646572632161
Connecticut,2020-03-25,875,19,257.0,7.0,7.208395845832327,0.19633763004212562
Connecticut,2020-03-26,1012,21,137.0,2.0,3.84260790225303,0.05609646572632161
Connecticut,2020-03-27,1291,27,279.0,6.0,7.825456968821865,0.16828939717896485
Connecticut,2020-03-28,1524,33,233.0,6.0,6.535238257116468,0.16828939717896485
Connecticut,2020-03-29,1993,34,469.0,1.0,13.154621212822418,0.028048232863160806
Connecticut,2020-03-30,2395,36,402.0,2.0,11.275389610990644,0.05609646572632161
Connecticut,2020-03-31,3051,67,656.0,31.0,18.399640758233488,0.869495218757985
Connecticut,2020-04-01,3372,83,321.0,16.0,9.00348274907462,0.4487717258105729
Connecticut,2020-04-02,3650,110,278.0,27.0,7.797408735958704,0.7573022873053418
Connecticut,2020-04-03,4697,132,1047.0,22.0,29.36649980772936,0.6170611229895377
Connecticut,2020-04-04,5035,164,338.0,32.0,9.480302707748352,0.8975434516211458
Connecticut,2020-04-05,5453,188,418.0,24.0,11.724161336801217,0.6731575887158594
Connecticut,2020-04-06,6642,206,1189.0,18.0,33.3493488742982,0.5048681915368944
Connecticut,2020-04-07,7489,274,847.0,68.0,23.756853235097203,1.9072798346949347
Connecticut,2020-04-08,8415,333,926.0,59.0,25.972663631286903,1.6548457389264875
Connecticut,2020-04-09,9392,378,977.0,45.0,27.403123507308106,1.2621704788422363
Connecticut,2020-04-10,10131,444,739.0,66.0,20.727644085875834,1.8511833689686132
Connecticut,2020-04-11,11054,489,923.0,45.0,25.888518932697423,1.2621704788422363
Connecticut,2020-04-12,11534,550,480.0,61.0,13.463151774317186,1.710942204652809
Connecticut,2020-04-13,12890,598,1356.0,48.0,38.033403762446056,1.3463151774317188
Connecticut,2020-04-14,13456,667,566.0,69.0,15.875299800549017,1.9353280675580955
Connecticut,2020-04-15,14216,866,760.0,199.0,21.316656976002214,5.581598339769
Connecticut,2020-04-16,15350,969,1134.0,103.0,31.806696066824355,2.888967984905563
Connecticut,2020-04-17,16314,1034,964.0,65.0,27.038496480087016,1.8231351361054524
Connecticut,2020-04-18,17025,1083,711.0,49.0,19.94229356570733,1.3743634102948794
Connecticut,2020-04-19,17433,1123,408.0,40.0,11.443679008169608,1.1219293145264322
Connecticut,2020-04-20,19301,1327,1868.0,204.0,52.39409898838438,5.721839504084804
Connecticut,2020-04-21,19857,1419,556.0,92.0,15.594817471917407,2.5804374234107943
Connecticut,2020-04-22,21919,1535,2062.0,116.0,57.83545616383758,3.2535950121266533
Connecticut,2020-04-23,22578,1631,659.0,96.0,18.48378545682297,2.6926303548634376
Connecticut,2020-04-24,23414,1759,836.0,128.0,23.448322673602433,3.590173806484583
Connecticut,2020-04-25,24061,1858,647.0,99.0,18.14720666246504,2.7767750534529196
Connecticut,2020-04-26,24747,1923,686.0,65.0,19.241087744128315,1.8231351361054524
Connecticut,2020-04-27,25513,2010,766.0,87.0,21.484946373181177,2.44019625909499
Connecticut,2020-04-28,25821,2085,308.0,75.0,8.638855721853528,2.1036174647370602
Connecticut,2020-04-29,26260,2165,439.0,80.0,12.313174226927595,2.2438586290528644
Connecticut,2020-04-30,27238,2253,978.0,88.0,27.43117174017127,2.468244491958151
Connecticut,2020-05-01,28393,2337,1155.0,84.0,32.39570895695073,2.3560515605055077
Connecticut,2020-05-02,28975,2435,582.0,98.0,16.32407152635959,2.748726820589759
Connecticut,2020-05-03,28975,2493,0.0,58.0,0.0,1.6267975060633266
Connecticut,2020-05-04,29610,2553,635.0,60.0,17.81062786810711,1.6828939717896483
Connecticut,2020-05-05,30253,2631,643.0,78.0,18.0350137310124,2.1877621633265427
Connecticut,2020-05-06,30690,2716,437.0,85.0,12.257077761201272,2.3840997933686685
Connecticut,2020-05-07,31498,2794,808.0,78.0,22.66297215343393,2.1877621633265427
Connecticut,2020-05-08,32109,2871,611.0,77.0,17.137470279391252,2.159713930463382
Connecticut,2020-05-09,32738,2929,629.0,58.0,17.64233847092815,1.6267975060633266
Connecticut,2020-05-10,33254,2964,516.0,35.0,14.472888157390976,0.9816881502106282
Connecticut,2020-05-11,33492,3005,238.0,41.0,6.6754794214322715,1.149977547389593
Connecticut,2020-05-12,34070,3038,578.0,33.0,16.211878594906945,0.9255916844843066
Connecticut,2020-05-13,34605,3120,535.0,82.0,15.00580458179103,2.299955094779186
Connecticut,2020-05-14,35229,3216,624.0,96.0,17.50209730661234,2.6926303548634376
Connecticut,2020-05-15,35847,3282,618.0,66.0,17.33380790943338,1.8511833689686132
Connecticut,2020-05-16,36446,3336,599.0,54.0,16.800891485033322,1.5146045746106835
Connecticut,2020-05-17,37209,3406,763.0,70.0,21.400801674591694,1.9633763004212563
Connecticut,2020-05-18,37883,3446,674.0,40.0,18.904508949770385,1.1219293145264322
Connecticut,2020-05-19,38212,3469,329.0,23.0,9.227868611979906,0.6451093558526986
Connecticut,2020-05-20,38814,3526,602.0,57.0,16.885036183622805,1.5987492732001658
Connecticut,2020-05-21,39009,3579,195.0,53.0,5.469405408316358,1.4865563417475227
Connecticut,2020-05-22,39452,3635,443.0,56.0,12.425367158380238,1.570701040337005
Connecticut,2020-05-23,39807,3672,355.0,37.0,9.957122666422087,1.0377846159369497
Connecticut,2020-05-24,40255,3693,448.0,21.0,12.56560832269604,0.5890128901263769
Connecticut,2020-05-25,40649,3742,394.0,49.0,11.051003748085357,1.3743634102948794
Connecticut,2020-05-26,40977,3767,328.0,25.0,9.199820379116744,0.7012058215790201
Connecticut,2020-05-27,41060,3800,83.0,33.0,2.328003327642347,0.9255916844843066
Connecticut,2020-05-28,41341,3826,281.0,26.0,7.881553434548187,0.7292540544421809
Connecticut,2020-05-29,41536,3868,195.0,42.0,5.469405408316358,1.1780257802527538
Connecticut,2020-05-30,41793,3912,257.0,44.0,7.208395845832327,1.2341222459790755
Connecticut,2020-05-31,41967,3942,174.0,30.0,4.88039251818998,0.8414469858948241
Connecticut,2020-06-01,42498,3942,531.0,0.0,14.893611650338388,0.0
Connecticut,2020-06-02,42727,3972,229.0,30.0,6.423045325663825,0.8414469858948241
Connecticut,2020-06-03,42843,3989,116.0,17.0,3.2535950121266533,0.47681995867373367
Connecticut,2020-06-04,42997,4007,154.0,18.0,4.319427860926764,0.5048681915368944
Connecticut,2020-06-05,43215,4038,218.0,31.0,6.114514764169055,0.869495218757985
Connecticut,2020-06-06,43562,4055,347.0,17.0,9.7327368035168,0.47681995867373367
Connecticut,2020-06-07,43699,4071,137.0,16.0,3.84260790225303,0.4487717258105729
Connecticut,2020-06-08,43820,4084,121.0,13.0,3.3938361764424574,0.36462702722109047
Connecticut,2020-06-09,43891,4094,71.0,10.0,1.9914245332844172,0.28048232863160805
Connecticut,2020-06-10,44043,4118,152.0,24.0,4.263331395200442,0.6731575887158594
Connecticut,2020-06-11,44168,4146,125.0,28.0,3.5060291078951007,0.7853505201685025
Connecticut,2020-06-12,44399,4159,231.0,13.0,6.479141791390147,0.36462702722109047
Connecticut,2020-06-13,44695,4186,296.0,27.0,8.302276927495598,0.7573022873053418
Connecticut,2020-06-14,44784,4200,89.0,14.0,2.496292724821312,0.39267526008425124
Connecticut,2020-06-15,44856,4203,72.0,3.0,2.0194727661475778,0.08414469858948243
Connecticut,2020-06-16,44936,4209,80.0,6.0,2.2438586290528644,0.16828939717896485
Connecticut,2020-06-17,45002,4219,66.0,10.0,1.8511833689686132,0.28048232863160805
Connecticut,2020-06-18,45085,4226,83.0,7.0,2.328003327642347,0.19633763004212562
Connecticut,2020-06-19,45284,4238,199.0,12.0,5.581598339769,0.3365787943579297
Connecticut,2020-06-20,45439,4251,155.0,13.0,4.347476093789925,0.36462702722109047
Connecticut,2020-06-21,45479,4260,40.0,9.0,1.1219293145264322,0.2524340957684472
Connecticut,2020-06-22,45512,4263,33.0,3.0,0.9255916844843066,0.08414469858948243
Connecticut,2020-06-23,45635,4277,123.0,14.0,3.449932642168779,0.39267526008425124
Connecticut,2020-06-24,45651,4287,16.0,10.0,0.4487717258105729,0.28048232863160805
Connecticut,2020-06-25,45734,4298,83.0,11.0,2.328003327642347,0.3085305614947689
Connecticut,2020-06-26,45807,4307,73.0,9.0,2.0475209990107386,0.2524340957684472
Connecticut,2020-06-27,45954,4311,147.0,4.0,4.123090230884638,0.11219293145264322
Connecticut,2020-06-28,46051,4316,97.0,5.0,2.7206785877265984,0.14024116431580402
Connecticut,2020-06-29,46157,4318,106.0,2.0,2.9731126834950454,0.05609646572632161
Connecticut,2020-06-30,46309,4320,152.0,2.0,4.263331395200442,0.05609646572632161
Connecticut,2020-07-01,46363,4324,54.0,4.0,1.5146045746106835,0.11219293145264322
Connecticut,2020-07-02,46428,4326,65.0,2.0,1.8231351361054524,0.05609646572632161
Connecticut,2020-07-03,46504,4335,76.0,9.0,2.131665697600221,0.2524340957684472
Connecticut,2020-07-04,46504,4335,0.0,0.0,0.0,0.0
Connecticut,2020-07-05,46504,4335,0.0,0.0,0.0,0.0
Connecticut,2020-07-06,46748,4338,244.0,3.0,6.843768818611236,0.08414469858948243
Connecticut,2020-07-07,46805,4338,57.0,0.0,1.5987492732001658,0.0
Connecticut,2020-07-08,46880,4343,75.0,5.0,2.1036174647370602,0.14024116431580402
Connecticut,2020-07-09,46982,4348,102.0,5.0,2.860919752042402,0.14024116431580402
Connecticut,2020-07-10,47057,4348,75.0,0.0,2.1036174647370602,0.0
Connecticut,2020-07-11,47057,4348,0.0,0.0,0.0,0.0
Connecticut,2020-07-12,47057,4348,0.0,0.0,0.0,0.0
Connecticut,2020-07-13,47266,4369,209.0,21.0,5.862080668400608,0.5890128901263769
Connecticut,2020-07-14,47287,4372,21.0,3.0,0.5890128901263769,0.08414469858948243
Connecticut,2020-07-15,47394,4380,107.0,8.0,3.0011609163582063,0.22438586290528645
Connecticut,2020-07-16,47524,4388,130.0,8.0,3.646270272210905,0.22438586290528645
Connecticut,2020-07-17,47663,4395,139.0,7.0,3.898704367979352,0.19633763004212562
Connecticut,2020-07-18,47663,4395,0.0,0.0,0.0,0.0
Connecticut,2020-07-19,47663,4395,0.0,0.0,0.0,0.0
Connecticut,2020-07-20,47806,4405,143.0,10.0,4.010897299431995,0.28048232863160805
Connecticut,2020-07-21,47845,4405,39.0,0.0,1.0938810816632714,0.0
Connecticut,2020-07-22,47968,4406,123.0,1.0,3.449932642168779,0.028048232863160806
Connecticut,2020-07-23,47998,4410,30.0,4.0,0.8414469858948241,0.11219293145264322
Connecticut,2020-07-24,48554,4413,556.0,3.0,15.594817471917407,0.08414469858948243
Connecticut,2020-07-25,48554,4413,0.0,0.0,0.0,0.0
Connecticut,2020-07-26,48554,4413,0.0,0.0,0.0,0.0
Connecticut,2020-07-27,48741,4418,187.0,5.0,5.245019545411071,0.14024116431580402
Connecticut,2020-07-28,48832,4418,91.0,0.0,2.5523891905476335,0.0
Connecticut,2020-07-29,49290,4425,458.0,7.0,12.84609065132765,0.19633763004212562
Connecticut,2020-07-30,49426,4430,136.0,5.0,3.8145596693898693,0.14024116431580402
Connecticut,2020-07-31,49567,4431,141.0,1.0,3.9548008337056735,0.028048232863160806
Connecticut,2020-08-01,49567,4431,0.0,0.0,0.0,0.0
Connecticut,2020-08-02,49567,4431,0.0,0.0,0.0,0.0
Connecticut,2020-08-03,49819,4434,252.0,3.0,7.068154681516523,0.08414469858948243
Connecticut,2020-08-04,49868,4434,49.0,0.0,1.3743634102948794,0.0
Connecticut,2020-08-05,49969,4434,101.0,0.0,2.8328715191792413,0.0
Connecticut,2020-08-06,50011,4436,42.0,2.0,1.1780257802527538,0.05609646572632161
Connecticut,2020-08-07,50083,4440,72.0,4.0,2.0194727661475778,0.11219293145264322
Connecticut,2020-08-08,50083,4440,0.0,0.0,0.0,0.0
Connecticut,2020-08-09,50083,4440,0.0,0.0,0.0,0.0
Connecticut,2020-08-10,50330,4443,247.0,3.0,6.927913517200719,0.08414469858948243
Connecticut,2020-08-11,50440,4443,110.0,0.0,3.0853056149476883,0.0
Connecticut,2020-08-12,50451,4449,11.0,6.0,0.3085305614947689,0.16828939717896485
Connecticut,2020-08-13,50566,4449,115.0,0.0,3.2255467792634924,0.0
Connecticut,2020-08-14,50681,4452,115.0,3.0,3.2255467792634924,0.08414469858948243
Connecticut,2020-08-15,50681,4452,0.0,0.0,0.0,0.0
Connecticut,2020-08-16,50681,4452,0.0,0.0,0.0,0.0
Connecticut,2020-08-17,51020,4453,339.0,1.0,9.508350940611514,0.028048232863160806
Connecticut,2020-08-18,51041,4453,21.0,0.0,0.5890128901263769,0.0
Connecticut,2020-08-19,51101,4453,60.0,0.0,1.6828939717896483,0.0
Connecticut,2020-08-20,51220,4454,119.0,1.0,3.3377397107161357,0.028048232863160806
Connecticut,2020-08-21,51305,4457,85.0,3.0,2.3840997933686685,0.08414469858948243
Connecticut,2020-08-22,51305,4457,0.0,0.0,0.0,0.0
Connecticut,2020-08-23,51305,4457,0.0,0.0,0.0,0.0
Connecticut,2020-08-24,51777,4457,472.0,0.0,13.2387659114119,0.0
Connecticut,2020-08-25,51814,4461,37.0,4.0,1.0377846159369497,0.11219293145264322
Connecticut,2020-08-26,51999,4462,185.0,1.0,5.188923079684749,0.028048232863160806
Connecticut,2020-08-27,52146,4463,147.0,1.0,4.123090230884638,0.028048232863160806
Connecticut,2020-08-28,52391,4463,245.0,0.0,6.871817051474397,0.0
Connecticut,2020-08-29,52391,4463,0.0,0.0,0.0,0.0
Connecticut,2020-08-30,52391,4463,0.0,0.0,0.0,0.0
Connecticut,2020-08-31,52769,4465,378.0,2.0,10.602232022274785,0.05609646572632161
Connecticut,2020-09-01,52899,4466,130.0,1.0,3.646270272210905,0.028048232863160806
Connecticut,2020-09-02,53001,4467,102.0,1.0,2.860919752042402,0.028048232863160806
Connecticut,2020-09-03,53112,4468,111.0,1.0,3.113353847810849,0.028048232863160806
Connecticut,2020-09-04,53265,4468,153.0,0.0,4.291379628063603,0.0
Connecticut,2020-09-05,53265,4468,0.0,0.0,0.0,0.0
Connecticut,2020-09-06,53265,4468,0.0,0.0,0.0,0.0
Connecticut,2020-09-07,53265,4468,0.0,0.0,0.0,0.0
Connecticut,2020-09-08,53670,4474,405.0,6.0,11.359534309580127,0.16828939717896485
Connecticut,2020-09-09,53760,4474,90.0,0.0,2.5243409576844726,0.0
Connecticut,2020-09-10,53990,4478,230.0,4.0,6.451093558526985,0.11219293145264322
Connecticut,2020-09-11,54219,4480,229.0,2.0,6.423045325663825,0.05609646572632161
Connecticut,2020-09-12,54219,4480,0.0,0.0,0.0,0.0
Connecticut,2020-09-13,54219,4480,0.0,0.0,0.0,0.0
Connecticut,2020-09-14,54769,4485,550.0,5.0,15.426528074738444,0.14024116431580402
Connecticut,2020-09-15,54905,4485,136.0,0.0,3.8145596693898693,0.0
Connecticut,2020-09-16,55034,4487,129.0,2.0,3.618222039347744,0.05609646572632161
Connecticut,2020-09-17,55264,4488,230.0,1.0,6.451093558526985,0.028048232863160806
Connecticut,2020-09-18,55406,4492,142.0,4.0,3.9828490665688343,0.11219293145264322
Connecticut,2020-09-19,55406,4492,0.0,0.0,0.0,0.0
Connecticut,2020-09-20,55406,4492,0.0,0.0,0.0,0.0
Connecticut,2020-09-21,55882,4494,476.0,2.0,13.350958842864543,0.05609646572632161
Connecticut,2020-09-22,56023,4496,141.0,2.0,3.9548008337056735,0.05609646572632161
Connecticut,2020-09-23,56180,4497,157.0,1.0,4.403572559516246,0.028048232863160806
Connecticut,2020-09-24,56342,4499,162.0,2.0,4.54381372383205,0.05609646572632161
Connecticut,2020-09-25,56455,4501,113.0,2.0,3.1694503135371708,0.05609646572632161
Connecticut,2020-09-26,56455,4501,0.0,0.0,0.0,0.0
Connecticut,2020-09-27,56455,4501,0.0,0.0,0.0,0.0
Connecticut,2020-09-28,57000,4503,545.0,2.0,15.286286910422639,0.05609646572632161
Connecticut,2020-09-29,57183,4505,183.0,2.0,5.132826613958428,0.05609646572632161
Connecticut,2020-09-30,57399,4508,216.0,3.0,6.058418298442734,0.08414469858948243
Connecticut,2020-10-01,57613,4511,214.0,3.0,6.0023218327164125,0.08414469858948243
Delaware,2020-02-01,0,0,0.0,0.0,0.0,0.0
Delaware,2020-02-02,0,0,0.0,0.0,0.0,0.0
Delaware,2020-02-03,0,0,0.0,0.0,0.0,0.0
Delaware,2020-02-04,0,0,0.0,0.0,0.0,0.0
Delaware,2020-02-05,0,0,0.0,0.0,0.0,0.0
Delaware,2020-02-06,0,0,0.0,0.0,0.0,0.0
Delaware,2020-02-07,0,0,0.0,0.0,0.0,0.0
Delaware,2020-02-08,0,0,0.0,0.0,0.0,0.0
Delaware,2020-02-09,0,0,0.0,0.0,0.0,0.0
Delaware,2020-02-10,0,0,0.0,0.0,0.0,0.0
Delaware,2020-02-11,0,0,0.0,0.0,0.0,0.0
Delaware,2020-02-12,0,0,0.0,0.0,0.0,0.0
Delaware,2020-02-13,0,0,0.0,0.0,0.0,0.0
Delaware,2020-02-14,0,0,0.0,0.0,0.0,0.0
Delaware,2020-02-15,0,0,0.0,0.0,0.0,0.0
Delaware,2020-02-16,0,0,0.0,0.0,0.0,0.0
Delaware,2020-02-17,0,0,0.0,0.0,0.0,0.0
Delaware,2020-02-18,0,0,0.0,0.0,0.0,0.0
Delaware,2020-02-19,0,0,0.0,0.0,0.0,0.0
Delaware,2020-02-20,0,0,0.0,0.0,0.0,0.0
Delaware,2020-02-21,0,0,0.0,0.0,0.0,0.0
Delaware,2020-02-22,0,0,0.0,0.0,0.0,0.0
Delaware,2020-02-23,0,0,0.0,0.0,0.0,0.0
Delaware,2020-02-24,0,0,0.0,0.0,0.0,0.0
Delaware,2020-02-25,0,0,0.0,0.0,0.0,0.0
Delaware,2020-02-26,0,0,0.0,0.0,0.0,0.0
Delaware,2020-02-27,0,0,0.0,0.0,0.0,0.0
Delaware,2020-02-28,0,0,0.0,0.0,0.0,0.0
Delaware,2020-02-29,0,0,0.0,0.0,0.0,0.0
Delaware,2020-03-01,0,0,0.0,0.0,0.0,0.0
Delaware,2020-03-02,0,0,0.0,0.0,0.0,0.0
Delaware,2020-03-03,0,0,0.0,0.0,0.0,0.0
Delaware,2020-03-04,0,0,0.0,0.0,0.0,0.0
Delaware,2020-03-05,0,0,0.0,0.0,0.0,0.0
Delaware,2020-03-06,0,0,0.0,0.0,0.0,0.0
Delaware,2020-03-07,0,0,0.0,0.0,0.0,0.0
Delaware,2020-03-08,0,0,0.0,0.0,0.0,0.0
Delaware,2020-03-09,0,0,0.0,0.0,0.0,0.0
Delaware,2020-03-10,0,0,0.0,0.0,0.0,0.0
Delaware,2020-03-11,0,0,0.0,0.0,0.0,0.0
Delaware,2020-03-12,4,0,4.0,0.0,0.4107771492887393,0.0
Delaware,2020-03-13,4,0,0.0,0.0,0.0,0.0
Delaware,2020-03-14,6,0,2.0,0.0,0.20538857464436966,0.0
Delaware,2020-03-15,7,0,1.0,0.0,0.10269428732218483,0.0
Delaware,2020-03-16,8,0,1.0,0.0,0.10269428732218483,0.0
Delaware,2020-03-17,17,0,9.0,0.0,0.9242485858996636,0.0
Delaware,2020-03-18,26,0,9.0,0.0,0.9242485858996636,0.0
Delaware,2020-03-19,30,0,4.0,0.0,0.4107771492887393,0.0
Delaware,2020-03-20,39,0,9.0,0.0,0.9242485858996636,0.0
Delaware,2020-03-21,45,0,6.0,0.0,0.616165723933109,0.0
Delaware,2020-03-22,56,0,11.0,0.0,1.1296371605440332,0.0
Delaware,2020-03-23,87,0,31.0,0.0,3.18352290698773,0.0
Delaware,2020-03-24,104,0,17.0,0.0,1.7458028844771425,0.0
Delaware,2020-03-25,119,0,15.0,0.0,1.5404143098327727,0.0
Delaware,2020-03-26,119,0,0.0,0.0,0.0,0.0
Delaware,2020-03-27,165,2,46.0,2.0,4.723937216820502,0.20538857464436966
Delaware,2020-03-28,214,5,49.0,3.0,5.032020078787058,0.3080828619665545
Delaware,2020-03-29,232,6,18.0,1.0,1.8484971717993273,0.10269428732218483
Delaware,2020-03-30,264,7,32.0,1.0,3.2862171943099145,0.10269428732218483
Delaware,2020-03-31,319,10,55.0,3.0,5.648185802720166,0.3080828619665545
Delaware,2020-04-01,368,11,49.0,1.0,5.032020078787058,0.10269428732218483
Delaware,2020-04-02,393,12,25.0,1.0,2.567357183054621,0.10269428732218483
Delaware,2020-04-03,450,14,57.0,2.0,5.853574377364536,0.20538857464436966
Delaware,2020-04-04,593,14,143.0,0.0,14.685283087072433,0.0
Delaware,2020-04-05,673,14,80.0,0.0,8.215542985774787,0.0
Delaware,2020-04-06,783,15,110.0,1.0,11.296371605440331,0.10269428732218483
Delaware,2020-04-07,928,16,145.0,1.0,14.890671661716803,0.10269428732218483
Delaware,2020-04-08,1116,19,188.0,3.0,19.30652601657075,0.3080828619665545
Delaware,2020-04-09,1209,23,93.0,4.0,9.550568720963192,0.4107771492887393
Delaware,2020-04-10,1317,32,108.0,9.0,11.090983030795963,0.9242485858996636
Delaware,2020-04-11,1466,33,149.0,1.0,15.301448811005542,0.10269428732218483
Delaware,2020-04-12,1625,35,159.0,2.0,16.32839168422739,0.20538857464436966
Delaware,2020-04-13,1758,35,133.0,0.0,13.658340213850584,0.0
Delaware,2020-04-14,1915,43,157.0,8.0,16.12300310958302,0.8215542985774786
Delaware,2020-04-15,1997,46,82.0,3.0,8.420931560419156,0.3080828619665545
Delaware,2020-04-16,2053,52,56.0,6.0,5.750880090042351,0.616165723933109
Delaware,2020-04-17,2295,61,242.0,9.0,24.852017531968734,0.9242485858996636
Delaware,2020-04-18,2508,67,213.0,6.0,21.87388319962537,0.616165723933109
Delaware,2020-04-19,2508,67,0.0,0.0,0.0,0.0
Delaware,2020-04-20,2714,72,206.0,5.0,21.155023188370077,0.5134714366109242
Delaware,2020-04-21,2901,82,187.0,10.0,19.203831729248563,1.0269428732218484
Delaware,2020-04-22,3172,89,271.0,7.0,27.830151864312093,0.7188600112552939
Delaware,2020-04-23,3305,92,133.0,3.0,13.658340213850584,0.3080828619665545
Delaware,2020-04-24,3438,100,133.0,8.0,13.658340213850584,0.8215542985774786
Delaware,2020-04-25,3573,112,135.0,12.0,13.863728788494955,1.232331447866218
Delaware,2020-04-26,4025,120,452.0,8.0,46.41781786962755,0.8215542985774786
Delaware,2020-04-27,4151,125,126.0,5.0,12.939480202595291,0.5134714366109242
Delaware,2020-04-28,4543,137,392.0,12.0,40.25616063029646,1.232331447866218
Delaware,2020-04-29,4629,144,86.0,7.0,8.831708709707897,0.7188600112552939
Delaware,2020-04-30,4709,152,80.0,8.0,8.215542985774787,0.8215542985774786
Delaware,2020-05-01,4894,159,185.0,7.0,18.998443154604196,0.7188600112552939
Delaware,2020-05-02,5016,168,122.0,9.0,12.528703053306552,0.9242485858996636
Delaware,2020-05-03,5185,177,169.0,9.0,17.355334557449236,0.9242485858996636
Delaware,2020-05-04,5264,182,79.0,5.0,8.112848698452602,0.5134714366109242
Delaware,2020-05-05,5346,187,82.0,5.0,8.420931560419156,0.5134714366109242
Delaware,2020-05-06,5742,193,396.0,6.0,40.6669377795852,0.616165723933109
Delaware,2020-05-07,5909,202,167.0,9.0,17.14994598280487,0.9242485858996636
Delaware,2020-05-08,6083,202,174.0,0.0,17.86880599406016,0.0
Delaware,2020-05-09,6250,202,167.0,0.0,17.14994598280487,0.0
Delaware,2020-05-10,6406,202,156.0,0.0,16.020308822260834,0.0
Delaware,2020-05-11,6525,223,119.0,21.0,12.220620191339995,2.156580033765882
Delaware,2020-05-12,6705,236,180.0,13.0,18.48497171799327,1.335025735188403
Delaware,2020-05-13,6916,246,211.0,10.0,21.668494624981,1.0269428732218484
Delaware,2020-05-14,7178,259,262.0,13.0,26.90590327841243,1.335025735188403
Delaware,2020-05-15,7330,270,152.0,11.0,15.609531672972096,1.1296371605440332
Delaware,2020-05-16,7501,285,171.0,15.0,17.560723132093607,1.5404143098327727
Delaware,2020-05-17,7618,289,117.0,4.0,12.015231616695626,0.4107771492887393
Delaware,2020-05-18,7818,296,200.0,7.0,20.53885746443697,0.7188600112552939
Delaware,2020-05-19,7987,303,169.0,7.0,17.355334557449236,0.7188600112552939
Delaware,2020-05-20,8146,309,159.0,6.0,16.32839168422739,0.616165723933109
Delaware,2020-05-21,8340,316,194.0,7.0,19.922691740503858,0.7188600112552939
Delaware,2020-05-22,8476,321,136.0,5.0,13.96642307581714,0.5134714366109242
Delaware,2020-05-23,8637,323,161.0,2.0,16.533780258871758,0.20538857464436966
Delaware,2020-05-24,8752,325,115.0,2.0,11.809843042051256,0.20538857464436966
Delaware,2020-05-25,8910,331,158.0,6.0,16.225697396905204,0.616165723933109
Delaware,2020-05-26,9008,335,98.0,4.0,10.064040157574116,0.4107771492887393
Delaware,2020-05-27,9042,344,34.0,9.0,3.491605768954285,0.9242485858996636
Delaware,2020-05-28,9118,345,76.0,1.0,7.804765836486048,0.10269428732218483
Delaware,2020-05-29,9185,356,67.0,11.0,6.880517250586385,1.1296371605440332
Delaware,2020-05-30,9370,361,185.0,5.0,18.998443154604196,0.5134714366109242
Delaware,2020-05-31,9447,366,77.0,5.0,7.907460123808233,0.5134714366109242
Delaware,2020-06-01,9550,368,103.0,2.0,10.577511594185038,0.20538857464436966
Delaware,2020-06-02,9632,373,82.0,5.0,8.420931560419156,0.5134714366109242
Delaware,2020-06-03,9659,375,27.0,2.0,2.7727457576989907,0.20538857464436966
Delaware,2020-06-04,9693,385,34.0,10.0,3.491605768954285,1.0269428732218484
Delaware,2020-06-05,9724,388,31.0,3.0,3.18352290698773,0.3080828619665545
Delaware,2020-06-06,9833,390,109.0,2.0,11.193677318118148,0.20538857464436966
Delaware,2020-06-07,9927,398,94.0,8.0,9.653263008285375,0.8215542985774786
Delaware,2020-06-08,9961,398,34.0,0.0,3.491605768954285,0.0
Delaware,2020-06-09,10008,410,47.0,12.0,4.8266315041426875,1.232331447866218
Delaware,2020-06-10,10042,413,34.0,3.0,3.491605768954285,0.3080828619665545
Delaware,2020-06-11,10042,414,0.0,1.0,0.0,0.10269428732218483
Delaware,2020-06-12,10157,414,115.0,0.0,11.809843042051256,0.0
Delaware,2020-06-13,10214,419,57.0,5.0,5.853574377364536,0.5134714366109242
Delaware,2020-06-14,10250,422,36.0,3.0,3.6969943435986545,0.3080828619665545
Delaware,2020-06-15,10326,423,76.0,1.0,7.804765836486048,0.10269428732218483
Delaware,2020-06-16,10387,424,61.0,1.0,6.264351526653276,0.10269428732218483
Delaware,2020-06-17,10430,426,43.0,2.0,4.415854354853948,0.20538857464436966
Delaware,2020-06-18,10485,431,55.0,5.0,5.648185802720166,0.5134714366109242
Delaware,2020-06-19,10594,433,109.0,2.0,11.193677318118148,0.20538857464436966
Delaware,2020-06-20,10662,434,68.0,1.0,6.98321153790857,0.10269428732218483
Delaware,2020-06-21,10755,435,93.0,1.0,9.550568720963192,0.10269428732218483
Delaware,2020-06-22,10803,435,48.0,0.0,4.929325791464872,0.0
Delaware,2020-06-23,10830,503,27.0,68.0,2.7727457576989907,6.98321153790857
Delaware,2020-06-24,10867,504,37.0,1.0,3.7996886309208393,0.10269428732218483
Delaware,2020-06-25,10940,506,73.0,2.0,7.4966829745194925,0.20538857464436966
Delaware,2020-06-26,10994,506,54.0,0.0,5.545491515397981,0.0
Delaware,2020-06-27,11065,506,71.0,0.0,7.291294399875124,0.0
Delaware,2020-06-28,11196,506,131.0,0.0,13.452951639206216,0.0
Delaware,2020-06-29,11340,506,144.0,0.0,14.787977374394618,0.0
Delaware,2020-06-30,11437,507,97.0,1.0,9.961345870251929,0.10269428732218483
Delaware,2020-07-01,11468,508,31.0,1.0,3.18352290698773,0.10269428732218483
Delaware,2020-07-02,11678,510,210.0,2.0,21.565800337658814,0.20538857464436966
Delaware,2020-07-03,11854,510,176.0,0.0,18.07419456870453,0.0
Delaware,2020-07-04,12047,512,193.0,2.0,19.819997453181674,0.20538857464436966
Delaware,2020-07-05,12047,512,0.0,0.0,0.0,0.0
Delaware,2020-07-06,12202,512,155.0,0.0,15.91761453493865,0.0
Delaware,2020-07-07,12316,514,114.0,2.0,11.707148754729072,0.20538857464436966
Delaware,2020-07-08,12361,515,45.0,1.0,4.621242929498318,0.10269428732218483
Delaware,2020-07-09,12429,516,68.0,1.0,6.98321153790857,0.10269428732218483
Delaware,2020-07-10,12548,516,119.0,0.0,12.220620191339995,0.0
Delaware,2020-07-11,12637,516,89.0,0.0,9.13979157167445,0.0
Delaware,2020-07-12,12700,516,63.0,0.0,6.469740101297646,0.0
Delaware,2020-07-13,12773,516,73.0,0.0,7.4966829745194925,0.0
Delaware,2020-07-14,12855,521,82.0,5.0,8.420931560419156,0.5134714366109242
Delaware,2020-07-15,12933,521,78.0,0.0,8.010154411130417,0.0
Delaware,2020-07-16,12993,521,60.0,0.0,6.161657239331091,0.0
Delaware,2020-07-17,13223,523,230.0,2.0,23.61968608410251,0.20538857464436966
Delaware,2020-07-18,13287,523,64.0,0.0,6.572434388619829,0.0
Delaware,2020-07-19,13374,523,87.0,0.0,8.93440299703008,0.0
Delaware,2020-07-20,13471,523,97.0,0.0,9.961345870251929,0.0
Delaware,2020-07-21,13588,525,117.0,2.0,12.015231616695626,0.20538857464436966
Delaware,2020-07-22,13631,527,43.0,2.0,4.415854354853948,0.20538857464436966
Delaware,2020-07-23,13761,529,130.0,2.0,13.35025735188403,0.20538857464436966
Delaware,2020-07-24,13987,578,226.0,49.0,23.208908934813774,5.032020078787058
Delaware,2020-07-25,13993,579,6.0,1.0,0.616165723933109,0.10269428732218483
Delaware,2020-07-26,14103,579,110.0,0.0,11.296371605440331,0.0
Delaware,2020-07-27,14214,579,111.0,0.0,11.399065892762518,0.0
Delaware,2020-07-28,14399,579,185.0,0.0,18.998443154604196,0.0
Delaware,2020-07-29,14477,581,78.0,2.0,8.010154411130417,0.20538857464436966
Delaware,2020-07-30,14570,581,93.0,0.0,9.550568720963192,0.0
Delaware,2020-07-31,14656,583,86.0,2.0,8.831708709707897,0.20538857464436966
Delaware,2020-08-01,14656,585,0.0,2.0,0.0,0.20538857464436966
Delaware,2020-08-02,14723,585,67.0,0.0,6.880517250586385,0.0
Delaware,2020-08-03,14826,585,103.0,0.0,10.577511594185038,0.0
Delaware,2020-08-04,14905,587,79.0,2.0,8.112848698452602,0.20538857464436966
Delaware,2020-08-05,15058,587,153.0,0.0,15.712225960294282,0.0
Delaware,2020-08-06,15125,587,67.0,0.0,6.880517250586385,0.0
Delaware,2020-08-07,15201,588,76.0,1.0,7.804765836486048,0.10269428732218483
Delaware,2020-08-08,15259,590,58.0,2.0,5.956268664686721,0.20538857464436966
Delaware,2020-08-09,15332,591,73.0,1.0,7.4966829745194925,0.10269428732218483
Delaware,2020-08-10,15385,591,53.0,0.0,5.442797228075796,0.0
Delaware,2020-08-11,15449,591,64.0,0.0,6.572434388619829,0.0
Delaware,2020-08-12,15599,591,150.0,0.0,15.404143098327724,0.0
Delaware,2020-08-13,15709,592,110.0,1.0,11.296371605440331,0.10269428732218483
Delaware,2020-08-14,16080,592,371.0,0.0,38.09958059653057,0.0
Delaware,2020-08-15,16137,592,57.0,0.0,5.853574377364536,0.0
Delaware,2020-08-16,16190,592,53.0,0.0,5.442797228075796,0.0
Delaware,2020-08-17,16273,592,83.0,0.0,8.523625847741341,0.0
Delaware,2020-08-18,16328,592,55.0,0.0,5.648185802720166,0.0
Delaware,2020-08-19,16374,595,46.0,3.0,4.723937216820502,0.3080828619665545
Delaware,2020-08-20,16438,595,64.0,0.0,6.572434388619829,0.0
Delaware,2020-08-21,16474,600,36.0,5.0,3.6969943435986545,0.5134714366109242
Delaware,2020-08-22,16522,600,48.0,0.0,4.929325791464872,0.0
Delaware,2020-08-23,16585,600,63.0,0.0,6.469740101297646,0.0
Delaware,2020-08-24,16626,603,41.0,3.0,4.210465780209578,0.3080828619665545
Delaware,2020-08-25,16654,603,28.0,0.0,2.8754400450211755,0.0
Delaware,2020-08-26,16693,604,39.0,1.0,4.005077205565208,0.10269428732218483
Delaware,2020-08-27,16701,604,8.0,0.0,0.8215542985774786,0.0
Delaware,2020-08-28,16804,604,103.0,0.0,10.577511594185038,0.0
Delaware,2020-08-29,17034,604,230.0,0.0,23.61968608410251,0.0
Delaware,2020-08-30,17064,604,30.0,0.0,3.0808286196655454,0.0
Delaware,2020-08-31,17144,605,80.0,1.0,8.215542985774787,0.10269428732218483
Delaware,2020-09-01,17224,605,80.0,0.0,8.215542985774787,0.0
Delaware,2020-09-02,17259,606,35.0,1.0,3.5943000562764698,0.10269428732218483
Delaware,2020-09-03,17361,606,102.0,0.0,10.474817306862855,0.0
Delaware,2020-09-04,17458,606,97.0,0.0,9.961345870251929,0.0
Delaware,2020-09-05,17589,608,131.0,2.0,13.452951639206216,0.20538857464436966
Delaware,2020-09-06,17709,609,120.0,1.0,12.323314478662182,0.10269428732218483
Delaware,2020-09-07,17796,609,87.0,0.0,8.93440299703008,0.0
Delaware,2020-09-08,17853,609,57.0,0.0,5.853574377364536,0.0
Delaware,2020-09-09,17853,609,0.0,0.0,0.0,0.0
Delaware,2020-09-10,18005,613,152.0,4.0,15.609531672972096,0.4107771492887393
Delaware,2020-09-11,18098,613,93.0,0.0,9.550568720963192,0.0
Delaware,2020-09-12,18262,613,164.0,0.0,16.841863120838312,0.0
Delaware,2020-09-13,18384,615,122.0,2.0,12.528703053306552,0.20538857464436966
Delaware,2020-09-14,18467,617,83.0,2.0,8.523625847741341,0.20538857464436966
Delaware,2020-09-15,18644,618,177.0,1.0,18.176888856026718,0.10269428732218483
Delaware,2020-09-16,18748,619,104.0,1.0,10.680205881507224,0.10269428732218483
Delaware,2020-09-17,18824,619,76.0,0.0,7.804765836486048,0.0
Delaware,2020-09-18,18889,620,65.0,1.0,6.675128675942015,0.10269428732218483
Delaware,2020-09-19,18973,621,84.0,1.0,8.626320135063528,0.10269428732218483
Delaware,2020-09-20,19086,621,113.0,0.0,11.604454467406887,0.0
Delaware,2020-09-21,19187,627,101.0,6.0,10.372123019540668,0.616165723933109
Delaware,2020-09-22,19279,628,92.0,1.0,9.447874433641005,0.10269428732218483
Delaware,2020-09-23,19348,629,69.0,1.0,7.085905825230754,0.10269428732218483
Delaware,2020-09-24,19459,630,111.0,1.0,11.399065892762518,0.10269428732218483
Delaware,2020-09-25,19598,631,139.0,1.0,14.274505937783694,0.10269428732218483
Delaware,2020-09-26,19667,633,69.0,2.0,7.085905825230754,0.20538857464436966
Delaware,2020-09-27,19771,633,104.0,0.0,10.680205881507224,0.0
Delaware,2020-09-28,19896,634,125.0,1.0,12.836785915273106,0.10269428732218483
Delaware,2020-09-29,20040,635,144.0,1.0,14.787977374394618,0.10269428732218483
Delaware,2020-09-30,20122,636,82.0,1.0,8.420931560419156,0.10269428732218483
Delaware,2020-10-01,20296,636,174.0,0.0,17.86880599406016,0.0
District of Columbia,2020-02-01,0,0,0.0,0.0,0.0,0.0
District of Columbia,2020-02-02,0,0,0.0,0.0,0.0,0.0
District of Columbia,2020-02-03,0,0,0.0,0.0,0.0,0.0
District of Columbia,2020-02-04,0,0,0.0,0.0,0.0,0.0
District of Columbia,2020-02-05,0,0,0.0,0.0,0.0,0.0
District of Columbia,2020-02-06,0,0,0.0,0.0,0.0,0.0
District of Columbia,2020-02-07,0,0,0.0,0.0,0.0,0.0
District of Columbia,2020-02-08,0,0,0.0,0.0,0.0,0.0
District of Columbia,2020-02-09,0,0,0.0,0.0,0.0,0.0
District of Columbia,2020-02-10,0,0,0.0,0.0,0.0,0.0
District of Columbia,2020-02-11,0,0,0.0,0.0,0.0,0.0
District of Columbia,2020-02-12,0,0,0.0,0.0,0.0,0.0
District of Columbia,2020-02-13,0,0,0.0,0.0,0.0,0.0
District of Columbia,2020-02-14,0,0,0.0,0.0,0.0,0.0
District of Columbia,2020-02-15,0,0,0.0,0.0,0.0,0.0
District of Columbia,2020-02-16,0,0,0.0,0.0,0.0,0.0
District of Columbia,2020-02-17,0,0,0.0,0.0,0.0,0.0
District of Columbia,2020-02-18,0,0,0.0,0.0,0.0,0.0
District of Columbia,2020-02-19,0,0,0.0,0.0,0.0,0.0
District of Columbia,2020-02-20,0,0,0.0,0.0,0.0,0.0
District of Columbia,2020-02-21,0,0,0.0,0.0,0.0,0.0
District of Columbia,2020-02-22,0,0,0.0,0.0,0.0,0.0
District of Columbia,2020-02-23,0,0,0.0,0.0,0.0,0.0
District of Columbia,2020-02-24,0,0,0.0,0.0,0.0,0.0
District of Columbia,2020-02-25,0,0,0.0,0.0,0.0,0.0
District of Columbia,2020-02-26,0,0,0.0,0.0,0.0,0.0
District of Columbia,2020-02-27,0,0,0.0,0.0,0.0,0.0
District of Columbia,2020-02-28,0,0,0.0,0.0,0.0,0.0
District of Columbia,2020-02-29,0,0,0.0,0.0,0.0,0.0
District of Columbia,2020-03-01,0,0,0.0,0.0,0.0,0.0
District of Columbia,2020-03-02,0,0,0.0,0.0,0.0,0.0
District of Columbia,2020-03-03,0,0,0.0,0.0,0.0,0.0
District of Columbia,2020-03-04,0,0,0.0,0.0,0.0,0.0
District of Columbia,2020-03-05,0,0,0.0,0.0,0.0,0.0
District of Columbia,2020-03-06,0,0,0.0,0.0,0.0,0.0
District of Columbia,2020-03-07,0,0,0.0,0.0,0.0,0.0
District of Columbia,2020-03-08,2,0,2.0,0.0,0.28338686983615985,0.0
District of Columbia,2020-03-09,4,0,2.0,0.0,0.28338686983615985,0.0
District of Columbia,2020-03-10,4,0,0.0,0.0,0.0,0.0
District of Columbia,2020-03-11,10,0,6.0,0.0,0.8501606095084796,0.0
District of Columbia,2020-03-12,10,0,0.0,0.0,0.0,0.0
District of Columbia,2020-03-13,10,0,0.0,0.0,0.0,0.0
District of Columbia,2020-03-14,16,0,6.0,0.0,0.8501606095084796,0.0
District of Columbia,2020-03-15,17,0,1.0,0.0,0.14169343491807992,0.0
District of Columbia,2020-03-16,22,0,5.0,0.0,0.7084671745903998,0.0
District of Columbia,2020-03-17,31,0,9.0,0.0,1.2752409142627195,0.0
District of Columbia,2020-03-18,39,0,8.0,0.0,1.1335474793446394,0.0
District of Columbia,2020-03-19,71,0,32.0,0.0,4.534189917378558,0.0
District of Columbia,2020-03-20,77,1,6.0,1.0,0.8501606095084796,0.14169343491807992
District of Columbia,2020-03-21,98,1,21.0,0.0,2.9755621332796784,0.0
District of Columbia,2020-03-22,116,2,18.0,1.0,2.550481828525439,0.14169343491807992
District of Columbia,2020-03-23,137,2,21.0,0.0,2.9755621332796784,0.0
District of Columbia,2020-03-24,183,2,46.0,0.0,6.517898006231677,0.0
District of Columbia,2020-03-25,231,3,48.0,1.0,6.801284876067837,0.14169343491807992
District of Columbia,2020-03-26,267,3,36.0,0.0,5.100963657050878,0.0
District of Columbia,2020-03-27,304,4,37.0,1.0,5.242657091968958,0.14169343491807992
District of Columbia,2020-03-28,342,5,38.0,1.0,5.3843505268870375,0.14169343491807992
District of Columbia,2020-03-29,401,9,59.0,4.0,8.359912660166716,0.5667737396723197
District of Columbia,2020-03-30,495,9,94.0,0.0,13.319182882299513,0.0
District of Columbia,2020-03-31,586,11,91.0,2.0,12.894102577545274,0.28338686983615985
District of Columbia,2020-04-01,586,12,0.0,1.0,0.0,0.14169343491807992
District of Columbia,2020-04-02,653,15,67.0,3.0,9.493460139511356,0.4250803047542398
District of Columbia,2020-04-03,757,21,104.0,6.0,14.736117231480314,0.8501606095084796
District of Columbia,2020-04-04,902,21,145.0,0.0,20.54554806312159,0.0
District of Columbia,2020-04-05,998,22,96.0,1.0,13.602569752135674,0.14169343491807992
District of Columbia,2020-04-06,1097,22,99.0,0.0,14.027650056889915,0.0
District of Columbia,2020-04-07,1211,22,114.0,0.0,16.153051580661113,0.0
District of Columbia,2020-04-08,1440,22,229.0,0.0,32.4477965962403,0.0
District of Columbia,2020-04-09,1523,22,83.0,0.0,11.760555098200635,0.0
District of Columbia,2020-04-10,1660,22,137.0,0.0,19.41200058377695,0.0
District of Columbia,2020-04-11,1778,22,118.0,0.0,16.71982532033343,0.0
District of Columbia,2020-04-12,1875,22,97.0,0.0,13.744263187053754,0.0
District of Columbia,2020-04-13,1875,22,0.0,0.0,0.0,0.0
District of Columbia,2020-04-14,2058,67,183.0,45.0,25.929898590008627,6.376204571313597
District of Columbia,2020-04-15,2197,72,139.0,5.0,19.69538745361311,0.7084671745903998
District of Columbia,2020-04-16,2350,81,153.0,9.0,21.679095542466232,1.2752409142627195
District of Columbia,2020-04-17,2476,86,126.0,5.0,17.853372799678073,0.7084671745903998
District of Columbia,2020-04-18,2666,91,190.0,5.0,26.921752634435187,0.7084671745903998
District of Columbia,2020-04-19,2793,96,127.0,5.0,17.995066234596152,0.7084671745903998
District of Columbia,2020-04-20,2927,105,134.0,9.0,18.986920279022712,1.2752409142627195
District of Columbia,2020-04-21,3098,112,171.0,7.0,24.22957737099167,0.9918540444265596
District of Columbia,2020-04-22,3206,127,108.0,15.0,15.302890971152634,2.125401523771199
District of Columbia,2020-04-23,3361,139,155.0,12.0,21.962482412302393,1.7003212190169592
District of Columbia,2020-04-24,3528,153,167.0,14.0,23.662803631319353,1.9837080888531191
District of Columbia,2020-04-25,3699,165,171.0,12.0,24.22957737099167,1.7003212190169592
District of Columbia,2020-04-26,3841,178,142.0,13.0,20.12046775836735,1.8420146539350393
District of Columbia,2020-04-27,3892,185,51.0,7.0,7.226365180822077,0.9918540444265596
District of Columbia,2020-04-28,3994,190,102.0,5.0,14.452730361644154,0.7084671745903998
District of Columbia,2020-04-29,4106,205,112.0,15.0,15.869664710824953,2.125401523771199
District of Columbia,2020-04-30,4323,224,217.0,19.0,30.747475377223346,2.6921752634435188
District of Columbia,2020-05-01,4658,231,335.0,7.0,47.46730069755678,0.9918540444265596
District of Columbia,2020-05-02,4797,240,139.0,9.0,19.69538745361311,1.2752409142627195
District of Columbia,2020-05-03,5016,251,219.0,11.0,31.030862247059506,1.5586277840988791
District of Columbia,2020-05-04,5170,258,154.0,7.0,21.82078897738431,0.9918540444265596
District of Columbia,2020-05-05,5322,264,152.0,6.0,21.53740210754815,0.8501606095084796
District of Columbia,2020-05-06,5461,264,139.0,0.0,19.69538745361311,0.0
District of Columbia,2020-05-07,5654,285,193.0,21.0,27.346832939189426,2.9755621332796784
District of Columbia,2020-05-08,5899,304,245.0,19.0,34.71489155492959,2.6921752634435188
District of Columbia,2020-05-09,6102,311,203.0,7.0,28.76376728837023,0.9918540444265596
District of Columbia,2020-05-10,6272,323,170.0,12.0,24.087883936073588,1.7003212190169592
District of Columbia,2020-05-11,6389,328,117.0,5.0,16.578131885415353,0.7084671745903998
District of Columbia,2020-05-12,6485,336,96.0,8.0,13.602569752135674,1.1335474793446394
District of Columbia,2020-05-13,6584,350,99.0,14.0,14.027650056889915,1.9837080888531191
District of Columbia,2020-05-14,6736,358,152.0,8.0,21.53740210754815,1.1335474793446394
District of Columbia,2020-05-15,6871,368,135.0,10.0,19.12861371394079,1.4169343491807995
District of Columbia,2020-05-16,7042,375,171.0,7.0,24.22957737099167,0.9918540444265596
District of Columbia,2020-05-17,7123,383,81.0,8.0,11.477168228364475,1.1335474793446394
District of Columbia,2020-05-18,7270,392,147.0,9.0,20.82893493295775,1.2752409142627195
District of Columbia,2020-05-19,7434,400,164.0,8.0,23.23772332656511,1.1335474793446394
District of Columbia,2020-05-20,7551,407,117.0,7.0,16.578131885415353,0.9918540444265596
District of Columbia,2020-05-21,7788,412,237.0,5.0,33.58134407558495,0.7084671745903998
District of Columbia,2020-05-22,7893,418,105.0,6.0,14.877810666398394,0.8501606095084796
District of Columbia,2020-05-23,7966,427,73.0,9.0,10.343620749019836,1.2752409142627195
District of Columbia,2020-05-24,8110,432,144.0,5.0,20.40385462820351,0.7084671745903998
District of Columbia,2020-05-25,8225,440,115.0,8.0,16.294745015579196,1.1335474793446394
District of Columbia,2020-05-26,8334,440,109.0,0.0,15.444584406070714,0.0
District of Columbia,2020-05-27,8406,445,72.0,5.0,10.201927314101756,0.7084671745903998
District of Columbia,2020-05-28,8492,453,86.0,8.0,12.185635402954876,1.1335474793446394
District of Columbia,2020-05-29,8538,460,46.0,7.0,6.517898006231677,0.9918540444265596
District of Columbia,2020-05-30,8717,462,179.0,2.0,25.363124850336312,0.28338686983615985
District of Columbia,2020-05-31,8801,466,84.0,4.0,11.902248533118714,0.5667737396723197
District of Columbia,2020-06-01,8857,468,56.0,2.0,7.9348323554124764,0.28338686983615985
District of Columbia,2020-06-02,8886,470,29.0,2.0,4.1091096126243185,0.28338686983615985
District of Columbia,2020-06-03,9016,473,130.0,3.0,18.42014653935039,0.4250803047542398
District of Columbia,2020-06-04,9120,475,104.0,2.0,14.736117231480314,0.28338686983615985
District of Columbia,2020-06-05,9199,479,79.0,4.0,11.193781358528316,0.5667737396723197
District of Columbia,2020-06-06,9269,483,70.0,4.0,9.918540444265595,0.5667737396723197
District of Columbia,2020-06-07,9332,489,63.0,6.0,8.926686399839037,0.8501606095084796
District of Columbia,2020-06-08,9389,491,57.0,2.0,8.076525790330557,0.28338686983615985
District of Columbia,2020-06-09,9474,495,85.0,4.0,12.043941968036794,0.5667737396723197
District of Columbia,2020-06-10,9537,499,63.0,4.0,8.926686399839037,0.5667737396723197
District of Columbia,2020-06-11,9589,502,52.0,3.0,7.368058615740157,0.4250803047542398
District of Columbia,2020-06-12,9654,506,65.0,4.0,9.210073269675195,0.5667737396723197
District of Columbia,2020-06-13,9709,511,55.0,5.0,7.793138920494397,0.7084671745903998
District of Columbia,2020-06-14,9767,515,58.0,4.0,8.218219225248637,0.5667737396723197
District of Columbia,2020-06-15,9799,515,32.0,0.0,4.534189917378558,0.0
District of Columbia,2020-06-16,9818,520,19.0,5.0,2.6921752634435188,0.7084671745903998
District of Columbia,2020-06-17,9847,523,29.0,3.0,4.1091096126243185,0.4250803047542398
District of Columbia,2020-06-18,9903,527,56.0,4.0,7.9348323554124764,0.5667737396723197
District of Columbia,2020-06-19,9952,530,49.0,3.0,6.942978310985917,0.4250803047542398
District of Columbia,2020-06-20,9984,531,32.0,1.0,4.534189917378558,0.14169343491807992
District of Columbia,2020-06-21,10020,533,36.0,2.0,5.100963657050878,0.28338686983615985
District of Columbia,2020-06-22,10058,535,38.0,2.0,5.3843505268870375,0.28338686983615985
District of Columbia,2020-06-23,10094,537,36.0,2.0,5.100963657050878,0.28338686983615985
District of Columbia,2020-06-24,10128,541,34.0,4.0,4.817576787214718,0.5667737396723197
District of Columbia,2020-06-25,10159,543,31.0,2.0,4.392496482460478,0.28338686983615985
District of Columbia,2020-06-26,10185,546,26.0,3.0,3.6840293078700785,0.4250803047542398
District of Columbia,2020-06-27,10216,548,31.0,2.0,4.392496482460478,0.28338686983615985
District of Columbia,2020-06-28,10248,550,32.0,2.0,4.534189917378558,0.28338686983615985
District of Columbia,2020-06-29,10292,551,44.0,1.0,6.234511136395517,0.14169343491807992
District of Columbia,2020-06-30,10327,551,35.0,0.0,4.959270222132798,0.0
District of Columbia,2020-07-01,10365,553,38.0,2.0,5.3843505268870375,0.28338686983615985
District of Columbia,2020-07-02,10390,554,25.0,1.0,3.5423358729519983,0.14169343491807992
District of Columbia,2020-07-03,10435,555,45.0,1.0,6.376204571313597,0.14169343491807992
District of Columbia,2020-07-04,10447,557,12.0,2.0,1.7003212190169592,0.28338686983615985
District of Columbia,2020-07-05,10482,559,35.0,2.0,4.959270222132798,0.28338686983615985
District of Columbia,2020-07-06,10515,561,33.0,2.0,4.675883352296638,0.28338686983615985
District of Columbia,2020-07-07,10569,561,54.0,0.0,7.651445485576317,0.0
District of Columbia,2020-07-08,10642,564,73.0,3.0,10.343620749019836,0.4250803047542398
District of Columbia,2020-07-09,10743,568,101.0,4.0,14.311036926726073,0.5667737396723197
District of Columbia,2020-07-10,10801,568,58.0,0.0,8.218219225248637,0.0
District of Columbia,2020-07-11,10801,568,0.0,0.0,0.0,0.0
District of Columbia,2020-07-12,10847,568,46.0,0.0,6.517898006231677,0.0
District of Columbia,2020-07-13,10946,568,99.0,0.0,14.027650056889915,0.0
District of Columbia,2020-07-14,11026,571,80.0,3.0,11.335474793446396,0.4250803047542398
District of Columbia,2020-07-15,11076,574,50.0,3.0,7.0846717459039965,0.4250803047542398
District of Columbia,2020-07-16,11115,577,39.0,3.0,5.526043961805118,0.4250803047542398
District of Columbia,2020-07-17,11115,577,0.0,0.0,0.0,0.0
District of Columbia,2020-07-18,11194,578,79.0,1.0,11.193781358528316,0.14169343491807992
District of Columbia,2020-07-19,11261,578,67.0,0.0,9.493460139511356,0.0
District of Columbia,2020-07-20,11339,579,78.0,1.0,11.052087923610236,0.14169343491807992
District of Columbia,2020-07-21,11427,580,88.0,1.0,12.469022272791033,0.14169343491807992
District of Columbia,2020-07-22,11571,581,144.0,1.0,20.40385462820351,0.14169343491807992
District of Columbia,2020-07-23,11649,581,78.0,0.0,11.052087923610236,0.0
District of Columbia,2020-07-24,11717,581,68.0,0.0,9.635153574429436,0.0
District of Columbia,2020-07-25,11780,581,63.0,0.0,8.926686399839037,0.0
District of Columbia,2020-07-26,11858,582,78.0,1.0,11.052087923610236,0.14169343491807992
District of Columbia,2020-07-27,11945,583,87.0,1.0,12.327328837872956,0.14169343491807992
District of Columbia,2020-07-28,11999,583,54.0,0.0,7.651445485576317,0.0
District of Columbia,2020-07-29,12057,584,58.0,1.0,8.218219225248637,0.14169343491807992
District of Columbia,2020-07-30,12126,585,69.0,1.0,9.776847009347517,0.14169343491807992
District of Columbia,2020-07-31,12205,585,79.0,0.0,11.193781358528316,0.0
District of Columbia,2020-08-01,12205,585,0.0,0.0,0.0,0.0
District of Columbia,2020-08-02,12274,586,69.0,1.0,9.776847009347517,0.14169343491807992
District of Columbia,2020-08-03,12313,586,39.0,0.0,5.526043961805118,0.0
District of Columbia,2020-08-04,12398,587,85.0,1.0,12.043941968036794,0.14169343491807992
District of Columbia,2020-08-05,12443,587,45.0,0.0,6.376204571313597,0.0
District of Columbia,2020-08-06,12518,587,75.0,0.0,10.627007618855997,0.0
District of Columbia,2020-08-07,12589,589,71.0,2.0,10.060233879183675,0.28338686983615985
District of Columbia,2020-08-08,12653,590,64.0,1.0,9.068379834757115,0.14169343491807992
District of Columbia,2020-08-09,12753,591,100.0,1.0,14.169343491807993,0.14169343491807992
District of Columbia,2020-08-10,12807,591,54.0,0.0,7.651445485576317,0.0
District of Columbia,2020-08-11,12896,593,89.0,2.0,12.610715707709113,0.28338686983615985
District of Columbia,2020-08-12,12959,593,63.0,0.0,8.926686399839037,0.0
District of Columbia,2020-08-13,13024,594,65.0,1.0,9.210073269675195,0.14169343491807992
District of Columbia,2020-08-14,13118,594,94.0,0.0,13.319182882299513,0.0
District of Columbia,2020-08-15,13159,597,41.0,3.0,5.8094308316412775,0.4250803047542398
District of Columbia,2020-08-16,13220,597,61.0,0.0,8.643299530002878,0.0
District of Columbia,2020-08-17,13273,597,53.0,0.0,7.5097520506582365,0.0
District of Columbia,2020-08-18,13325,599,52.0,2.0,7.368058615740157,0.28338686983615985
District of Columbia,2020-08-19,13354,600,29.0,1.0,4.1091096126243185,0.14169343491807992
District of Columbia,2020-08-20,13409,601,55.0,1.0,7.793138920494397,0.14169343491807992
District of Columbia,2020-08-21,13469,602,60.0,1.0,8.501606095084796,0.14169343491807992
District of Columbia,2020-08-22,13534,604,65.0,2.0,9.210073269675195,0.28338686983615985
District of Columbia,2020-08-23,13590,604,56.0,0.0,7.9348323554124764,0.0
District of Columbia,2020-08-24,13639,604,49.0,0.0,6.942978310985917,0.0
District of Columbia,2020-08-25,13684,604,45.0,0.0,6.376204571313597,0.0
District of Columbia,2020-08-26,13722,605,38.0,1.0,5.3843505268870375,0.14169343491807992
District of Columbia,2020-08-27,13794,605,72.0,0.0,10.201927314101756,0.0
District of Columbia,2020-08-28,13851,605,57.0,0.0,8.076525790330557,0.0
District of Columbia,2020-08-29,13925,605,74.0,0.0,10.485314183937916,0.0
District of Columbia,2020-08-30,13959,606,34.0,1.0,4.817576787214718,0.14169343491807992
District of Columbia,2020-08-31,13992,607,33.0,1.0,4.675883352296638,0.14169343491807992
District of Columbia,2020-09-01,14049,607,57.0,0.0,8.076525790330557,0.0
District of Columbia,2020-09-02,14077,608,28.0,1.0,3.9674161777062382,0.14169343491807992
District of Columbia,2020-09-03,14135,609,58.0,1.0,8.218219225248637,0.14169343491807992
District of Columbia,2020-09-04,14186,611,51.0,2.0,7.226365180822077,0.28338686983615985
District of Columbia,2020-09-05,14238,611,52.0,0.0,7.368058615740157,0.0
District of Columbia,2020-09-06,14279,611,41.0,0.0,5.8094308316412775,0.0
District of Columbia,2020-09-07,14315,611,36.0,0.0,5.100963657050878,0.0
District of Columbia,2020-09-08,14362,611,47.0,0.0,6.6595914411497565,0.0
District of Columbia,2020-09-09,14387,615,25.0,4.0,3.5423358729519983,0.5667737396723197
District of Columbia,2020-09-10,14412,616,25.0,1.0,3.5423358729519983,0.14169343491807992
District of Columbia,2020-09-11,14493,616,81.0,0.0,11.477168228364475,0.0
District of Columbia,2020-09-12,14552,616,59.0,0.0,8.359912660166716,0.0
District of Columbia,2020-09-13,14592,616,40.0,0.0,5.667737396723198,0.0
District of Columbia,2020-09-14,14622,616,30.0,0.0,4.250803047542398,0.0
District of Columbia,2020-09-15,14687,616,65.0,0.0,9.210073269675195,0.0
District of Columbia,2020-09-16,14743,616,56.0,0.0,7.9348323554124764,0.0
District of Columbia,2020-09-17,14790,616,47.0,0.0,6.6595914411497565,0.0
District of Columbia,2020-09-18,14852,616,62.0,0.0,8.784992964920956,0.0
District of Columbia,2020-09-19,14902,616,50.0,0.0,7.0846717459039965,0.0
District of Columbia,2020-09-20,14955,620,53.0,4.0,7.5097520506582365,0.5667737396723197
District of Columbia,2020-09-21,14978,621,23.0,1.0,3.2589490031158386,0.14169343491807992
District of Columbia,2020-09-22,15021,621,43.0,0.0,6.092817701477438,0.0
District of Columbia,2020-09-23,15050,621,29.0,0.0,4.1091096126243185,0.0
District of Columbia,2020-09-24,15106,621,56.0,0.0,7.9348323554124764,0.0
District of Columbia,2020-09-25,15163,623,57.0,2.0,8.076525790330557,0.28338686983615985
District of Columbia,2020-09-26,15215,624,52.0,1.0,7.368058615740157,0.14169343491807992
District of Columbia,2020-09-27,15250,624,35.0,0.0,4.959270222132798,0.0
District of Columbia,2020-09-28,15264,624,14.0,0.0,1.9837080888531191,0.0
District of Columbia,2020-09-29,15300,626,36.0,2.0,5.100963657050878,0.28338686983615985
District of Columbia,2020-09-30,15326,627,26.0,1.0,3.6840293078700785,0.14169343491807992
District of Columbia,2020-10-01,15358,628,32.0,1.0,4.534189917378558,0.14169343491807992
Florida,2020-02-01,0,0,0.0,0.0,0.0,0.0
Florida,2020-02-02,0,0,0.0,0.0,0.0,0.0
Florida,2020-02-03,0,0,0.0,0.0,0.0,0.0
Florida,2020-02-04,0,0,0.0,0.0,0.0,0.0
Florida,2020-02-05,0,0,0.0,0.0,0.0,0.0
Florida,2020-02-06,0,0,0.0,0.0,0.0,0.0
Florida,2020-02-07,0,0,0.0,0.0,0.0,0.0
Florida,2020-02-08,0,0,0.0,0.0,0.0,0.0
Florida,2020-02-09,0,0,0.0,0.0,0.0,0.0
Florida,2020-02-10,0,0,0.0,0.0,0.0,0.0
Florida,2020-02-11,0,0,0.0,0.0,0.0,0.0
Florida,2020-02-12,0,0,0.0,0.0,0.0,0.0
Florida,2020-02-13,0,0,0.0,0.0,0.0,0.0
Florida,2020-02-14,0,0,0.0,0.0,0.0,0.0
Florida,2020-02-15,0,0,0.0,0.0,0.0,0.0
Florida,2020-02-16,0,0,0.0,0.0,0.0,0.0
Florida,2020-02-17,0,0,0.0,0.0,0.0,0.0
Florida,2020-02-18,0,0,0.0,0.0,0.0,0.0
Florida,2020-02-19,0,0,0.0,0.0,0.0,0.0
Florida,2020-02-20,0,0,0.0,0.0,0.0,0.0
Florida,2020-02-21,0,0,0.0,0.0,0.0,0.0
Florida,2020-02-22,0,0,0.0,0.0,0.0,0.0
Florida,2020-02-23,0,0,0.0,0.0,0.0,0.0
Florida,2020-02-24,0,0,0.0,0.0,0.0,0.0
Florida,2020-02-25,0,0,0.0,0.0,0.0,0.0
Florida,2020-02-26,0,0,0.0,0.0,0.0,0.0
Florida,2020-02-27,0,0,0.0,0.0,0.0,0.0
Florida,2020-02-28,0,0,0.0,0.0,0.0,0.0
Florida,2020-02-29,0,0,0.0,0.0,0.0,0.0
Florida,2020-03-01,0,0,0.0,0.0,0.0,0.0
Florida,2020-03-02,1,0,1.0,0.0,0.004655984007998608,0.0
Florida,2020-03-03,1,0,0.0,0.0,0.0,0.0
Florida,2020-03-04,1,0,0.0,0.0,0.0,0.0
Florida,2020-03-05,2,0,1.0,0.0,0.004655984007998608,0.0
Florida,2020-03-06,2,2,0.0,2.0,0.0,0.009311968015997216
Florida,2020-03-07,6,2,4.0,0.0,0.018623936031994432,0.0
Florida,2020-03-08,9,2,3.0,0.0,0.013967952023995823,0.0
Florida,2020-03-09,14,2,5.0,0.0,0.02327992003999304,0.0
Florida,2020-03-10,25,2,11.0,0.0,0.05121582408798469,0.0
Florida,2020-03-11,31,2,6.0,0.0,0.027935904047991646,0.0
Florida,2020-03-12,41,2,10.0,0.0,0.04655984007998608,0.0
Florida,2020-03-13,64,2,23.0,0.0,0.10708763218396798,0.0
Florida,2020-03-14,96,3,32.0,1.0,0.14899148825595546,0.004655984007998608
Florida,2020-03-15,100,3,4.0,0.0,0.018623936031994432,0.0
Florida,2020-03-16,138,5,38.0,2.0,0.1769273923039471,0.009311968015997216
Florida,2020-03-17,211,6,73.0,1.0,0.3398868325838984,0.004655984007998608
Florida,2020-03-18,328,7,117.0,1.0,0.5447501289358371,0.004655984007998608
Florida,2020-03-19,429,8,101.0,1.0,0.47025438480785936,0.004655984007998608
Florida,2020-03-20,649,8,220.0,0.0,1.024316481759694,0.0
Florida,2020-03-21,761,8,112.0,0.0,0.5214702088958441,0.0
Florida,2020-03-22,1004,13,243.0,5.0,1.131404113943662,0.02327992003999304
Florida,2020-03-23,1227,17,223.0,4.0,1.0382844337836896,0.018623936031994432
Florida,2020-03-24,1412,19,185.0,2.0,0.8613570414797425,0.009311968015997216
Florida,2020-03-25,1975,23,563.0,4.0,2.6213189965032164,0.018623936031994432
Florida,2020-03-26,2458,30,483.0,7.0,2.2488402758633277,0.032591888055990254
Florida,2020-03-27,3198,46,740.0,16.0,3.44542816591897,0.07449574412797773
Florida,2020-03-28,4038,56,840.0,10.0,3.9110265667188306,0.04655984007998608
Florida,2020-03-29,4947,59,909.0,3.0,4.232289463270734,0.013967952023995823
Florida,2020-03-30,5702,71,755.0,12.0,3.515267926038949,0.05587180809598329
Florida,2020-03-31,6739,85,1037.0,14.0,4.828255416294557,0.06518377611198051
Florida,2020-04-01,7556,97,817.0,12.0,3.8039389345348624,0.05587180809598329
Florida,2020-04-02,8999,144,1443.0,47.0,6.718584923541991,0.2188312483759346
Florida,2020-04-03,10258,170,1259.0,26.0,5.861883866070247,0.1210555842079638
Florida,2020-04-04,11534,195,1276.0,25.0,5.941035594206224,0.1163996001999652
Florida,2020-04-05,12346,221,812.0,26.0,3.78065901449487,0.1210555842079638
Florida,2020-04-06,13624,254,1278.0,33.0,5.9503475622222215,0.15364747226395406
Florida,2020-04-07,14745,296,1121.0,42.0,5.21935807296644,0.19555132833594152
Florida,2020-04-08,15696,323,951.0,27.0,4.427840791606676,0.1257115682159624
Florida,2020-04-09,16824,370,1128.0,47.0,5.25194996102243,0.2188312483759346
Florida,2020-04-10,17966,419,1142.0,49.0,5.3171337371344105,0.2281432163919318
Florida,2020-04-11,18981,446,1015.0,27.0,4.725823768118587,0.1257115682159624
Florida,2020-04-12,19856,461,875.0,15.0,4.0739860069987825,0.06983976011997912
Florida,2020-04-13,21017,461,1161.0,0.0,5.405597433286384,0.0
Florida,2020-04-14,21622,571,605.0,110.0,2.816870324839158,0.512158240879847
Florida,2020-04-15,22515,614,893.0,43.0,4.157793719142757,0.20020731234394015
Florida,2020-04-16,23337,668,822.0,54.0,3.8272188545748556,0.2514231364319248
Florida,2020-04-17,24744,726,1407.0,58.0,6.550969499254042,0.27004707246391924
Florida,2020-04-18,25488,750,744.0,24.0,3.4640521019509642,0.11174361619196659
Florida,2020-04-19,26309,774,821.0,24.0,3.8225628705668573,0.11174361619196659
Florida,2020-04-20,27053,823,744.0,49.0,3.4640521019509642,0.2281432163919318
Florida,2020-04-21,27864,867,811.0,44.0,3.7760030304868715,0.20486329635193876
Florida,2020-04-22,28576,927,712.0,60.0,3.3150606136950085,0.2793590404799165
Florida,2020-04-23,29647,987,1071.0,60.0,4.986558872566509,0.2793590404799165
Florida,2020-04-24,30533,1045,886.0,58.0,4.125201831086766,0.27004707246391924
Florida,2020-04-25,30835,1054,302.0,9.0,1.4061071704155796,0.04190385607198747
Florida,2020-04-26,31527,1074,692.0,20.0,3.221940933535037,0.09311968015997216
Florida,2020-04-27,32135,1088,608.0,14.0,2.8308382768631537,0.06518377611198051
Florida,2020-04-28,32840,1171,705.0,83.0,3.282468725639019,0.3864466726638845
Florida,2020-04-29,33185,1218,345.0,47.0,1.6063144827595197,0.2188312483759346
Florida,2020-04-30,33683,1267,498.0,49.0,2.3186800359833066,0.2281432163919318
Florida,2020-05-01,34717,1314,1034.0,47.0,4.814287464270561,0.2188312483759346
Florida,2020-05-02,35451,1364,734.0,50.0,3.4174922618709784,0.2327992003999304
Florida,2020-05-03,36066,1379,615.0,15.0,2.863430164919144,0.06983976011997912
Florida,2020-05-04,36880,1399,814.0,20.0,3.7899709825108667,0.09311968015997216
Florida,2020-05-05,37412,1468,532.0,69.0,2.4769834922552594,0.321262896551904
Florida,2020-05-06,37970,1535,558.0,67.0,2.5980390764632233,0.3119509285359067
Florida,2020-05-07,38795,1596,825.0,61.0,3.8411868065988517,0.2840150244879151
Florida,2020-05-08,39163,1667,368.0,71.0,1.7134021149434877,0.3305748645679012
Florida,2020-05-09,39949,1713,786.0,46.0,3.659603430286906,0.21417526436793596
Florida,2020-05-10,40543,1719,594.0,6.0,2.765654500751173,0.027935904047991646
Florida,2020-05-11,40929,1735,386.0,16.0,1.7972098270874626,0.07449574412797773
Florida,2020-05-12,41827,1779,898.0,44.0,4.18107363918275,0.20486329635193876
Florida,2020-05-13,42312,1827,485.0,48.0,2.2581522438793247,0.22348723238393317
Florida,2020-05-14,43133,1875,821.0,48.0,3.8225628705668573,0.22348723238393317
Florida,2020-05-15,44056,1917,923.0,42.0,4.297473239382715,0.19555132833594152
Florida,2020-05-16,44731,1963,675.0,46.0,3.142789205399061,0.21417526436793596
Florida,2020-05-17,45506,1973,775.0,10.0,3.6083876061989213,0.04655984007998608
Florida,2020-05-18,46357,1996,851.0,23.0,3.9622423908068156,0.10708763218396798
Florida,2020-05-19,46861,2051,504.0,55.0,2.3466159400312985,0.2560791204399235
Florida,2020-05-20,47390,2094,529.0,43.0,2.4630155402312637,0.20020731234394015
Florida,2020-05-21,48589,2144,1199.0,50.0,5.5825248255903315,0.2327992003999304
Florida,2020-05-22,49363,2189,774.0,45.0,3.6037316221909226,0.2095192803599374
Florida,2020-05-23,50043,2232,680.0,43.0,3.166069125439053,0.20020731234394015
Florida,2020-05-24,50781,2236,738.0,4.0,3.436116197902973,0.018623936031994432
Florida,2020-05-25,51660,2251,879.0,15.0,4.0926099430307765,0.06983976011997912
Florida,2020-05-26,52169,2257,509.0,6.0,2.3698958600712916,0.027935904047991646
Florida,2020-05-27,52548,2317,379.0,60.0,1.7646179390314722,0.2793590404799165
Florida,2020-05-28,53199,2362,651.0,45.0,3.0310455892070935,0.2095192803599374
Florida,2020-05-29,54413,2411,1214.0,49.0,5.65236458571031,0.2281432163919318
Florida,2020-05-30,55337,2446,924.0,35.0,4.302129223390714,0.16295944027995127
Florida,2020-05-31,56077,2450,740.0,4.0,3.44542816591897,0.018623936031994432
Florida,2020-06-01,56744,2459,667.0,9.0,3.105541333335071,0.04190385607198747
Florida,2020-06-02,57360,2529,616.0,70.0,2.8680861489271425,0.32591888055990254
Florida,2020-06-03,58673,2564,1313.0,35.0,6.1133070025021725,0.16295944027995127
Florida,2020-06-04,60092,2607,1419.0,43.0,6.606841307350024,0.20020731234394015
Florida,2020-06-05,61392,2660,1300.0,53.0,6.052779210398191,0.24676715242392624
Florida,2020-06-06,62661,2688,1269.0,28.0,5.9084437061502335,0.13036755222396101
Florida,2020-06-07,63837,2700,1176.0,12.0,5.475437193406363,0.05587180809598329
Florida,2020-06-08,64808,2711,971.0,11.0,4.5209604717666485,0.05121582408798469
Florida,2020-06-09,65905,2765,1097.0,54.0,5.107614456774473,0.2514231364319248
Florida,2020-06-10,67274,2800,1369.0,35.0,6.374042106950094,0.16295944027995127
Florida,2020-06-11,68973,2847,1699.0,47.0,7.9105168295896355,0.2188312483759346
Florida,2020-06-12,70870,2877,1897.0,30.0,8.832401663173359,0.13967952023995825
Florida,2020-06-13,73447,2925,2577.0,48.0,11.998470788612414,0.22348723238393317
Florida,2020-06-14,75464,2931,2017.0,6.0,9.391119744133192,0.027935904047991646
Florida,2020-06-15,77228,2938,1764.0,7.0,8.213155790109544,0.032591888055990254
Florida,2020-06-16,80011,2993,2783.0,55.0,12.957603494260125,0.2560791204399235
Florida,2020-06-17,82611,3018,2600.0,25.0,12.105558420796381,0.1163996001999652
Florida,2020-06-18,85816,3061,3205.0,43.0,14.92242874563554,0.20020731234394015
Florida,2020-06-19,89635,3104,3819.0,43.0,17.781202926546687,0.20020731234394015
Florida,2020-06-20,93680,3144,4045.0,40.0,18.83345531235437,0.1862393603199443
Florida,2020-06-21,97152,3161,3472.0,17.0,16.165576475771168,0.07915172813597633
Florida,2020-06-22,100087,3172,2935.0,11.0,13.665313063475915,0.05121582408798469
Florida,2020-06-23,103359,3236,3272.0,64.0,15.234379674171445,0.2979829765119109
Florida,2020-06-24,108884,3281,5525.0,45.0,25.72431164419231,0.2095192803599374
Florida,2020-06-25,113887,3327,5003.0,46.0,23.293887992017037,0.21417526436793596
Florida,2020-06-26,122819,3366,8932.0,39.0,41.58724915944357,0.1815833763119457
Florida,2020-06-27,132356,3390,9537.0,24.0,44.404119484282724,0.11174361619196659
Florida,2020-06-28,140929,3418,8573.0,28.0,39.91575090057207,0.13036755222396101
Florida,2020-06-29,146200,3446,5271.0,28.0,24.541691706160666,0.13036755222396101
Florida,2020-06-30,152277,3503,6077.0,57.0,28.294414816607542,0.2653910884559207
Florida,2020-07-01,158830,3550,6553.0,47.0,30.510663204414875,0.2188312483759346
Florida,2020-07-02,168934,3616,10104.0,66.0,47.04406241681794,0.3072949445279081
Florida,2020-07-03,178402,3684,9468.0,68.0,44.082856587730824,0.31660691254390533
Florida,2020-07-04,189851,3702,11449.0,18.0,53.30636090757606,0.08380771214397494
Florida,2020-07-05,199885,3731,10034.0,29.0,46.71814353625803,0.13502353623195962
Florida,2020-07-06,206217,3778,6332.0,47.0,29.48169073864719,0.2188312483759346
Florida,2020-07-07,213563,3840,7346.0,62.0,34.20285852275777,0.2886710084959137
Florida,2020-07-08,223532,3889,9969.0,49.0,46.415504575738126,0.2281432163919318
Florida,2020-07-09,232456,4009,8924.0,120.0,41.55000128737958,0.558718080959833
Florida,2020-07-10,243880,4102,11424.0,93.0,53.1899613073761,0.43300651274387053
Florida,2020-07-11,254232,4197,10352.0,95.0,48.198746450801586,0.4423184807598678
Florida,2020-07-12,269492,4242,15260.0,45.0,71.05031596205876,0.2095192803599374
Florida,2020-07-13,282117,4276,12625.0,34.0,58.78179810098243,0.15830345627195266
Florida,2020-07-14,291301,4408,9184.0,132.0,42.760557129459215,0.6145898890558162
Florida,2020-07-15,301478,4520,10177.0,112.0,47.38394924940183,0.5214702088958441
Florida,2020-07-16,315403,4671,13925.0,151.0,64.83457731138061,0.7030535852077898
Florida,2020-07-17,326856,4796,11453.0,125.0,53.32498484360806,0.581998000999826
Florida,2020-07-18,337168,4895,10312.0,99.0,48.01250709048164,0.4609424167918622
Florida,2020-07-19,349659,4981,12491.0,86.0,58.157896243910606,0.4004146246878803
Florida,2020-07-20,359990,5072,10331.0,91.0,48.10097078663362,0.4236945447278733
Florida,2020-07-21,369412,5205,9422.0,133.0,43.868681323362885,0.6192458730638148
Florida,2020-07-22,379199,5345,9787.0,140.0,45.56811548628238,0.6518377611198051
Florida,2020-07-23,389435,5518,10236.0,173.0,47.65865230587375,0.8054852333837592
Florida,2020-07-24,401865,5653,12430.0,135.0,57.8738812194227,0.628557841079812
Florida,2020-07-25,414047,5777,12182.0,124.0,56.71919718543904,0.5773420169918274
Florida,2020-07-26,423354,5853,9307.0,76.0,43.33324316244305,0.3538547846078942
Florida,2020-07-27,432208,5931,8854.0,78.0,41.224082406819676,0.3631667526238914
Florida,2020-07-28,441376,5931,9168.0,0.0,42.68606138533124,0.0
Florida,2020-07-29,450871,6332,9495.0,401.0,44.20856815594678,1.867049587207442
Florida,2020-07-30,460820,6586,9949.0,254.0,46.32238489557815,1.1826199380316464
Florida,2020-07-31,469816,6843,8996.0,257.0,41.88523213595548,1.1965878900556421
Florida,2020-08-01,479411,7021,9595.0,178.0,44.67416655674664,0.8287651534237521
Florida,2020-08-02,486469,7083,7058.0,62.0,32.86193512845418,0.2886710084959137
Florida,2020-08-03,491224,7157,4755.0,74.0,22.13920395803338,0.344542816591897
Florida,2020-08-04,496654,7401,5430.0,244.0,25.281993163432443,1.1360600979516604
Florida,2020-08-05,502076,7626,5422.0,225.0,25.244745291368453,1.0475964017996868
Florida,2020-08-06,509743,7747,7667.0,121.0,35.69742938932533,0.5633740649678315
Florida,2020-08-07,517400,7927,7657.0,180.0,35.65086954924534,0.8380771214397496
Florida,2020-08-08,525899,8109,8499.0,182.0,39.57120808398017,0.8473890894557466
Florida,2020-08-09,532111,8186,6212.0,77.0,28.922972657687353,0.3585107686158928
Florida,2020-08-10,536264,8277,4153.0,91.0,19.33630158521822,0.4236945447278733
Florida,2020-08-11,542071,8553,5807.0,276.0,27.037299134447917,1.285051586207616
Florida,2020-08-12,550198,8765,8127.0,212.0,37.83918203300469,0.987068609695705
Florida,2020-08-13,556417,8913,6219.0,148.0,28.955564545743343,0.689085633183794
Florida,2020-08-14,562550,9140,6133.0,227.0,28.55514992105546,1.056908369815684
Florida,2020-08-15,568878,9345,6328.0,205.0,29.46306680261519,0.9544767216397146
Florida,2020-08-16,572644,9451,3766.0,106.0,17.53443577412276,0.4935343048478525
Florida,2020-08-17,575317,9538,2673.0,87.0,12.44544525338028,0.4050706086958789
Florida,2020-08-18,579149,9758,3832.0,220.0,17.841730718650666,1.024316481759694
Florida,2020-08-19,583261,9931,4112.0,173.0,19.145406240890274,0.8054852333837592
Florida,2020-08-20,587804,10046,4543.0,115.0,21.152135348337676,0.53543816091984
Florida,2020-08-21,592474,10168,4670.0,122.0,21.743445317353498,0.5680300489758302
Florida,2020-08-22,596761,10274,4287.0,106.0,19.960203442290034,0.4935343048478525
Florida,2020-08-23,599727,10325,2966.0,51.0,13.80964856772387,0.237455184407929
Florida,2020-08-24,601977,10397,2250.0,72.0,10.475964017996867,0.33523084857589974
Florida,2020-08-25,604640,10580,2663.0,183.0,12.398885413300293,0.8520450734637453
Florida,2020-08-26,607835,10733,3195.0,153.0,14.875868905555553,0.712365553223787
Florida,2020-08-27,611080,10867,3245.0,134.0,15.108668105955482,0.6239018570718134
Florida,2020-08-28,614846,10957,3766.0,90.0,17.53443577412276,0.4190385607198748
Florida,2020-08-29,618019,11104,3173.0,147.0,14.773437257379582,0.6844296491757954
Florida,2020-08-30,620588,11119,2569.0,15.0,11.961222916548424,0.06983976011997912
Florida,2020-08-31,622458,11187,1870.0,68.0,8.706690094957397,0.31660691254390533
Florida,2020-09-01,629935,11374,7477.0,187.0,34.8127924278056,0.8706690094957398
Florida,2020-09-02,632359,11500,2424.0,126.0,11.286105235388625,0.5866539850078246
Florida,2020-09-03,635900,11649,3541.0,149.0,16.48683937232307,0.6937416171917926
Florida,2020-09-04,639068,11749,3168.0,100.0,14.75015733733959,0.4655984007998608
Florida,2020-09-05,642690,11809,3622.0,60.0,16.86397407697096,0.2793590404799165
Florida,2020-09-06,645247,11847,2557.0,38.0,11.905351108452441,0.1769273923039471
Florida,2020-09-07,647071,11868,1824.0,21.0,8.492514830589462,0.09777566416797076
Florida,2020-09-08,648867,11914,1796.0,46.0,8.3621472783655,0.21417526436793596
Florida,2020-09-09,651025,12113,2158.0,199.0,10.047613489260996,0.926540817591723
Florida,2020-09-10,653607,12325,2582.0,212.0,12.021750708652407,0.987068609695705
Florida,2020-09-11,657353,12499,3746.0,174.0,17.441316093962786,0.8101412173917578
Florida,2020-09-12,660536,12594,3183.0,95.0,14.819997097459568,0.4423184807598678
Florida,2020-09-13,662956,12604,2420.0,10.0,11.267481299356632,0.04655984007998608
Florida,2020-09-14,664692,12640,1736.0,36.0,8.082788237885584,0.16761542428794987
Florida,2020-09-15,667290,12785,2598.0,145.0,12.096246452780383,0.6751176811597982
Florida,2020-09-16,669635,12937,2345.0,152.0,10.918282498756735,0.7077095692157884
Florida,2020-09-17,672885,13084,3250.0,147.0,15.131948025995476,0.6844296491757954
Florida,2020-09-18,676085,13222,3200.0,138.0,14.899148825595546,0.642525793103808
Florida,2020-09-19,679640,13283,3555.0,61.0,16.55202314843505,0.2840150244879151
Florida,2020-09-20,682155,13294,2515.0,11.0,11.7097997801165,0.05121582408798469
Florida,2020-09-21,683839,13314,1684.0,20.0,7.840677069469656,0.09311968015997216
Florida,2020-09-22,686296,13414,2457.0,100.0,11.43975270765258,0.4655984007998608
Florida,2020-09-23,688874,13616,2578.0,202.0,12.00312677262041,0.9405087696157187
Florida,2020-09-24,691394,13792,2520.0,176.0,11.733079700156493,0.819453185407755
Florida,2020-09-25,694231,13912,2837.0,120.0,13.209026630692051,0.558718080959833
Florida,2020-09-26,697012,14020,2781.0,108.0,12.94829152624413,0.5028462728638496
Florida,2020-09-27,698872,14030,1860.0,10.0,8.66013025487741,0.04655984007998608
Florida,2020-09-28,699605,14041,733.0,11.0,3.4128362778629797,0.05121582408798469
Florida,2020-09-29,702848,14142,3243.0,101.0,15.099356137939486,0.47025438480785936
Florida,2020-09-30,704785,14310,1937.0,168.0,9.018641023493304,0.7822053133437661
Florida,2020-10-01,707401,14432,2616.0,122.0,12.180054164924359,0.5680300489758302
Georgia,2020-02-01,0,0,0.0,0.0,0.0,0.0
Georgia,2020-02-02,0,0,0.0,0.0,0.0,0.0
Georgia,2020-02-03,0,0,0.0,0.0,0.0,0.0
Georgia,2020-02-04,0,0,0.0,0.0,0.0,0.0
Georgia,2020-02-05,0,0,0.0,0.0,0.0,0.0
Georgia,2020-02-06,0,0,0.0,0.0,0.0,0.0
Georgia,2020-02-07,0,0,0.0,0.0,0.0,0.0
Georgia,2020-02-08,0,0,0.0,0.0,0.0,0.0
Georgia,2020-02-09,0,0,0.0,0.0,0.0,0.0
Georgia,2020-02-10,0,0,0.0,0.0,0.0,0.0
Georgia,2020-02-11,0,0,0.0,0.0,0.0,0.0
Georgia,2020-02-12,0,0,0.0,0.0,0.0,0.0
Georgia,2020-02-13,0,0,0.0,0.0,0.0,0.0
Georgia,2020-02-14,0,0,0.0,0.0,0.0,0.0
Georgia,2020-02-15,0,0,0.0,0.0,0.0,0.0
Georgia,2020-02-16,0,0,0.0,0.0,0.0,0.0
Georgia,2020-02-17,0,0,0.0,0.0,0.0,0.0
Georgia,2020-02-18,0,0,0.0,0.0,0.0,0.0
Georgia,2020-02-19,0,0,0.0,0.0,0.0,0.0
Georgia,2020-02-20,0,0,0.0,0.0,0.0,0.0
Georgia,2020-02-21,0,0,0.0,0.0,0.0,0.0
Georgia,2020-02-22,0,0,0.0,0.0,0.0,0.0
Georgia,2020-02-23,0,0,0.0,0.0,0.0,0.0
Georgia,2020-02-24,0,0,0.0,0.0,0.0,0.0
Georgia,2020-02-25,0,0,0.0,0.0,0.0,0.0
Georgia,2020-02-26,0,0,0.0,0.0,0.0,0.0
Georgia,2020-02-27,0,0,0.0,0.0,0.0,0.0
Georgia,2020-02-28,0,0,0.0,0.0,0.0,0.0
Georgia,2020-02-29,0,0,0.0,0.0,0.0,0.0
Georgia,2020-03-01,0,0,0.0,0.0,0.0,0.0
Georgia,2020-03-02,0,0,0.0,0.0,0.0,0.0
Georgia,2020-03-03,2,0,2.0,0.0,0.018836962603825804,0.0
Georgia,2020-03-04,2,0,0.0,0.0,0.0,0.0
Georgia,2020-03-05,2,0,0.0,0.0,0.0,0.0
Georgia,2020-03-06,3,0,1.0,0.0,0.009418481301912902,0.0
Georgia,2020-03-07,5,0,2.0,0.0,0.018836962603825804,0.0
Georgia,2020-03-08,5,0,0.0,0.0,0.0,0.0
Georgia,2020-03-09,17,0,12.0,0.0,0.11302177562295483,0.0
Georgia,2020-03-10,19,0,2.0,0.0,0.018836962603825804,0.0
Georgia,2020-03-11,32,0,13.0,0.0,0.12244025692486774,0.0
Georgia,2020-03-12,39,1,7.0,1.0,0.06592936911339031,0.009418481301912902
Georgia,2020-03-13,39,1,0.0,0.0,0.0,0.0
Georgia,2020-03-14,66,1,27.0,0.0,0.2542989951516484,0.0
Georgia,2020-03-15,98,1,32.0,0.0,0.30139140166121287,0.0
Georgia,2020-03-16,120,1,22.0,0.0,0.20720658864208388,0.0
Georgia,2020-03-17,145,1,25.0,0.0,0.23546203254782258,0.0
Georgia,2020-03-18,197,1,52.0,0.0,0.48976102769947094,0.0
Georgia,2020-03-19,277,10,80.0,9.0,0.7534785041530323,0.08476633171721612
Georgia,2020-03-20,452,10,175.0,0.0,1.6482342278347581,0.0
Georgia,2020-03-21,518,15,66.0,5.0,0.6216197659262516,0.04709240650956452
Georgia,2020-03-22,591,20,73.0,5.0,0.6875491350396419,0.04709240650956452
Georgia,2020-03-23,751,21,160.0,1.0,1.5069570083060646,0.009418481301912902
Georgia,2020-03-24,1011,33,260.0,12.0,2.4488051384973546,0.11302177562295483
Georgia,2020-03-25,1223,34,212.0,1.0,1.9967180360055354,0.009418481301912902
Georgia,2020-03-26,1455,34,232.0,0.0,2.1850876620437933,0.0
Georgia,2020-03-27,1989,64,534.0,30.0,5.0294690152214905,0.2825544390573871
Georgia,2020-03-28,2216,76,227.0,12.0,2.137995255534229,0.11302177562295483
Georgia,2020-03-29,2456,80,240.0,4.0,2.2604355124590967,0.03767392520765161
Georgia,2020-03-30,2910,102,454.0,22.0,4.275990511068458,0.20720658864208388
Georgia,2020-03-31,3927,124,1017.0,22.0,9.578595484045422,0.20720658864208388
Georgia,2020-04-01,4259,153,332.0,29.0,3.1269357922350838,0.27313595775547417
Georgia,2020-04-02,4775,171,516.0,18.0,4.8599363517870575,0.16953266343443224
Georgia,2020-04-03,5695,193,920.0,22.0,8.66500279775987,0.20720658864208388
Georgia,2020-04-04,6285,203,590.0,10.0,5.556903968128613,0.09418481301912904
Georgia,2020-04-05,6446,214,161.0,11.0,1.5163754896079773,0.10360329432104194
Georgia,2020-04-06,7239,287,793.0,73.0,7.4688556724169315,0.6875491350396419
Georgia,2020-04-07,8687,336,1448.0,49.0,13.637960925169885,0.46150558379373224
Georgia,2020-04-08,9327,360,640.0,24.0,6.027828033224258,0.22604355124590966
Georgia,2020-04-09,9929,399,602.0,39.0,5.669925743751567,0.36732077077460323
Georgia,2020-04-10,10630,414,701.0,15.0,6.602355392640945,0.14127721952869354
Georgia,2020-04-11,10961,426,331.0,12.0,3.117517310933171,0.11302177562295483
Georgia,2020-04-12,11490,436,529.0,10.0,4.982376608711926,0.09418481301912904
Georgia,2020-04-13,12565,436,1075.0,0.0,10.12486739955637,0.0
Georgia,2020-04-14,13615,514,1050.0,78.0,9.889405367008548,0.7346415415492065
Georgia,2020-04-15,14443,566,828.0,52.0,7.798502517983883,0.48976102769947094
Georgia,2020-04-16,15420,605,977.0,39.0,9.201856231968906,0.36732077077460323
Georgia,2020-04-17,16378,658,958.0,53.0,9.02290508723256,0.49917950900138386
Georgia,2020-04-18,16753,666,375.0,8.0,3.5319304882173386,0.07534785041530322
Georgia,2020-04-19,17346,680,593.0,14.0,5.5851594120343515,0.13185873822678063
Georgia,2020-04-20,18133,757,787.0,77.0,7.412344784605454,0.7252230602472935
Georgia,2020-04-21,18685,804,552.0,47.0,5.1990016786559226,0.4426686211899064
Georgia,2020-04-22,19490,832,805.0,28.0,7.5818774480398865,0.26371747645356125
Georgia,2020-04-23,20498,865,1008.0,33.0,9.493829152328207,0.3108098829631258
Georgia,2020-04-24,21098,885,600.0,20.0,5.651088781147742,0.18836962603825808
Georgia,2020-04-25,21575,892,477.0,7.0,4.492615581012455,0.06592936911339031
Georgia,2020-04-26,21808,903,233.0,11.0,2.1945061433457065,0.10360329432104194
Georgia,2020-04-27,22602,975,794.0,72.0,7.4782741537188455,0.678130653737729
Georgia,2020-04-28,23275,1016,673.0,41.0,6.338637916187383,0.386157733378429
Georgia,2020-04-29,24097,1074,822.0,58.0,7.741991630172405,0.5462719155109483
Georgia,2020-04-30,24856,1111,759.0,37.0,7.148627308151893,0.3484838081707774
Georgia,2020-05-01,25716,1144,860.0,33.0,8.099893919645098,0.3108098829631258
Georgia,2020-05-02,26549,1151,833.0,7.0,7.845594924493448,0.06592936911339031
Georgia,2020-05-03,26859,1157,310.0,6.0,2.919729203593,0.056510887811477416
Georgia,2020-05-04,27612,1215,753.0,58.0,7.092116420340417,0.5462719155109483
Georgia,2020-05-05,28158,1265,546.0,50.0,5.1424907908444455,0.47092406509564516
Georgia,2020-05-06,29151,1301,993.0,36.0,9.352551932799512,0.3390653268688645
Georgia,2020-05-07,29619,1324,468.0,23.0,4.407849249295238,0.2166250699439968
Georgia,2020-05-08,30195,1366,576.0,42.0,5.425045229901832,0.39557621468034193
Georgia,2020-05-09,30705,1368,510.0,2.0,4.8034254639755805,0.018836962603825804
Georgia,2020-05-10,31215,1370,510.0,2.0,4.8034254639755805,0.018836962603825804
Georgia,2020-05-11,31705,1420,490.0,50.0,4.615055837937323,0.47092406509564516
Georgia,2020-05-12,32140,1457,435.0,37.0,4.097039366332113,0.3484838081707774
Georgia,2020-05-13,32564,1479,424.0,22.0,3.993436072011071,0.20720658864208388
Georgia,2020-05-14,33032,1511,468.0,32.0,4.407849249295238,0.30139140166121287
Georgia,2020-05-15,33547,1549,515.0,38.0,4.850517870485145,0.3579022894726903
Georgia,2020-05-16,33794,1559,247.0,10.0,2.3263648815724873,0.09418481301912904
Georgia,2020-05-17,33879,1568,85.0,9.0,0.8005709106625968,0.08476633171721612
Georgia,2020-05-18,34422,1608,543.0,40.0,5.114235346938706,0.37673925207651615
Georgia,2020-05-19,35066,1643,644.0,35.0,6.065501958431909,0.3296468455669516
Georgia,2020-05-20,35766,1664,700.0,21.0,6.592936911339033,0.19778810734017097
Georgia,2020-05-21,36539,1743,773.0,79.0,7.280486046378675,0.7440600228511194
Georgia,2020-05-22,37271,1774,732.0,31.0,6.894328313000246,0.2919729203593
Georgia,2020-05-23,37732,1790,461.0,16.0,4.341919880181848,0.15069570083060643
Georgia,2020-05-24,38448,1795,716.0,5.0,6.743632612169639,0.04709240650956452
Georgia,2020-05-25,39198,1818,750.0,23.0,7.063860976434677,0.2166250699439968
Georgia,2020-05-26,40376,1866,1178.0,48.0,11.0949709736534,0.4520871024918193
Georgia,2020-05-27,41298,1904,922.0,38.0,8.683839760363696,0.3579022894726903
Georgia,2020-05-28,42066,1934,768.0,30.0,7.233393639869109,0.2825544390573871
Georgia,2020-05-29,42856,1966,790.0,32.0,7.440600228511194,0.30139140166121287
Georgia,2020-05-30,43137,1967,281.0,1.0,2.6465932458375256,0.009418481301912902
Georgia,2020-05-31,43369,2007,232.0,40.0,2.1850876620437933,0.37673925207651615
Georgia,2020-06-01,44250,2046,881.0,39.0,8.297682026985267,0.36732077077460323
Georgia,2020-06-02,44808,2072,558.0,26.0,5.2555125664674,0.24488051384973547
Georgia,2020-06-03,45683,2095,875.0,23.0,8.24117113917379,0.2166250699439968
Georgia,2020-06-04,46773,2119,1090.0,24.0,10.266144619085063,0.22604355124590966
Georgia,2020-06-05,47479,2127,706.0,8.0,6.649447799150509,0.07534785041530322
Georgia,2020-06-06,47801,2138,322.0,11.0,3.0327509792159546,0.10360329432104194
Georgia,2020-06-07,48275,2140,474.0,2.0,4.464360137106716,0.018836962603825804
Georgia,2020-06-08,49123,2231,848.0,91.0,7.986872144022142,0.8570817984740743
Georgia,2020-06-09,49872,2246,749.0,15.0,7.054442495132765,0.14127721952869354
Georgia,2020-06-10,50774,2305,902.0,59.0,8.495470134325439,0.5556903968128613
Georgia,2020-06-11,51700,2350,926.0,45.0,8.721513685571349,0.4238316585860807
Georgia,2020-06-12,52606,2382,906.0,32.0,8.53314405953309,0.30139140166121287
Georgia,2020-06-13,52998,2402,392.0,20.0,3.692044670349858,0.18836962603825808
Georgia,2020-06-14,53527,2407,529.0,5.0,4.982376608711926,0.04709240650956452
Georgia,2020-06-15,54229,2460,702.0,53.0,6.611773873942857,0.49917950900138386
Georgia,2020-06-16,55555,2492,1326.0,32.0,12.48890620633651,0.30139140166121287
Georgia,2020-06-17,56371,2536,816.0,44.0,7.685480742360929,0.41441317728416777
Georgia,2020-06-18,57513,2556,1142.0,20.0,10.755905646784536,0.18836962603825808
Georgia,2020-06-19,58633,2590,1120.0,34.0,10.548699058142452,0.3202283642650387
Georgia,2020-06-20,59013,2591,380.0,1.0,3.579022894726903,0.009418481301912902
Georgia,2020-06-21,60173,2591,1160.0,0.0,10.925438310218967,0.0
Georgia,2020-06-22,61828,2606,1655.0,15.0,15.587586554665855,0.14127721952869354
Georgia,2020-06-23,63810,2647,1982.0,41.0,18.667429940391372,0.386157733378429
Georgia,2020-06-24,65534,2674,1724.0,27.0,16.237461764497844,0.2542989951516484
Georgia,2020-06-25,67034,2707,1500.0,33.0,14.127721952869354,0.3108098829631258
Georgia,2020-06-26,68953,2728,1919.0,21.0,18.074065618370863,0.19778810734017097
Georgia,2020-06-27,70112,2730,1159.0,2.0,10.916019828917054,0.018836962603825804
Georgia,2020-06-28,70542,2731,430.0,1.0,4.049946959822549,0.009418481301912902
Georgia,2020-06-29,72986,2747,2444.0,16.0,23.018768301875134,0.15069570083060643
Georgia,2020-06-30,76054,2758,3068.0,11.0,28.895900634268784,0.10360329432104194
Georgia,2020-07-01,78447,2782,2393.0,24.0,22.538425755477576,0.22604355124590966
Georgia,2020-07-02,81049,2802,2602.0,20.0,24.506888347577373,0.18836962603825808
Georgia,2020-07-03,84090,2806,3041.0,4.0,28.641601639117134,0.03767392520765161
Georgia,2020-07-04,86501,2809,2411.0,3.0,22.707958418912007,0.028255443905738708
Georgia,2020-07-05,88286,2810,1785.0,1.0,16.811989123914532,0.009418481301912902
Georgia,2020-07-06,90616,2831,2330.0,21.0,21.945061433457067,0.19778810734017097
Georgia,2020-07-07,93437,2851,2821.0,20.0,26.5695357526963,0.18836962603825808
Georgia,2020-07-08,95652,2870,2215.0,19.0,20.86193608373708,0.17895114473634516
Georgia,2020-07-09,99386,2888,3734.0,18.0,35.168609181342774,0.16953266343443224
Georgia,2020-07-10,103459,2933,4073.0,45.0,38.36147434269125,0.4238316585860807
Georgia,2020-07-11,105411,2944,1952.0,11.0,18.384875501333987,0.10360329432104194
Georgia,2020-07-12,107108,2946,1697.0,2.0,15.983162769346198,0.018836962603825804
Georgia,2020-07-13,108861,2962,1753.0,16.0,16.51059772225332,0.15069570083060643
Georgia,2020-07-14,113001,2962,4140.0,0.0,38.992512589919414,0.0
Georgia,2020-07-15,116454,3023,3453.0,61.0,32.52201593550525,0.5745273594166871
Georgia,2020-07-16,119518,3041,3064.0,18.0,28.858226709061135,0.16953266343443224
Georgia,2020-07-17,122958,3068,3440.0,27.0,32.39957567858039,0.2542989951516484
Georgia,2020-07-18,126699,3096,3741.0,28.0,35.23453855045617,0.26371747645356125
Georgia,2020-07-19,129034,3102,2335.0,6.0,21.992153839966626,0.056510887811477416
Georgia,2020-07-20,130951,3104,1917.0,2.0,18.055228655767035,0.018836962603825804
Georgia,2020-07-21,134197,3173,3246.0,69.0,30.572390306009282,0.6498752098319903
Georgia,2020-07-22,137212,3253,3015.0,80.0,28.396721125267405,0.7534785041530323
Georgia,2020-07-23,141632,3282,4420.0,29.0,41.62968735445503,0.27313595775547417
Georgia,2020-07-24,145618,3361,3986.0,79.0,37.54206646942483,0.7440600228511194
Georgia,2020-07-25,149190,3411,3572.0,50.0,33.64281521043289,0.47092406509564516
Georgia,2020-07-26,151357,3415,2167.0,4.0,20.40984898124526,0.03767392520765161
Georgia,2020-07-27,153678,3428,2321.0,13.0,21.860295101739847,0.12244025692486774
Georgia,2020-07-28,157660,3428,3982.0,0.0,37.50439254421718,0.0
Georgia,2020-07-29,161110,3554,3450.0,126.0,32.49376049159952,1.1867286440410258
Georgia,2020-07-30,165256,3589,4146.0,35.0,39.04902347773089,0.3296468455669516
Georgia,2020-07-31,169023,3667,3767.0,78.0,35.4794190643059,0.7346415415492065
Georgia,2020-08-01,172439,3737,3416.0,70.0,32.173532127334475,0.6592936911339032
Georgia,2020-08-02,175063,3751,2624.0,14.0,24.714094936219457,0.13185873822678063
Georgia,2020-08-03,176935,3753,1872.0,2.0,17.631396997180953,0.018836962603825804
Georgia,2020-08-04,179911,3827,2976.0,74.0,28.029400354492797,0.6969676163415548
Georgia,2020-08-05,183839,3887,3928.0,60.0,36.99579455391388,0.5651088781147742
Georgia,2020-08-06,186826,3930,2987.0,43.0,28.13300364881384,0.40499469598225485
Georgia,2020-08-07,190771,4016,3945.0,86.0,37.1559087360464,0.8099893919645097
Georgia,2020-08-08,194748,4082,3977.0,66.0,37.45730013770761,0.6216197659262516
Georgia,2020-08-09,197381,4094,2633.0,12.0,24.798861267936676,0.11302177562295483
Georgia,2020-08-10,199414,4125,2033.0,31.0,19.147772486788934,0.2919729203593
Georgia,2020-08-11,203244,4239,3830.0,114.0,36.072783386326414,1.0737068684180708
Georgia,2020-08-12,206891,4348,3647.0,109.0,34.34920130807635,1.0266144619085065
Georgia,2020-08-13,209205,4431,2314.0,83.0,21.79436573262646,0.7817339480587709
Georgia,2020-08-14,212555,4465,3350.0,34.0,31.551912361408224,0.3202283642650387
Georgia,2020-08-15,215584,4557,3029.0,92.0,28.528579863494183,0.8665002797759872
Georgia,2020-08-16,217431,4591,1847.0,34.0,17.39593496463313,0.3202283642650387
Georgia,2020-08-17,219075,4612,1644.0,21.0,15.48398326034481,0.19778810734017097
Georgia,2020-08-18,221938,4676,2863.0,64.0,26.965111967376643,0.6027828033224257
Georgia,2020-08-19,224481,4730,2543.0,54.0,23.95119795076451,0.5085979903032968
Georgia,2020-08-20,227557,4785,3076.0,55.0,28.971248484684093,0.5180164716052096
Georgia,2020-08-21,230464,4877,2907.0,92.0,27.379525144660807,0.8665002797759872
Georgia,2020-08-22,233073,4972,2609.0,95.0,24.572817716690764,0.8947557236817257
Georgia,2020-08-23,234603,5010,1530.0,38.0,14.410276391926743,0.3579022894726903
Georgia,2020-08-24,236887,5036,2284.0,26.0,21.51181129356907,0.24488051384973547
Georgia,2020-08-25,239110,5136,2223.0,100.0,20.937283934152383,0.9418481301912903
Georgia,2020-08-26,241879,5183,2769.0,47.0,26.079774724996827,0.4426686211899064
Georgia,2020-08-27,244416,5266,2537.0,83.0,23.894687062953036,0.7817339480587709
Georgia,2020-08-28,246781,5345,2365.0,79.0,22.274708279024015,0.7440600228511194
Georgia,2020-08-29,249076,5442,2295.0,97.0,21.61541458789011,0.9135926862855516
Georgia,2020-08-30,250175,5469,1099.0,27.0,10.35091095080228,0.2542989951516484
Georgia,2020-08-31,251733,5496,1558.0,27.0,14.673993868380302,0.2542989951516484
Georgia,2020-09-01,254017,5593,2284.0,97.0,21.51181129356907,0.9135926862855516
Georgia,2020-09-02,255929,5656,1912.0,63.0,18.008136249257472,0.5933643220205129
Georgia,2020-09-03,258596,5723,2667.0,67.0,25.119089632201714,0.6310382472281645
Georgia,2020-09-04,260511,5784,1915.0,61.0,18.036391693163207,0.5745273594166871
Georgia,2020-09-05,262705,5833,2194.0,49.0,20.664147976396908,0.46150558379373224
Georgia,2020-09-06,264123,5890,1418.0,57.0,13.355406486112496,0.5368534342090354
Georgia,2020-09-07,264701,5897,578.0,7.0,5.443882192505658,0.06592936911339031
Georgia,2020-09-08,266279,5922,1578.0,25.0,14.86236349441856,0.23546203254782258
Georgia,2020-09-09,268203,5978,1924.0,56.0,18.121158024880426,0.5274349529071225
Georgia,2020-09-10,270138,6053,1935.0,75.0,18.22476131920147,0.7063860976434677
Georgia,2020-09-11,271810,6098,1672.0,45.0,15.747700736798373,0.4238316585860807
Georgia,2020-09-12,273844,6138,2034.0,40.0,19.157190968090845,0.37673925207651615
Georgia,2020-09-13,275250,6184,1406.0,46.0,13.242384710489542,0.4332501398879936
Georgia,2020-09-14,276269,6204,1019.0,20.0,9.597432446649249,0.18836962603825808
Georgia,2020-09-15,277928,6248,1659.0,44.0,15.625260479873505,0.41441317728416777
Georgia,2020-09-16,279912,6270,1984.0,22.0,18.6862669029952,0.20720658864208388
Georgia,2020-09-17,281740,6321,1828.0,51.0,17.216983819896786,0.4803425463975581
Georgia,2020-09-18,283660,6382,1920.0,61.0,18.083484099672773,0.5745273594166871
Georgia,2020-09-19,285622,6441,1962.0,59.0,18.479060314353116,0.5556903968128613
Georgia,2020-09-20,286660,6444,1038.0,3.0,9.776383591385594,0.028255443905738708
Georgia,2020-09-21,287514,6446,854.0,2.0,8.043383031833619,0.018836962603825804
Georgia,2020-09-22,288540,6512,1026.0,66.0,9.663361815762638,0.6216197659262516
Georgia,2020-09-23,290483,6606,1943.0,94.0,18.30010916961677,0.8853372423798128
Georgia,2020-09-24,292094,6655,1611.0,49.0,15.173173377381685,0.46150558379373224
Georgia,2020-09-25,293860,6705,1766.0,50.0,16.633037979178187,0.47092406509564516
Georgia,2020-09-26,295290,6744,1430.0,39.0,13.46842826173545,0.36732077077460323
Georgia,2020-09-27,296073,6774,783.0,30.0,7.374670859397803,0.2825544390573871
Georgia,2020-09-28,296725,6788,652.0,14.0,6.1408498088472125,0.13185873822678063
Georgia,2020-09-29,297770,6821,1045.0,33.0,9.842312960498985,0.3108098829631258
Georgia,2020-09-30,299267,6847,1497.0,26.0,14.099466508963618,0.24488051384973547
Georgia,2020-10-01,300825,6890,1558.0,43.0,14.673993868380302,0.40499469598225485
Hawaii,2020-02-01,0,0,0.0,0.0,0.0,0.0
Hawaii,2020-02-02,0,0,0.0,0.0,0.0,0.0
Hawaii,2020-02-03,0,0,0.0,0.0,0.0,0.0
Hawaii,2020-02-04,0,0,0.0,0.0,0.0,0.0
Hawaii,2020-02-05,0,0,0.0,0.0,0.0,0.0
Hawaii,2020-02-06,0,0,0.0,0.0,0.0,0.0
Hawaii,2020-02-07,0,0,0.0,0.0,0.0,0.0
Hawaii,2020-02-08,0,0,0.0,0.0,0.0,0.0
Hawaii,2020-02-09,0,0,0.0,0.0,0.0,0.0
Hawaii,2020-02-10,0,0,0.0,0.0,0.0,0.0
Hawaii,2020-02-11,0,0,0.0,0.0,0.0,0.0
Hawaii,2020-02-12,0,0,0.0,0.0,0.0,0.0
Hawaii,2020-02-13,0,0,0.0,0.0,0.0,0.0
Hawaii,2020-02-14,0,0,0.0,0.0,0.0,0.0
Hawaii,2020-02-15,0,0,0.0,0.0,0.0,0.0
Hawaii,2020-02-16,0,0,0.0,0.0,0.0,0.0
Hawaii,2020-02-17,0,0,0.0,0.0,0.0,0.0
Hawaii,2020-02-18,0,0,0.0,0.0,0.0,0.0
Hawaii,2020-02-19,0,0,0.0,0.0,0.0,0.0
Hawaii,2020-02-20,0,0,0.0,0.0,0.0,0.0
Hawaii,2020-02-21,0,0,0.0,0.0,0.0,0.0
Hawaii,2020-02-22,0,0,0.0,0.0,0.0,0.0
Hawaii,2020-02-23,0,0,0.0,0.0,0.0,0.0
Hawaii,2020-02-24,0,0,0.0,0.0,0.0,0.0
Hawaii,2020-02-25,0,0,0.0,0.0,0.0,0.0
Hawaii,2020-02-26,0,0,0.0,0.0,0.0,0.0
Hawaii,2020-02-27,0,0,0.0,0.0,0.0,0.0
Hawaii,2020-02-28,0,0,0.0,0.0,0.0,0.0
Hawaii,2020-02-29,0,0,0.0,0.0,0.0,0.0
Hawaii,2020-03-01,0,0,0.0,0.0,0.0,0.0
Hawaii,2020-03-02,0,0,0.0,0.0,0.0,0.0
Hawaii,2020-03-03,0,0,0.0,0.0,0.0,0.0
Hawaii,2020-03-04,0,0,0.0,0.0,0.0,0.0
Hawaii,2020-03-05,0,0,0.0,0.0,0.0,0.0
Hawaii,2020-03-06,0,0,0.0,0.0,0.0,0.0
Hawaii,2020-03-07,1,0,1.0,0.0,0.07062785336527595,0.0
Hawaii,2020-03-08,1,0,0.0,0.0,0.0,0.0
Hawaii,2020-03-09,2,0,1.0,0.0,0.07062785336527595,0.0
Hawaii,2020-03-10,2,0,0.0,0.0,0.0,0.0
Hawaii,2020-03-11,2,0,0.0,0.0,0.0,0.0
Hawaii,2020-03-12,2,0,0.0,0.0,0.0,0.0
Hawaii,2020-03-13,2,0,0.0,0.0,0.0,0.0
Hawaii,2020-03-14,3,0,1.0,0.0,0.07062785336527595,0.0
Hawaii,2020-03-15,6,0,3.0,0.0,0.21188356009582787,0.0
Hawaii,2020-03-16,9,0,3.0,0.0,0.21188356009582787,0.0
Hawaii,2020-03-17,12,0,3.0,0.0,0.21188356009582787,0.0
Hawaii,2020-03-18,15,0,3.0,0.0,0.21188356009582787,0.0
Hawaii,2020-03-19,25,0,10.0,0.0,0.7062785336527595,0.0
Hawaii,2020-03-20,35,0,10.0,0.0,0.7062785336527595,0.0
Hawaii,2020-03-21,45,0,10.0,0.0,0.7062785336527595,0.0
Hawaii,2020-03-22,53,0,8.0,0.0,0.5650228269222076,0.0
Hawaii,2020-03-23,65,0,12.0,0.0,0.8475342403833115,0.0
Hawaii,2020-03-24,70,0,5.0,0.0,0.35313926682637975,0.0
Hawaii,2020-03-25,87,0,17.0,0.0,1.2006735072096912,0.0
Hawaii,2020-03-26,101,0,14.0,0.0,0.9887899471138634,0.0
Hawaii,2020-03-27,115,0,14.0,0.0,0.9887899471138634,0.0
Hawaii,2020-03-28,145,0,30.0,0.0,2.1188356009582785,0.0
Hawaii,2020-03-29,167,0,22.0,0.0,1.5538127740360712,0.0
Hawaii,2020-03-30,191,0,24.0,0.0,1.695068480766623,0.0
Hawaii,2020-03-31,209,1,18.0,1.0,1.2713013605749672,0.07062785336527595
Hawaii,2020-04-01,238,2,29.0,1.0,2.0482077475930027,0.07062785336527595
Hawaii,2020-04-02,263,2,25.0,0.0,1.765696334131899,0.0
Hawaii,2020-04-03,306,3,43.0,1.0,3.036997694706866,0.07062785336527595
Hawaii,2020-04-04,341,3,35.0,0.0,2.4719748677846582,0.0
Hawaii,2020-04-05,362,4,21.0,1.0,1.4831849206707952,0.07062785336527595
Hawaii,2020-04-06,376,5,14.0,1.0,0.9887899471138634,0.07062785336527595
Hawaii,2020-04-07,401,6,25.0,1.0,1.765696334131899,0.07062785336527595
Hawaii,2020-04-08,426,6,25.0,0.0,1.765696334131899,0.0
Hawaii,2020-04-09,437,6,11.0,0.0,0.7769063870180356,0.0
Hawaii,2020-04-10,459,8,22.0,2.0,1.5538127740360712,0.1412557067305519
Hawaii,2020-04-11,481,8,22.0,0.0,1.5538127740360712,0.0
Hawaii,2020-04-12,493,9,12.0,1.0,0.8475342403833115,0.07062785336527595
Hawaii,2020-04-13,498,9,5.0,0.0,0.35313926682637975,0.0
Hawaii,2020-04-14,507,9,9.0,0.0,0.6356506802874836,0.0
Hawaii,2020-04-15,522,9,15.0,0.0,1.0594178004791392,0.0
Hawaii,2020-04-16,529,9,7.0,0.0,0.4943949735569317,0.0
Hawaii,2020-04-17,546,9,17.0,0.0,1.2006735072096912,0.0
Hawaii,2020-04-18,567,9,21.0,0.0,1.4831849206707952,0.0
Hawaii,2020-04-19,573,9,6.0,0.0,0.42376712019165574,0.0
Hawaii,2020-04-20,577,9,4.0,0.0,0.2825114134611038,0.0
Hawaii,2020-04-21,579,9,2.0,0.0,0.1412557067305519,0.0
Hawaii,2020-04-22,585,9,6.0,0.0,0.42376712019165574,0.0
Hawaii,2020-04-23,589,9,4.0,0.0,0.2825114134611038,0.0
Hawaii,2020-04-24,593,9,4.0,0.0,0.2825114134611038,0.0
Hawaii,2020-04-25,596,9,3.0,0.0,0.21188356009582787,0.0
Hawaii,2020-04-26,598,9,2.0,0.0,0.1412557067305519,0.0
Hawaii,2020-04-27,599,9,1.0,0.0,0.07062785336527595,0.0
Hawaii,2020-04-28,599,9,0.0,0.0,0.0,0.0
Hawaii,2020-04-29,604,16,5.0,7.0,0.35313926682637975,0.4943949735569317
Hawaii,2020-04-30,608,16,4.0,0.0,0.2825114134611038,0.0
Hawaii,2020-05-01,609,16,1.0,0.0,0.07062785336527595,0.0
Hawaii,2020-05-02,609,16,0.0,0.0,0.0,0.0
Hawaii,2020-05-03,610,17,1.0,1.0,0.07062785336527595,0.07062785336527595
Hawaii,2020-05-04,610,17,0.0,0.0,0.0,0.0
Hawaii,2020-05-05,614,17,4.0,0.0,0.2825114134611038,0.0
Hawaii,2020-05-06,615,17,1.0,0.0,0.07062785336527595,0.0
Hawaii,2020-05-07,617,17,2.0,0.0,0.1412557067305519,0.0
Hawaii,2020-05-08,617,17,0.0,0.0,0.0,0.0
Hawaii,2020-05-09,619,17,2.0,0.0,0.1412557067305519,0.0
Hawaii,2020-05-10,620,17,1.0,0.0,0.07062785336527595,0.0
Hawaii,2020-05-11,622,17,2.0,0.0,0.1412557067305519,0.0
Hawaii,2020-05-12,623,17,1.0,0.0,0.07062785336527595,0.0
Hawaii,2020-05-13,626,17,3.0,0.0,0.21188356009582787,0.0
Hawaii,2020-05-14,626,17,0.0,0.0,0.0,0.0
Hawaii,2020-05-15,627,17,1.0,0.0,0.07062785336527595,0.0
Hawaii,2020-05-16,627,17,0.0,0.0,0.0,0.0
Hawaii,2020-05-17,628,17,1.0,0.0,0.07062785336527595,0.0
Hawaii,2020-05-18,628,17,0.0,0.0,0.0,0.0
Hawaii,2020-05-19,629,17,1.0,0.0,0.07062785336527595,0.0
Hawaii,2020-05-20,630,17,1.0,0.0,0.07062785336527595,0.0
Hawaii,2020-05-21,632,17,2.0,0.0,0.1412557067305519,0.0
Hawaii,2020-05-22,632,17,0.0,0.0,0.0,0.0
Hawaii,2020-05-23,633,17,1.0,0.0,0.07062785336527595,0.0
Hawaii,2020-05-24,633,17,0.0,0.0,0.0,0.0
Hawaii,2020-05-25,633,17,0.0,0.0,0.0,0.0
Hawaii,2020-05-26,633,17,0.0,0.0,0.0,0.0
Hawaii,2020-05-27,633,17,0.0,0.0,0.0,0.0
Hawaii,2020-05-28,636,17,3.0,0.0,0.21188356009582787,0.0
Hawaii,2020-05-29,638,17,2.0,0.0,0.1412557067305519,0.0
Hawaii,2020-05-30,641,17,3.0,0.0,0.21188356009582787,0.0
Hawaii,2020-05-31,641,17,0.0,0.0,0.0,0.0
Hawaii,2020-06-01,641,17,0.0,0.0,0.0,0.0
Hawaii,2020-06-02,642,17,1.0,0.0,0.07062785336527595,0.0
Hawaii,2020-06-03,643,17,1.0,0.0,0.07062785336527595,0.0
Hawaii,2020-06-04,644,17,1.0,0.0,0.07062785336527595,0.0
Hawaii,2020-06-05,653,17,9.0,0.0,0.6356506802874836,0.0
Hawaii,2020-06-06,661,17,8.0,0.0,0.5650228269222076,0.0
Hawaii,2020-06-07,663,17,2.0,0.0,0.1412557067305519,0.0
Hawaii,2020-06-08,664,17,1.0,0.0,0.07062785336527595,0.0
Hawaii,2020-06-09,670,17,6.0,0.0,0.42376712019165574,0.0
Hawaii,2020-06-10,673,17,3.0,0.0,0.21188356009582787,0.0
Hawaii,2020-06-11,680,17,7.0,0.0,0.4943949735569317,0.0
Hawaii,2020-06-12,694,17,14.0,0.0,0.9887899471138634,0.0
Hawaii,2020-06-13,711,17,17.0,0.0,1.2006735072096912,0.0
Hawaii,2020-06-14,716,17,5.0,0.0,0.35313926682637975,0.0
Hawaii,2020-06-15,724,17,8.0,0.0,0.5650228269222076,0.0
Hawaii,2020-06-16,728,17,4.0,0.0,0.2825114134611038,0.0
Hawaii,2020-06-17,732,17,4.0,0.0,0.2825114134611038,0.0
Hawaii,2020-06-18,750,17,18.0,0.0,1.2713013605749672,0.0
Hawaii,2020-06-19,777,17,27.0,0.0,1.906952040862451,0.0
Hawaii,2020-06-20,791,17,14.0,0.0,0.9887899471138634,0.0
Hawaii,2020-06-21,802,17,11.0,0.0,0.7769063870180356,0.0
Hawaii,2020-06-22,804,17,2.0,0.0,0.1412557067305519,0.0
Hawaii,2020-06-23,807,17,3.0,0.0,0.21188356009582787,0.0
Hawaii,2020-06-24,821,17,14.0,0.0,0.9887899471138634,0.0
Hawaii,2020-06-25,836,17,15.0,0.0,1.0594178004791392,0.0
Hawaii,2020-06-26,850,17,14.0,0.0,0.9887899471138634,0.0
Hawaii,2020-06-27,856,18,6.0,1.0,0.42376712019165574,0.07062785336527595
Hawaii,2020-06-28,882,18,26.0,0.0,1.836324187497175,0.0
Hawaii,2020-06-29,884,18,2.0,0.0,0.1412557067305519,0.0
Hawaii,2020-06-30,900,18,16.0,0.0,1.1300456538444152,0.0
Hawaii,2020-07-01,909,18,9.0,0.0,0.6356506802874836,0.0
Hawaii,2020-07-02,929,18,20.0,0.0,1.412557067305519,0.0
Hawaii,2020-07-03,957,19,28.0,1.0,1.9775798942277267,0.07062785336527595
Hawaii,2020-07-04,981,19,24.0,0.0,1.695068480766623,0.0
Hawaii,2020-07-05,1005,19,24.0,0.0,1.695068480766623,0.0
Hawaii,2020-07-06,1012,19,7.0,0.0,0.4943949735569317,0.0
Hawaii,2020-07-07,1053,19,41.0,0.0,2.895741987976314,0.0
Hawaii,2020-07-08,1076,19,23.0,0.0,1.624440627401347,0.0
Hawaii,2020-07-09,1112,19,36.0,0.0,2.5426027211499345,0.0
Hawaii,2020-07-10,1139,19,27.0,0.0,1.906952040862451,0.0
Hawaii,2020-07-11,1181,19,42.0,0.0,2.9663698413415904,0.0
Hawaii,2020-07-12,1201,19,20.0,0.0,1.412557067305519,0.0
Hawaii,2020-07-13,1222,21,21.0,2.0,1.4831849206707952,0.1412557067305519
Hawaii,2020-07-14,1243,21,21.0,0.0,1.4831849206707952,0.0
Hawaii,2020-07-15,1271,21,28.0,0.0,1.9775798942277267,0.0
Hawaii,2020-07-16,1287,21,16.0,0.0,1.1300456538444152,0.0
Hawaii,2020-07-17,1312,22,25.0,1.0,1.765696334131899,0.07062785336527595
Hawaii,2020-07-18,1329,23,17.0,1.0,1.2006735072096912,0.07062785336527595
Hawaii,2020-07-19,1356,23,27.0,0.0,1.906952040862451,0.0
Hawaii,2020-07-20,1371,23,15.0,0.0,1.0594178004791392,0.0
Hawaii,2020-07-21,1396,23,25.0,0.0,1.765696334131899,0.0
Hawaii,2020-07-22,1413,24,17.0,1.0,1.2006735072096912,0.07062785336527595
Hawaii,2020-07-23,1466,25,53.0,1.0,3.7432762283596253,0.07062785336527595
Hawaii,2020-07-24,1524,25,58.0,0.0,4.0964154951860055,0.0
Hawaii,2020-07-25,1595,25,71.0,0.0,5.014577588934593,0.0
Hawaii,2020-07-26,1658,25,63.0,0.0,4.449554762012386,0.0
Hawaii,2020-07-27,1686,25,28.0,0.0,1.9775798942277267,0.0
Hawaii,2020-07-28,1733,25,47.0,0.0,3.3195091081679697,0.0
Hawaii,2020-07-29,1841,25,108.0,0.0,7.627808163449804,0.0
Hawaii,2020-07-30,1966,25,125.0,0.0,8.828481670659494,0.0
Hawaii,2020-07-31,2087,25,121.0,0.0,8.545970257198391,0.0
Hawaii,2020-08-01,2174,25,87.0,0.0,6.144623242779009,0.0
Hawaii,2020-08-02,2219,25,45.0,0.0,3.1782534014374177,0.0
Hawaii,2020-08-03,2424,25,205.0,0.0,14.478709939881572,0.0
Hawaii,2020-08-04,2567,26,143.0,1.0,10.099783031234463,0.07062785336527595
Hawaii,2020-08-05,2740,26,173.0,0.0,12.21861863219274,0.0
Hawaii,2020-08-06,2792,28,52.0,2.0,3.67264837499435,0.1412557067305519
Hawaii,2020-08-07,3092,30,300.0,2.0,21.188356009582787,0.1412557067305519
Hawaii,2020-08-08,3323,30,231.0,0.0,16.315034127378745,0.0
Hawaii,2020-08-09,3475,30,152.0,0.0,10.735433711521946,0.0
Hawaii,2020-08-10,3615,33,140.0,3.0,9.887899471138633,0.21188356009582787
Hawaii,2020-08-11,3733,33,118.0,0.0,8.334086697102563,0.0
Hawaii,2020-08-12,3935,37,202.0,4.0,14.266826379785742,0.2825114134611038
Hawaii,2020-08-13,4289,39,354.0,2.0,25.002260091307686,0.1412557067305519
Hawaii,2020-08-14,4520,39,231.0,0.0,16.315034127378745,0.0
Hawaii,2020-08-15,4802,39,282.0,0.0,19.91705464900782,0.0
Hawaii,2020-08-16,5019,39,217.0,0.0,15.326244180264883,0.0
Hawaii,2020-08-17,5192,39,173.0,0.0,12.21861863219274,0.0
Hawaii,2020-08-18,5326,40,134.0,1.0,9.46413235094698,0.07062785336527595
Hawaii,2020-08-19,5586,41,260.0,1.0,18.36324187497175,0.07062785336527595
Hawaii,2020-08-20,5821,44,235.0,3.0,16.59754554083985,0.21188356009582787
Hawaii,2020-08-21,6049,45,228.0,1.0,16.10315056728292,0.07062785336527595
Hawaii,2020-08-22,6333,46,284.0,1.0,20.05831035573837,0.07062785336527595
Hawaii,2020-08-23,6577,46,244.0,0.0,17.233196221127336,0.0
Hawaii,2020-08-24,6746,48,169.0,2.0,11.936107218731637,0.1412557067305519
Hawaii,2020-08-25,6961,48,215.0,0.0,15.18498847353433,0.0
Hawaii,2020-08-26,7236,50,275.0,2.0,19.422659675450888,0.1412557067305519
Hawaii,2020-08-27,7542,54,306.0,4.0,21.612123129774442,0.2825114134611038
Hawaii,2020-08-28,7806,58,264.0,4.0,18.645753288432854,0.2825114134611038
Hawaii,2020-08-29,8115,61,309.0,3.0,21.824006689870274,0.21188356009582787
Hawaii,2020-08-30,8315,62,200.0,1.0,14.125570673055192,0.07062785336527595
Hawaii,2020-08-31,8447,69,132.0,7.0,9.322876644216427,0.4943949735569317
Hawaii,2020-09-01,8628,73,181.0,4.0,12.783641459114948,0.2825114134611038
Hawaii,2020-09-02,8966,74,338.0,1.0,23.872214437463274,0.07062785336527595
Hawaii,2020-09-03,9177,78,211.0,4.0,14.902477060073227,0.2825114134611038
Hawaii,2020-09-04,9448,80,271.0,2.0,19.140148261989786,0.1412557067305519
Hawaii,2020-09-05,9667,83,219.0,3.0,15.467499886995435,0.21188356009582787
Hawaii,2020-09-06,9828,84,161.0,1.0,11.371084391809429,0.07062785336527595
Hawaii,2020-09-07,9932,85,104.0,1.0,7.3452967499887,0.07062785336527595
Hawaii,2020-09-08,9998,87,66.0,2.0,4.661438322108213,0.1412557067305519
Hawaii,2020-09-09,10096,90,98.0,3.0,6.9215296297970434,0.21188356009582787
Hawaii,2020-09-10,10265,93,169.0,3.0,11.936107218731637,0.21188356009582787
Hawaii,2020-09-11,10432,95,167.0,2.0,11.794851512001085,0.1412557067305519
Hawaii,2020-09-12,10561,96,129.0,1.0,9.110993084120597,0.07062785336527595
Hawaii,2020-09-13,10673,98,112.0,2.0,7.910319576910907,0.1412557067305519
Hawaii,2020-09-14,10752,98,79.0,0.0,5.579600415856801,0.0
Hawaii,2020-09-15,10816,99,64.0,1.0,4.520182615377661,0.07062785336527595
Hawaii,2020-09-16,10917,102,101.0,3.0,7.133413189892871,0.21188356009582787
Hawaii,2020-09-17,11076,106,159.0,4.0,11.229828685078877,0.2825114134611038
Hawaii,2020-09-18,11189,119,113.0,13.0,7.980947430276183,0.9181620937485875
Hawaii,2020-09-19,11298,119,109.0,0.0,7.698436016815079,0.0
Hawaii,2020-09-20,11375,119,77.0,0.0,5.438344709126249,0.0
Hawaii,2020-09-21,11431,119,56.0,0.0,3.9551597884554535,0.0
Hawaii,2020-09-22,11494,119,63.0,0.0,4.449554762012386,0.0
Hawaii,2020-09-23,11661,121,167.0,2.0,11.794851512001085,0.1412557067305519
Hawaii,2020-09-24,11749,123,88.0,2.0,6.215251096144285,0.1412557067305519
Hawaii,2020-09-25,11861,126,112.0,3.0,7.910319576910907,0.21188356009582787
Hawaii,2020-09-26,11988,130,127.0,4.0,8.969737377390047,0.2825114134611038
Hawaii,2020-09-27,12086,131,98.0,1.0,6.9215296297970434,0.07062785336527595
Hawaii,2020-09-28,12173,131,87.0,0.0,6.144623242779009,0.0
Hawaii,2020-09-29,12258,133,85.0,2.0,6.003367536048456,0.1412557067305519
Hawaii,2020-09-30,12377,135,119.0,2.0,8.404714550467839,0.1412557067305519
Hawaii,2020-10-01,12482,138,105.0,3.0,7.415924603353975,0.21188356009582787
Idaho,2020-02-01,0,0,0.0,0.0,0.0,0.0
Idaho,2020-02-02,0,0,0.0,0.0,0.0,0.0
Idaho,2020-02-03,0,0,0.0,0.0,0.0,0.0
Idaho,2020-02-04,0,0,0.0,0.0,0.0,0.0
Idaho,2020-02-05,0,0,0.0,0.0,0.0,0.0
Idaho,2020-02-06,0,0,0.0,0.0,0.0,0.0
Idaho,2020-02-07,0,0,0.0,0.0,0.0,0.0
Idaho,2020-02-08,0,0,0.0,0.0,0.0,0.0
Idaho,2020-02-09,0,0,0.0,0.0,0.0,0.0
Idaho,2020-02-10,0,0,0.0,0.0,0.0,0.0
Idaho,2020-02-11,0,0,0.0,0.0,0.0,0.0
Idaho,2020-02-12,0,0,0.0,0.0,0.0,0.0
Idaho,2020-02-13,0,0,0.0,0.0,0.0,0.0
Idaho,2020-02-14,0,0,0.0,0.0,0.0,0.0
Idaho,2020-02-15,0,0,0.0,0.0,0.0,0.0
Idaho,2020-02-16,0,0,0.0,0.0,0.0,0.0
Idaho,2020-02-17,0,0,0.0,0.0,0.0,0.0
Idaho,2020-02-18,0,0,0.0,0.0,0.0,0.0
Idaho,2020-02-19,0,0,0.0,0.0,0.0,0.0
Idaho,2020-02-20,0,0,0.0,0.0,0.0,0.0
Idaho,2020-02-21,0,0,0.0,0.0,0.0,0.0
Idaho,2020-02-22,0,0,0.0,0.0,0.0,0.0
Idaho,2020-02-23,0,0,0.0,0.0,0.0,0.0
Idaho,2020-02-24,0,0,0.0,0.0,0.0,0.0
Idaho,2020-02-25,0,0,0.0,0.0,0.0,0.0
Idaho,2020-02-26,0,0,0.0,0.0,0.0,0.0
Idaho,2020-02-27,0,0,0.0,0.0,0.0,0.0
Idaho,2020-02-28,0,0,0.0,0.0,0.0,0.0
Idaho,2020-02-29,0,0,0.0,0.0,0.0,0.0
Idaho,2020-03-01,0,0,0.0,0.0,0.0,0.0
Idaho,2020-03-02,0,0,0.0,0.0,0.0,0.0
Idaho,2020-03-03,0,0,0.0,0.0,0.0,0.0
Idaho,2020-03-04,0,0,0.0,0.0,0.0,0.0
Idaho,2020-03-05,0,0,0.0,0.0,0.0,0.0
Idaho,2020-03-06,0,0,0.0,0.0,0.0,0.0
Idaho,2020-03-07,0,0,0.0,0.0,0.0,0.0
Idaho,2020-03-08,0,0,0.0,0.0,0.0,0.0
Idaho,2020-03-09,0,0,0.0,0.0,0.0,0.0
Idaho,2020-03-10,0,0,0.0,0.0,0.0,0.0
Idaho,2020-03-11,0,0,0.0,0.0,0.0,0.0
Idaho,2020-03-12,0,0,0.0,0.0,0.0,0.0
Idaho,2020-03-13,0,0,0.0,0.0,0.0,0.0
Idaho,2020-03-14,3,0,3.0,0.0,0.16787302084703132,0.0
Idaho,2020-03-15,3,0,0.0,0.0,0.0,0.0
Idaho,2020-03-16,3,0,0.0,0.0,0.0,0.0
Idaho,2020-03-17,5,0,2.0,0.0,0.1119153472313542,0.0
Idaho,2020-03-18,11,0,6.0,0.0,0.33574604169406264,0.0
Idaho,2020-03-19,23,0,12.0,0.0,0.6714920833881253,0.0
Idaho,2020-03-20,31,0,8.0,0.0,0.4476613889254168,0.0
Idaho,2020-03-21,41,0,10.0,0.0,0.559576736156771,0.0
Idaho,2020-03-22,45,0,4.0,0.0,0.2238306944627084,0.0
Idaho,2020-03-23,50,0,5.0,0.0,0.2797883680783855,0.0
Idaho,2020-03-24,73,0,23.0,0.0,1.2870264931605733,0.0
Idaho,2020-03-25,122,0,49.0,0.0,2.741926007168178,0.0
Idaho,2020-03-26,185,3,63.0,3.0,3.5253334377876575,0.16787302084703132
Idaho,2020-03-27,229,4,44.0,1.0,2.4621376390897924,0.0559576736156771
Idaho,2020-03-28,261,5,32.0,1.0,1.7906455557016672,0.0559576736156771
Idaho,2020-03-29,310,6,49.0,1.0,2.741926007168178,0.0559576736156771
Idaho,2020-03-30,415,7,105.0,1.0,5.875555729646096,0.0559576736156771
Idaho,2020-03-31,525,9,110.0,2.0,6.155344097724481,0.1119153472313542
Idaho,2020-04-01,659,9,134.0,0.0,7.498328264500731,0.0
Idaho,2020-04-02,889,9,230.0,0.0,12.870264931605734,0.0
Idaho,2020-04-03,1011,10,122.0,1.0,6.826836181112607,0.0559576736156771
Idaho,2020-04-04,1076,10,65.0,0.0,3.637248785019012,0.0
Idaho,2020-04-05,1100,10,24.0,0.0,1.3429841667762505,0.0
Idaho,2020-04-06,1169,11,69.0,1.0,3.86107947948172,0.0559576736156771
Idaho,2020-04-07,1210,14,41.0,3.0,2.294264618242761,0.16787302084703132
Idaho,2020-04-08,1232,17,22.0,3.0,1.2310688195448962,0.16787302084703132
Idaho,2020-04-09,1353,23,121.0,6.0,6.770878507496929,0.33574604169406264
Idaho,2020-04-10,1396,25,43.0,2.0,2.4061799654741156,0.1119153472313542
Idaho,2020-04-11,1407,27,11.0,2.0,0.6155344097724481,0.1119153472313542
Idaho,2020-04-12,1425,27,18.0,0.0,1.0072381250821878,0.0
Idaho,2020-04-13,1453,33,28.0,6.0,1.566814861238959,0.33574604169406264
Idaho,2020-04-14,1464,39,11.0,6.0,0.6155344097724481,0.33574604169406264
Idaho,2020-04-15,1587,41,123.0,2.0,6.882793854728283,0.1119153472313542
Idaho,2020-04-16,1609,41,22.0,0.0,1.2310688195448962,0.0
Idaho,2020-04-17,1655,43,46.0,2.0,2.5740529863211465,0.1119153472313542
Idaho,2020-04-18,1668,44,13.0,1.0,0.7274497570038023,0.0559576736156771
Idaho,2020-04-19,1672,45,4.0,1.0,0.2238306944627084,0.0559576736156771
Idaho,2020-04-20,1736,48,64.0,3.0,3.5812911114033343,0.16787302084703132
Idaho,2020-04-21,1766,51,30.0,3.0,1.6787302084703133,0.16787302084703132
Idaho,2020-04-22,1800,54,34.0,3.0,1.9025609029330215,0.16787302084703132
Idaho,2020-04-23,1831,54,31.0,0.0,1.7346878820859901,0.0
Idaho,2020-04-24,1864,54,33.0,0.0,1.8466032293173444,0.0
Idaho,2020-04-25,1885,56,21.0,2.0,1.1751111459292192,0.1119153472313542
Idaho,2020-04-26,1893,56,8.0,0.0,0.4476613889254168,0.0
Idaho,2020-04-27,1917,58,24.0,2.0,1.3429841667762505,0.1119153472313542
Idaho,2020-04-28,1951,58,34.0,0.0,1.9025609029330215,0.0
Idaho,2020-04-29,1982,60,31.0,2.0,1.7346878820859901,0.1119153472313542
Idaho,2020-04-30,2013,62,31.0,2.0,1.7346878820859901,0.1119153472313542
Idaho,2020-05-01,2034,62,21.0,0.0,1.1751111459292192,0.0
Idaho,2020-05-02,2061,63,27.0,1.0,1.5108571876232817,0.0559576736156771
Idaho,2020-05-03,2061,63,0.0,0.0,0.0,0.0
Idaho,2020-05-04,2106,63,45.0,0.0,2.5180953127054693,0.0
Idaho,2020-05-05,2127,65,21.0,2.0,1.1751111459292192,0.1119153472313542
Idaho,2020-05-06,2158,66,31.0,1.0,1.7346878820859901,0.0559576736156771
Idaho,2020-05-07,2178,67,20.0,1.0,1.119153472313542,0.0559576736156771
Idaho,2020-05-08,2205,67,27.0,0.0,1.5108571876232817,0.0
Idaho,2020-05-09,2230,67,25.0,0.0,1.3989418403919276,0.0
Idaho,2020-05-10,2230,67,0.0,0.0,0.0,0.0
Idaho,2020-05-11,2260,69,30.0,2.0,1.6787302084703133,0.1119153472313542
Idaho,2020-05-12,2293,69,33.0,0.0,1.8466032293173444,0.0
Idaho,2020-05-13,2324,69,31.0,0.0,1.7346878820859901,0.0
Idaho,2020-05-14,2351,72,27.0,3.0,1.5108571876232817,0.16787302084703132
Idaho,2020-05-15,2388,73,37.0,1.0,2.070433923780053,0.0559576736156771
Idaho,2020-05-16,2417,73,29.0,0.0,1.6227725348546358,0.0
Idaho,2020-05-17,2417,73,0.0,0.0,0.0,0.0
Idaho,2020-05-18,2453,74,36.0,1.0,2.0144762501643756,0.0559576736156771
Idaho,2020-05-19,2476,76,23.0,2.0,1.2870264931605733,0.1119153472313542
Idaho,2020-05-20,2505,76,29.0,0.0,1.6227725348546358,0.0
Idaho,2020-05-21,2533,76,28.0,0.0,1.566814861238959,0.0
Idaho,2020-05-22,2595,78,62.0,2.0,3.4693757641719802,0.1119153472313542
Idaho,2020-05-23,2626,78,31.0,0.0,1.7346878820859901,0.0
Idaho,2020-05-24,2626,78,0.0,0.0,0.0,0.0
Idaho,2020-05-25,2626,78,0.0,0.0,0.0,0.0
Idaho,2020-05-26,2698,81,72.0,3.0,4.028952500328751,0.16787302084703132
Idaho,2020-05-27,2730,82,32.0,1.0,1.7906455557016672,0.0559576736156771
Idaho,2020-05-28,2767,82,37.0,0.0,2.070433923780053,0.0
Idaho,2020-05-29,2767,82,0.0,0.0,0.0,0.0
Idaho,2020-05-30,2838,82,71.0,0.0,3.9729948267130744,0.0
Idaho,2020-05-31,2839,82,1.0,0.0,0.0559576736156771,0.0
Idaho,2020-06-01,2905,83,66.0,1.0,3.693206458634689,0.0559576736156771
Idaho,2020-06-02,2932,83,27.0,0.0,1.5108571876232817,0.0
Idaho,2020-06-03,2989,83,57.0,0.0,3.1895873960935948,0.0
Idaho,2020-06-04,3053,83,64.0,0.0,3.5812911114033343,0.0
Idaho,2020-06-05,3111,83,58.0,0.0,3.2455450697092716,0.0
Idaho,2020-06-06,3138,83,27.0,0.0,1.5108571876232817,0.0
Idaho,2020-06-07,3138,83,0.0,0.0,0.0,0.0
Idaho,2020-06-08,3188,83,50.0,0.0,2.797883680783855,0.0
Idaho,2020-06-09,3220,85,32.0,2.0,1.7906455557016672,0.1119153472313542
Idaho,2020-06-10,3259,85,39.0,0.0,2.182349271011407,0.0
Idaho,2020-06-11,3301,85,42.0,0.0,2.3502222918584383,0.0
Idaho,2020-06-12,3351,86,50.0,1.0,2.797883680783855,0.0559576736156771
Idaho,2020-06-13,3397,86,46.0,0.0,2.5740529863211465,0.0
Idaho,2020-06-14,3397,86,0.0,0.0,0.0,0.0
Idaho,2020-06-15,3461,88,64.0,2.0,3.5812911114033343,0.1119153472313542
Idaho,2020-06-16,3540,88,79.0,0.0,4.420656215638491,0.0
Idaho,2020-06-17,3632,88,92.0,0.0,5.148105972642293,0.0
Idaho,2020-06-18,3743,89,111.0,1.0,6.211301771340158,0.0559576736156771
Idaho,2020-06-19,3871,89,128.0,0.0,7.162582222806669,0.0
Idaho,2020-06-20,4003,89,132.0,0.0,7.386412917269378,0.0
Idaho,2020-06-21,4003,89,0.0,0.0,0.0,0.0
Idaho,2020-06-22,4253,89,250.0,0.0,13.989418403919277,0.0
Idaho,2020-06-23,4399,89,146.0,0.0,8.169820347888857,0.0
Idaho,2020-06-24,4643,90,244.0,1.0,13.653672362225214,0.0559576736156771
Idaho,2020-06-25,4864,90,221.0,0.0,12.366645869064639,0.0
Idaho,2020-06-26,5144,90,280.0,0.0,15.66814861238959,0.0
Idaho,2020-06-27,5318,91,174.0,1.0,9.736635209127815,0.0559576736156771
Idaho,2020-06-28,5318,91,0.0,0.0,0.0,0.0
Idaho,2020-06-29,5750,91,432.0,0.0,24.173715001972507,0.0
Idaho,2020-06-30,6116,92,366.0,1.0,20.48050854333782,0.0559576736156771
Idaho,2020-07-01,6369,92,253.0,0.0,14.157291424766305,0.0
Idaho,2020-07-02,6591,92,222.0,0.0,12.422603542680315,0.0
Idaho,2020-07-03,6992,92,401.0,0.0,22.439027119886518,0.0
Idaho,2020-07-04,7369,92,377.0,0.0,21.096042953110267,0.0
Idaho,2020-07-05,7732,92,363.0,0.0,20.312635522490787,0.0
Idaho,2020-07-06,8050,94,318.0,2.0,17.794540209785318,0.1119153472313542
Idaho,2020-07-07,8537,94,487.0,0.0,27.251387050834747,0.0
Idaho,2020-07-08,8967,98,430.0,4.0,24.061799654741154,0.2238306944627084
Idaho,2020-07-09,9427,100,460.0,2.0,25.740529863211467,0.1119153472313542
Idaho,2020-07-10,9927,101,500.0,1.0,27.978836807838555,0.0559576736156771
Idaho,2020-07-11,10504,102,577.0,1.0,32.28757767624569,0.0559576736156771
Idaho,2020-07-12,10504,102,0.0,0.0,0.0,0.0
Idaho,2020-07-13,10901,102,397.0,0.0,22.21519642542381,0.0
Idaho,2020-07-14,11716,103,815.0,1.0,45.60550399677684,0.0559576736156771
Idaho,2020-07-15,12445,110,729.0,7.0,40.793144065828606,0.39170371530973974
Idaho,2020-07-16,13133,114,688.0,4.0,38.49887944758585,0.2238306944627084
Idaho,2020-07-17,13751,114,618.0,0.0,34.581842294488446,0.0
Idaho,2020-07-18,14300,119,549.0,5.0,30.720762815006726,0.2797883680783855
Idaho,2020-07-19,14300,119,0.0,0.0,0.0,0.0
Idaho,2020-07-20,15263,122,963.0,3.0,53.88723969189705,0.16787302084703132
Idaho,2020-07-21,15820,126,557.0,4.0,31.168424203932148,0.2238306944627084
Idaho,2020-07-22,16318,135,498.0,9.0,27.866921460607195,0.5036190625410939
Idaho,2020-07-23,16733,138,415.0,3.0,23.222434550505998,0.16787302084703132
Idaho,2020-07-24,17261,144,528.0,6.0,29.54565166907751,0.33574604169406264
Idaho,2020-07-25,17824,146,563.0,2.0,31.504170245626206,0.1119153472313542
Idaho,2020-07-26,18174,146,350.0,0.0,19.585185765486983,0.0
Idaho,2020-07-27,18690,152,516.0,6.0,28.874159585689384,0.33574604169406264
Idaho,2020-07-28,19218,159,528.0,7.0,29.54565166907751,0.39170371530973974
Idaho,2020-07-29,19672,172,454.0,13.0,25.404783821517405,0.7274497570038023
Idaho,2020-07-30,20240,176,568.0,4.0,31.783958613704595,0.2238306944627084
Idaho,2020-07-31,20714,189,474.0,13.0,26.523937293830947,0.7274497570038023
Idaho,2020-08-01,21108,196,394.0,7.0,22.04732340457678,0.39170371530973974
Idaho,2020-08-02,21108,196,0.0,0.0,0.0,0.0
Idaho,2020-08-03,21669,200,561.0,4.0,31.392254898394853,0.2238306944627084
Idaho,2020-08-04,22229,210,560.0,10.0,31.33629722477918,0.559576736156771
Idaho,2020-08-05,22702,217,473.0,7.0,26.467979620215267,0.39170371530973974
Idaho,2020-08-06,23394,223,692.0,6.0,38.722710142048555,0.33574604169406264
Idaho,2020-08-07,23918,229,524.0,6.0,29.321820974614802,0.33574604169406264
Idaho,2020-08-08,24488,235,570.0,6.0,31.895873960935948,0.33574604169406264
Idaho,2020-08-09,24666,237,178.0,2.0,9.960465903590524,0.1119153472313542
Idaho,2020-08-10,25094,239,428.0,2.0,23.9498843075098,0.1119153472313542
Idaho,2020-08-11,25592,246,498.0,7.0,27.866921460607195,0.39170371530973974
Idaho,2020-08-12,26130,246,538.0,0.0,30.10522840523428,0.0
Idaho,2020-08-13,26628,251,498.0,5.0,27.866921460607195,0.2797883680783855
Idaho,2020-08-14,27170,265,542.0,14.0,30.32905909969699,0.7834074306194795
Idaho,2020-08-15,27474,269,304.0,4.0,17.01113277916584,0.2238306944627084
Idaho,2020-08-16,27474,269,0.0,0.0,0.0,0.0
Idaho,2020-08-17,27940,273,466.0,4.0,26.076275904905533,0.2238306944627084
Idaho,2020-08-18,28324,282,384.0,9.0,21.48774666842001,0.5036190625410939
Idaho,2020-08-19,28693,291,369.0,9.0,20.64838156418485,0.5036190625410939
Idaho,2020-08-20,28693,291,0.0,0.0,0.0,0.0
Idaho,2020-08-21,29363,304,670.0,13.0,37.49164132250366,0.7274497570038023
Idaho,2020-08-22,29659,306,296.0,2.0,16.563471390240423,0.1119153472313542
Idaho,2020-08-23,29659,306,0.0,0.0,0.0,0.0
Idaho,2020-08-24,30061,314,402.0,8.0,22.494984793502194,0.4476613889254168
Idaho,2020-08-25,30470,326,409.0,12.0,22.886688508811936,0.6714920833881253
Idaho,2020-08-26,30776,337,306.0,11.0,17.123048126397194,0.6155344097724481
Idaho,2020-08-27,31118,343,342.0,6.0,19.13752437656157,0.33574604169406264
Idaho,2020-08-28,31381,353,263.0,10.0,14.716868160923077,0.559576736156771
Idaho,2020-08-29,31672,358,291.0,5.0,16.283683022162037,0.2797883680783855
Idaho,2020-08-30,31672,358,0.0,0.0,0.0,0.0
Idaho,2020-08-31,32082,361,410.0,3.0,22.942646182427612,0.16787302084703132
Idaho,2020-09-01,32362,368,280.0,7.0,15.66814861238959,0.39170371530973974
Idaho,2020-09-02,32660,372,298.0,4.0,16.675386737471776,0.2238306944627084
Idaho,2020-09-03,32923,372,263.0,0.0,14.716868160923077,0.0
Idaho,2020-09-04,33193,382,270.0,10.0,15.10857187623282,0.559576736156771
Idaho,2020-09-05,33474,384,281.0,2.0,15.724106286005266,0.1119153472313542
Idaho,2020-09-06,33474,384,0.0,0.0,0.0,0.0
Idaho,2020-09-07,33663,385,189.0,1.0,10.576000313362973,0.0559576736156771
Idaho,2020-09-08,33979,389,316.0,4.0,17.682624862553965,0.2238306944627084
Idaho,2020-09-09,34308,404,329.0,15.0,18.410074619557765,0.8393651042351566
Idaho,2020-09-10,34614,407,306.0,3.0,17.123048126397194,0.16787302084703132
Idaho,2020-09-11,34948,412,334.0,5.0,18.689862987636154,0.2797883680783855
Idaho,2020-09-12,35165,415,217.0,3.0,12.14281517460193,0.16787302084703132
Idaho,2020-09-13,35277,415,112.0,0.0,6.267259444955836,0.0
Idaho,2020-09-14,35530,419,253.0,4.0,14.157291424766305,0.2238306944627084
Idaho,2020-09-15,35807,423,277.0,4.0,15.500275591542557,0.2238306944627084
Idaho,2020-09-16,36088,429,281.0,6.0,15.724106286005266,0.33574604169406264
Idaho,2020-09-17,36486,434,398.0,5.0,22.27115409903949,0.2797883680783855
Idaho,2020-09-18,36954,438,468.0,4.0,26.188191252136885,0.2238306944627084
Idaho,2020-09-19,37243,440,289.0,2.0,16.17176767493068,0.1119153472313542
Idaho,2020-09-20,37488,442,245.0,2.0,13.70963003584089,0.1119153472313542
Idaho,2020-09-21,37898,444,410.0,2.0,22.942646182427612,0.1119153472313542
Idaho,2020-09-22,38344,450,446.0,6.0,24.95712243259199,0.33574604169406264
Idaho,2020-09-23,38740,453,396.0,3.0,22.159238751808132,0.16787302084703132
Idaho,2020-09-24,39233,456,493.0,3.0,27.587133092528813,0.16787302084703132
Idaho,2020-09-25,39756,458,523.0,2.0,29.265863300999126,0.1119153472313542
Idaho,2020-09-26,40295,460,539.0,2.0,30.16118607884996,0.1119153472313542
Idaho,2020-09-27,40295,460,0.0,0.0,0.0,0.0
Idaho,2020-09-28,40923,460,628.0,0.0,35.141419030645224,0.0
Idaho,2020-09-29,40923,464,0.0,4.0,0.0,0.2238306944627084
Idaho,2020-09-30,42045,469,1122.0,5.0,62.784509796789706,0.2797883680783855
Idaho,2020-10-01,42558,472,513.0,3.0,28.706286564842355,0.16787302084703132
Illinois,2020-02-01,2,0,0.0,0.0,0.0,0.0
Illinois,2020-02-02,2,0,0.0,0.0,0.0,0.0
Illinois,2020-02-03,2,0,0.0,0.0,0.0,0.0
Illinois,2020-02-04,2,0,0.0,0.0,0.0,0.0
Illinois,2020-02-05,2,0,0.0,0.0,0.0,0.0
Illinois,2020-02-06,2,0,0.0,0.0,0.0,0.0
Illinois,2020-02-07,2,0,0.0,0.0,0.0,0.0
Illinois,2020-02-08,2,0,0.0,0.0,0.0,0.0
Illinois,2020-02-09,2,0,0.0,0.0,0.0,0.0
Illinois,2020-02-10,2,0,0.0,0.0,0.0,0.0
Illinois,2020-02-11,2,0,0.0,0.0,0.0,0.0
Illinois,2020-02-12,2,0,0.0,0.0,0.0,0.0
Illinois,2020-02-13,2,0,0.0,0.0,0.0,0.0
Illinois,2020-02-14,2,0,0.0,0.0,0.0,0.0
Illinois,2020-02-15,2,0,0.0,0.0,0.0,0.0
Illinois,2020-02-16,2,0,0.0,0.0,0.0,0.0
Illinois,2020-02-17,2,0,0.0,0.0,0.0,0.0
Illinois,2020-02-18,2,0,0.0,0.0,0.0,0.0
Illinois,2020-02-19,2,0,0.0,0.0,0.0,0.0
Illinois,2020-02-20,2,0,0.0,0.0,0.0,0.0
Illinois,2020-02-21,2,0,0.0,0.0,0.0,0.0
Illinois,2020-02-22,2,0,0.0,0.0,0.0,0.0
Illinois,2020-02-23,2,0,0.0,0.0,0.0,0.0
Illinois,2020-02-24,2,0,0.0,0.0,0.0,0.0
Illinois,2020-02-25,2,0,0.0,0.0,0.0,0.0
Illinois,2020-02-26,2,0,0.0,0.0,0.0,0.0
Illinois,2020-02-27,2,0,0.0,0.0,0.0,0.0
Illinois,2020-02-28,2,0,0.0,0.0,0.0,0.0
Illinois,2020-02-29,2,0,0.0,0.0,0.0,0.0
Illinois,2020-03-01,3,0,1.0,0.0,0.007891525614195465,0.0
Illinois,2020-03-02,4,0,1.0,0.0,0.007891525614195465,0.0
Illinois,2020-03-03,4,0,0.0,0.0,0.0,0.0
Illinois,2020-03-04,4,0,0.0,0.0,0.0,0.0
Illinois,2020-03-05,5,0,1.0,0.0,0.007891525614195465,0.0
Illinois,2020-03-06,5,0,0.0,0.0,0.0,0.0
Illinois,2020-03-07,6,0,1.0,0.0,0.007891525614195465,0.0
Illinois,2020-03-08,7,0,1.0,0.0,0.007891525614195465,0.0
Illinois,2020-03-09,13,0,6.0,0.0,0.04734915368517279,0.0
Illinois,2020-03-10,19,0,6.0,0.0,0.04734915368517279,0.0
Illinois,2020-03-11,24,0,5.0,0.0,0.03945762807097733,0.0
Illinois,2020-03-12,32,0,8.0,0.0,0.06313220491356372,0.0
Illinois,2020-03-13,46,0,14.0,0.0,0.11048135859873652,0.0
Illinois,2020-03-14,63,0,17.0,0.0,0.13415593544132293,0.0
Illinois,2020-03-15,68,0,5.0,0.0,0.03945762807097733,0.0
Illinois,2020-03-16,104,0,36.0,0.0,0.28409492211103676,0.0
Illinois,2020-03-17,160,1,56.0,1.0,0.4419254343949461,0.007891525614195465
Illinois,2020-03-18,270,1,110.0,0.0,0.8680678175615012,0.0
Illinois,2020-03-19,416,3,146.0,2.0,1.152162739672538,0.01578305122839093
Illinois,2020-03-20,581,6,165.0,3.0,1.3021017263422519,0.023674576842586396
Illinois,2020-03-21,748,7,167.0,1.0,1.3178847775706428,0.007891525614195465
Illinois,2020-03-22,1048,9,300.0,2.0,2.3674576842586394,0.01578305122839093
Illinois,2020-03-23,1218,12,170.0,3.0,1.3415593544132292,0.023674576842586396
Illinois,2020-03-24,1535,17,317.0,5.0,2.5016136196999628,0.03945762807097733
Illinois,2020-03-25,1863,20,328.0,3.0,2.5884204014561125,0.023674576842586396
Illinois,2020-03-26,2538,27,675.0,7.0,5.3267797895819395,0.05524067929936826
Illinois,2020-03-27,3027,35,489.0,8.0,3.858956025341583,0.06313220491356372
Illinois,2020-03-28,3486,48,459.0,13.0,3.622210256915719,0.10258983298454107
Illinois,2020-03-29,4586,66,1100.0,18.0,8.680678175615013,0.14204746105551838
Illinois,2020-03-30,5048,73,462.0,7.0,3.645884833758305,0.05524067929936826
Illinois,2020-03-31,5975,99,927.0,26.0,7.315444244359196,0.20517966596908213
Illinois,2020-04-01,6955,140,980.0,41.0,7.7336951019115565,0.32355255018201406
Illinois,2020-04-02,7658,157,703.0,17.0,5.547742506779413,0.13415593544132293
Illinois,2020-04-03,8904,199,1246.0,42.0,9.83284091528755,0.33144407579620955
Illinois,2020-04-04,10296,243,1392.0,44.0,10.985003654960089,0.3472271270246005
Illinois,2020-04-05,11191,274,895.0,31.0,7.062915424704943,0.2446372940400594
Illinois,2020-04-06,12186,307,995.0,33.0,7.852067986124489,0.26042034526845037
Illinois,2020-04-07,13480,380,1294.0,73.0,10.211634144768933,0.576081369836269
Illinois,2020-04-08,15010,462,1530.0,82.0,12.074034189719063,0.6471051003640281
Illinois,2020-04-09,16353,528,1343.0,66.0,10.59831889986451,0.5208406905369007
Illinois,2020-04-10,17807,596,1454.0,68.0,11.474278243040207,0.5366237417652917
Illinois,2020-04-11,17809,596,2.0,0.0,0.01578305122839093,0.0
Illinois,2020-04-12,20758,720,2949.0,124.0,23.272109036262428,0.9785491761602376
Illinois,2020-04-13,21961,794,1203.0,74.0,9.493505313877145,0.5839728954504645
Illinois,2020-04-14,23190,868,1229.0,74.0,9.698684979846227,0.5839728954504645
Illinois,2020-04-15,24551,948,1361.0,80.0,10.74036636092003,0.6313220491356373
Illinois,2020-04-16,25680,1072,1129.0,124.0,8.90953241842668,0.9785491761602376
Illinois,2020-04-17,27504,1132,1824.0,60.0,14.39414272029253,0.47349153685172796
Illinois,2020-04-18,29051,1257,1547.0,125.0,12.208190125160385,0.9864407017744331
Illinois,2020-04-19,30238,1288,1187.0,31.0,9.367240904050018,0.2446372940400594
Illinois,2020-04-20,31383,1348,1145.0,60.0,9.035796828253808,0.47349153685172796
Illinois,2020-04-21,32863,1467,1480.0,119.0,11.679457909009288,0.9390915480892604
Illinois,2020-04-22,34885,1565,2022.0,98.0,15.956664791903233,0.7733695101911556
Illinois,2020-04-23,36746,1689,1861.0,124.0,14.686129168017763,0.9785491761602376
Illinois,2020-04-24,39437,1795,2691.0,106.0,21.2360954278,0.8365017151047193
Illinois,2020-04-25,41505,1876,2068.0,81.0,16.31967497015622,0.6392135747498326
Illinois,2020-04-26,43592,1934,2087.0,58.0,16.469613956825935,0.457708485623337
Illinois,2020-04-27,45548,1984,1956.0,50.0,15.435824101366332,0.3945762807097733
Illinois,2020-04-28,47761,2126,2213.0,142.0,17.463946184214564,1.1205966372157563
Illinois,2020-04-29,50002,2216,2241.0,90.0,17.684908901412037,0.710237305277592
Illinois,2020-04-30,52534,2355,2532.0,139.0,19.98134285514292,1.0969220603731697
Illinois,2020-05-01,55691,2456,3157.0,101.0,24.913546364015083,0.7970440870337421
Illinois,2020-05-02,58229,2553,2538.0,97.0,20.02869200882809,0.7654779845769601
Illinois,2020-05-03,61230,2620,3001.0,67.0,23.682468368200592,0.5287322161510962
Illinois,2020-05-04,63557,2661,2327.0,41.0,18.36358010423285,0.32355255018201406
Illinois,2020-05-05,65661,2836,2104.0,175.0,16.60376989226726,1.3810169824842065
Illinois,2020-05-06,68065,2972,2404.0,136.0,18.971227576525898,1.0732474835305834
Illinois,2020-05-07,70708,3108,2643.0,136.0,20.857302198318617,1.0732474835305834
Illinois,2020-05-08,73642,3238,2934.0,130.0,23.153736152049497,1.0258983298454105
Illinois,2020-05-09,75940,3342,2298.0,104.0,18.13472586142118,0.8207186638763285
Illinois,2020-05-10,77575,3404,1635.0,62.0,12.902644379209587,0.4892745880801188
Illinois,2020-05-11,78860,3457,1285.0,53.0,10.140610414241173,0.41825085755235963
Illinois,2020-05-12,82869,3600,4009.0,143.0,31.63712618730962,1.1284881628299515
Illinois,2020-05-13,84565,3790,1696.0,190.0,13.384027441675508,1.4993898666971386
Illinois,2020-05-14,87791,3926,3226.0,136.0,25.45806163139457,1.0732474835305834
Illinois,2020-05-15,90234,4057,2443.0,131.0,19.278997075479523,1.0337898554596059
Illinois,2020-05-16,92325,4128,2091.0,71.0,16.501180059282717,0.5602983186078782
Illinois,2020-05-17,94047,4177,1722.0,49.0,13.589207107644592,0.3866847550955778
Illinois,2020-05-18,96329,4234,2282.0,57.0,18.00846145159405,0.44981696000914156
Illinois,2020-05-19,97878,4377,1549.0,143.0,12.223973176388776,1.1284881628299515
Illinois,2020-05-20,100256,4525,2378.0,148.0,18.766047910556818,1.167945790900929
Illinois,2020-05-21,102521,4608,2265.0,83.0,17.874305516152727,0.6549966259782236
Illinois,2020-05-22,105240,4716,2719.0,108.0,21.45705814499747,0.8522847663331102
Illinois,2020-05-23,107584,4790,2344.0,74.0,18.49773603967417,0.5839728954504645
Illinois,2020-05-24,110060,4854,2476.0,64.0,19.539417420747974,0.5050576393085098
Illinois,2020-05-25,111752,4885,1692.0,31.0,13.352461339218726,0.2446372940400594
Illinois,2020-05-26,112901,4924,1149.0,39.0,9.06736293071059,0.30776949895362316
Illinois,2020-05-27,114006,5083,1105.0,159.0,8.72013580368599,1.2547525726570792
Illinois,2020-05-28,115511,5184,1505.0,101.0,11.876746049364176,0.7970440870337421
Illinois,2020-05-29,117214,5270,1703.0,86.0,13.439268120974878,0.6786712028208101
Illinois,2020-05-30,118717,5331,1503.0,61.0,11.860962998135786,0.48138306246592344
Illinois,2020-05-31,120060,5389,1343.0,58.0,10.59831889986451,0.457708485623337
Illinois,2020-06-01,121030,5412,970.0,23.0,7.654779845769602,0.1815050891264957
Illinois,2020-06-02,122591,5522,1561.0,110.0,12.318671483759124,0.8680678175615012
Illinois,2020-06-03,123606,5620,1015.0,98.0,8.009898498408399,0.7733695101911556
Illinois,2020-06-04,124560,5736,954.0,116.0,7.528515435942475,0.915416971246674
Illinois,2020-06-05,125711,5792,1151.0,56.0,9.083145981938982,0.4419254343949461
Illinois,2020-06-06,126707,5861,996.0,69.0,7.859959511738683,0.5445152673794872
Illinois,2020-06-07,127556,5901,849.0,40.0,6.699905246451951,0.31566102456781864
Illinois,2020-06-08,128241,5923,685.0,22.0,5.405695045723894,0.17361356351230026
Illinois,2020-06-09,129028,6017,787.0,94.0,6.210630658371831,0.7418034077343738
Illinois,2020-06-10,129679,6094,651.0,77.0,5.137383174841248,0.6076474722930508
Illinois,2020-06-11,130450,6183,771.0,89.0,6.084366248544704,0.7023457796633965
Illinois,2020-06-12,131054,6260,604.0,77.0,4.766481470974061,0.6076474722930508
Illinois,2020-06-13,131718,6289,664.0,29.0,5.239973007825789,0.2288542428116685
Illinois,2020-06-14,132359,6307,641.0,18.0,5.058467918699294,0.14204746105551838
Illinois,2020-06-15,132864,6326,505.0,19.0,3.98522043516871,0.14993898666971384
Illinois,2020-06-16,133488,6398,624.0,72.0,4.9243119832579705,0.5681898442220735
Illinois,2020-06-17,134098,6483,610.0,85.0,4.813830624659234,0.6707796772066146
Illinois,2020-06-18,134731,6537,633.0,54.0,4.99533571378573,0.4261423831665551
Illinois,2020-06-19,135398,6581,667.0,44.0,5.263647584668376,0.3472271270246005
Illinois,2020-06-20,136060,6625,662.0,44.0,5.224189956597398,0.3472271270246005
Illinois,2020-06-21,136713,6646,653.0,21.0,5.153166226069639,0.16572203789810477
Illinois,2020-06-22,137173,6670,460.0,24.0,3.6301017825299144,0.18939661474069117
Illinois,2020-06-23,137778,6706,605.0,36.0,4.774372996588257,0.28409492211103676
Illinois,2020-06-24,138501,6769,723.0,63.0,5.705573019063322,0.4971661136943143
Illinois,2020-06-25,139404,6808,903.0,39.0,7.1260476296185065,0.30776949895362316
Illinois,2020-06-26,140272,6848,868.0,40.0,6.849844233121664,0.31566102456781864
Illinois,2020-06-27,141058,6874,786.0,26.0,6.202739132757636,0.20517966596908213
Illinois,2020-06-28,141705,6888,647.0,14.0,5.1058170723844665,0.11048135859873652
Illinois,2020-06-29,142418,6902,713.0,14.0,5.626657762921368,0.11048135859873652
Illinois,2020-06-30,143141,6922,723.0,20.0,5.705573019063322,0.15783051228390932
Illinois,2020-07-01,143955,6952,814.0,30.0,6.423701849955109,0.23674576842586398
Illinois,2020-07-02,144844,6988,889.0,36.0,7.015566271019769,0.28409492211103676
Illinois,2020-07-03,145705,7004,861.0,16.0,6.794603553822296,0.12626440982712744
Illinois,2020-07-04,146571,7014,866.0,10.0,6.834061181893273,0.07891525614195466
Illinois,2020-07-05,147202,7020,631.0,6.0,4.979552662557339,0.04734915368517279
Illinois,2020-07-06,147809,7026,607.0,6.0,4.790156047816648,0.04734915368517279
Illinois,2020-07-07,148398,7063,589.0,37.0,4.648108586761129,0.29198644772523225
Illinois,2020-07-08,149385,7099,987.0,36.0,7.788935781210925,0.28409492211103676
Illinois,2020-07-09,150406,7118,1021.0,19.0,8.05724765209357,0.14993898666971384
Illinois,2020-07-10,151699,7144,1293.0,26.0,10.203742619154736,0.20517966596908213
Illinois,2020-07-11,152914,7167,1215.0,23.0,9.58820362124749,0.1815050891264957
Illinois,2020-07-12,153863,7188,949.0,21.0,7.489057807871497,0.16572203789810477
Illinois,2020-07-13,154730,7194,867.0,6.0,6.841952707507469,0.04734915368517279
Illinois,2020-07-14,155460,7221,730.0,27.0,5.76081369836269,0.21307119158327756
Illinois,2020-07-15,156652,7229,1192.0,8.0,9.406698532120995,0.06313220491356372
Illinois,2020-07-16,157936,7253,1284.0,24.0,10.132718888626979,0.18939661474069117
Illinois,2020-07-17,159312,7275,1376.0,22.0,10.858739245132961,0.17361356351230026
Illinois,2020-07-18,160582,7292,1270.0,17.0,10.022237530028242,0.13415593544132293
Illinois,2020-07-19,161548,7298,966.0,6.0,7.62321374331282,0.04734915368517279
Illinois,2020-07-20,162694,7304,1146.0,6.0,9.043688353868003,0.04734915368517279
Illinois,2020-07-21,163655,7327,961.0,23.0,7.583756115241842,0.1815050891264957
Illinois,2020-07-22,165272,7350,1617.0,23.0,12.760596918154066,0.1815050891264957
Illinois,2020-07-23,166893,7369,1621.0,19.0,12.792163020610849,0.14993898666971384
Illinois,2020-07-24,168416,7388,1523.0,19.0,12.018793510419693,0.14993898666971384
Illinois,2020-07-25,169837,7400,1421.0,12.0,11.213857897771756,0.09469830737034558
Illinois,2020-07-26,171359,7401,1522.0,1.0,12.010901984805498,0.007891525614195465
Illinois,2020-07-27,172565,7419,1206.0,18.0,9.517179890719731,0.14204746105551838
Illinois,2020-07-28,173675,7445,1110.0,26.0,8.759593431756967,0.20517966596908213
Illinois,2020-07-29,175068,7461,1393.0,16.0,10.992895180574283,0.12626440982712744
Illinois,2020-07-30,176842,7478,1774.0,17.0,13.999566439582757,0.13415593544132293
Illinois,2020-07-31,178773,7496,1931.0,18.0,15.238535961011445,0.14204746105551838
Illinois,2020-08-01,180419,7503,1646.0,7.0,12.989451160965736,0.05524067929936826
Illinois,2020-08-02,181877,7516,1458.0,13.0,11.505844345496989,0.10258983298454107
Illinois,2020-08-03,183173,7526,1296.0,10.0,10.227417195997322,0.07891525614195466
Illinois,2020-08-04,184625,7543,1452.0,17.0,11.458495191811815,0.13415593544132293
Illinois,2020-08-05,186402,7574,1777.0,31.0,14.023241016425343,0.2446372940400594
Illinois,2020-08-06,188348,7593,1946.0,19.0,15.356908845224376,0.14993898666971384
Illinois,2020-08-07,190439,7614,2091.0,21.0,16.501180059282717,0.16572203789810477
Illinois,2020-08-08,192616,7629,2177.0,15.0,17.17985126210353,0.11837288421293199
Illinois,2020-08-09,194008,7637,1392.0,8.0,10.985003654960089,0.06313220491356372
Illinois,2020-08-10,195336,7638,1328.0,1.0,10.479946015651578,0.007891525614195465
Illinois,2020-08-11,196878,7657,1542.0,19.0,12.168732497089408,0.14993898666971384
Illinois,2020-08-12,198505,7673,1627.0,16.0,12.839512174296022,0.12626440982712744
Illinois,2020-08-13,200341,7697,1836.0,24.0,14.488841027662875,0.18939661474069117
Illinois,2020-08-14,202634,7722,2293.0,25.0,18.095268233350204,0.19728814035488665
Illinois,2020-08-15,204485,7728,1851.0,6.0,14.607213911875807,0.04734915368517279
Illinois,2020-08-16,206031,7746,1546.0,18.0,12.20029859954619,0.14204746105551838
Illinois,2020-08-17,207805,7757,1774.0,11.0,13.999566439582757,0.08680678175615013
Illinois,2020-08-18,209538,7782,1733.0,25.0,13.676013889400743,0.19728814035488665
Illinois,2020-08-19,211803,7807,2265.0,25.0,17.874305516152727,0.19728814035488665
Illinois,2020-08-20,213665,7834,1862.0,27.0,14.694020693631956,0.21307119158327756
Illinois,2020-08-21,215864,7858,2199.0,24.0,17.35346482561583,0.18939661474069117
Illinois,2020-08-22,218232,7875,2368.0,17.0,18.687132654414864,0.13415593544132293
Illinois,2020-08-23,220135,7881,1903.0,6.0,15.01757324381397,0.04734915368517279
Illinois,2020-08-24,221734,7889,1599.0,8.0,12.618549457098549,0.06313220491356372
Illinois,2020-08-25,223386,7918,1652.0,29.0,13.036800314650911,0.2288542428116685
Illinois,2020-08-26,225576,7955,2190.0,37.0,17.282441095088068,0.29198644772523225
Illinois,2020-08-27,227261,7979,1685.0,24.0,13.29722065991936,0.18939661474069117
Illinois,2020-08-28,229432,7999,2171.0,20.0,17.132502108418354,0.15783051228390932
Illinois,2020-08-29,231279,8009,1847.0,10.0,14.575647809419024,0.07891525614195466
Illinois,2020-08-30,233273,8020,1994.0,11.0,15.735702074705758,0.08680678175615013
Illinois,2020-08-31,234951,8026,1678.0,6.0,13.241979980619991,0.04734915368517279
Illinois,2020-09-01,236435,8065,1484.0,39.0,11.71102401146607,0.30776949895362316
Illinois,2020-09-02,238564,8091,2129.0,26.0,16.801058032622148,0.20517966596908213
Illinois,2020-09-03,239915,8115,1351.0,24.0,10.661451104778074,0.18939661474069117
Illinois,2020-09-04,245309,8144,5394.0,29.0,42.56688916297034,0.2288542428116685
Illinois,2020-09-05,248106,8168,2797.0,24.0,22.07259714290472,0.18939661474069117
Illinois,2020-09-06,249540,8173,1434.0,5.0,11.316447730756298,0.03945762807097733
Illinois,2020-09-07,250916,8178,1376.0,5.0,10.858739245132961,0.03945762807097733
Illinois,2020-09-08,252312,8186,1396.0,8.0,11.016569757416871,0.06313220491356372
Illinois,2020-09-09,253615,8211,1303.0,25.0,10.282657875296692,0.19728814035488665
Illinois,2020-09-10,255597,8240,1982.0,29.0,15.641003767335413,0.2288542428116685
Illinois,2020-09-11,257738,8270,2141.0,30.0,16.89575633999249,0.23674576842586398
Illinois,2020-09-12,259843,8296,2105.0,26.0,16.611661417881457,0.20517966596908213
Illinois,2020-09-13,261318,8310,1475.0,14.0,11.640000280938311,0.11048135859873652
Illinois,2020-09-14,262657,8315,1339.0,5.0,10.566752797407728,0.03945762807097733
Illinois,2020-09-15,264150,8333,1493.0,18.0,11.78204774199383,0.14204746105551838
Illinois,2020-09-16,266093,8368,1943.0,35.0,15.33323426838179,0.27620339649684134
Illinois,2020-09-17,268143,8392,2050.0,24.0,16.177627509100706,0.18939661474069117
Illinois,2020-09-18,270269,8412,2126.0,20.0,16.77738345577956,0.15783051228390932
Illinois,2020-09-19,272795,8437,2526.0,25.0,19.933993701457744,0.19728814035488665
Illinois,2020-09-20,274195,8451,1400.0,14.0,11.048135859873652,0.11048135859873652
Illinois,2020-09-21,275677,8458,1482.0,7.0,11.69524096023768,0.05524067929936826
Illinois,2020-09-22,277202,8487,1525.0,29.0,12.034576561648084,0.2288542428116685
Illinois,2020-09-23,279063,8509,1861.0,22.0,14.686129168017763,0.17361356351230026
Illinois,2020-09-24,281312,8539,2249.0,30.0,17.7480411063256,0.23674576842586398
Illinois,2020-09-25,283771,8564,2459.0,25.0,19.40526148530665,0.19728814035488665
Illinois,2020-09-26,286233,8588,2462.0,24.0,19.428936062149237,0.18939661474069117
Illinois,2020-09-27,287830,8602,1597.0,14.0,12.60276640587016,0.11048135859873652
Illinois,2020-09-28,289537,8615,1707.0,13.0,13.47083422343166,0.10258983298454107
Illinois,2020-09-29,290897,8638,1360.0,23.0,10.732474835305833,0.1815050891264957
Illinois,2020-09-30,293156,8672,2259.0,34.0,17.82695636246756,0.26831187088264585
Illinois,2020-10-01,295339,8696,2183.0,24.0,17.2272004157887,0.18939661474069117
Indiana,2020-02-01,0,0,0.0,0.0,0.0,0.0
Indiana,2020-02-02,0,0,0.0,0.0,0.0,0.0
Indiana,2020-02-03,0,0,0.0,0.0,0.0,0.0
Indiana,2020-02-04,0,0,0.0,0.0,0.0,0.0
Indiana,2020-02-05,0,0,0.0,0.0,0.0,0.0
Indiana,2020-02-06,0,0,0.0,0.0,0.0,0.0
Indiana,2020-02-07,0,0,0.0,0.0,0.0,0.0
Indiana,2020-02-08,0,0,0.0,0.0,0.0,0.0
Indiana,2020-02-09,0,0,0.0,0.0,0.0,0.0
Indiana,2020-02-10,0,0,0.0,0.0,0.0,0.0
Indiana,2020-02-11,0,0,0.0,0.0,0.0,0.0
Indiana,2020-02-12,0,0,0.0,0.0,0.0,0.0
Indiana,2020-02-13,0,0,0.0,0.0,0.0,0.0
Indiana,2020-02-14,0,0,0.0,0.0,0.0,0.0
Indiana,2020-02-15,0,0,0.0,0.0,0.0,0.0
Indiana,2020-02-16,0,0,0.0,0.0,0.0,0.0
Indiana,2020-02-17,0,0,0.0,0.0,0.0,0.0
Indiana,2020-02-18,0,0,0.0,0.0,0.0,0.0
Indiana,2020-02-19,0,0,0.0,0.0,0.0,0.0
Indiana,2020-02-20,0,0,0.0,0.0,0.0,0.0
Indiana,2020-02-21,0,0,0.0,0.0,0.0,0.0
Indiana,2020-02-22,0,0,0.0,0.0,0.0,0.0
Indiana,2020-02-23,0,0,0.0,0.0,0.0,0.0
Indiana,2020-02-24,0,0,0.0,0.0,0.0,0.0
Indiana,2020-02-25,0,0,0.0,0.0,0.0,0.0
Indiana,2020-02-26,0,0,0.0,0.0,0.0,0.0
Indiana,2020-02-27,0,0,0.0,0.0,0.0,0.0
Indiana,2020-02-28,0,0,0.0,0.0,0.0,0.0
Indiana,2020-02-29,0,0,0.0,0.0,0.0,0.0
Indiana,2020-03-01,0,0,0.0,0.0,0.0,0.0
Indiana,2020-03-02,0,0,0.0,0.0,0.0,0.0
Indiana,2020-03-03,0,0,0.0,0.0,0.0,0.0
Indiana,2020-03-04,0,0,0.0,0.0,0.0,0.0
Indiana,2020-03-05,0,0,0.0,0.0,0.0,0.0
Indiana,2020-03-06,1,0,1.0,0.0,0.014853943402613612,0.0
Indiana,2020-03-07,1,0,0.0,0.0,0.0,0.0
Indiana,2020-03-08,2,0,1.0,0.0,0.014853943402613612,0.0
Indiana,2020-03-09,6,0,4.0,0.0,0.05941577361045445,0.0
Indiana,2020-03-10,10,0,4.0,0.0,0.05941577361045445,0.0
Indiana,2020-03-11,10,0,0.0,0.0,0.0,0.0
Indiana,2020-03-12,12,0,2.0,0.0,0.029707886805227224,0.0
Indiana,2020-03-13,12,0,0.0,0.0,0.0,0.0
Indiana,2020-03-14,19,0,7.0,0.0,0.10397760381829528,0.0
Indiana,2020-03-15,19,0,0.0,0.0,0.0,0.0
Indiana,2020-03-16,30,2,11.0,2.0,0.1633933774287497,0.029707886805227224
Indiana,2020-03-17,30,2,0.0,0.0,0.0,0.0
Indiana,2020-03-18,35,2,5.0,0.0,0.07426971701306806,0.0
Indiana,2020-03-19,55,2,20.0,0.0,0.29707886805227224,0.0
Indiana,2020-03-20,123,3,68.0,1.0,1.0100681513777257,0.014853943402613612
Indiana,2020-03-21,123,4,0.0,1.0,0.0,0.014853943402613612
Indiana,2020-03-22,200,6,77.0,2.0,1.143753642001248,0.029707886805227224
Indiana,2020-03-23,258,7,58.0,1.0,0.8615287173515895,0.014853943402613612
Indiana,2020-03-24,360,9,102.0,2.0,1.5151022270665884,0.029707886805227224
Indiana,2020-03-25,478,14,118.0,5.0,1.752765321508406,0.07426971701306806
Indiana,2020-03-26,960,15,482.0,1.0,7.1596007200597604,0.014853943402613612
Indiana,2020-03-27,960,15,0.0,0.0,0.0,0.0
Indiana,2020-03-28,1232,30,272.0,15.0,4.040272605510903,0.22280915103920418
Indiana,2020-03-29,1513,32,281.0,2.0,4.173958096134425,0.029707886805227224
Indiana,2020-03-30,1783,35,270.0,3.0,4.010564718705675,0.04456183020784083
Indiana,2020-03-31,2159,49,376.0,14.0,5.585082719382718,0.20795520763659056
Indiana,2020-04-01,2564,65,405.0,16.0,6.0158470780585125,0.2376630944418178
Indiana,2020-04-02,3038,78,474.0,13.0,7.040769172838851,0.19310126423397692
Indiana,2020-04-03,3436,102,398.0,24.0,5.911869474240217,0.35649464166272665
Indiana,2020-04-04,3948,116,512.0,14.0,7.6052190221381695,0.20795520763659056
Indiana,2020-04-05,4409,127,461.0,11.0,6.847667908604874,0.1633933774287497
Indiana,2020-04-06,4942,139,533.0,12.0,7.9171518335930555,0.17824732083136333
Indiana,2020-04-07,5501,173,559.0,34.0,8.303354362061008,0.5050340756888628
Indiana,2020-04-08,5939,203,438.0,30.0,6.506027210344762,0.44561830207840836
Indiana,2020-04-09,6345,245,406.0,42.0,6.030701021461126,0.6238656229097717
Indiana,2020-04-10,6905,299,560.0,54.0,8.318208305463623,0.8021129437411351
Indiana,2020-04-11,7429,330,524.0,31.0,7.7834663429695325,0.46047224548102195
Indiana,2020-04-12,7917,343,488.0,13.0,7.2487243804754415,0.19310126423397692
Indiana,2020-04-13,8222,343,305.0,0.0,4.530452737797151,0.0
Indiana,2020-04-14,8512,387,290.0,44.0,4.307643586757947,0.6535735097149988
Indiana,2020-04-15,8941,436,429.0,49.0,6.3723417197212395,0.7278432267280669
Indiana,2020-04-16,9527,477,586.0,41.0,8.704410833931577,0.6090116795071581
Indiana,2020-04-17,10149,519,622.0,42.0,9.239152796425666,0.6238656229097717
Indiana,2020-04-18,10639,545,490.0,26.0,7.278432267280668,0.38620252846795383
Indiana,2020-04-19,11206,562,567.0,17.0,8.422185909281918,0.2525170378444314
Indiana,2020-04-20,11677,569,471.0,7.0,6.996207342631011,0.10397760381829528
Indiana,2020-04-21,12090,630,413.0,61.0,6.134678625279421,0.9060905475594302
Indiana,2020-04-22,12436,661,346.0,31.0,5.13946441730431,0.46047224548102195
Indiana,2020-04-23,12436,661,0.0,0.0,0.0,0.0
Indiana,2020-04-24,13617,661,1181.0,0.0,17.542507158486675,0.0
Indiana,2020-04-25,14304,661,687.0,0.0,10.20465911759555,0.0
Indiana,2020-04-26,15011,661,707.0,0.0,10.501737985647821,0.0
Indiana,2020-04-27,15960,661,949.0,0.0,14.096392289080317,0.0
Indiana,2020-04-28,16579,661,619.0,0.0,9.194590966217826,0.0
Indiana,2020-04-29,17226,963,647.0,302.0,9.610501381491005,4.485890907589311
Indiana,2020-04-30,17818,1007,592.0,44.0,8.793534494347258,0.6535735097149988
Indiana,2020-05-01,18629,1062,811.0,55.0,12.046548099519638,0.8169668871437485
Indiana,2020-05-02,19293,1115,664.0,53.0,9.863018419335438,0.7872590003385214
Indiana,2020-05-03,19930,1132,637.0,17.0,9.46196194746487,0.2525170378444314
Indiana,2020-05-04,20502,1151,572.0,19.0,8.496455626294985,0.2822249246496586
Indiana,2020-05-05,21028,1213,526.0,62.0,7.813174229774759,0.9209444909620439
Indiana,2020-05-06,21865,1264,837.0,51.0,12.432750627987591,0.7575511135332942
Indiana,2020-05-07,22499,1295,634.0,31.0,9.41740011725703,0.46047224548102195
Indiana,2020-05-08,23144,1328,645.0,33.0,9.58079349468578,0.4901801322862492
Indiana,2020-05-09,23730,1362,586.0,34.0,8.704410833931577,0.5050340756888628
Indiana,2020-05-10,24122,1379,392.0,17.0,5.822745813824535,0.2525170378444314
Indiana,2020-05-11,24620,1411,498.0,32.0,7.397263814501578,0.4753261888836356
Indiana,2020-05-12,25117,1444,497.0,33.0,7.3824098710989645,0.4901801322862492
Indiana,2020-05-13,25470,1481,353.0,37.0,5.243442021122604,0.5495959058967036
Indiana,2020-05-14,26047,1506,577.0,25.0,8.570725343308053,0.3713485850653403
Indiana,2020-05-15,26650,1550,603.0,44.0,8.956927871776008,0.6535735097149988
Indiana,2020-05-16,27274,1596,624.0,46.0,9.268860683230894,0.6832813965202261
Indiana,2020-05-17,27765,1607,491.0,11.0,7.293286210683283,0.1633933774287497
Indiana,2020-05-18,28245,1621,480.0,14.0,7.129892833254534,0.20795520763659056
Indiana,2020-05-19,28702,1675,457.0,54.0,6.78825213499442,0.8021129437411351
Indiana,2020-05-20,29269,1716,567.0,41.0,8.422185909281918,0.6090116795071581
Indiana,2020-05-21,29930,1764,661.0,48.0,9.818456589127598,0.7129892833254533
Indiana,2020-05-22,30404,1791,474.0,27.0,7.040769172838851,0.40105647187056753
Indiana,2020-05-23,30893,1812,489.0,21.0,7.263578323878055,0.3119328114548858
Indiana,2020-05-24,31369,1824,476.0,12.0,7.070477059644079,0.17824732083136333
Indiana,2020-05-25,31706,1830,337.0,6.0,5.005778926680787,0.08912366041568166
Indiana,2020-05-26,32067,1848,361.0,18.0,5.362273568343514,0.267370981247045
Indiana,2020-05-27,32424,1869,357.0,21.0,5.302857794733059,0.3119328114548858
Indiana,2020-05-28,33057,1904,633.0,35.0,9.402546173854414,0.5198880190914764
Indiana,2020-05-29,33551,1943,494.0,39.0,7.3378480408911235,0.5793037927019309
Indiana,2020-05-30,33551,1943,0.0,0.0,0.0,0.0
Indiana,2020-05-31,34569,1966,1018.0,23.0,15.121314383860655,0.34164069826011306
Indiana,2020-06-01,34820,1975,251.0,9.0,3.7283397940560166,0.1336854906235225
Indiana,2020-06-02,35234,2020,414.0,45.0,6.149532568682035,0.6684274531176125
Indiana,2020-06-03,35704,2029,470.0,9.0,6.981353399228397,0.1336854906235225
Indiana,2020-06-04,36089,2050,385.0,21.0,5.71876821000624,0.3119328114548858
Indiana,2020-06-05,36573,2078,484.0,28.0,7.189308606864987,0.4159104152731811
Indiana,2020-06-06,36992,2110,419.0,32.0,6.223802285695103,0.4753261888836356
Indiana,2020-06-07,37388,2121,396.0,11.0,5.8821615874349895,0.1633933774287497
Indiana,2020-06-08,37611,2135,223.0,14.0,3.312429378782835,0.20795520763659056
Indiana,2020-06-09,38024,2158,413.0,23.0,6.134678625279421,0.34164069826011306
Indiana,2020-06-10,38332,2172,308.0,14.0,4.575014568004992,0.20795520763659056
Indiana,2020-06-11,38743,2197,411.0,25.0,6.1049707384741945,0.3713485850653403
Indiana,2020-06-12,39146,2214,403.0,17.0,5.986139191253285,0.2525170378444314
Indiana,2020-06-13,39543,2231,397.0,17.0,5.897015530837604,0.2525170378444314
Indiana,2020-06-14,39909,2240,366.0,9.0,5.436543285356581,0.1336854906235225
Indiana,2020-06-15,40404,2251,495.0,11.0,7.352701984293737,0.1633933774287497
Indiana,2020-06-16,40760,2265,356.0,14.0,5.288003851330445,0.20795520763659056
Indiana,2020-06-17,40972,2289,212.0,24.0,3.1490360013540855,0.35649464166272665
Indiana,2020-06-18,41428,2304,456.0,15.0,6.773398191591807,0.22280915103920418
Indiana,2020-06-19,41740,2327,312.0,23.0,4.634430341615447,0.34164069826011306
Indiana,2020-06-20,42059,2346,319.0,19.0,4.7384079454337416,0.2822249246496586
Indiana,2020-06-21,42416,2350,357.0,4.0,5.302857794733059,0.05941577361045445
Indiana,2020-06-22,42626,2363,210.0,13.0,3.1193281145488583,0.19310126423397692
Indiana,2020-06-23,42867,2377,241.0,14.0,3.5798003600298802,0.20795520763659056
Indiana,2020-06-24,43136,2385,269.0,8.0,3.9957107753030607,0.1188315472209089
Indiana,2020-06-25,43652,2394,516.0,9.0,7.664634795748623,0.1336854906235225
Indiana,2020-06-26,44117,2403,465.0,9.0,6.90708368221533,0.1336854906235225
Indiana,2020-06-27,44572,2424,455.0,21.0,6.758544248189193,0.3119328114548858
Indiana,2020-06-28,44929,2427,357.0,3.0,5.302857794733059,0.04456183020784083
Indiana,2020-06-29,45223,2432,294.0,5.0,4.367059360368402,0.07426971701306806
Indiana,2020-06-30,45593,2447,370.0,15.0,5.495959058967037,0.22280915103920418
Indiana,2020-07-01,45936,2455,343.0,8.0,5.094902587096469,0.1188315472209089
Indiana,2020-07-02,46387,2467,451.0,12.0,6.699128474578738,0.17824732083136333
Indiana,2020-07-03,46915,2487,528.0,20.0,7.842882116579987,0.29707886805227224
Indiana,2020-07-04,47430,2493,515.0,6.0,7.64978085234601,0.08912366041568166
Indiana,2020-07-05,47810,2493,380.0,0.0,5.644498492993172,0.0
Indiana,2020-07-06,48314,2504,504.0,11.0,7.48638747491726,0.1633933774287497
Indiana,2020-07-07,48621,2524,307.0,20.0,4.5601606246023785,0.29707886805227224
Indiana,2020-07-08,49063,2539,442.0,15.0,6.565442983955215,0.22280915103920418
Indiana,2020-07-09,49263,2539,200.0,0.0,2.9707886805227224,0.0
Indiana,2020-07-10,49643,2544,380.0,5.0,5.644498492993172,0.07426971701306806
Indiana,2020-07-11,51073,2563,1430.0,19.0,21.241139065737464,0.2822249246496586
Indiana,2020-07-12,51606,2567,533.0,4.0,7.9171518335930555,0.05941577361045445
Indiana,2020-07-13,52033,2569,427.0,2.0,6.342633832916013,0.029707886805227224
Indiana,2020-07-14,52683,2582,650.0,13.0,9.655063211698847,0.19310126423397692
Indiana,2020-07-15,53366,2592,683.0,10.0,10.145243343985097,0.14853943402613612
Indiana,2020-07-16,54087,2602,721.0,10.0,10.709693193284414,0.14853943402613612
Indiana,2020-07-17,54818,2610,731.0,8.0,10.85823262731055,0.1188315472209089
Indiana,2020-07-18,55648,2627,830.0,17.0,12.328773024169296,0.2525170378444314
Indiana,2020-07-19,56571,2629,923.0,2.0,13.710189760612364,0.029707886805227224
Indiana,2020-07-20,57205,2632,634.0,3.0,9.41740011725703,0.04456183020784083
Indiana,2020-07-21,57909,2649,704.0,17.0,10.457176155439981,0.2525170378444314
Indiana,2020-07-22,58670,2666,761.0,17.0,11.303850929388958,0.2525170378444314
Indiana,2020-07-23,59600,2683,930.0,17.0,13.81416736443066,0.2525170378444314
Indiana,2020-07-24,60595,2687,995.0,4.0,14.779673685600542,0.05941577361045445
Indiana,2020-07-25,61515,2698,920.0,11.0,13.665627930404522,0.1633933774287497
Indiana,2020-07-26,62356,2704,841.0,6.0,12.492166401598046,0.08912366041568166
Indiana,2020-07-27,62899,2707,543.0,3.0,8.06569126761919,0.04456183020784083
Indiana,2020-07-28,63666,2707,767.0,0.0,11.39297458980464,0.0
Indiana,2020-07-29,64291,2731,625.0,24.0,9.283714626633508,0.35649464166272665
Indiana,2020-07-30,65243,2744,952.0,13.0,14.140954119288159,0.19310126423397692
Indiana,2020-07-31,66338,2768,1095.0,24.0,16.265068025861904,0.35649464166272665
Indiana,2020-08-01,67230,2768,892.0,0.0,13.24971751513134,0.0
Indiana,2020-08-02,67912,2772,682.0,4.0,10.130389400582484,0.05941577361045445
Indiana,2020-08-03,68417,2776,505.0,4.0,7.501241418319873,0.05941577361045445
Indiana,2020-08-04,69245,2788,828.0,12.0,12.29906513736407,0.17824732083136333
Indiana,2020-08-05,69964,2800,719.0,12.0,10.679985306479187,0.17824732083136333
Indiana,2020-08-06,71014,2807,1050.0,7.0,15.596640572744292,0.10397760381829528
Indiana,2020-08-07,72253,2816,1239.0,9.0,18.40403587583826,0.1336854906235225
Indiana,2020-08-08,73287,2830,1034.0,14.0,15.358977478302474,0.20795520763659056
Indiana,2020-08-09,74324,2831,1037.0,1.0,15.403539308510313,0.014853943402613612
Indiana,2020-08-10,74987,2834,663.0,3.0,9.848164475932824,0.04456183020784083
Indiana,2020-08-11,75854,2859,867.0,25.0,12.878368930066,0.3713485850653403
Indiana,2020-08-12,76519,2874,665.0,15.0,9.877872362738051,0.22280915103920418
Indiana,2020-08-13,77562,2894,1043.0,20.0,15.492662968925996,0.29707886805227224
Indiana,2020-08-14,78632,2902,1070.0,8.0,15.893719440796565,0.1188315472209089
Indiana,2020-08-15,79676,2917,1044.0,15.0,15.507516912328608,0.22280915103920418
Indiana,2020-08-16,80410,2920,734.0,3.0,10.90279445751839,0.04456183020784083
Indiana,2020-08-17,81000,2926,590.0,6.0,8.76382660754203,0.08912366041568166
Indiana,2020-08-18,81846,2954,846.0,28.0,12.566436118611115,0.4159104152731811
Indiana,2020-08-19,82335,2968,489.0,14.0,7.263578323878055,0.20795520763659056
Indiana,2020-08-20,83274,2979,939.0,11.0,13.94785285505418,0.1633933774287497
Indiana,2020-08-21,84313,2991,1039.0,12.0,15.433247195315543,0.17824732083136333
Indiana,2020-08-22,85316,3000,1003.0,9.0,14.898505232821451,0.1336854906235225
Indiana,2020-08-23,85931,3002,615.0,2.0,9.13517519260737,0.029707886805227224
Indiana,2020-08-24,87603,3011,1672.0,9.0,24.83579336916996,0.1336854906235225
Indiana,2020-08-25,88421,3033,818.0,22.0,12.150525703337934,0.3267867548574994
Indiana,2020-08-26,91598,3257,3177.0,224.0,47.19097819010344,3.327283322185449
Indiana,2020-08-27,92761,3265,1163.0,8.0,17.275136177239627,0.1188315472209089
Indiana,2020-08-28,93584,3276,823.0,11.0,12.224795420351,0.1633933774287497
Indiana,2020-08-29,94709,3283,1125.0,7.0,16.710686327940312,0.10397760381829528
Indiana,2020-08-30,95590,3289,881.0,6.0,13.086324137702592,0.08912366041568166
Indiana,2020-08-31,96468,3294,878.0,5.0,13.04176230749475,0.07426971701306806
Indiana,2020-09-01,97181,3310,713.0,16.0,10.590861646063505,0.2376630944418178
Indiana,2020-09-02,98048,3323,867.0,13.0,12.878368930066,0.19310126423397692
Indiana,2020-09-03,99167,3330,1119.0,7.0,16.621562667524632,0.10397760381829528
Indiana,2020-09-04,100205,3347,1038.0,17.0,15.418393251912928,0.2525170378444314
Indiana,2020-09-05,101290,3360,1085.0,13.0,16.116528591835767,0.19310126423397692
Indiana,2020-09-06,102133,3362,843.0,2.0,12.521874288403273,0.029707886805227224
Indiana,2020-09-07,102722,3366,589.0,4.0,8.748972664139417,0.05941577361045445
Indiana,2020-09-08,103111,3378,389.0,12.0,5.778183983616695,0.17824732083136333
Indiana,2020-09-09,103835,3395,724.0,17.0,10.754255023492254,0.2525170378444314
Indiana,2020-09-10,104623,3408,788.0,13.0,11.704907401259526,0.19310126423397692
Indiana,2020-09-11,105892,3418,1269.0,10.0,18.849654177916673,0.14853943402613612
Indiana,2020-09-12,106971,3434,1079.0,16.0,16.027404931420087,0.2376630944418178
Indiana,2020-09-13,108211,3435,1240.0,1.0,18.418889819240878,0.014853943402613612
Indiana,2020-09-14,108944,3437,733.0,2.0,10.887940514115776,0.029707886805227224
Indiana,2020-09-15,109635,3458,691.0,21.0,10.264074891206004,0.3119328114548858
Indiana,2020-09-16,110219,3469,584.0,11.0,8.674702947126349,0.1633933774287497
Indiana,2020-09-17,111040,3475,821.0,6.0,12.195087533545774,0.08912366041568166
Indiana,2020-09-18,112097,3492,1057.0,17.0,15.700618176562585,0.2525170378444314
Indiana,2020-09-19,113177,3501,1080.0,9.0,16.0422588748227,0.1336854906235225
Indiana,2020-09-20,113914,3504,737.0,3.0,10.947356287726231,0.04456183020784083
Indiana,2020-09-21,114432,3510,518.0,6.0,7.694342682553851,0.08912366041568166
Indiana,2020-09-22,115056,3520,624.0,10.0,9.268860683230894,0.14853943402613612
Indiana,2020-09-23,115771,3530,715.0,10.0,10.620569532868732,0.14853943402613612
Indiana,2020-09-24,116670,3547,899.0,17.0,13.353695118949636,0.2525170378444314
Indiana,2020-09-25,117846,3565,1176.0,18.0,17.468237441473608,0.267370981247045
Indiana,2020-09-26,119013,3577,1167.0,12.0,17.334551950850084,0.17824732083136333
Indiana,2020-09-27,119915,3580,902.0,3.0,13.398256949157476,0.04456183020784083
Indiana,2020-09-28,120785,3592,870.0,12.0,12.922930760273841,0.17824732083136333
Indiana,2020-09-29,121537,3612,752.0,20.0,11.170165438765435,0.29707886805227224
Indiana,2020-09-30,122509,3629,972.0,17.0,14.43803298734043,0.2525170378444314
Indiana,2020-10-01,123681,3643,1172.0,14.0,17.408821667863155,0.20795520763659056
Iowa,2020-02-01,0,0,0.0,0.0,0.0,0.0
Iowa,2020-02-02,0,0,0.0,0.0,0.0,0.0
Iowa,2020-02-03,0,0,0.0,0.0,0.0,0.0
Iowa,2020-02-04,0,0,0.0,0.0,0.0,0.0
Iowa,2020-02-05,0,0,0.0,0.0,0.0,0.0
Iowa,2020-02-06,0,0,0.0,0.0,0.0,0.0
Iowa,2020-02-07,0,0,0.0,0.0,0.0,0.0
Iowa,2020-02-08,0,0,0.0,0.0,0.0,0.0
Iowa,2020-02-09,0,0,0.0,0.0,0.0,0.0
Iowa,2020-02-10,0,0,0.0,0.0,0.0,0.0
Iowa,2020-02-11,0,0,0.0,0.0,0.0,0.0
Iowa,2020-02-12,0,0,0.0,0.0,0.0,0.0
Iowa,2020-02-13,0,0,0.0,0.0,0.0,0.0
Iowa,2020-02-14,0,0,0.0,0.0,0.0,0.0
Iowa,2020-02-15,0,0,0.0,0.0,0.0,0.0
Iowa,2020-02-16,0,0,0.0,0.0,0.0,0.0
Iowa,2020-02-17,0,0,0.0,0.0,0.0,0.0
Iowa,2020-02-18,0,0,0.0,0.0,0.0,0.0
Iowa,2020-02-19,0,0,0.0,0.0,0.0,0.0
Iowa,2020-02-20,0,0,0.0,0.0,0.0,0.0
Iowa,2020-02-21,0,0,0.0,0.0,0.0,0.0
Iowa,2020-02-22,0,0,0.0,0.0,0.0,0.0
Iowa,2020-02-23,0,0,0.0,0.0,0.0,0.0
Iowa,2020-02-24,0,0,0.0,0.0,0.0,0.0
Iowa,2020-02-25,0,0,0.0,0.0,0.0,0.0
Iowa,2020-02-26,0,0,0.0,0.0,0.0,0.0
Iowa,2020-02-27,0,0,0.0,0.0,0.0,0.0
Iowa,2020-02-28,0,0,0.0,0.0,0.0,0.0
Iowa,2020-02-29,0,0,0.0,0.0,0.0,0.0
Iowa,2020-03-01,0,0,0.0,0.0,0.0,0.0
Iowa,2020-03-02,0,0,0.0,0.0,0.0,0.0
Iowa,2020-03-03,0,0,0.0,0.0,0.0,0.0
Iowa,2020-03-04,0,0,0.0,0.0,0.0,0.0
Iowa,2020-03-05,0,0,0.0,0.0,0.0,0.0
Iowa,2020-03-06,0,0,0.0,0.0,0.0,0.0
Iowa,2020-03-07,0,0,0.0,0.0,0.0,0.0
Iowa,2020-03-08,0,0,0.0,0.0,0.0,0.0
Iowa,2020-03-09,8,0,8.0,0.0,0.2535601428811405,0.0
Iowa,2020-03-10,14,0,6.0,0.0,0.1901701071608554,0.0
Iowa,2020-03-11,14,0,0.0,0.0,0.0,0.0
Iowa,2020-03-12,16,0,2.0,0.0,0.06339003572028512,0.0
Iowa,2020-03-13,17,0,1.0,0.0,0.03169501786014256,0.0
Iowa,2020-03-14,18,0,1.0,0.0,0.03169501786014256,0.0
Iowa,2020-03-15,18,0,0.0,0.0,0.0,0.0
Iowa,2020-03-16,23,0,5.0,0.0,0.1584750893007128,0.0
Iowa,2020-03-17,29,0,6.0,0.0,0.1901701071608554,0.0
Iowa,2020-03-18,38,0,9.0,0.0,0.28525516074128304,0.0
Iowa,2020-03-19,44,0,6.0,0.0,0.1901701071608554,0.0
Iowa,2020-03-20,44,0,0.0,0.0,0.0,0.0
Iowa,2020-03-21,68,0,24.0,0.0,0.7606804286434216,0.0
Iowa,2020-03-22,90,0,22.0,0.0,0.6972903929231364,0.0
Iowa,2020-03-23,104,0,14.0,0.0,0.4437302500419959,0.0
Iowa,2020-03-24,122,1,18.0,1.0,0.5705103214825661,0.03169501786014256
Iowa,2020-03-25,145,1,23.0,0.0,0.728985410783279,0.0
Iowa,2020-03-26,179,1,34.0,0.0,1.0776306072448472,0.0
Iowa,2020-03-27,234,3,55.0,2.0,1.743225982307841,0.06339003572028512
Iowa,2020-03-28,298,3,64.0,0.0,2.028481143049124,0.0
Iowa,2020-03-29,336,4,38.0,1.0,1.2044106786854174,0.03169501786014256
Iowa,2020-03-30,424,6,88.0,2.0,2.7891615716925457,0.06339003572028512
Iowa,2020-03-31,496,7,72.0,1.0,2.2820412859302643,0.03169501786014256
Iowa,2020-04-01,548,9,52.0,2.0,1.6481409287274134,0.06339003572028512
Iowa,2020-04-02,614,11,66.0,2.0,2.0918711787694093,0.06339003572028512
Iowa,2020-04-03,699,11,85.0,0.0,2.694076518112118,0.0
Iowa,2020-04-04,785,11,86.0,0.0,2.7257715359722607,0.0
Iowa,2020-04-05,868,17,83.0,6.0,2.630686482391833,0.1901701071608554
Iowa,2020-04-06,945,25,77.0,8.0,2.4405163752309775,0.2535601428811405
Iowa,2020-04-07,1048,26,103.0,1.0,3.2645868395946844,0.03169501786014256
Iowa,2020-04-08,1145,27,97.0,1.0,3.0744167324338285,0.03169501786014256
Iowa,2020-04-09,1270,27,125.0,0.0,3.9618772325178204,0.0
Iowa,2020-04-10,1388,31,118.0,4.0,3.7400121074968227,0.12678007144057024
Iowa,2020-04-11,1509,34,121.0,3.0,3.83509716107725,0.0950850535804277
Iowa,2020-04-12,1585,41,76.0,7.0,2.408821357370835,0.22186512502099795
Iowa,2020-04-13,1709,41,124.0,0.0,3.9301822146576777,0.0
Iowa,2020-04-14,1896,43,187.0,2.0,5.926968339846659,0.06339003572028512
Iowa,2020-04-15,1994,53,98.0,10.0,3.106111750293971,0.3169501786014256
Iowa,2020-04-16,2141,60,147.0,7.0,4.659167625440957,0.22186512502099795
Iowa,2020-04-17,2331,64,190.0,4.0,6.022053393427087,0.12678007144057024
Iowa,2020-04-18,2507,74,176.0,10.0,5.5783231433850915,0.3169501786014256
Iowa,2020-04-19,2893,75,386.0,1.0,12.23427689401503,0.03169501786014256
Iowa,2020-04-20,3151,79,258.0,4.0,8.17731460791678,0.12678007144057024
Iowa,2020-04-21,3613,83,462.0,4.0,14.643098251385865,0.12678007144057024
Iowa,2020-04-22,3740,90,127.0,7.0,4.025267268238106,0.22186512502099795
Iowa,2020-04-23,3918,96,178.0,6.0,5.641713179105376,0.1901701071608554
Iowa,2020-04-24,4438,107,520.0,11.0,16.481409287274133,0.3486451964615682
Iowa,2020-04-25,5082,112,644.0,5.0,20.411591501931813,0.1584750893007128
Iowa,2020-04-26,5455,118,373.0,6.0,11.822241661833177,0.1901701071608554
Iowa,2020-04-27,5849,127,394.0,9.0,12.487837036896172,0.28525516074128304
Iowa,2020-04-28,6362,136,513.0,9.0,16.259544162253135,0.28525516074128304
Iowa,2020-04-29,6821,148,459.0,12.0,14.548013197805437,0.3803402143217108
Iowa,2020-04-30,7118,162,297.0,14.0,9.41342030446234,0.4437302500419959
Iowa,2020-05-01,7814,170,696.0,8.0,22.059732430659224,0.2535601428811405
Iowa,2020-05-02,8538,175,724.0,5.0,22.947192930743217,0.1584750893007128
Iowa,2020-05-03,9044,183,506.0,8.0,16.037679037232138,0.2535601428811405
Iowa,2020-05-04,9606,187,562.0,4.0,17.81260003740012,0.12678007144057024
Iowa,2020-05-05,10107,206,501.0,19.0,15.879203947931423,0.6022053393427087
Iowa,2020-05-06,10388,218,281.0,12.0,8.90630001870006,0.3803402143217108
Iowa,2020-05-07,11044,230,656.0,12.0,20.791931716253522,0.3803402143217108
Iowa,2020-05-08,11430,242,386.0,12.0,12.23427689401503,0.3803402143217108
Iowa,2020-05-09,11663,251,233.0,9.0,7.384939161413217,0.28525516074128304
Iowa,2020-05-10,11955,264,292.0,13.0,9.254945215161628,0.41203523218185334
Iowa,2020-05-11,12358,270,403.0,6.0,12.773092197637453,0.1901701071608554
Iowa,2020-05-12,12893,288,535.0,18.0,16.956834555176272,0.5705103214825661
Iowa,2020-05-13,13272,306,379.0,18.0,12.012411768994031,0.5705103214825661
Iowa,2020-05-14,13650,318,378.0,12.0,11.980716751133889,0.3803402143217108
Iowa,2020-05-15,14028,336,378.0,18.0,11.980716751133889,0.5705103214825661
Iowa,2020-05-16,14306,346,278.0,10.0,8.811214965119634,0.3169501786014256
Iowa,2020-05-17,14635,351,329.0,5.0,10.427660875986904,0.1584750893007128
Iowa,2020-05-18,14939,355,304.0,4.0,9.63528542948334,0.12678007144057024
Iowa,2020-05-19,15286,366,347.0,11.0,10.99817119746947,0.3486451964615682
Iowa,2020-05-20,15523,381,237.0,15.0,7.511719232853788,0.47542526790213846
Iowa,2020-05-21,15941,400,418.0,19.0,13.248517465539592,0.6022053393427087
Iowa,2020-05-22,16388,418,447.0,18.0,14.167672983483726,0.5705103214825661
Iowa,2020-05-23,16783,444,395.0,26.0,12.519532054756313,0.8240704643637067
Iowa,2020-05-24,17192,449,409.0,5.0,12.96326230479831,0.1584750893007128
Iowa,2020-05-25,17538,456,346.0,7.0,10.966476179609327,0.22186512502099795
Iowa,2020-05-26,17649,463,111.0,7.0,3.518146982475825,0.22186512502099795
Iowa,2020-05-27,18236,485,587.0,22.0,18.604975483903686,0.6972903929231364
Iowa,2020-05-28,18495,500,259.0,15.0,8.209009625776925,0.47542526790213846
Iowa,2020-05-29,18788,520,293.0,20.0,9.286640233021771,0.6339003572028512
Iowa,2020-05-30,19132,527,344.0,7.0,10.903086143889043,0.22186512502099795
Iowa,2020-05-31,19478,532,346.0,5.0,10.966476179609327,0.1584750893007128
Iowa,2020-06-01,19680,537,202.0,5.0,6.402393607748798,0.1584750893007128
Iowa,2020-06-02,19944,559,264.0,22.0,8.367484715077637,0.6972903929231364
Iowa,2020-06-03,20007,565,63.0,6.0,1.9967861251889816,0.1901701071608554
Iowa,2020-06-04,20696,578,689.0,13.0,21.837867305638227,0.41203523218185334
Iowa,2020-06-05,21081,588,385.0,10.0,12.202581876154888,0.3169501786014256
Iowa,2020-06-06,21424,598,343.0,10.0,10.871391126028898,0.3169501786014256
Iowa,2020-06-07,21592,602,168.0,4.0,5.3247630005039515,0.12678007144057024
Iowa,2020-06-08,21904,607,312.0,5.0,9.88884557236448,0.1584750893007128
Iowa,2020-06-09,22166,622,262.0,15.0,8.304094679357352,0.47542526790213846
Iowa,2020-06-10,22495,629,329.0,7.0,10.427660875986904,0.22186512502099795
Iowa,2020-06-11,22769,638,274.0,9.0,8.684434893679063,0.28525516074128304
Iowa,2020-06-12,23157,642,388.0,4.0,12.297666929735314,0.12678007144057024
Iowa,2020-06-13,23546,649,389.0,7.0,12.329361947595457,0.22186512502099795
Iowa,2020-06-14,23892,650,346.0,1.0,10.966476179609327,0.03169501786014256
Iowa,2020-06-15,24033,653,141.0,3.0,4.468997518280102,0.0950850535804277
Iowa,2020-06-16,24153,661,120.0,8.0,3.8034021432171077,0.2535601428811405
Iowa,2020-06-17,24370,671,217.0,10.0,6.877818875650936,0.3169501786014256
Iowa,2020-06-18,24729,676,359.0,5.0,11.37851141179118,0.1584750893007128
Iowa,2020-06-19,25150,680,421.0,4.0,13.343602519120019,0.12678007144057024
Iowa,2020-06-20,25412,681,262.0,1.0,8.304094679357352,0.03169501786014256
Iowa,2020-06-21,25875,685,463.0,4.0,14.674793269246008,0.12678007144057024
Iowa,2020-06-22,26035,686,160.0,1.0,5.07120285762281,0.03169501786014256
Iowa,2020-06-23,26326,688,291.0,2.0,9.223250197301487,0.06339003572028512
Iowa,2020-06-24,26591,690,265.0,2.0,8.399179732937778,0.06339003572028512
Iowa,2020-06-25,27046,693,455.0,3.0,14.421233126364866,0.0950850535804277
Iowa,2020-06-26,27543,701,497.0,8.0,15.752423876490854,0.2535601428811405
Iowa,2020-06-27,27924,703,381.0,2.0,12.075801804714317,0.06339003572028512
Iowa,2020-06-28,28417,703,493.0,0.0,15.625643805050284,0.0
Iowa,2020-06-29,28718,707,301.0,4.0,9.540200375902911,0.12678007144057024
Iowa,2020-06-30,28934,713,216.0,6.0,6.8461238577907935,0.1901701071608554
Iowa,2020-07-01,29286,717,352.0,4.0,11.156646286770183,0.12678007144057024
Iowa,2020-07-02,29949,718,663.0,1.0,21.01379684127452,0.03169501786014256
Iowa,2020-07-03,30351,722,402.0,4.0,12.74139717977731,0.12678007144057024
Iowa,2020-07-04,30911,723,560.0,1.0,17.749210001679835,0.03169501786014256
Iowa,2020-07-05,31212,723,301.0,0.0,9.540200375902911,0.0
Iowa,2020-07-06,31628,724,416.0,1.0,13.185127429819307,0.03169501786014256
Iowa,2020-07-07,31903,727,275.0,3.0,8.716129911539205,0.0950850535804277
Iowa,2020-07-08,32369,734,466.0,7.0,14.769878322826434,0.22186512502099795
Iowa,2020-07-09,33093,742,724.0,8.0,22.947192930743217,0.2535601428811405
Iowa,2020-07-10,33983,745,890.0,3.0,28.208565895526885,0.0950850535804277
Iowa,2020-07-11,34495,750,512.0,5.0,16.22784914439299,0.1584750893007128
Iowa,2020-07-12,34960,751,465.0,1.0,14.738183304966292,0.03169501786014256
Iowa,2020-07-13,35455,755,495.0,4.0,15.68903384077057,0.12678007144057024
Iowa,2020-07-14,35785,758,330.0,3.0,10.459355893847047,0.0950850535804277
Iowa,2020-07-15,35994,760,209.0,2.0,6.624258732769796,0.06339003572028512
Iowa,2020-07-16,36821,779,827.0,19.0,26.211779770337902,0.6022053393427087
Iowa,2020-07-17,37622,784,801.0,5.0,25.387709305974195,0.1584750893007128
Iowa,2020-07-18,37869,789,247.0,5.0,7.828669411455214,0.1584750893007128
Iowa,2020-07-19,38603,794,734.0,5.0,23.264143109344644,0.1584750893007128
Iowa,2020-07-20,38885,795,282.0,1.0,8.937995036560205,0.03169501786014256
Iowa,2020-07-21,39396,801,511.0,6.0,16.19615412653285,0.1901701071608554
Iowa,2020-07-22,39773,810,377.0,9.0,11.949021733273748,0.28525516074128304
Iowa,2020-07-23,40497,817,724.0,7.0,22.947192930743217,0.22186512502099795
Iowa,2020-07-24,40990,822,493.0,5.0,15.625643805050284,0.1584750893007128
Iowa,2020-07-25,41623,828,633.0,6.0,20.062946305470245,0.1901701071608554
Iowa,2020-07-26,42003,828,380.0,0.0,12.044106786854174,0.0
Iowa,2020-07-27,42473,831,470.0,3.0,14.896658394267003,0.0950850535804277
Iowa,2020-07-28,42732,831,259.0,0.0,8.209009625776925,0.0
Iowa,2020-07-29,43184,846,452.0,15.0,14.326148072784438,0.47542526790213846
Iowa,2020-07-30,43841,856,657.0,10.0,20.823626734113667,0.3169501786014256
Iowa,2020-07-31,44472,867,631.0,11.0,19.99955626974996,0.3486451964615682
Iowa,2020-08-01,44908,874,436.0,7.0,13.819027787022158,0.22186512502099795
Iowa,2020-08-02,45443,876,535.0,2.0,16.956834555176272,0.06339003572028512
Iowa,2020-08-03,45753,881,310.0,5.0,9.825455536644194,0.1584750893007128
Iowa,2020-08-04,45921,887,168.0,6.0,5.3247630005039515,0.1901701071608554
Iowa,2020-08-05,46430,895,509.0,8.0,16.132764090812564,0.2535601428811405
Iowa,2020-08-06,47039,908,609.0,13.0,19.30226587682682,0.41203523218185334
Iowa,2020-08-07,47619,914,580.0,6.0,18.38311035888269,0.1901701071608554
Iowa,2020-08-08,47986,927,367.0,13.0,11.632071554672322,0.41203523218185334
Iowa,2020-08-09,48591,932,605.0,5.0,19.175485805386252,0.1584750893007128
Iowa,2020-08-10,48847,933,256.0,1.0,8.113924572196495,0.03169501786014256
Iowa,2020-08-11,49045,939,198.0,6.0,6.275613536308228,0.1901701071608554
Iowa,2020-08-12,49518,951,473.0,12.0,14.991743447847433,0.3803402143217108
Iowa,2020-08-13,49961,956,443.0,5.0,14.040892912043157,0.1584750893007128
Iowa,2020-08-14,50578,965,617.0,9.0,19.55582601970796,0.28525516074128304
Iowa,2020-08-15,51401,974,823.0,9.0,26.08499969889733,0.28525516074128304
Iowa,2020-08-16,52035,976,634.0,2.0,20.094641323330386,0.06339003572028512
Iowa,2020-08-17,52317,980,282.0,4.0,8.937995036560205,0.12678007144057024
Iowa,2020-08-18,52608,988,291.0,8.0,9.223250197301487,0.2535601428811405
Iowa,2020-08-19,53211,1004,603.0,16.0,19.112095769665967,0.507120285762281
Iowa,2020-08-20,53818,1012,607.0,8.0,19.238875841106534,0.2535601428811405
Iowa,2020-08-21,54701,1018,883.0,6.0,27.986700770505887,0.1901701071608554
Iowa,2020-08-22,55481,1031,780.0,13.0,24.7221139309112,0.41203523218185334
Iowa,2020-08-23,56147,1035,666.0,4.0,21.108881894854946,0.12678007144057024
Iowa,2020-08-24,56575,1040,428.0,5.0,13.565467644141018,0.1584750893007128
Iowa,2020-08-25,57131,1049,556.0,9.0,17.622429930239267,0.28525516074128304
Iowa,2020-08-26,58007,1062,876.0,13.0,27.764835645484883,0.41203523218185334
Iowa,2020-08-27,59474,1080,1467.0,18.0,46.496591200829144,0.5705103214825661
Iowa,2020-08-28,62013,1091,2539.0,11.0,80.47365034690198,0.3486451964615682
Iowa,2020-08-29,63089,1105,1076.0,14.0,34.103839217513396,0.4437302500419959
Iowa,2020-08-30,64079,1108,990.0,3.0,31.37806768154114,0.0950850535804277
Iowa,2020-08-31,64683,1111,604.0,3.0,19.143790787526108,0.0950850535804277
Iowa,2020-09-01,65376,1121,693.0,10.0,21.964647377078798,0.3169501786014256
Iowa,2020-09-02,66134,1125,758.0,4.0,24.024823537988063,0.12678007144057024
Iowa,2020-09-03,66785,1133,651.0,8.0,20.63345662695281,0.2535601428811405
Iowa,2020-09-04,67930,1136,1145.0,3.0,36.29079544986323,0.0950850535804277
Iowa,2020-09-05,68995,1160,1065.0,24.0,33.755194021051835,0.7606804286434216
Iowa,2020-09-06,69737,1165,742.0,5.0,23.517703252225783,0.1584750893007128
Iowa,2020-09-07,70308,1167,571.0,2.0,18.097855198141403,0.06339003572028512
Iowa,2020-09-08,70651,1173,343.0,6.0,10.871391126028898,0.1901701071608554
Iowa,2020-09-09,71133,1185,482.0,12.0,15.276998608588716,0.3803402143217108
Iowa,2020-09-10,71946,1205,813.0,20.0,25.768049520295904,0.6339003572028512
Iowa,2020-09-11,72744,1208,798.0,3.0,25.292624252393768,0.0950850535804277
Iowa,2020-09-12,72744,1208,0.0,0.0,0.0,0.0
Iowa,2020-09-13,74321,1218,1577.0,10.0,49.983043165444826,0.3169501786014256
Iowa,2020-09-14,74748,1221,427.0,3.0,13.533772626280875,0.0950850535804277
Iowa,2020-09-15,75260,1233,512.0,12.0,16.22784914439299,0.3803402143217108
Iowa,2020-09-16,76028,1234,768.0,1.0,24.34177371658949,0.03169501786014256
Iowa,2020-09-17,76942,1248,914.0,14.0,28.969246324170307,0.4437302500419959
Iowa,2020-09-18,78216,1258,1274.0,10.0,40.379452753821624,0.3169501786014256
Iowa,2020-09-19,79109,1264,893.0,6.0,28.30365094910731,0.1901701071608554
Iowa,2020-09-20,79995,1265,886.0,1.0,28.081785824086314,0.03169501786014256
Iowa,2020-09-21,80612,1266,617.0,1.0,19.55582601970796,0.03169501786014256
Iowa,2020-09-22,81141,1284,529.0,18.0,16.766664448015415,0.5705103214825661
Iowa,2020-09-23,81993,1292,852.0,8.0,27.00415521684147,0.2535601428811405
Iowa,2020-09-24,83337,1298,1344.0,6.0,42.59810400403161,0.1901701071608554
Iowa,2020-09-25,84423,1302,1086.0,4.0,34.42078939611483,0.12678007144057024
Iowa,2020-09-26,85416,1310,993.0,8.0,31.473152735121566,0.2535601428811405
Iowa,2020-09-27,86210,1314,794.0,4.0,25.165844180953197,0.12678007144057024
Iowa,2020-09-28,86819,1316,609.0,2.0,19.30226587682682,0.06339003572028512
Iowa,2020-09-29,87616,1324,797.0,8.0,25.260929234533624,0.2535601428811405
Iowa,2020-09-30,88544,1341,928.0,17.0,29.412976574212298,0.5388153036224236
Iowa,2020-10-01,89608,1357,1064.0,16.0,33.723499003191684,0.507120285762281
Kansas,2020-02-01,0,0,0.0,0.0,0.0,0.0
Kansas,2020-02-02,0,0,0.0,0.0,0.0,0.0
Kansas,2020-02-03,0,0,0.0,0.0,0.0,0.0
Kansas,2020-02-04,0,0,0.0,0.0,0.0,0.0
Kansas,2020-02-05,0,0,0.0,0.0,0.0,0.0
Kansas,2020-02-06,0,0,0.0,0.0,0.0,0.0
Kansas,2020-02-07,0,0,0.0,0.0,0.0,0.0
Kansas,2020-02-08,0,0,0.0,0.0,0.0,0.0
Kansas,2020-02-09,0,0,0.0,0.0,0.0,0.0
Kansas,2020-02-10,0,0,0.0,0.0,0.0,0.0
Kansas,2020-02-11,0,0,0.0,0.0,0.0,0.0
Kansas,2020-02-12,0,0,0.0,0.0,0.0,0.0
Kansas,2020-02-13,0,0,0.0,0.0,0.0,0.0
Kansas,2020-02-14,0,0,0.0,0.0,0.0,0.0
Kansas,2020-02-15,0,0,0.0,0.0,0.0,0.0
Kansas,2020-02-16,0,0,0.0,0.0,0.0,0.0
Kansas,2020-02-17,0,0,0.0,0.0,0.0,0.0
Kansas,2020-02-18,0,0,0.0,0.0,0.0,0.0
Kansas,2020-02-19,0,0,0.0,0.0,0.0,0.0
Kansas,2020-02-20,0,0,0.0,0.0,0.0,0.0
Kansas,2020-02-21,0,0,0.0,0.0,0.0,0.0
Kansas,2020-02-22,0,0,0.0,0.0,0.0,0.0
Kansas,2020-02-23,0,0,0.0,0.0,0.0,0.0
Kansas,2020-02-24,0,0,0.0,0.0,0.0,0.0
Kansas,2020-02-25,0,0,0.0,0.0,0.0,0.0
Kansas,2020-02-26,0,0,0.0,0.0,0.0,0.0
Kansas,2020-02-27,0,0,0.0,0.0,0.0,0.0
Kansas,2020-02-28,0,0,0.0,0.0,0.0,0.0
Kansas,2020-02-29,0,0,0.0,0.0,0.0,0.0
Kansas,2020-03-01,0,0,0.0,0.0,0.0,0.0
Kansas,2020-03-02,0,0,0.0,0.0,0.0,0.0
Kansas,2020-03-03,0,0,0.0,0.0,0.0,0.0
Kansas,2020-03-04,0,0,0.0,0.0,0.0,0.0
Kansas,2020-03-05,0,0,0.0,0.0,0.0,0.0
Kansas,2020-03-06,0,0,0.0,0.0,0.0,0.0
Kansas,2020-03-07,0,0,0.0,0.0,0.0,0.0
Kansas,2020-03-08,1,0,1.0,0.0,0.034325170578935194,0.0
Kansas,2020-03-09,1,0,0.0,0.0,0.0,0.0
Kansas,2020-03-10,1,0,0.0,0.0,0.0,0.0
Kansas,2020-03-11,1,0,0.0,0.0,0.0,0.0
Kansas,2020-03-12,5,1,4.0,1.0,0.13730068231574077,0.034325170578935194
Kansas,2020-03-13,6,1,1.0,0.0,0.034325170578935194,0.0
Kansas,2020-03-14,6,1,0.0,0.0,0.0,0.0
Kansas,2020-03-15,8,1,2.0,0.0,0.06865034115787039,0.0
Kansas,2020-03-16,13,1,5.0,0.0,0.17162585289467594,0.0
Kansas,2020-03-17,16,1,3.0,0.0,0.10297551173680557,0.0
Kansas,2020-03-18,21,1,5.0,0.0,0.17162585289467594,0.0
Kansas,2020-03-19,34,1,13.0,0.0,0.44622721752615746,0.0
Kansas,2020-03-20,44,1,10.0,0.0,0.3432517057893519,0.0
Kansas,2020-03-21,54,2,10.0,1.0,0.3432517057893519,0.034325170578935194
Kansas,2020-03-22,63,2,9.0,0.0,0.30892653521041674,0.0
Kansas,2020-03-23,78,2,15.0,0.0,0.5148775586840278,0.0
Kansas,2020-03-24,92,2,14.0,0.0,0.48055238810509265,0.0
Kansas,2020-03-25,125,3,33.0,1.0,1.1327306291048613,0.034325170578935194
Kansas,2020-03-26,170,3,45.0,0.0,1.5446326760520837,0.0
Kansas,2020-03-27,204,3,34.0,0.0,1.1670557996837965,0.0
Kansas,2020-03-28,264,4,60.0,1.0,2.0595102347361114,0.034325170578935194
Kansas,2020-03-29,321,4,57.0,0.0,1.956534722999306,0.0
Kansas,2020-03-30,369,9,48.0,5.0,1.647608187788889,0.17162585289467594
Kansas,2020-03-31,428,10,59.0,1.0,2.025185064157176,0.034325170578935194
Kansas,2020-04-01,482,10,54.0,0.0,1.8535592112625006,0.0
Kansas,2020-04-02,550,13,68.0,3.0,2.334111599367593,0.10297551173680557
Kansas,2020-04-03,620,16,70.0,3.0,2.4027619405254637,0.10297551173680557
Kansas,2020-04-04,698,19,78.0,3.0,2.677363305156945,0.10297551173680557
Kansas,2020-04-05,747,20,49.0,1.0,1.6819333583678244,0.034325170578935194
Kansas,2020-04-06,845,21,98.0,1.0,3.363866716735649,0.034325170578935194
Kansas,2020-04-07,899,29,54.0,8.0,1.8535592112625006,0.27460136463148155
Kansas,2020-04-08,1043,35,144.0,6.0,4.942824563366668,0.20595102347361113
Kansas,2020-04-09,1104,42,61.0,7.0,2.0938354053150467,0.24027619405254633
Kansas,2020-04-10,1162,46,58.0,4.0,1.9908598935782413,0.13730068231574077
Kansas,2020-04-11,1262,51,100.0,5.0,3.4325170578935196,0.17162585289467594
Kansas,2020-04-12,1333,52,71.0,1.0,2.4370871111043986,0.034325170578935194
Kansas,2020-04-13,1374,59,41.0,7.0,1.4073319937363429,0.24027619405254633
Kansas,2020-04-14,1424,64,50.0,5.0,1.7162585289467598,0.17162585289467594
Kansas,2020-04-15,1492,74,68.0,10.0,2.334111599367593,0.3432517057893519
Kansas,2020-04-16,1586,80,94.0,6.0,3.226566034419908,0.20595102347361113
Kansas,2020-04-17,1702,82,116.0,2.0,3.9817197871564827,0.06865034115787039
Kansas,2020-04-18,1788,85,86.0,3.0,2.9519646697884268,0.10297551173680557
Kansas,2020-04-19,1847,94,59.0,9.0,2.025185064157176,0.30892653521041674
Kansas,2020-04-20,1984,102,137.0,8.0,4.702548369314122,0.27460136463148155
Kansas,2020-04-21,2024,102,40.0,0.0,1.3730068231574075,0.0
Kansas,2020-04-22,2210,112,186.0,10.0,6.384481727681946,0.3432517057893519
Kansas,2020-04-23,2481,113,271.0,1.0,9.302121226891437,0.034325170578935194
Kansas,2020-04-24,2773,114,292.0,1.0,10.022949809049075,0.034325170578935194
Kansas,2020-04-25,3055,120,282.0,6.0,9.679698103259724,0.20595102347361113
Kansas,2020-04-26,3173,122,118.0,2.0,4.050370128314352,0.06865034115787039
Kansas,2020-04-27,3327,126,154.0,4.0,5.28607626915602,0.13730068231574077
Kansas,2020-04-28,3490,128,163.0,2.0,5.595002804366436,0.06865034115787039
Kansas,2020-04-29,3734,134,244.0,6.0,8.375341621260187,0.20595102347361113
Kansas,2020-04-30,4235,135,501.0,1.0,17.19691046004653,0.034325170578935194
Kansas,2020-05-01,4446,141,211.0,6.0,7.242610992155325,0.20595102347361113
Kansas,2020-05-02,4745,142,299.0,1.0,10.263226003101623,0.034325170578935194
Kansas,2020-05-03,5029,145,284.0,3.0,9.748348444417594,0.10297551173680557
Kansas,2020-05-04,5244,156,215.0,11.0,7.379911674471066,0.3775768763682871
Kansas,2020-05-05,5456,161,212.0,5.0,7.276936162734261,0.17162585289467594
Kansas,2020-05-06,5734,164,278.0,3.0,9.542397420943983,0.10297551173680557
Kansas,2020-05-07,6144,164,410.0,0.0,14.07331993736343,0.0
Kansas,2020-05-08,6498,168,354.0,4.0,12.151110384943058,0.13730068231574077
Kansas,2020-05-09,6741,173,243.0,5.0,8.341016450681252,0.17162585289467594
Kansas,2020-05-10,6979,173,238.0,0.0,8.169390597786576,0.0
Kansas,2020-05-11,7113,179,134.0,6.0,4.599572857577316,0.20595102347361113
Kansas,2020-05-12,7302,184,189.0,5.0,6.4874572394187515,0.17162585289467594
Kansas,2020-05-13,7492,185,190.0,1.0,6.521782409997686,0.034325170578935194
Kansas,2020-05-14,7702,189,210.0,4.0,7.208285821576391,0.13730068231574077
Kansas,2020-05-15,7907,192,205.0,3.0,7.036659968681715,0.10297551173680557
Kansas,2020-05-16,7990,194,83.0,2.0,2.848989158051621,0.06865034115787039
Kansas,2020-05-17,8041,194,51.0,0.0,1.7505836995256947,0.0
Kansas,2020-05-18,8394,195,353.0,1.0,12.116785214364123,0.034325170578935194
Kansas,2020-05-19,8414,196,20.0,1.0,0.6865034115787038,0.034325170578935194
Kansas,2020-05-20,8619,201,205.0,5.0,7.036659968681715,0.17162585289467594
Kansas,2020-05-21,8678,203,59.0,2.0,2.025185064157176,0.06865034115787039
Kansas,2020-05-22,9035,203,357.0,0.0,12.254085896679863,0.0
Kansas,2020-05-23,9048,204,13.0,1.0,0.44622721752615746,0.034325170578935194
Kansas,2020-05-24,9052,204,4.0,0.0,0.13730068231574077,0.0
Kansas,2020-05-25,9077,207,25.0,3.0,0.8581292644733799,0.10297551173680557
Kansas,2020-05-26,9280,209,203.0,2.0,6.968009627523844,0.06865034115787039
Kansas,2020-05-27,9398,210,118.0,1.0,4.050370128314352,0.034325170578935194
Kansas,2020-05-28,9435,213,37.0,3.0,1.270031311420602,0.10297551173680557
Kansas,2020-05-29,9763,213,328.0,0.0,11.258655949890743,0.0
Kansas,2020-05-30,9763,213,0.0,0.0,0.0,0.0
Kansas,2020-05-31,9763,213,0.0,0.0,0.0,0.0
Kansas,2020-06-01,10052,214,289.0,1.0,9.91997429731227,0.034325170578935194
Kansas,2020-06-02,10071,220,19.0,6.0,0.6521782409997686,0.20595102347361113
Kansas,2020-06-03,10224,224,153.0,4.0,5.251751098577085,0.13730068231574077
Kansas,2020-06-04,10224,224,0.0,0.0,0.0,0.0
Kansas,2020-06-05,10431,231,207.0,7.0,7.105310309839585,0.24027619405254633
Kansas,2020-06-06,10431,231,0.0,0.0,0.0,0.0
Kansas,2020-06-07,10465,231,34.0,0.0,1.1670557996837965,0.0
Kansas,2020-06-08,10680,235,215.0,4.0,7.379911674471066,0.13730068231574077
Kansas,2020-06-09,10680,235,0.0,0.0,0.0,0.0
Kansas,2020-06-10,10846,237,166.0,2.0,5.697978316103242,0.06865034115787039
Kansas,2020-06-11,10846,237,0.0,0.0,0.0,0.0
Kansas,2020-06-12,11081,242,235.0,5.0,8.066415086049771,0.17162585289467594
Kansas,2020-06-13,11081,242,0.0,0.0,0.0,0.0
Kansas,2020-06-14,11081,242,0.0,0.0,0.0,0.0
Kansas,2020-06-15,11448,244,367.0,2.0,12.597337602469215,0.06865034115787039
Kansas,2020-06-16,11448,244,0.0,0.0,0.0,0.0
Kansas,2020-06-17,11717,246,269.0,2.0,9.233470885733567,0.06865034115787039
Kansas,2020-06-18,11717,246,0.0,0.0,0.0,0.0
Kansas,2020-06-19,12103,249,386.0,3.0,13.249515843468984,0.10297551173680557
Kansas,2020-06-20,12161,257,58.0,8.0,1.9908598935782413,0.27460136463148155
Kansas,2020-06-21,12197,258,36.0,1.0,1.235706140841667,0.034325170578935194
Kansas,2020-06-22,12514,258,317.0,0.0,10.881079073522455,0.0
Kansas,2020-06-23,12547,260,33.0,2.0,1.1327306291048613,0.06865034115787039
Kansas,2020-06-24,13029,260,482.0,0.0,16.544732219046764,0.0
Kansas,2020-06-25,13108,262,79.0,2.0,2.71168847573588,0.06865034115787039
Kansas,2020-06-26,13609,267,501.0,5.0,17.19691046004653,0.17162585289467594
Kansas,2020-06-27,13645,270,36.0,3.0,1.235706140841667,0.10297551173680557
Kansas,2020-06-28,13839,271,194.0,1.0,6.659083092313428,0.034325170578935194
Kansas,2020-06-29,14495,273,656.0,2.0,22.517311899781486,0.06865034115787039
Kansas,2020-06-30,14528,275,33.0,2.0,1.1327306291048613,0.06865034115787039
Kansas,2020-07-01,15059,277,531.0,2.0,18.226665577414586,0.06865034115787039
Kansas,2020-07-02,15059,277,0.0,0.0,0.0,0.0
Kansas,2020-07-03,15059,277,0.0,0.0,0.0,0.0
Kansas,2020-07-04,15059,277,0.0,0.0,0.0,0.0
Kansas,2020-07-05,15059,277,0.0,0.0,0.0,0.0
Kansas,2020-07-06,16965,284,1906.0,7.0,65.42377512345047,0.24027619405254633
Kansas,2020-07-07,16972,285,7.0,1.0,0.24027619405254633,0.034325170578935194
Kansas,2020-07-08,17697,286,725.0,1.0,24.885748669728013,0.034325170578935194
Kansas,2020-07-09,17804,291,107.0,5.0,3.6727932519460653,0.17162585289467594
Kansas,2020-07-10,18683,291,879.0,0.0,30.171824938884033,0.0
Kansas,2020-07-11,18773,291,90.0,0.0,3.0892653521041673,0.0
Kansas,2020-07-12,19028,293,255.0,2.0,8.752918497628475,0.06865034115787039
Kansas,2020-07-13,20164,297,1136.0,4.0,38.99339377767038,0.13730068231574077
Kansas,2020-07-14,20182,297,18.0,0.0,0.6178530704208335,0.0
Kansas,2020-07-15,21055,301,873.0,4.0,29.965873915410427,0.13730068231574077
Kansas,2020-07-16,21070,301,15.0,0.0,0.5148775586840278,0.0
Kansas,2020-07-17,21916,304,846.0,3.0,29.039094309779173,0.10297551173680557
Kansas,2020-07-18,22099,304,183.0,0.0,6.28150621594514,0.0
Kansas,2020-07-19,22241,305,142.0,1.0,4.874174222208797,0.034325170578935194
Kansas,2020-07-20,23431,311,1190.0,6.0,40.84695298893288,0.20595102347361113
Kansas,2020-07-21,23557,313,126.0,2.0,4.324971492945834,0.06865034115787039
Kansas,2020-07-22,24234,316,677.0,3.0,23.238140481939126,0.10297551173680557
Kansas,2020-07-23,24234,316,0.0,0.0,0.0,0.0
Kansas,2020-07-24,25272,326,1038.0,10.0,35.62952706093473,0.3432517057893519
Kansas,2020-07-25,25276,326,4.0,0.0,0.13730068231574077,0.0
Kansas,2020-07-26,25513,332,237.0,6.0,8.13506542720764,0.20595102347361113
Kansas,2020-07-27,26321,335,808.0,3.0,27.734737827779636,0.10297551173680557
Kansas,2020-07-28,26347,341,26.0,6.0,0.8924544350523149,0.20595102347361113
Kansas,2020-07-29,27059,346,712.0,5.0,24.43952145220186,0.17162585289467594
Kansas,2020-07-30,27102,353,43.0,7.0,1.4759823348942134,0.24027619405254633
Kansas,2020-07-31,27982,356,880.0,3.0,30.206150109462968,0.10297551173680557
Kansas,2020-08-01,28020,358,38.0,2.0,1.3043564819995372,0.06865034115787039
Kansas,2020-08-02,28202,361,182.0,3.0,6.247181045366204,0.10297551173680557
Kansas,2020-08-03,29044,366,842.0,5.0,28.90179362746343,0.17162585289467594
Kansas,2020-08-04,29086,366,42.0,0.0,1.441657164315278,0.0
Kansas,2020-08-05,29878,368,792.0,2.0,27.18553509851667,0.06865034115787039
Kansas,2020-08-06,29966,375,88.0,7.0,3.0206150109462966,0.24027619405254633
Kansas,2020-08-07,30830,377,864.0,2.0,29.65694738020001,0.06865034115787039
Kansas,2020-08-08,30867,378,37.0,1.0,1.270031311420602,0.034325170578935194
Kansas,2020-08-09,30927,378,60.0,0.0,2.0595102347361114,0.0
Kansas,2020-08-10,31921,379,994.0,1.0,34.119219555461584,0.034325170578935194
Kansas,2020-08-11,32010,390,89.0,11.0,3.0549401815252324,0.3775768763682871
Kansas,2020-08-12,32753,396,743.0,6.0,25.50360174014885,0.20595102347361113
Kansas,2020-08-13,32811,403,58.0,7.0,1.9908598935782413,0.24027619405254633
Kansas,2020-08-14,34056,404,1245.0,1.0,42.734837370774315,0.034325170578935194
Kansas,2020-08-15,34094,407,38.0,3.0,1.3043564819995372,0.10297551173680557
Kansas,2020-08-16,34203,407,109.0,0.0,3.741443593103936,0.0
Kansas,2020-08-17,35360,407,1157.0,0.0,39.714222359828014,0.0
Kansas,2020-08-18,35431,410,71.0,3.0,2.4370871111043986,0.10297551173680557
Kansas,2020-08-19,36165,414,734.0,4.0,25.19467520493843,0.13730068231574077
Kansas,2020-08-20,36255,422,90.0,8.0,3.0892653521041673,0.27460136463148155
Kansas,2020-08-21,37189,426,934.0,4.0,32.05970932072547,0.13730068231574077
Kansas,2020-08-22,37321,430,132.0,4.0,4.530922516419445,0.13730068231574077
Kansas,2020-08-23,37446,431,125.0,1.0,4.290646322366899,0.034325170578935194
Kansas,2020-08-24,38730,432,1284.0,1.0,44.07351902335279,0.034325170578935194
Kansas,2020-08-25,38848,433,118.0,1.0,4.050370128314352,0.034325170578935194
Kansas,2020-08-26,40244,444,1396.0,11.0,47.917938128193526,0.3775768763682871
Kansas,2020-08-27,40507,445,263.0,1.0,9.027519862259956,0.034325170578935194
Kansas,2020-08-28,41537,446,1030.0,1.0,35.35492569630325,0.034325170578935194
Kansas,2020-08-29,41612,448,75.0,2.0,2.5743877934201396,0.06865034115787039
Kansas,2020-08-30,41699,449,87.0,1.0,2.9862898403673617,0.034325170578935194
Kansas,2020-08-31,43035,450,1336.0,1.0,45.85842789345742,0.034325170578935194
Kansas,2020-09-01,43174,453,139.0,3.0,4.7711987104719915,0.10297551173680557
Kansas,2020-09-02,44313,455,1139.0,2.0,39.096369289407185,0.06865034115787039
Kansas,2020-09-03,44364,466,51.0,11.0,1.7505836995256947,0.3775768763682871
Kansas,2020-09-04,45836,473,1472.0,7.0,50.52665109219261,0.24027619405254633
Kansas,2020-09-05,45836,479,0.0,6.0,0.0,0.20595102347361113
Kansas,2020-09-06,45917,483,81.0,4.0,2.7803388168937504,0.13730068231574077
Kansas,2020-09-07,47268,484,1351.0,1.0,46.373305452141445,0.034325170578935194
Kansas,2020-09-08,47569,485,301.0,1.0,10.331876344259493,0.034325170578935194
Kansas,2020-09-09,48042,492,473.0,7.0,16.235805683836347,0.24027619405254633
Kansas,2020-09-10,48085,494,43.0,2.0,1.4759823348942134,0.06865034115787039
Kansas,2020-09-11,48961,512,876.0,18.0,30.068849427147228,0.6178530704208335
Kansas,2020-09-12,49002,521,41.0,9.0,1.4073319937363429,0.30892653521041674
Kansas,2020-09-13,49002,521,0.0,0.0,0.0,0.0
Kansas,2020-09-14,50410,533,1408.0,12.0,48.329840175140745,0.41190204694722227
Kansas,2020-09-15,50410,533,0.0,0.0,0.0,0.0
Kansas,2020-09-16,51365,567,955.0,34.0,32.78053790288311,1.1670557996837965
Kansas,2020-09-17,51365,567,0.0,0.0,0.0,0.0
Kansas,2020-09-18,52684,580,1319.0,13.0,45.27489999361552,0.44622721752615746
Kansas,2020-09-19,52684,580,0.0,0.0,0.0,0.0
Kansas,2020-09-20,52684,580,0.0,0.0,0.0,0.0
Kansas,2020-09-21,54680,592,1996.0,12.0,68.51304047555465,0.41190204694722227
Kansas,2020-09-22,54758,607,78.0,15.0,2.677363305156945,0.5148775586840278
Kansas,2020-09-23,55971,618,1213.0,11.0,41.63643191224839,0.3775768763682871
Kansas,2020-09-24,56137,631,166.0,13.0,5.697978316103242,0.44622721752615746
Kansas,2020-09-25,57523,632,1386.0,1.0,47.57468642240418,0.034325170578935194
Kansas,2020-09-26,57688,632,165.0,0.0,5.663653145524306,0.0
Kansas,2020-09-27,57688,632,0.0,0.0,0.0,0.0
Kansas,2020-09-28,59548,638,1860.0,6.0,63.84481727681946,0.20595102347361113
Kansas,2020-09-29,59615,646,67.0,8.0,2.299786428788658,0.27460136463148155
Kansas,2020-09-30,60662,659,1047.0,13.0,35.938453596145145,0.44622721752615746
Kansas,2020-10-01,60832,662,170.0,3.0,5.835278998418983,0.10297551173680557
Kentucky,2020-02-01,0,0,0.0,0.0,0.0,0.0
Kentucky,2020-02-02,0,0,0.0,0.0,0.0,0.0
Kentucky,2020-02-03,0,0,0.0,0.0,0.0,0.0
Kentucky,2020-02-04,0,0,0.0,0.0,0.0,0.0
Kentucky,2020-02-05,0,0,0.0,0.0,0.0,0.0
Kentucky,2020-02-06,0,0,0.0,0.0,0.0,0.0
Kentucky,2020-02-07,0,0,0.0,0.0,0.0,0.0
Kentucky,2020-02-08,0,0,0.0,0.0,0.0,0.0
Kentucky,2020-02-09,0,0,0.0,0.0,0.0,0.0
Kentucky,2020-02-10,0,0,0.0,0.0,0.0,0.0
Kentucky,2020-02-11,0,0,0.0,0.0,0.0,0.0
Kentucky,2020-02-12,0,0,0.0,0.0,0.0,0.0
Kentucky,2020-02-13,0,0,0.0,0.0,0.0,0.0
Kentucky,2020-02-14,0,0,0.0,0.0,0.0,0.0
Kentucky,2020-02-15,0,0,0.0,0.0,0.0,0.0
Kentucky,2020-02-16,0,0,0.0,0.0,0.0,0.0
Kentucky,2020-02-17,0,0,0.0,0.0,0.0,0.0
Kentucky,2020-02-18,0,0,0.0,0.0,0.0,0.0
Kentucky,2020-02-19,0,0,0.0,0.0,0.0,0.0
Kentucky,2020-02-20,0,0,0.0,0.0,0.0,0.0
Kentucky,2020-02-21,0,0,0.0,0.0,0.0,0.0
Kentucky,2020-02-22,0,0,0.0,0.0,0.0,0.0
Kentucky,2020-02-23,0,0,0.0,0.0,0.0,0.0
Kentucky,2020-02-24,0,0,0.0,0.0,0.0,0.0
Kentucky,2020-02-25,0,0,0.0,0.0,0.0,0.0
Kentucky,2020-02-26,0,0,0.0,0.0,0.0,0.0
Kentucky,2020-02-27,0,0,0.0,0.0,0.0,0.0
Kentucky,2020-02-28,0,0,0.0,0.0,0.0,0.0
Kentucky,2020-02-29,0,0,0.0,0.0,0.0,0.0
Kentucky,2020-03-01,0,0,0.0,0.0,0.0,0.0
Kentucky,2020-03-02,0,0,0.0,0.0,0.0,0.0
Kentucky,2020-03-03,0,0,0.0,0.0,0.0,0.0
Kentucky,2020-03-04,0,0,0.0,0.0,0.0,0.0
Kentucky,2020-03-05,0,0,0.0,0.0,0.0,0.0
Kentucky,2020-03-06,0,0,0.0,0.0,0.0,0.0
Kentucky,2020-03-07,0,0,0.0,0.0,0.0,0.0
Kentucky,2020-03-08,0,0,0.0,0.0,0.0,0.0
Kentucky,2020-03-09,3,0,3.0,0.0,0.0671490505236171,0.0
Kentucky,2020-03-10,4,0,1.0,0.0,0.0223830168412057,0.0
Kentucky,2020-03-11,6,0,2.0,0.0,0.0447660336824114,0.0
Kentucky,2020-03-12,10,0,4.0,0.0,0.0895320673648228,0.0
Kentucky,2020-03-13,13,0,3.0,0.0,0.0671490505236171,0.0
Kentucky,2020-03-14,15,0,2.0,0.0,0.0447660336824114,0.0
Kentucky,2020-03-15,21,1,6.0,1.0,0.1342981010472342,0.0223830168412057
Kentucky,2020-03-16,22,1,1.0,0.0,0.0223830168412057,0.0
Kentucky,2020-03-17,23,1,1.0,0.0,0.0223830168412057,0.0
Kentucky,2020-03-18,32,1,9.0,0.0,0.2014471515708513,0.0
Kentucky,2020-03-19,44,2,12.0,1.0,0.2685962020944684,0.0223830168412057
Kentucky,2020-03-20,48,2,4.0,0.0,0.0895320673648228,0.0
Kentucky,2020-03-21,48,3,0.0,1.0,0.0,0.0223830168412057
Kentucky,2020-03-22,53,3,5.0,0.0,0.1119150842060285,0.0
Kentucky,2020-03-23,102,4,49.0,1.0,1.0967678252190793,0.0223830168412057
Kentucky,2020-03-24,148,4,46.0,0.0,1.0296187746954624,0.0
Kentucky,2020-03-25,157,5,9.0,1.0,0.2014471515708513,0.0223830168412057
Kentucky,2020-03-26,213,5,56.0,0.0,1.2534489431075193,0.0
Kentucky,2020-03-27,274,9,61.0,4.0,1.3653640273135477,0.0895320673648228
Kentucky,2020-03-28,342,10,68.0,1.0,1.5220451452019876,0.0223830168412057
Kentucky,2020-03-29,371,10,29.0,0.0,0.6491074883949653,0.0
Kentucky,2020-03-30,406,10,35.0,0.0,0.7834055894421995,0.0
Kentucky,2020-03-31,512,17,106.0,7.0,2.3725997851678042,0.1566811178884399
Kentucky,2020-04-01,593,20,81.0,3.0,1.813024364137662,0.0671490505236171
Kentucky,2020-04-02,657,31,64.0,11.0,1.4325130778371649,0.24621318525326272
Kentucky,2020-04-03,731,35,74.0,4.0,1.656343246249222,0.0895320673648228
Kentucky,2020-04-04,814,38,83.0,3.0,1.8577903978200732,0.0671490505236171
Kentucky,2020-04-05,970,43,156.0,5.0,3.491750627228089,0.1119150842060285
Kentucky,2020-04-06,1081,54,111.0,11.0,2.484514869373833,0.24621318525326272
Kentucky,2020-04-07,1121,61,40.0,7.0,0.895320673648228,0.1566811178884399
Kentucky,2020-04-08,1335,65,214.0,4.0,4.78996560401802,0.0895320673648228
Kentucky,2020-04-09,1506,74,171.0,9.0,3.827495879846175,0.2014471515708513
Kentucky,2020-04-10,1659,86,153.0,12.0,3.424601576704472,0.2685962020944684
Kentucky,2020-04-11,1791,88,132.0,2.0,2.9545582230391525,0.0447660336824114
Kentucky,2020-04-12,1918,88,127.0,0.0,2.842643138833124,0.0
Kentucky,2020-04-13,1989,104,71.0,16.0,1.5891941957256048,0.3581282694592912
Kentucky,2020-04-14,2114,115,125.0,11.0,2.7978771051507128,0.24621318525326272
Kentucky,2020-04-15,2191,121,77.0,6.0,1.723492296772839,0.1342981010472342
Kentucky,2020-04-16,2328,128,137.0,7.0,3.066473307245181,0.1566811178884399
Kentucky,2020-04-17,2421,136,93.0,8.0,2.08162056623213,0.1790641347296456
Kentucky,2020-04-18,2609,144,188.0,8.0,4.208007166146672,0.1790641347296456
Kentucky,2020-04-19,2867,148,258.0,4.0,5.774818345031071,0.0895320673648228
Kentucky,2020-04-20,2953,154,86.0,6.0,1.9249394483436906,0.1342981010472342
Kentucky,2020-04-21,3104,171,151.0,17.0,3.3798355430220615,0.3805112863004969
Kentucky,2020-04-22,3283,185,179.0,14.0,4.006560014575821,0.3133622357768798
Kentucky,2020-04-23,3396,191,113.0,6.0,2.5292809030562444,0.1342981010472342
Kentucky,2020-04-24,3693,200,297.0,9.0,6.6477560018380935,0.2014471515708513
Kentucky,2020-04-25,3824,205,131.0,5.0,2.932175206197947,0.1119150842060285
Kentucky,2020-04-26,3997,208,173.0,3.0,3.8722619135285865,0.0671490505236171
Kentucky,2020-04-27,4079,213,82.0,5.0,1.8354073809788676,0.1119150842060285
Kentucky,2020-04-28,4311,225,232.0,12.0,5.192859907159723,0.2685962020944684
Kentucky,2020-04-29,4468,235,157.0,10.0,3.5141336440692954,0.223830168412057
Kentucky,2020-04-30,4637,240,169.0,5.0,3.7827298461637637,0.1119150842060285
Kentucky,2020-05-01,4808,248,171.0,8.0,3.827495879846175,0.1790641347296456
Kentucky,2020-05-02,4808,248,0.0,0.0,0.0,0.0
Kentucky,2020-05-03,5050,253,242.0,5.0,5.41669007557178,0.1119150842060285
Kentucky,2020-05-04,5178,261,128.0,8.0,2.8650261556743297,0.1790641347296456
Kentucky,2020-05-05,5751,275,573.0,14.0,12.825468650010867,0.3133622357768798
Kentucky,2020-05-06,5886,283,135.0,8.0,3.02170727356277,0.1790641347296456
Kentucky,2020-05-07,6082,294,196.0,11.0,4.387071300876317,0.24621318525326272
Kentucky,2020-05-08,6247,298,165.0,4.0,3.6931977787989405,0.0895320673648228
Kentucky,2020-05-09,6401,304,154.0,6.0,3.446984593545678,0.1342981010472342
Kentucky,2020-05-10,6401,304,0.0,0.0,0.0,0.0
Kentucky,2020-05-11,6641,311,240.0,7.0,5.371924041889368,0.1566811178884399
Kentucky,2020-05-12,6818,321,177.0,10.0,3.961793980893409,0.223830168412057
Kentucky,2020-05-13,7033,326,215.0,5.0,4.812348620859226,0.1119150842060285
Kentucky,2020-05-14,7181,328,148.0,2.0,3.312686492498444,0.0447660336824114
Kentucky,2020-05-15,7402,332,221.0,4.0,4.94664672190646,0.0895320673648228
Kentucky,2020-05-16,7641,334,239.0,2.0,5.349541025048163,0.0447660336824114
Kentucky,2020-05-17,7641,334,0.0,0.0,0.0,0.0
Kentucky,2020-05-18,7883,346,242.0,12.0,5.41669007557178,0.2685962020944684
Kentucky,2020-05-19,8014,366,131.0,20.0,2.932175206197947,0.447660336824114
Kentucky,2020-05-20,8130,376,116.0,10.0,2.5964299535798614,0.223830168412057
Kentucky,2020-05-21,8256,386,126.0,10.0,2.8202601219919186,0.223830168412057
Kentucky,2020-05-22,8393,391,137.0,5.0,3.066473307245181,0.1119150842060285
Kentucky,2020-05-23,8538,391,145.0,0.0,3.2455374419748266,0.0
Kentucky,2020-05-24,8538,391,0.0,0.0,0.0,0.0
Kentucky,2020-05-25,8538,391,0.0,0.0,0.0,0.0
Kentucky,2020-05-26,8919,394,381.0,3.0,8.527929416499372,0.0671490505236171
Kentucky,2020-05-27,9044,400,125.0,6.0,2.7978771051507128,0.1342981010472342
Kentucky,2020-05-28,9149,409,105.0,9.0,2.350216768326599,0.2014471515708513
Kentucky,2020-05-29,9431,418,282.0,9.0,6.312010749220009,0.2014471515708513
Kentucky,2020-05-30,9687,431,256.0,13.0,5.730052311348659,0.29097921893567413
Kentucky,2020-05-31,9687,431,0.0,0.0,0.0,0.0
Kentucky,2020-06-01,10017,439,330.0,8.0,7.386395557597881,0.1790641347296456
Kentucky,2020-06-02,10162,442,145.0,3.0,3.2455374419748266,0.0671490505236171
Kentucky,2020-06-03,10397,450,235.0,8.0,5.26000895768334,0.1790641347296456
Kentucky,2020-06-04,10692,457,295.0,7.0,6.602989968155682,0.1566811178884399
Kentucky,2020-06-05,10963,465,271.0,8.0,6.065797563966745,0.1790641347296456
Kentucky,2020-06-06,11269,469,306.0,4.0,6.849203153408944,0.0895320673648228
Kentucky,2020-06-07,11269,469,0.0,0.0,0.0,0.0
Kentucky,2020-06-08,11456,471,187.0,2.0,4.185624149305466,0.0447660336824114
Kentucky,2020-06-09,11689,477,233.0,6.0,5.215242924000928,0.1342981010472342
Kentucky,2020-06-10,11866,483,177.0,6.0,3.961793980893409,0.1342981010472342
Kentucky,2020-06-11,11927,493,61.0,10.0,1.3653640273135477,0.223830168412057
Kentucky,2020-06-12,12153,497,226.0,4.0,5.058561806112489,0.0895320673648228
Kentucky,2020-06-13,12427,498,274.0,1.0,6.132946614490362,0.0223830168412057
Kentucky,2020-06-14,12427,498,0.0,0.0,0.0,0.0
Kentucky,2020-06-15,12628,503,201.0,5.0,4.498986385082346,0.1119150842060285
Kentucky,2020-06-16,12807,509,179.0,6.0,4.006560014575821,0.1342981010472342
Kentucky,2020-06-17,12972,516,165.0,7.0,3.6931977787989405,0.1566811178884399
Kentucky,2020-06-18,13174,518,202.0,2.0,4.521369401923551,0.0447660336824114
Kentucky,2020-06-19,13427,521,253.0,3.0,5.6629032608250425,0.0671490505236171
Kentucky,2020-06-20,13604,523,177.0,2.0,3.961793980893409,0.0447660336824114
Kentucky,2020-06-21,13722,525,118.0,2.0,2.641195987262273,0.0447660336824114
Kentucky,2020-06-22,13810,525,88.0,0.0,1.9697054820261017,0.0
Kentucky,2020-06-23,14125,536,315.0,11.0,7.050650304979796,0.24621318525326272
Kentucky,2020-06-24,14347,537,222.0,1.0,4.969029738747666,0.0223830168412057
Kentucky,2020-06-25,14602,545,255.0,8.0,5.707669294507454,0.1790641347296456
Kentucky,2020-06-26,14856,552,254.0,7.0,5.685286277666248,0.1566811178884399
Kentucky,2020-06-27,15163,553,307.0,1.0,6.871586170250151,0.0223830168412057
Kentucky,2020-06-28,15228,557,65.0,4.0,1.4548960946783707,0.0895320673648228
Kentucky,2020-06-29,15342,559,114.0,2.0,2.55166391989745,0.0447660336824114
Kentucky,2020-06-30,15620,564,278.0,5.0,6.2224786818551845,0.1119150842060285
Kentucky,2020-07-01,15837,571,217.0,7.0,4.857114654541637,0.1566811178884399
Kentucky,2020-07-02,16075,579,238.0,8.0,5.327158008206957,0.1790641347296456
Kentucky,2020-07-03,16372,583,297.0,4.0,6.6477560018380935,0.0895320673648228
Kentucky,2020-07-04,16372,583,0.0,0.0,0.0,0.0
Kentucky,2020-07-05,16372,583,0.0,0.0,0.0,0.0
Kentucky,2020-07-06,17151,591,779.0,8.0,17.43637011929924,0.1790641347296456
Kentucky,2020-07-07,17519,600,368.0,9.0,8.236950197563699,0.2014471515708513
Kentucky,2020-07-08,17918,606,399.0,6.0,8.930823719641076,0.1342981010472342
Kentucky,2020-07-09,18241,610,323.0,4.0,7.229714439709443,0.0895320673648228
Kentucky,2020-07-10,18666,618,425.0,8.0,9.512782157512422,0.1790641347296456
Kentucky,2020-07-11,19116,620,450.0,2.0,10.072357578542567,0.0447660336824114
Kentucky,2020-07-12,19379,623,263.0,3.0,5.8867334292371,0.0671490505236171
Kentucky,2020-07-13,19642,627,263.0,4.0,5.8867334292371,0.0895320673648228
Kentucky,2020-07-14,20212,633,570.0,6.0,12.75831959948725,0.1342981010472342
Kentucky,2020-07-15,20666,643,454.0,10.0,10.161889645907388,0.223830168412057
Kentucky,2020-07-16,21084,648,418.0,5.0,9.356101039623983,0.1119150842060285
Kentucky,2020-07-17,21605,656,521.0,8.0,11.66155177426817,0.1790641347296456
Kentucky,2020-07-18,22179,665,574.0,9.0,12.847851666852073,0.2014471515708513
Kentucky,2020-07-19,23153,668,974.0,3.0,21.801058403334352,0.0671490505236171
Kentucky,2020-07-20,23410,669,257.0,1.0,5.752435328189866,0.0223830168412057
Kentucky,2020-07-21,24054,671,644.0,2.0,14.414662845736471,0.0447660336824114
Kentucky,2020-07-22,24541,674,487.0,3.0,10.900529201667176,0.0671490505236171
Kentucky,2020-07-23,25143,681,602.0,7.0,13.474576138405832,0.1566811178884399
Kentucky,2020-07-24,25926,688,783.0,7.0,17.525902186664066,0.1566811178884399
Kentucky,2020-07-25,26761,693,835.0,5.0,18.68981906240676,0.1119150842060285
Kentucky,2020-07-26,27079,697,318.0,4.0,7.117799355503413,0.0895320673648228
Kentucky,2020-07-27,27581,706,502.0,9.0,11.236274454285262,0.2014471515708513
Kentucky,2020-07-28,28105,706,524.0,0.0,11.728700824791789,0.0
Kentucky,2020-07-29,28723,721,618.0,15.0,13.832704407865123,0.3357452526180855
Kentucky,2020-07-30,29381,728,658.0,7.0,14.728025081513351,0.1566811178884399
Kentucky,2020-07-31,30150,732,769.0,4.0,17.212539950887184,0.0895320673648228
Kentucky,2020-08-01,30722,737,572.0,5.0,12.803085633169662,0.1119150842060285
Kentucky,2020-08-02,31182,739,460.0,2.0,10.296187746954622,0.0447660336824114
Kentucky,2020-08-03,31501,741,319.0,2.0,7.1401823723446185,0.0447660336824114
Kentucky,2020-08-04,32190,747,689.0,6.0,15.42189860359073,0.1342981010472342
Kentucky,2020-08-05,32725,748,535.0,1.0,11.974914010045051,0.0223830168412057
Kentucky,2020-08-06,33229,756,504.0,8.0,11.281040487967674,0.1790641347296456
Kentucky,2020-08-07,33774,763,545.0,7.0,12.198744178457106,0.1566811178884399
Kentucky,2020-08-08,34547,771,773.0,8.0,17.30207201825201,0.1790641347296456
Kentucky,2020-08-09,34976,772,429.0,1.0,9.602314224877247,0.0223830168412057
Kentucky,2020-08-10,35249,774,273.0,2.0,6.110563597649157,0.0447660336824114
Kentucky,2020-08-11,35788,782,539.0,8.0,12.064446077409873,0.1790641347296456
Kentucky,2020-08-12,36941,789,1153.0,7.0,25.807618417910174,0.1566811178884399
Kentucky,2020-08-13,37679,795,738.0,6.0,16.51866642880981,0.1342981010472342
Kentucky,2020-08-14,38293,804,614.0,9.0,13.743172340500301,0.2014471515708513
Kentucky,2020-08-15,38929,809,636.0,5.0,14.235598711006826,0.1119150842060285
Kentucky,2020-08-16,39314,812,385.0,3.0,8.617461483864195,0.0671490505236171
Kentucky,2020-08-17,39684,816,370.0,4.0,8.28171623124611,0.0895320673648228
Kentucky,2020-08-18,40292,829,608.0,13.0,13.608874239453067,0.29097921893567413
Kentucky,2020-08-19,40920,841,628.0,12.0,14.056534576277182,0.2685962020944684
Kentucky,2020-08-20,41610,855,690.0,14.0,15.444281620431935,0.3133622357768798
Kentucky,2020-08-21,42253,863,643.0,8.0,14.392279828895266,0.1790641347296456
Kentucky,2020-08-22,43063,871,810.0,8.0,18.130243641376616,0.1790641347296456
Kentucky,2020-08-23,43063,871,0.0,0.0,0.0,0.0
Kentucky,2020-08-24,43889,885,826.0,14.0,18.48837191083591,0.3133622357768798
Kentucky,2020-08-25,44561,894,672.0,9.0,15.041387317290232,0.2014471515708513
Kentucky,2020-08-26,45226,901,665.0,7.0,14.88470619940179,0.1566811178884399
Kentucky,2020-08-27,45973,909,747.0,8.0,16.72011358038066,0.1790641347296456
Kentucky,2020-08-28,46751,917,778.0,8.0,17.413987102458037,0.1790641347296456
Kentucky,2020-08-29,47568,920,817.0,3.0,18.28692475926506,0.0671490505236171
Kentucky,2020-08-30,47568,920,0.0,0.0,0.0,0.0
Kentucky,2020-08-31,48391,933,823.0,13.0,18.42122286031229,0.29097921893567413
Kentucky,2020-09-01,49177,946,786.0,13.0,17.59305123718768,0.29097921893567413
Kentucky,2020-09-02,49975,966,798.0,20.0,17.86164743928215,0.447660336824114
Kentucky,2020-09-03,50872,976,897.0,10.0,20.077566106561513,0.223830168412057
Kentucky,2020-09-04,51675,987,803.0,11.0,17.97356252348818,0.24621318525326272
Kentucky,2020-09-05,52456,993,781.0,6.0,17.48113615298165,0.1342981010472342
Kentucky,2020-09-06,52766,996,310.0,3.0,6.938735220773767,0.0671490505236171
Kentucky,2020-09-07,53051,996,285.0,0.0,6.379159799743625,0.0
Kentucky,2020-09-08,53314,997,263.0,1.0,5.8867334292371,0.0223830168412057
Kentucky,2020-09-09,53971,1013,657.0,16.0,14.705642064672146,0.3581282694592912
Kentucky,2020-09-10,54767,1034,796.0,21.0,17.81688140559974,0.47004335366531974
Kentucky,2020-09-11,55693,1043,926.0,9.0,20.72667359495648,0.2014471515708513
Kentucky,2020-09-12,56405,1056,712.0,13.0,15.93670799093846,0.29097921893567413
Kentucky,2020-09-13,56932,1059,527.0,3.0,11.795849875315405,0.0671490505236171
Kentucky,2020-09-14,57269,1064,337.0,5.0,7.543076675486321,0.1119150842060285
Kentucky,2020-09-15,57984,1073,715.0,9.0,16.003857041462076,0.2014471515708513
Kentucky,2020-09-16,58734,1081,750.0,8.0,16.787262630904277,0.1790641347296456
Kentucky,2020-09-17,59341,1091,607.0,10.0,13.586491222611862,0.223830168412057
Kentucky,2020-09-18,60103,1099,762.0,8.0,17.055858832998744,0.1790641347296456
Kentucky,2020-09-19,61084,1106,981.0,7.0,21.95773952122279,0.1566811178884399
Kentucky,2020-09-20,61515,1109,431.0,3.0,9.647080258559658,0.0671490505236171
Kentucky,2020-09-21,61912,1110,397.0,1.0,8.886057685958663,0.0223830168412057
Kentucky,2020-09-22,62725,1117,813.0,7.0,18.197392691900234,0.1566811178884399
Kentucky,2020-09-23,63507,1122,782.0,5.0,17.50351916982286,0.1119150842060285
Kentucky,2020-09-24,64157,1135,650.0,13.0,14.548960946783707,0.29097921893567413
Kentucky,2020-09-25,65065,1146,908.0,11.0,20.323779291814777,0.24621318525326272
Kentucky,2020-09-26,66033,1152,968.0,6.0,21.66676030228712,0.1342981010472342
Kentucky,2020-09-27,66483,1155,450.0,3.0,10.072357578542567,0.0671490505236171
Kentucky,2020-09-28,66932,1160,449.0,5.0,10.04997456170136,0.1119150842060285
Kentucky,2020-09-29,67852,1168,920.0,8.0,20.592375493909245,0.1790641347296456
Kentucky,2020-09-30,68838,1172,986.0,4.0,22.069654605428823,0.0895320673648228
Kentucky,2020-10-01,69725,1189,887.0,17.0,19.85373593814946,0.3805112863004969
Louisiana,2020-02-01,0,0,0.0,0.0,0.0,0.0
Louisiana,2020-02-02,0,0,0.0,0.0,0.0,0.0
Louisiana,2020-02-03,0,0,0.0,0.0,0.0,0.0
Louisiana,2020-02-04,0,0,0.0,0.0,0.0,0.0
Louisiana,2020-02-05,0,0,0.0,0.0,0.0,0.0
Louisiana,2020-02-06,0,0,0.0,0.0,0.0,0.0
Louisiana,2020-02-07,0,0,0.0,0.0,0.0,0.0
Louisiana,2020-02-08,0,0,0.0,0.0,0.0,0.0
Louisiana,2020-02-09,0,0,0.0,0.0,0.0,0.0
Louisiana,2020-02-10,0,0,0.0,0.0,0.0,0.0
Louisiana,2020-02-11,0,0,0.0,0.0,0.0,0.0
Louisiana,2020-02-12,0,0,0.0,0.0,0.0,0.0
Louisiana,2020-02-13,0,0,0.0,0.0,0.0,0.0
Louisiana,2020-02-14,0,0,0.0,0.0,0.0,0.0
Louisiana,2020-02-15,0,0,0.0,0.0,0.0,0.0
Louisiana,2020-02-16,0,0,0.0,0.0,0.0,0.0
Louisiana,2020-02-17,0,0,0.0,0.0,0.0,0.0
Louisiana,2020-02-18,0,0,0.0,0.0,0.0,0.0
Louisiana,2020-02-19,0,0,0.0,0.0,0.0,0.0
Louisiana,2020-02-20,0,0,0.0,0.0,0.0,0.0
Louisiana,2020-02-21,0,0,0.0,0.0,0.0,0.0
Louisiana,2020-02-22,0,0,0.0,0.0,0.0,0.0
Louisiana,2020-02-23,0,0,0.0,0.0,0.0,0.0
Louisiana,2020-02-24,0,0,0.0,0.0,0.0,0.0
Louisiana,2020-02-25,0,0,0.0,0.0,0.0,0.0
Louisiana,2020-02-26,0,0,0.0,0.0,0.0,0.0
Louisiana,2020-02-27,0,0,0.0,0.0,0.0,0.0
Louisiana,2020-02-28,0,0,0.0,0.0,0.0,0.0
Louisiana,2020-02-29,0,0,0.0,0.0,0.0,0.0
Louisiana,2020-03-01,0,0,0.0,0.0,0.0,0.0
Louisiana,2020-03-02,0,0,0.0,0.0,0.0,0.0
Louisiana,2020-03-03,0,0,0.0,0.0,0.0,0.0
Louisiana,2020-03-04,0,0,0.0,0.0,0.0,0.0
Louisiana,2020-03-05,0,0,0.0,0.0,0.0,0.0
Louisiana,2020-03-06,0,0,0.0,0.0,0.0,0.0
Louisiana,2020-03-07,0,0,0.0,0.0,0.0,0.0
Louisiana,2020-03-08,0,0,0.0,0.0,0.0,0.0
Louisiana,2020-03-09,1,0,1.0,0.0,0.021510955314432086,0.0
Louisiana,2020-03-10,5,0,4.0,0.0,0.08604382125772835,0.0
Louisiana,2020-03-11,12,0,7.0,0.0,0.1505766872010246,0.0
Louisiana,2020-03-12,18,0,6.0,0.0,0.12906573188659254,0.0
Louisiana,2020-03-13,34,0,16.0,0.0,0.3441752850309134,0.0
Louisiana,2020-03-14,85,1,51.0,1.0,1.0970587210360363,0.021510955314432086
Louisiana,2020-03-15,103,2,18.0,1.0,0.38719719565977756,0.021510955314432086
Louisiana,2020-03-16,136,3,33.0,1.0,0.7098615253762589,0.021510955314432086
Louisiana,2020-03-17,194,4,58.0,1.0,1.247635408237061,0.021510955314432086
Louisiana,2020-03-18,278,7,84.0,3.0,1.8069202464122953,0.06453286594329627
Louisiana,2020-03-19,387,10,109.0,3.0,2.3446941292730976,0.06453286594329627
Louisiana,2020-03-20,528,14,141.0,4.0,3.033044699334924,0.08604382125772835
Louisiana,2020-03-21,753,20,225.0,6.0,4.83996494574722,0.12906573188659254
Louisiana,2020-03-22,826,20,73.0,0.0,1.5702997379535424,0.0
Louisiana,2020-03-23,1152,34,326.0,14.0,7.01257143250486,0.3011533744020492
Louisiana,2020-03-24,1372,44,220.0,10.0,4.732410169175059,0.21510955314432087
Louisiana,2020-03-25,1784,64,412.0,20.0,8.862513589546019,0.43021910628864174
Louisiana,2020-03-26,2290,82,506.0,18.0,10.884543389102635,0.38719719565977756
Louisiana,2020-03-27,2727,118,437.0,36.0,9.400287472406822,0.7743943913195551
Louisiana,2020-03-28,3304,136,577.0,18.0,12.411821216427315,0.38719719565977756
Louisiana,2020-03-29,3529,153,225.0,17.0,4.83996494574722,0.36568624034534547
Louisiana,2020-03-30,4009,185,480.0,32.0,10.325258550927401,0.6883505700618268
Louisiana,2020-03-31,5213,234,1204.0,49.0,25.899190198576232,1.0540368104071722
Louisiana,2020-04-01,6393,268,1180.0,34.0,25.382927271029864,0.7313724806906909
Louisiana,2020-04-02,9063,308,2670.0,40.0,57.43425068953367,0.8604382125772835
Louisiana,2020-04-03,10138,366,1075.0,58.0,23.12427696301449,1.247635408237061
Louisiana,2020-04-04,12462,408,2324.0,42.0,49.99146015074017,0.9034601232061477
Louisiana,2020-04-05,12979,472,517.0,64.0,11.12116389756139,1.3767011401236535
Louisiana,2020-04-06,14818,509,1839.0,37.0,39.55864682324061,0.7959053466339873
Louisiana,2020-04-07,16235,576,1417.0,67.0,30.48102368055027,1.44123400606695
Louisiana,2020-04-08,16981,648,746.0,72.0,16.047172664566336,1.5487887826391102
Louisiana,2020-04-09,18229,698,1248.0,50.0,26.845672232411246,1.0755477657216044
Louisiana,2020-04-10,19195,751,966.0,53.0,20.779582833741397,1.1400806316649006
Louisiana,2020-04-11,19957,800,762.0,49.0,16.39134794959725,1.0540368104071722
Louisiana,2020-04-12,20538,834,581.0,34.0,12.497865037685042,0.7313724806906909
Louisiana,2020-04-13,20956,834,418.0,0.0,8.991579321432612,0.0
Louisiana,2020-04-14,21456,1011,500.0,177.0,10.755477657216044,3.8074390906544795
Louisiana,2020-04-15,21886,1099,430.0,88.0,9.249710785205798,1.8929640676700237
Louisiana,2020-04-16,22455,1155,569.0,56.0,12.239733573911858,1.2046134976081968
Louisiana,2020-04-17,23057,1213,602.0,58.0,12.949595099288116,1.247635408237061
Louisiana,2020-04-18,23522,1267,465.0,54.0,10.00259422121092,1.1615915869793327
Louisiana,2020-04-19,23869,1295,347.0,28.0,7.464301494107934,0.6023067488040984
Louisiana,2020-04-20,24461,1326,592.0,31.0,12.734485546143796,0.6668396147473947
Louisiana,2020-04-21,24792,1401,331.0,75.0,7.120126209077021,1.6133216485824065
Louisiana,2020-04-22,25193,1471,401.0,70.0,8.625893081087268,1.505766872010246
Louisiana,2020-04-23,25673,1539,480.0,68.0,10.325258550927401,1.4627449613813819
Louisiana,2020-04-24,26075,1600,402.0,61.0,8.6474040364017,1.3121682741803573
Louisiana,2020-04-25,26448,1643,373.0,43.0,8.023586332283168,0.9249710785205798
Louisiana,2020-04-26,26709,1669,261.0,26.0,5.614359337066775,0.5592848381752342
Louisiana,2020-04-27,27004,1695,295.0,26.0,6.345731817757466,0.5592848381752342
Louisiana,2020-04-28,27225,1754,221.0,59.0,4.753921124489492,1.2691463635514932
Louisiana,2020-04-29,27598,1798,373.0,44.0,8.023586332283168,0.9464820338350118
Louisiana,2020-04-30,27937,1858,339.0,60.0,7.292213851592479,1.2906573188659252
Louisiana,2020-05-01,28641,1922,704.0,64.0,15.14371254136019,1.3767011401236535
Louisiana,2020-05-02,29075,1945,434.0,23.0,9.335754606463526,0.49475197223193806
Louisiana,2020-05-03,29275,1964,200.0,19.0,4.3021910628864175,0.40870815097420965
Louisiana,2020-05-04,29608,1985,333.0,21.0,7.163148119705885,0.45173006160307383
Louisiana,2020-05-05,29932,2035,324.0,50.0,6.969549521875996,1.0755477657216044
Louisiana,2020-05-06,30334,2085,402.0,50.0,8.6474040364017,1.0755477657216044
Louisiana,2020-05-07,30587,2127,253.0,42.0,5.442271694551318,0.9034601232061477
Louisiana,2020-05-08,30790,2145,203.0,18.0,4.366723928829714,0.38719719565977756
Louisiana,2020-05-09,31342,2185,552.0,40.0,11.874047333566512,0.8604382125772835
Louisiana,2020-05-10,31526,2202,184.0,17.0,3.9580157778555045,0.36568624034534547
Louisiana,2020-05-11,31741,2230,215.0,28.0,4.624855392602899,0.6023067488040984
Louisiana,2020-05-12,31971,2269,230.0,39.0,4.94751972231938,0.8389272572628514
Louisiana,2020-05-13,32556,2313,585.0,44.0,12.583908858942772,0.9464820338350118
Louisiana,2020-05-14,33355,2347,799.0,34.0,17.187253296231237,0.7313724806906909
Louisiana,2020-05-15,33674,2381,319.0,34.0,6.861994745303837,0.7313724806906909
Louisiana,2020-05-16,34045,2411,371.0,30.0,7.980564421654304,0.6453286594329626
Louisiana,2020-05-17,34360,2423,315.0,12.0,6.775950924046108,0.2581314637731851
Louisiana,2020-05-18,34637,2438,277.0,15.0,5.958534622097688,0.3226643297164813
Louisiana,2020-05-19,34966,2457,329.0,19.0,7.077104298448156,0.40870815097420965
Louisiana,2020-05-20,35244,2485,278.0,28.0,5.98004557741212,0.6023067488040984
Louisiana,2020-05-21,36412,2505,1168.0,20.0,25.124795807256678,0.43021910628864174
Louisiana,2020-05-22,36730,2533,318.0,28.0,6.8404837899894035,0.6023067488040984
Louisiana,2020-05-23,36901,2560,171.0,27.0,3.6783733587678866,0.5807957934896664
Louisiana,2020-05-24,36994,2567,93.0,7.0,2.000518844242184,0.1505766872010246
Louisiana,2020-05-25,37633,2585,639.0,18.0,13.745500445922103,0.38719719565977756
Louisiana,2020-05-26,37967,2596,334.0,11.0,7.184659075020317,0.23662050845875296
Louisiana,2020-05-27,38402,2615,435.0,19.0,9.357265561777957,0.40870815097420965
Louisiana,2020-05-28,38706,2634,304.0,19.0,6.539330415587354,0.40870815097420965
Louisiana,2020-05-29,39480,2678,774.0,44.0,16.649479413370436,0.9464820338350118
Louisiana,2020-05-30,39480,2678,0.0,0.0,0.0,0.0
Louisiana,2020-05-31,39815,2683,335.0,5.0,7.20617003033475,0.10755477657216043
Louisiana,2020-06-01,40237,2688,422.0,5.0,9.07762314269034,0.10755477657216043
Louisiana,2020-06-02,40642,2721,405.0,33.0,8.711936902344997,0.7098615253762589
Louisiana,2020-06-03,41023,2757,381.0,36.0,8.195673974798625,0.7743943913195551
Louisiana,2020-06-04,41440,2770,417.0,13.0,8.97006836611818,0.2796424190876171
Louisiana,2020-06-05,41897,2799,457.0,29.0,9.830506578695463,0.6238177041185305
Louisiana,2020-06-06,42360,2812,463.0,13.0,9.959572310582057,0.2796424190876171
Louisiana,2020-06-07,42687,2823,327.0,11.0,7.034082387819293,0.23662050845875296
Louisiana,2020-06-08,42918,2829,231.0,6.0,4.969030677633811,0.12906573188659254
Louisiana,2020-06-09,43404,2842,486.0,13.0,10.454324282813994,0.2796424190876171
Louisiana,2020-06-10,43799,2854,395.0,12.0,8.496827349200673,0.2581314637731851
Louisiana,2020-06-11,44232,2872,433.0,18.0,9.314243651149093,0.38719719565977756
Louisiana,2020-06-12,44726,2882,494.0,10.0,10.626411925329451,0.21510955314432087
Louisiana,2020-06-13,45921,2890,1195.0,8.0,25.70559160074634,0.1720876425154567
Louisiana,2020-06-14,46213,2899,292.0,9.0,6.2811989518141695,0.19359859782988878
Louisiana,2020-06-15,46626,2904,413.0,5.0,8.884024544860452,0.10755477657216043
Louisiana,2020-06-16,47013,2927,387.0,23.0,8.324739706685218,0.49475197223193806
Louisiana,2020-06-17,47590,2947,577.0,20.0,12.411821216427315,0.43021910628864174
Louisiana,2020-06-18,47590,2947,0.0,0.0,0.0,0.0
Louisiana,2020-06-19,48507,2969,917.0,22.0,19.725546023334225,0.4732410169175059
Louisiana,2020-06-20,49376,2989,869.0,20.0,18.693020168241482,0.43021910628864174
Louisiana,2020-06-21,49765,2990,389.0,1.0,8.367761617314082,0.021510955314432086
Louisiana,2020-06-22,50225,3002,460.0,12.0,9.89503944463876,0.2581314637731851
Louisiana,2020-06-23,51587,3020,1362.0,18.0,29.297921138256502,0.38719719565977756
Louisiana,2020-06-24,52469,3038,882.0,18.0,18.9726625873291,0.38719719565977756
Louisiana,2020-06-25,53405,3050,936.0,12.0,20.134254174308435,0.2581314637731851
Louisiana,2020-06-26,54758,3076,1353.0,26.0,29.104322540426615,0.5592848381752342
Louisiana,2020-06-27,54758,3076,0.0,0.0,0.0,0.0
Louisiana,2020-06-28,56223,3085,1465.0,9.0,31.513549535643005,0.19359859782988878
Louisiana,2020-06-29,57045,3089,822.0,4.0,17.682005268463175,0.08604382125772835
Louisiana,2020-06-30,58093,3112,1048.0,23.0,22.543481169524828,0.49475197223193806
Louisiana,2020-07-01,60175,3130,2082.0,18.0,44.78580896464761,0.38719719565977756
Louisiana,2020-07-02,61556,3147,1381.0,17.0,29.706629289230712,0.36568624034534547
Louisiana,2020-07-03,63283,3169,1727.0,22.0,37.149419828024214,0.4732410169175059
Louisiana,2020-07-04,63283,3169,0.0,0.0,0.0,0.0
Louisiana,2020-07-05,65215,3180,1932.0,11.0,41.559165667482795,0.23662050845875296
Louisiana,2020-07-06,66317,3188,1102.0,8.0,23.70507275650416,0.1720876425154567
Louisiana,2020-07-07,68230,3211,1913.0,23.0,41.15045751650858,0.49475197223193806
Louisiana,2020-07-08,70151,3231,1921.0,20.0,41.32254515902404,0.43021910628864174
Louisiana,2020-07-09,71994,3247,1843.0,16.0,39.64469064449834,0.3441752850309134
Louisiana,2020-07-10,74634,3270,2640.0,23.0,56.78892203010071,0.49475197223193806
Louisiana,2020-07-11,76797,3294,2163.0,24.0,46.528196345116605,0.5162629275463702
Louisiana,2020-07-12,78111,3307,1314.0,13.0,28.26539528316376,0.2796424190876171
Louisiana,2020-07-13,79811,3314,1700.0,7.0,36.568624034534544,0.1505766872010246
Louisiana,2020-07-14,82042,3336,2231.0,22.0,47.99094130649799,0.4732410169175059
Louisiana,2020-07-15,84129,3350,2087.0,14.0,44.893363741219765,0.3011533744020492
Louisiana,2020-07-16,86408,3374,2279.0,24.0,49.02346716159073,0.5162629275463702
Louisiana,2020-07-17,88584,3398,2176.0,24.0,46.80783876420422,0.5162629275463702
Louisiana,2020-07-18,88584,3398,0.0,0.0,0.0,0.0
Louisiana,2020-07-19,91698,3430,3114.0,32.0,66.98511484914152,0.6883505700618268
Louisiana,2020-07-20,94782,3460,3084.0,30.0,66.33978618970855,0.6453286594329626
Louisiana,2020-07-21,96574,3496,1792.0,36.0,38.5476319234623,0.7743943913195551
Louisiana,2020-07-22,99345,3555,2771.0,59.0,59.606857176291314,1.2691463635514932
Louisiana,2020-07-23,101641,3573,2296.0,18.0,49.38915340193607,0.38719719565977756
Louisiana,2020-07-24,103724,3603,2083.0,30.0,44.80731991996204,0.6453286594329626
Louisiana,2020-07-25,103724,3603,0.0,0.0,0.0,0.0
Louisiana,2020-07-26,107564,3651,3840.0,48.0,82.60206840741921,1.0325258550927403
Louisiana,2020-07-27,109907,3674,2343.0,23.0,50.40016830171438,0.49475197223193806
Louisiana,2020-07-28,111028,3674,1121.0,0.0,24.113780907478368,0.0
Louisiana,2020-07-29,112763,3770,1735.0,96.0,37.32150747053967,2.0650517101854806
Louisiana,2020-07-30,114471,3810,1708.0,40.0,36.74071167705001,0.8604382125772835
Louisiana,2020-07-31,116270,3835,1799.0,25.0,38.69820861066332,0.5377738828608022
Louisiana,2020-08-01,116270,3835,0.0,0.0,0.0,0.0
Louisiana,2020-08-02,119735,3893,3465.0,58.0,74.53546016450719,1.247635408237061
Louisiana,2020-08-03,120835,3910,1100.0,17.0,23.662050845875296,0.36568624034534547
Louisiana,2020-08-04,124243,3937,3408.0,27.0,73.30933571158455,0.5807957934896664
Louisiana,2020-08-05,125726,3978,1483.0,41.0,31.900746731302785,0.8819491678917156
Louisiana,2020-08-06,127034,4028,1308.0,50.0,28.13632955127717,1.0755477657216044
Louisiana,2020-08-07,128533,4089,1499.0,61.0,32.244922016333696,1.3121682741803573
Louisiana,2020-08-08,128533,4089,0.0,0.0,0.0,0.0
Louisiana,2020-08-09,131145,4145,2612.0,56.0,56.18661528129661,1.2046134976081968
Louisiana,2020-08-10,131707,4169,562.0,24.0,12.089156886710834,0.5162629275463702
Louisiana,2020-08-11,132869,4195,1162.0,26.0,24.995730075370084,0.5592848381752342
Louisiana,2020-08-12,134068,4237,1199.0,42.0,25.791635422004074,0.9034601232061477
Louisiana,2020-08-13,135199,4277,1131.0,40.0,24.32889046062269,0.8604382125772835
Louisiana,2020-08-14,136497,4307,1298.0,30.0,27.92121999813285,0.6453286594329626
Louisiana,2020-08-15,136497,4307,0.0,0.0,0.0,0.0
Louisiana,2020-08-16,137676,4384,1179.0,77.0,25.361416315715434,1.6563435592112707
Louisiana,2020-08-17,138247,4403,571.0,19.0,12.282755484540722,0.40870815097420965
Louisiana,2020-08-18,138883,4431,636.0,28.0,13.680967579978807,0.6023067488040984
Louisiana,2020-08-19,139650,4466,767.0,35.0,16.498902726169412,0.752883436005123
Louisiana,2020-08-20,140559,4493,909.0,27.0,19.553458380818768,0.5807957934896664
Louisiana,2020-08-21,141435,4545,876.0,52.0,18.84359685544251,1.1185696763504684
Louisiana,2020-08-22,141435,4545,0.0,0.0,0.0,0.0
Louisiana,2020-08-23,142505,4605,1070.0,60.0,23.016722186442333,1.2906573188659252
Louisiana,2020-08-24,142956,4623,451.0,18.0,9.701440846808872,0.38719719565977756
Louisiana,2020-08-25,143903,4655,947.0,32.0,20.370874682767187,0.6883505700618268
Louisiana,2020-08-26,144745,4688,842.0,33.0,18.11222437475182,0.7098615253762589
Louisiana,2020-08-27,145440,4711,695.0,23.0,14.950113943530301,0.49475197223193806
Louisiana,2020-08-28,146044,4741,604.0,30.0,12.992617009916982,0.6453286594329626
Louisiana,2020-08-29,146044,4741,0.0,0.0,0.0,0.0
Louisiana,2020-08-30,147649,4767,1605.0,26.0,34.5250832796635,0.5592848381752342
Louisiana,2020-08-31,147979,4787,330.0,20.0,7.098615253762588,0.43021910628864174
Louisiana,2020-09-01,148673,4820,694.0,33.0,14.928602988215868,0.7098615253762589
Louisiana,2020-09-02,149624,4840,951.0,20.0,20.456918504024912,0.43021910628864174
Louisiana,2020-09-03,150446,4857,822.0,17.0,17.682005268463175,0.36568624034534547
Louisiana,2020-09-04,151267,4872,821.0,15.0,17.660494313148742,0.3226643297164813
Louisiana,2020-09-05,151267,4872,0.0,0.0,0.0,0.0
Louisiana,2020-09-06,152624,4928,1357.0,56.0,29.190366361684344,1.2046134976081968
Louisiana,2020-09-07,152874,4939,250.0,11.0,5.377738828608022,0.23662050845875296
Louisiana,2020-09-08,153233,4953,359.0,14.0,7.722432957881119,0.3011533744020492
Louisiana,2020-09-09,154735,4969,1502.0,16.0,32.309454882276995,0.3441752850309134
Louisiana,2020-09-10,155201,4990,466.0,21.0,10.024105176525351,0.45173006160307383
Louisiana,2020-09-11,155978,5031,777.0,41.0,16.71401227931373,0.8819491678917156
Louisiana,2020-09-12,155978,5031,0.0,0.0,0.0,0.0
Louisiana,2020-09-13,157236,5065,1258.0,34.0,27.060781785555566,0.7313724806906909
Louisiana,2020-09-14,157701,5082,465.0,17.0,10.00259422121092,0.36568624034534547
Louisiana,2020-09-15,158107,5108,406.0,26.0,8.733447857659428,0.5592848381752342
Louisiana,2020-09-16,158622,5127,515.0,19.0,11.078141986932524,0.40870815097420965
Louisiana,2020-09-17,159105,5144,483.0,17.0,10.389791416870699,0.36568624034534547
Louisiana,2020-09-18,160078,5173,973.0,29.0,20.93015952094242,0.6238177041185305
Louisiana,2020-09-19,160078,5173,0.0,0.0,0.0,0.0
Louisiana,2020-09-20,160971,5198,893.0,25.0,19.209283095787853,0.5377738828608022
Louisiana,2020-09-21,161234,5206,263.0,8.0,5.657381247695639,0.1720876425154567
Louisiana,2020-09-22,162000,5217,766.0,11.0,16.47739177085498,0.23662050845875296
Louisiana,2020-09-23,162433,5225,433.0,8.0,9.314243651149093,0.1720876425154567
Louisiana,2020-09-24,163019,5242,586.0,17.0,12.605419814257202,0.36568624034534547
Louisiana,2020-09-25,163694,5261,675.0,19.0,14.51989483724166,0.40870815097420965
Louisiana,2020-09-26,163694,5262,0.0,1.0,0.0,0.021510955314432086
Louisiana,2020-09-27,164589,5284,895.0,22.0,19.252305006416716,0.4732410169175059
Louisiana,2020-09-28,164846,5299,257.0,15.0,5.528315515809046,0.3226643297164813
Louisiana,2020-09-29,164846,5299,0.0,0.0,0.0,0.0
Louisiana,2020-09-30,165819,5322,973.0,23.0,20.93015952094242,0.49475197223193806
Louisiana,2020-10-01,167180,5356,1361.0,34.0,29.27641018294207,0.7313724806906909
Maine,2020-02-01,0,0,0.0,0.0,0.0,0.0
Maine,2020-02-02,0,0,0.0,0.0,0.0,0.0
Maine,2020-02-03,0,0,0.0,0.0,0.0,0.0
Maine,2020-02-04,0,0,0.0,0.0,0.0,0.0
Maine,2020-02-05,0,0,0.0,0.0,0.0,0.0
Maine,2020-02-06,0,0,0.0,0.0,0.0,0.0
Maine,2020-02-07,0,0,0.0,0.0,0.0,0.0
Maine,2020-02-08,0,0,0.0,0.0,0.0,0.0
Maine,2020-02-09,0,0,0.0,0.0,0.0,0.0
Maine,2020-02-10,0,0,0.0,0.0,0.0,0.0
Maine,2020-02-11,0,0,0.0,0.0,0.0,0.0
Maine,2020-02-12,0,0,0.0,0.0,0.0,0.0
Maine,2020-02-13,0,0,0.0,0.0,0.0,0.0
Maine,2020-02-14,0,0,0.0,0.0,0.0,0.0
Maine,2020-02-15,0,0,0.0,0.0,0.0,0.0
Maine,2020-02-16,0,0,0.0,0.0,0.0,0.0
Maine,2020-02-17,0,0,0.0,0.0,0.0,0.0
Maine,2020-02-18,0,0,0.0,0.0,0.0,0.0
Maine,2020-02-19,0,0,0.0,0.0,0.0,0.0
Maine,2020-02-20,0,0,0.0,0.0,0.0,0.0
Maine,2020-02-21,0,0,0.0,0.0,0.0,0.0
Maine,2020-02-22,0,0,0.0,0.0,0.0,0.0
Maine,2020-02-23,0,0,0.0,0.0,0.0,0.0
Maine,2020-02-24,0,0,0.0,0.0,0.0,0.0
Maine,2020-02-25,0,0,0.0,0.0,0.0,0.0
Maine,2020-02-26,0,0,0.0,0.0,0.0,0.0
Maine,2020-02-27,0,0,0.0,0.0,0.0,0.0
Maine,2020-02-28,0,0,0.0,0.0,0.0,0.0
Maine,2020-02-29,0,0,0.0,0.0,0.0,0.0
Maine,2020-03-01,0,0,0.0,0.0,0.0,0.0
Maine,2020-03-02,0,0,0.0,0.0,0.0,0.0
Maine,2020-03-03,0,0,0.0,0.0,0.0,0.0
Maine,2020-03-04,0,0,0.0,0.0,0.0,0.0
Maine,2020-03-05,0,0,0.0,0.0,0.0,0.0
Maine,2020-03-06,0,0,0.0,0.0,0.0,0.0
Maine,2020-03-07,0,0,0.0,0.0,0.0,0.0
Maine,2020-03-08,0,0,0.0,0.0,0.0,0.0
Maine,2020-03-09,0,0,0.0,0.0,0.0,0.0
Maine,2020-03-10,0,0,0.0,0.0,0.0,0.0
Maine,2020-03-11,0,0,0.0,0.0,0.0,0.0
Maine,2020-03-12,1,0,1.0,0.0,0.07439302729033813,0.0
Maine,2020-03-13,2,0,1.0,0.0,0.07439302729033813,0.0
Maine,2020-03-14,2,0,0.0,0.0,0.0,0.0
Maine,2020-03-15,2,0,0.0,0.0,0.0,0.0
Maine,2020-03-16,16,0,14.0,0.0,1.0415023820647338,0.0
Maine,2020-03-17,28,0,12.0,0.0,0.8927163274840575,0.0
Maine,2020-03-18,35,0,7.0,0.0,0.5207511910323669,0.0
Maine,2020-03-19,39,0,4.0,0.0,0.2975721091613525,0.0
Maine,2020-03-20,54,0,15.0,0.0,1.115895409355072,0.0
Maine,2020-03-21,67,0,13.0,0.0,0.9671093547743957,0.0
Maine,2020-03-22,81,0,14.0,0.0,1.0415023820647338,0.0
Maine,2020-03-23,102,0,21.0,0.0,1.5622535730971006,0.0
Maine,2020-03-24,118,0,16.0,0.0,1.19028843664541,0.0
Maine,2020-03-25,140,0,22.0,0.0,1.636646600387439,0.0
Maine,2020-03-26,154,0,14.0,0.0,1.0415023820647338,0.0
Maine,2020-03-27,165,1,11.0,1.0,0.8183233001937195,0.07439302729033813
Maine,2020-03-28,208,1,43.0,0.0,3.1989001734845397,0.0
Maine,2020-03-29,248,3,40.0,2.0,2.9757210916135253,0.14878605458067626
Maine,2020-03-30,270,3,22.0,0.0,1.636646600387439,0.0
Maine,2020-03-31,270,5,0.0,2.0,0.0,0.14878605458067626
Maine,2020-04-01,337,7,67.0,2.0,4.984332828452655,0.14878605458067626
Maine,2020-04-02,368,7,31.0,0.0,2.306183846000482,0.0
Maine,2020-04-03,421,9,53.0,2.0,3.9428304463879207,0.14878605458067626
Maine,2020-04-04,444,10,23.0,1.0,1.711039627677777,0.07439302729033813
Maine,2020-04-05,459,10,15.0,0.0,1.115895409355072,0.0
Maine,2020-04-06,488,10,29.0,0.0,2.1573977914198057,0.0
Maine,2020-04-07,510,12,22.0,2.0,1.636646600387439,0.14878605458067626
Maine,2020-04-08,529,14,19.0,2.0,1.4134675185164245,0.14878605458067626
Maine,2020-04-09,556,16,27.0,2.0,2.0086117368391294,0.14878605458067626
Maine,2020-04-10,582,17,26.0,1.0,1.9342187095487915,0.07439302729033813
Maine,2020-04-11,612,19,30.0,2.0,2.231790818710144,0.14878605458067626
Maine,2020-04-12,629,19,17.0,0.0,1.2646814639357482,0.0
Maine,2020-04-13,691,19,62.0,0.0,4.612367692000964,0.0
Maine,2020-04-14,731,20,40.0,1.0,2.9757210916135253,0.07439302729033813
Maine,2020-04-15,767,23,36.0,3.0,2.6781489824521727,0.22317908187101437
Maine,2020-04-16,791,26,24.0,3.0,1.785432654968115,0.22317908187101437
Maine,2020-04-17,825,29,34.0,3.0,2.5293629278714964,0.22317908187101437
Maine,2020-04-18,845,32,20.0,3.0,1.4878605458067626,0.22317908187101437
Maine,2020-04-19,864,34,19.0,2.0,1.4134675185164245,0.14878605458067626
Maine,2020-04-20,873,35,9.0,1.0,0.6695372456130432,0.07439302729033813
Maine,2020-04-21,886,36,13.0,1.0,0.9671093547743957,0.07439302729033813
Maine,2020-04-22,904,39,18.0,3.0,1.3390744912260863,0.22317908187101437
Maine,2020-04-23,936,44,32.0,5.0,2.38057687329082,0.37196513645169066
Maine,2020-04-24,964,47,28.0,3.0,2.0830047641294676,0.22317908187101437
Maine,2020-04-25,987,50,23.0,3.0,1.711039627677777,0.22317908187101437
Maine,2020-04-26,1012,50,25.0,0.0,1.8598256822584531,0.0
Maine,2020-04-27,1020,51,8.0,1.0,0.595144218322705,0.07439302729033813
Maine,2020-04-28,1037,51,17.0,0.0,1.2646814639357482,0.0
Maine,2020-04-29,1052,52,15.0,1.0,1.115895409355072,0.07439302729033813
Maine,2020-04-30,1093,53,41.0,1.0,3.0501141189038634,0.07439302729033813
Maine,2020-05-01,1121,55,28.0,2.0,2.0830047641294676,0.14878605458067626
Maine,2020-05-02,1151,56,30.0,1.0,2.231790818710144,0.07439302729033813
Maine,2020-05-03,1184,57,33.0,1.0,2.4549699005811583,0.07439302729033813
Maine,2020-05-04,1202,57,18.0,0.0,1.3390744912260863,0.0
Maine,2020-05-05,1225,61,23.0,4.0,1.711039627677777,0.2975721091613525
Maine,2020-05-06,1253,62,28.0,1.0,2.0830047641294676,0.07439302729033813
Maine,2020-05-07,1327,62,74.0,0.0,5.505084019485022,0.0
Maine,2020-05-08,1367,63,40.0,1.0,2.9757210916135253,0.07439302729033813
Maine,2020-05-09,1406,64,39.0,1.0,2.901328064323187,0.07439302729033813
Maine,2020-05-10,1432,64,26.0,0.0,1.9342187095487915,0.0
Maine,2020-05-11,1455,65,23.0,1.0,1.711039627677777,0.07439302729033813
Maine,2020-05-12,1470,65,15.0,0.0,1.115895409355072,0.0
Maine,2020-05-13,1508,66,38.0,1.0,2.826935037032849,0.07439302729033813
Maine,2020-05-14,1562,69,54.0,3.0,4.017223473678259,0.22317908187101437
Maine,2020-05-15,1599,69,37.0,0.0,2.752542009742511,0.0
Maine,2020-05-16,1644,70,45.0,1.0,3.3476862280652155,0.07439302729033813
Maine,2020-05-17,1680,70,36.0,0.0,2.6781489824521727,0.0
Maine,2020-05-18,1710,71,30.0,1.0,2.231790818710144,0.07439302729033813
Maine,2020-05-19,1739,73,29.0,2.0,2.1573977914198057,0.14878605458067626
Maine,2020-05-20,1816,73,77.0,0.0,5.728263101356036,0.0
Maine,2020-05-21,1873,73,57.0,0.0,4.240402555549274,0.0
Maine,2020-05-22,1944,75,71.0,2.0,5.281904937614008,0.14878605458067626
Maine,2020-05-23,1971,77,27.0,2.0,2.0086117368391294,0.14878605458067626
Maine,2020-05-24,1988,78,17.0,1.0,1.2646814639357482,0.07439302729033813
Maine,2020-05-25,2000,78,12.0,0.0,0.8927163274840575,0.0
Maine,2020-05-26,2107,79,107.0,1.0,7.960053920066181,0.07439302729033813
Maine,2020-05-27,2132,81,25.0,2.0,1.8598256822584531,0.14878605458067626
Maine,2020-05-28,2182,84,50.0,3.0,3.7196513645169063,0.22317908187101437
Maine,2020-05-29,2219,85,37.0,1.0,2.752542009742511,0.07439302729033813
Maine,2020-05-30,2274,89,55.0,4.0,4.091616500968597,0.2975721091613525
Maine,2020-05-31,2318,89,44.0,0.0,3.273293200774878,0.0
Maine,2020-06-01,2344,89,26.0,0.0,1.9342187095487915,0.0
Maine,2020-06-02,2373,94,29.0,5.0,2.1573977914198057,0.37196513645169066
Maine,2020-06-03,2411,95,38.0,1.0,2.826935037032849,0.07439302729033813
Maine,2020-06-04,2441,95,30.0,0.0,2.231790818710144,0.0
Maine,2020-06-05,2477,98,36.0,3.0,2.6781489824521727,0.22317908187101437
Maine,2020-06-06,2523,98,46.0,0.0,3.422079255355554,0.0
Maine,2020-06-07,2568,99,45.0,1.0,3.3476862280652155,0.07439302729033813
Maine,2020-06-08,2586,99,18.0,0.0,1.3390744912260863,0.0
Maine,2020-06-09,2604,100,18.0,1.0,1.3390744912260863,0.07439302729033813
Maine,2020-06-10,2634,100,30.0,0.0,2.231790818710144,0.0
Maine,2020-06-11,2665,100,31.0,0.0,2.306183846000482,0.0
Maine,2020-06-12,2716,100,51.0,0.0,3.794044391807245,0.0
Maine,2020-06-13,2754,100,38.0,0.0,2.826935037032849,0.0
Maine,2020-06-14,2790,100,36.0,0.0,2.6781489824521727,0.0
Maine,2020-06-15,2805,101,15.0,1.0,1.115895409355072,0.07439302729033813
Maine,2020-06-16,2815,101,10.0,0.0,0.7439302729033813,0.0
Maine,2020-06-17,2833,102,18.0,1.0,1.3390744912260863,0.07439302729033813
Maine,2020-06-18,2874,102,41.0,0.0,3.0501141189038634,0.0
Maine,2020-06-19,2910,102,36.0,0.0,2.6781489824521727,0.0
Maine,2020-06-20,2935,102,25.0,0.0,1.8598256822584531,0.0
Maine,2020-06-21,2955,102,20.0,0.0,1.4878605458067626,0.0
Maine,2020-06-22,2968,102,13.0,0.0,0.9671093547743957,0.0
Maine,2020-06-23,2993,102,25.0,0.0,1.8598256822584531,0.0
Maine,2020-06-24,3012,103,19.0,1.0,1.4134675185164245,0.07439302729033813
Maine,2020-06-25,3096,103,84.0,0.0,6.249014292388402,0.0
Maine,2020-06-26,3150,103,54.0,0.0,4.017223473678259,0.0
Maine,2020-06-27,3150,104,0.0,1.0,0.0,0.07439302729033813
Maine,2020-06-28,3185,104,35.0,0.0,2.6037559551618346,0.0
Maine,2020-06-29,3219,105,34.0,1.0,2.5293629278714964,0.07439302729033813
Maine,2020-06-30,3291,105,72.0,0.0,5.356297964904345,0.0
Maine,2020-07-01,3323,105,32.0,0.0,2.38057687329082,0.0
Maine,2020-07-02,3323,105,0.0,0.0,0.0,0.0
Maine,2020-07-03,3396,107,73.0,2.0,5.430690992194684,0.14878605458067626
Maine,2020-07-04,3414,109,18.0,2.0,1.3390744912260863,0.14878605458067626
Maine,2020-07-05,3422,109,8.0,0.0,0.595144218322705,0.0
Maine,2020-07-06,3438,110,16.0,1.0,1.19028843664541,0.07439302729033813
Maine,2020-07-07,3455,110,17.0,0.0,1.2646814639357482,0.0
Maine,2020-07-08,3482,111,27.0,1.0,2.0086117368391294,0.07439302729033813
Maine,2020-07-09,3496,111,14.0,0.0,1.0415023820647338,0.0
Maine,2020-07-10,3496,111,0.0,0.0,0.0,0.0
Maine,2020-07-11,3530,114,34.0,3.0,2.5293629278714964,0.22317908187101437
Maine,2020-07-12,3556,114,26.0,0.0,1.9342187095487915,0.0
Maine,2020-07-13,3565,114,9.0,0.0,0.6695372456130432,0.0
Maine,2020-07-14,3577,114,12.0,0.0,0.8927163274840575,0.0
Maine,2020-07-15,3596,114,19.0,0.0,1.4134675185164245,0.0
Maine,2020-07-16,3633,115,37.0,1.0,2.752542009742511,0.07439302729033813
Maine,2020-07-17,3642,117,9.0,2.0,0.6695372456130432,0.14878605458067626
Maine,2020-07-18,3649,117,7.0,0.0,0.5207511910323669,0.0
Maine,2020-07-19,3677,117,28.0,0.0,2.0830047641294676,0.0
Maine,2020-07-20,3688,117,11.0,0.0,0.8183233001937195,0.0
Maine,2020-07-21,3701,118,13.0,1.0,0.9671093547743957,0.07439302729033813
Maine,2020-07-22,3722,118,21.0,0.0,1.5622535730971006,0.0
Maine,2020-07-23,3743,118,21.0,0.0,1.5622535730971006,0.0
Maine,2020-07-24,3774,119,31.0,1.0,2.306183846000482,0.07439302729033813
Maine,2020-07-25,3805,119,31.0,0.0,2.306183846000482,0.0
Maine,2020-07-26,3819,119,14.0,0.0,1.0415023820647338,0.0
Maine,2020-07-27,3839,120,20.0,1.0,1.4878605458067626,0.07439302729033813
Maine,2020-07-28,3853,121,14.0,1.0,1.0415023820647338,0.07439302729033813
Maine,2020-07-29,3883,122,30.0,1.0,2.231790818710144,0.07439302729033813
Maine,2020-07-30,3904,122,21.0,0.0,1.5622535730971006,0.0
Maine,2020-07-31,3927,123,23.0,1.0,1.711039627677777,0.07439302729033813
Maine,2020-08-01,3935,123,8.0,0.0,0.595144218322705,0.0
Maine,2020-08-02,3956,123,21.0,0.0,1.5622535730971006,0.0
Maine,2020-08-03,3970,123,14.0,0.0,1.0415023820647338,0.0
Maine,2020-08-04,3978,123,8.0,0.0,0.595144218322705,0.0
Maine,2020-08-05,3993,124,15.0,1.0,1.115895409355072,0.07439302729033813
Maine,2020-08-06,4001,124,8.0,0.0,0.595144218322705,0.0
Maine,2020-08-07,4019,124,18.0,0.0,1.3390744912260863,0.0
Maine,2020-08-08,4030,125,11.0,1.0,0.8183233001937195,0.07439302729033813
Maine,2020-08-09,4046,125,16.0,0.0,1.19028843664541,0.0
Maine,2020-08-10,4052,125,6.0,0.0,0.44635816374202875,0.0
Maine,2020-08-11,4054,126,2.0,1.0,0.14878605458067626,0.07439302729033813
Maine,2020-08-12,4071,126,17.0,0.0,1.2646814639357482,0.0
Maine,2020-08-13,4088,126,17.0,0.0,1.2646814639357482,0.0
Maine,2020-08-14,4115,126,27.0,0.0,2.0086117368391294,0.0
Maine,2020-08-15,4142,127,27.0,1.0,2.0086117368391294,0.07439302729033813
Maine,2020-08-16,4166,127,24.0,0.0,1.785432654968115,0.0
Maine,2020-08-17,4196,127,30.0,0.0,2.231790818710144,0.0
Maine,2020-08-18,4212,127,16.0,0.0,1.19028843664541,0.0
Maine,2020-08-19,4238,127,26.0,0.0,1.9342187095487915,0.0
Maine,2020-08-20,4257,128,19.0,1.0,1.4134675185164245,0.07439302729033813
Maine,2020-08-21,4290,129,33.0,1.0,2.4549699005811583,0.07439302729033813
Maine,2020-08-22,4322,130,32.0,1.0,2.38057687329082,0.07439302729033813
Maine,2020-08-23,4340,131,18.0,1.0,1.3390744912260863,0.07439302729033813
Maine,2020-08-24,4361,131,21.0,0.0,1.5622535730971006,0.0
Maine,2020-08-25,4373,131,12.0,0.0,0.8927163274840575,0.0
Maine,2020-08-26,4392,132,19.0,1.0,1.4134675185164245,0.07439302729033813
Maine,2020-08-27,4417,132,25.0,0.0,1.8598256822584531,0.0
Maine,2020-08-28,4438,132,21.0,0.0,1.5622535730971006,0.0
Maine,2020-08-29,4494,132,56.0,0.0,4.166009528258935,0.0
Maine,2020-08-30,4516,132,22.0,0.0,1.636646600387439,0.0
Maine,2020-08-31,4531,132,15.0,0.0,1.115895409355072,0.0
Maine,2020-09-01,4551,132,20.0,0.0,1.4878605458067626,0.0
Maine,2020-09-02,4570,133,19.0,1.0,1.4134675185164245,0.07439302729033813
Maine,2020-09-03,4614,133,44.0,0.0,3.273293200774878,0.0
Maine,2020-09-04,4636,134,22.0,1.0,1.636646600387439,0.07439302729033813
Maine,2020-09-05,4636,134,0.0,0.0,0.0,0.0
Maine,2020-09-06,4636,134,0.0,0.0,0.0,0.0
Maine,2020-09-07,4654,134,18.0,0.0,1.3390744912260863,0.0
Maine,2020-09-08,4654,134,0.0,0.0,0.0,0.0
Maine,2020-09-09,4763,134,109.0,0.0,8.108839974646855,0.0
Maine,2020-09-10,4793,134,30.0,0.0,2.231790818710144,0.0
Maine,2020-09-11,4833,134,40.0,0.0,2.9757210916135253,0.0
Maine,2020-09-12,4866,134,33.0,0.0,2.4549699005811583,0.0
Maine,2020-09-13,4883,134,17.0,0.0,1.2646814639357482,0.0
Maine,2020-09-14,4885,134,2.0,0.0,0.14878605458067626,0.0
Maine,2020-09-15,4944,134,59.0,0.0,4.38918861012995,0.0
Maine,2020-09-16,4965,138,21.0,4.0,1.5622535730971006,0.2975721091613525
Maine,2020-09-17,5006,138,41.0,0.0,3.0501141189038634,0.0
Maine,2020-09-18,5038,138,32.0,0.0,2.38057687329082,0.0
Maine,2020-09-19,5038,139,0.0,1.0,0.0,0.07439302729033813
Maine,2020-09-20,5081,139,43.0,0.0,3.1989001734845397,0.0
Maine,2020-09-21,5110,140,29.0,1.0,2.1573977914198057,0.07439302729033813
Maine,2020-09-22,5147,140,37.0,0.0,2.752542009742511,0.0
Maine,2020-09-23,5174,140,27.0,0.0,2.0086117368391294,0.0
Maine,2020-09-24,5217,140,43.0,0.0,3.1989001734845397,0.0
Maine,2020-09-25,5239,140,22.0,0.0,1.636646600387439,0.0
Maine,2020-09-26,5261,140,22.0,0.0,1.636646600387439,0.0
Maine,2020-09-27,5290,140,29.0,0.0,2.1573977914198057,0.0
Maine,2020-09-28,5301,140,11.0,0.0,0.8183233001937195,0.0
Maine,2020-09-29,5340,141,39.0,1.0,2.901328064323187,0.07439302729033813
Maine,2020-09-30,5392,141,52.0,0.0,3.868437419097583,0.0
Maine,2020-10-01,5431,141,39.0,0.0,2.901328064323187,0.0
Maryland,2020-02-01,0,0,0.0,0.0,0.0,0.0
Maryland,2020-02-02,0,0,0.0,0.0,0.0,0.0
Maryland,2020-02-03,0,0,0.0,0.0,0.0,0.0
Maryland,2020-02-04,0,0,0.0,0.0,0.0,0.0
Maryland,2020-02-05,0,0,0.0,0.0,0.0,0.0
Maryland,2020-02-06,0,0,0.0,0.0,0.0,0.0
Maryland,2020-02-07,0,0,0.0,0.0,0.0,0.0
Maryland,2020-02-08,0,0,0.0,0.0,0.0,0.0
Maryland,2020-02-09,0,0,0.0,0.0,0.0,0.0
Maryland,2020-02-10,0,0,0.0,0.0,0.0,0.0
Maryland,2020-02-11,0,0,0.0,0.0,0.0,0.0
Maryland,2020-02-12,0,0,0.0,0.0,0.0,0.0
Maryland,2020-02-13,0,0,0.0,0.0,0.0,0.0
Maryland,2020-02-14,0,0,0.0,0.0,0.0,0.0
Maryland,2020-02-15,0,0,0.0,0.0,0.0,0.0
Maryland,2020-02-16,0,0,0.0,0.0,0.0,0.0
Maryland,2020-02-17,0,0,0.0,0.0,0.0,0.0
Maryland,2020-02-18,0,0,0.0,0.0,0.0,0.0
Maryland,2020-02-19,0,0,0.0,0.0,0.0,0.0
Maryland,2020-02-20,0,0,0.0,0.0,0.0,0.0
Maryland,2020-02-21,0,0,0.0,0.0,0.0,0.0
Maryland,2020-02-22,0,0,0.0,0.0,0.0,0.0
Maryland,2020-02-23,0,0,0.0,0.0,0.0,0.0
Maryland,2020-02-24,0,0,0.0,0.0,0.0,0.0
Maryland,2020-02-25,0,0,0.0,0.0,0.0,0.0
Maryland,2020-02-26,0,0,0.0,0.0,0.0,0.0
Maryland,2020-02-27,0,0,0.0,0.0,0.0,0.0
Maryland,2020-02-28,0,0,0.0,0.0,0.0,0.0
Maryland,2020-02-29,0,0,0.0,0.0,0.0,0.0
Maryland,2020-03-01,0,0,0.0,0.0,0.0,0.0
Maryland,2020-03-02,0,0,0.0,0.0,0.0,0.0
Maryland,2020-03-03,0,0,0.0,0.0,0.0,0.0
Maryland,2020-03-04,0,0,0.0,0.0,0.0,0.0
Maryland,2020-03-05,0,0,0.0,0.0,0.0,0.0
Maryland,2020-03-06,3,0,3.0,0.0,0.04962220957774807,0.0
Maryland,2020-03-07,3,0,0.0,0.0,0.0,0.0
Maryland,2020-03-08,5,0,2.0,0.0,0.03308147305183205,0.0
Maryland,2020-03-09,8,0,3.0,0.0,0.04962220957774807,0.0
Maryland,2020-03-10,9,0,1.0,0.0,0.016540736525916026,0.0
Maryland,2020-03-11,12,0,3.0,0.0,0.04962220957774807,0.0
Maryland,2020-03-12,12,0,0.0,0.0,0.0,0.0
Maryland,2020-03-13,17,0,5.0,0.0,0.08270368262958014,0.0
Maryland,2020-03-14,30,0,13.0,0.0,0.21502957483690835,0.0
Maryland,2020-03-15,30,0,0.0,0.0,0.0,0.0
Maryland,2020-03-16,37,0,7.0,0.0,0.11578515568141219,0.0
Maryland,2020-03-17,57,0,20.0,0.0,0.33081473051832055,0.0
Maryland,2020-03-18,85,1,28.0,1.0,0.46314062272564877,0.016540736525916026
Maryland,2020-03-19,107,1,22.0,0.0,0.36389620357015257,0.0
Maryland,2020-03-20,190,2,83.0,1.0,1.37288113165103,0.016540736525916026
Maryland,2020-03-21,190,3,0.0,1.0,0.0,0.016540736525916026
Maryland,2020-03-22,244,3,54.0,0.0,0.8931997723994655,0.0
Maryland,2020-03-23,287,3,43.0,0.0,0.7112516706143891,0.0
Maryland,2020-03-24,349,4,62.0,1.0,1.0255256646067936,0.016540736525916026
Maryland,2020-03-25,418,4,69.0,0.0,1.1413108202882059,0.0
Maryland,2020-03-26,580,4,162.0,0.0,2.679599317198396,0.0
Maryland,2020-03-27,773,5,193.0,1.0,3.1923621495017933,0.016540736525916026
Maryland,2020-03-28,992,10,219.0,5.0,3.6224212991756097,0.08270368262958014
Maryland,2020-03-29,1239,15,247.0,5.0,4.085561921901259,0.08270368262958014
Maryland,2020-03-30,1412,15,173.0,0.0,2.8615474189834726,0.0
Maryland,2020-03-31,1660,17,248.0,2.0,4.1021026584271745,0.03308147305183205
Maryland,2020-04-01,1985,26,325.0,9.0,5.375739370922709,0.14886662873324422
Maryland,2020-04-02,2331,32,346.0,6.0,5.723094837966945,0.09924441915549614
Maryland,2020-04-03,2758,38,427.0,6.0,7.062894496566143,0.09924441915549614
Maryland,2020-04-04,3125,53,367.0,15.0,6.070450305011182,0.2481110478887404
Maryland,2020-04-05,3609,67,484.0,14.0,8.005716478543357,0.23157031136282438
Maryland,2020-04-06,4045,91,436.0,24.0,7.211761125299387,0.3969776766219846
Maryland,2020-04-07,4370,103,325.0,12.0,5.375739370922709,0.1984888383109923
Maryland,2020-04-08,5528,123,1158.0,20.0,19.154172897010756,0.33081473051832055
Maryland,2020-04-09,6184,138,656.0,15.0,10.850723161000914,0.2481110478887404
Maryland,2020-04-10,6968,171,784.0,33.0,12.967937436318165,0.5458443053552289
Maryland,2020-04-11,7694,202,726.0,31.0,12.008574717815035,0.5127628323033968
Maryland,2020-04-12,8225,232,531.0,30.0,8.78313109526141,0.4962220957774808
Maryland,2020-04-13,8933,232,708.0,0.0,11.710841460348545,0.0
Maryland,2020-04-14,9470,278,537.0,46.0,8.882375514416907,0.7608738801921372
Maryland,2020-04-15,10031,299,561.0,21.0,9.27935319103889,0.34735546704423653
Maryland,2020-04-16,10784,332,753.0,33.0,12.455174604014767,0.5458443053552289
Maryland,2020-04-17,11572,345,788.0,13.0,13.034100382421828,0.21502957483690835
Maryland,2020-04-18,12307,361,735.0,16.0,12.15744134654828,0.2646517844146564
Maryland,2020-04-19,12829,408,522.0,47.0,8.634264466528165,0.7774146167180532
Maryland,2020-04-20,13678,433,849.0,25.0,14.043085310502706,0.41351841314790067
Maryland,2020-04-21,14193,476,515.0,43.0,8.518479310846754,0.7112516706143891
Maryland,2020-04-22,14775,531,582.0,55.0,9.626708658083126,0.9097405089253814
Maryland,2020-04-23,15735,579,960.0,48.0,15.879107064879385,0.7939553532439692
Maryland,2020-04-24,16616,579,881.0,0.0,14.572388879332019,0.0
Maryland,2020-04-25,17766,682,1150.0,103.0,19.02184700480343,1.7036958621693508
Maryland,2020-04-26,18580,695,814.0,13.0,13.464159532095644,0.21502957483690835
Maryland,2020-04-27,19485,787,905.0,92.0,14.969366555954005,1.5217477603842744
Maryland,2020-04-28,20109,836,624.0,49.0,10.3214195921716,0.8104960897698853
Maryland,2020-04-29,20846,911,737.0,75.0,12.19052281960011,1.240555239443702
Maryland,2020-04-30,21742,972,896.0,61.0,14.82049992722076,1.0089849280808776
Maryland,2020-05-01,23465,995,1723.0,23.0,28.499689034153313,0.3804369400960686
Maryland,2020-05-02,24473,1079,1008.0,84.0,16.673062418123354,1.3894218681769461
Maryland,2020-05-03,25462,1123,989.0,44.0,16.35878842413095,0.7277924071403051
Maryland,2020-05-04,26389,1149,927.0,26.0,15.333262759524157,0.4300591496738167
Maryland,2020-05-05,27116,1210,727.0,61.0,12.02511545434095,1.0089849280808776
Maryland,2020-05-06,28163,1264,1047.0,54.0,17.31815114263408,0.8931997723994655
Maryland,2020-05-07,29373,1314,1210.0,50.0,20.014291196358393,0.8270368262958013
Maryland,2020-05-08,30459,1364,1086.0,50.0,17.963239867144804,0.8270368262958013
Maryland,2020-05-09,31534,1416,1075.0,52.0,17.78129176535973,0.8601182993476334
Maryland,2020-05-10,32587,1454,1053.0,38.0,17.417395561789576,0.6285479879848089
Maryland,2020-05-11,33373,1476,786.0,22.0,13.001018909369996,0.36389620357015257
Maryland,2020-05-12,34061,1545,688.0,69.0,11.380026729830226,1.1413108202882059
Maryland,2020-05-13,34812,1612,751.0,67.0,12.422093130962935,1.1082293472363738
Maryland,2020-05-14,35903,1661,1091.0,49.0,18.045943549774385,0.8104960897698853
Maryland,2020-05-15,36984,1710,1081.0,49.0,17.880536184515222,0.8104960897698853
Maryland,2020-05-16,37957,1759,973.0,49.0,16.094136639716293,0.8104960897698853
Maryland,2020-05-17,38804,1802,847.0,43.0,14.010003837450874,0.7112516706143891
Maryland,2020-05-18,39762,1827,958.0,25.0,15.846025591827553,0.41351841314790067
Maryland,2020-05-19,41545,1885,1783.0,58.0,29.492133225708276,0.9593627185031294
Maryland,2020-05-20,42317,1936,772.0,51.0,12.769448598007173,0.8435775628217174
Maryland,2020-05-21,43530,1986,1213.0,50.0,20.063913405936137,0.8270368262958013
Maryland,2020-05-22,44424,2031,894.0,45.0,14.787418454168927,0.7443331436662212
Maryland,2020-05-23,45495,2074,1071.0,43.0,17.715128819256066,0.7112516706143891
Maryland,2020-05-24,47150,2135,1655.0,61.0,27.374918950391024,1.0089849280808776
Maryland,2020-05-25,47684,2252,534.0,117.0,8.832753304839159,1.9352661735321752
Maryland,2020-05-26,47684,2256,0.0,4.0,0.0,0.0661629461036641
Maryland,2020-05-27,48423,2276,739.0,20.0,12.223604292651942,0.33081473051832055
Maryland,2020-05-28,49708,2295,1285.0,19.0,21.254846435802094,0.31427399399240447
Maryland,2020-05-29,50987,2295,1279.0,0.0,21.155602016646597,0.0
Maryland,2020-05-30,52015,2340,1028.0,45.0,17.003877148641674,0.7443331436662212
Maryland,2020-05-31,52715,2366,700.0,26.0,11.578515568141219,0.4300591496738167
Maryland,2020-06-01,53326,2388,611.0,22.0,10.106390017334691,0.36389620357015257
Maryland,2020-06-02,54171,2541,845.0,153.0,13.97692236439904,2.530732688465152
Maryland,2020-06-03,54981,2587,810.0,46.0,13.397996585991981,0.7608738801921372
Maryland,2020-06-04,55858,2628,877.0,41.0,14.506225933228354,0.6781701975625571
Maryland,2020-06-05,56760,2660,902.0,32.0,14.919744346376257,0.5293035688293128
Maryland,2020-06-06,57481,2701,721.0,41.0,11.925871035185454,0.6781701975625571
Maryland,2020-06-07,57969,2719,488.0,18.0,8.07187942464702,0.29773325746648843
Maryland,2020-06-08,58397,2730,428.0,11.0,7.07943523309206,0.18194810178507628
Maryland,2020-06-09,58902,2771,505.0,41.0,8.353071945587594,0.6781701975625571
Maryland,2020-06-10,59463,2800,561.0,29.0,9.27935319103889,0.4796813592515647
Maryland,2020-06-11,60197,2826,734.0,26.0,12.140900610022364,0.4300591496738167
Maryland,2020-06-12,60613,2859,416.0,33.0,6.880946394781067,0.5458443053552289
Maryland,2020-06-13,61269,2885,656.0,26.0,10.850723161000914,0.4300591496738167
Maryland,2020-06-14,61698,2905,429.0,20.0,7.095975969617975,0.33081473051832055
Maryland,2020-06-15,62011,2916,313.0,11.0,5.177250532611716,0.18194810178507628
Maryland,2020-06-16,62415,2934,404.0,18.0,6.682457556470074,0.29773325746648843
Maryland,2020-06-17,62968,2962,553.0,28.0,9.147027298831562,0.46314062272564877
Maryland,2020-06-18,63221,2987,253.0,25.0,4.184806341056754,0.41351841314790067
Maryland,2020-06-19,63506,3004,285.0,17.0,4.7141099098860675,0.28119252094057245
Maryland,2020-06-20,63839,3026,333.0,22.0,5.508065263130037,0.36389620357015257
Maryland,2020-06-21,64129,3037,290.0,11.0,4.796813592515647,0.18194810178507628
Maryland,2020-06-22,64366,3051,237.0,14.0,3.9201545566420983,0.23157031136282438
Maryland,2020-06-23,64734,3066,368.0,15.0,6.086991041537098,0.2481110478887404
Maryland,2020-06-24,65043,3082,309.0,16.0,5.111087586508052,0.2646517844146564
Maryland,2020-06-25,65429,3099,386.0,17.0,6.384724299003587,0.28119252094057245
Maryland,2020-06-26,66013,3118,584.0,19.0,9.65979013113496,0.31427399399240447
Maryland,2020-06-27,66450,3134,437.0,16.0,7.228301861825303,0.2646517844146564
Maryland,2020-06-28,66777,3142,327.0,8.0,5.40882084397454,0.1323258922073282
Maryland,2020-06-29,67253,3151,476.0,9.0,7.873390586336028,0.14886662873324422
Maryland,2020-06-30,67556,3162,303.0,11.0,5.011843167352556,0.18194810178507628
Maryland,2020-07-01,67916,3176,360.0,14.0,5.954665149329769,0.23157031136282438
Maryland,2020-07-02,68429,3186,513.0,10.0,8.48539783779492,0.16540736525916028
Maryland,2020-07-03,68965,3201,536.0,15.0,8.86583477789099,0.2481110478887404
Maryland,2020-07-04,69341,3213,376.0,12.0,6.219316933744426,0.1984888383109923
Maryland,2020-07-05,69632,3217,291.0,4.0,4.813354329041563,0.0661629461036641
Maryland,2020-07-06,69902,3224,270.0,7.0,4.465998861997328,0.11578515568141219
Maryland,2020-07-07,70404,3239,502.0,15.0,8.303449736009846,0.2481110478887404
Maryland,2020-07-08,70865,3256,461.0,17.0,7.6252795384472885,0.28119252094057245
Maryland,2020-07-09,71450,3268,585.0,12.0,9.676330867660875,0.1984888383109923
Maryland,2020-07-10,71910,3283,460.0,15.0,7.608738801921372,0.2481110478887404
Maryland,2020-07-11,72467,3290,557.0,7.0,9.213190244935227,0.11578515568141219
Maryland,2020-07-12,73109,3303,642.0,13.0,10.619152849638088,0.21502957483690835
Maryland,2020-07-13,74260,3315,1151.0,12.0,19.03838774132935,0.1984888383109923
Maryland,2020-07-14,75016,3327,756.0,12.0,12.504796813592515,0.1984888383109923
Maryland,2020-07-15,75556,3334,540.0,7.0,8.931997723994655,0.11578515568141219
Maryland,2020-07-16,76148,3339,592.0,5.0,9.792116023342286,0.08270368262958014
Maryland,2020-07-17,77206,3356,1058.0,17.0,17.500099244419154,0.28119252094057245
Maryland,2020-07-18,78131,3361,925.0,5.0,15.300181286472325,0.08270368262958014
Maryland,2020-07-19,78685,3370,554.0,9.0,9.163568035357478,0.14886662873324422
Maryland,2020-07-20,78685,3370,0.0,0.0,0.0,0.0
Maryland,2020-07-21,79544,3386,859.0,16.0,14.208492675761867,0.2646517844146564
Maryland,2020-07-22,80174,3401,630.0,15.0,10.420664011327096,0.2481110478887404
Maryland,2020-07-23,80836,3408,662.0,7.0,10.94996758015641,0.11578515568141219
Maryland,2020-07-24,81766,3408,930.0,0.0,15.382884969101905,0.0
Maryland,2020-07-25,83748,3425,1982.0,17.0,32.783739794365566,0.28119252094057245
Maryland,2020-07-26,84876,3425,1128.0,0.0,18.657950801233277,0.0
Maryland,2020-07-27,84876,3425,0.0,0.0,0.0,0.0
Maryland,2020-07-28,85522,3443,646.0,18.0,10.685315795741753,0.29773325746648843
Maryland,2020-07-29,86290,3472,768.0,29.0,12.703285651903506,0.4796813592515647
Maryland,2020-07-30,87177,3472,887.0,0.0,14.671633298487516,0.0
Maryland,2020-07-31,88346,3481,1169.0,9.0,19.336120998795835,0.14886662873324422
Maryland,2020-08-01,89367,3491,1021.0,10.0,16.888091992960263,0.16540736525916028
Maryland,2020-08-02,90276,3502,909.0,11.0,15.035529502057667,0.18194810178507628
Maryland,2020-08-03,91146,3505,870.0,3.0,14.390440777546944,0.04962220957774807
Maryland,2020-08-04,91855,3514,709.0,9.0,11.727382196874462,0.14886662873324422
Maryland,2020-08-05,92426,3527,571.0,13.0,9.444760556298052,0.21502957483690835
Maryland,2020-08-06,93005,3536,579.0,9.0,9.577086448505378,0.14886662873324422
Maryland,2020-08-07,93806,3547,801.0,11.0,13.249129957258738,0.18194810178507628
Maryland,2020-08-08,94581,3560,775.0,13.0,12.81907080758492,0.21502957483690835
Maryland,2020-08-09,95503,3568,922.0,8.0,15.250559076894577,0.1323258922073282
Maryland,2020-08-10,96112,3574,609.0,6.0,10.07330854428286,0.09924441915549614
Maryland,2020-08-11,96844,3586,732.0,12.0,12.107819136970532,0.1984888383109923
Maryland,2020-08-12,97384,3599,540.0,13.0,8.931997723994655,0.21502957483690835
Maryland,2020-08-13,98161,3609,777.0,10.0,12.852152280636751,0.16540736525916028
Maryland,2020-08-14,98876,3618,715.0,9.0,11.826626616029959,0.14886662873324422
Maryland,2020-08-15,99694,3625,818.0,7.0,13.53032247819931,0.11578515568141219
Maryland,2020-08-16,100212,3631,518.0,6.0,8.568101520424502,0.09924441915549614
Maryland,2020-08-17,100710,3633,498.0,2.0,8.23728678990618,0.03308147305183205
Maryland,2020-08-18,101236,3639,526.0,6.0,8.700427412631829,0.09924441915549614
Maryland,2020-08-19,101649,3649,413.0,10.0,6.831324185203319,0.16540736525916028
Maryland,2020-08-20,102225,3656,576.0,7.0,9.52746423892763,0.11578515568141219
Maryland,2020-08-21,102895,3666,670.0,10.0,11.082293472363737,0.16540736525916028
Maryland,2020-08-22,103523,3673,628.0,7.0,10.387582538275264,0.11578515568141219
Maryland,2020-08-23,104102,3679,579.0,6.0,9.577086448505378,0.09924441915549614
Maryland,2020-08-24,104669,3684,567.0,5.0,9.378597610194387,0.08270368262958014
Maryland,2020-08-25,105046,3691,377.0,7.0,6.235857670270342,0.11578515568141219
Maryland,2020-08-26,105486,3703,440.0,12.0,7.277924071403051,0.1984888383109923
Maryland,2020-08-27,106055,3711,569.0,8.0,9.411679083246218,0.1323258922073282
Maryland,2020-08-28,106661,3719,606.0,8.0,10.023686334705111,0.1323258922073282
Maryland,2020-08-29,107294,3733,633.0,14.0,10.470286220904844,0.23157031136282438
Maryland,2020-08-30,107791,3744,497.0,11.0,8.220746053380264,0.18194810178507628
Maryland,2020-08-31,108249,3747,458.0,3.0,7.57565732886954,0.04962220957774807
Maryland,2020-09-01,108862,3752,613.0,5.0,10.139471490386525,0.08270368262958014
Maryland,2020-09-02,109319,3758,457.0,6.0,7.559116592343623,0.09924441915549614
Maryland,2020-09-03,110012,3766,693.0,8.0,11.462730412459806,0.1323258922073282
Maryland,2020-09-04,110831,3775,819.0,9.0,13.546863214725224,0.14886662873324422
Maryland,2020-09-05,111607,3786,776.0,11.0,12.835611544110835,0.18194810178507628
Maryland,2020-09-06,112119,3792,512.0,6.0,8.468857101269005,0.09924441915549614
Maryland,2020-09-07,112883,3795,764.0,3.0,12.637122705799845,0.04962220957774807
Maryland,2020-09-08,113239,3799,356.0,4.0,5.888502203226105,0.0661629461036641
Maryland,2020-09-09,113575,3802,336.0,3.0,5.5576874727077845,0.04962220957774807
Maryland,2020-09-10,114078,3813,503.0,11.0,8.31999047253576,0.18194810178507628
Maryland,2020-09-11,114724,3818,646.0,5.0,10.685315795741753,0.08270368262958014
Maryland,2020-09-12,115533,3826,809.0,8.0,13.381455849466064,0.1323258922073282
Maryland,2020-09-13,116110,3831,577.0,5.0,9.544004975453547,0.08270368262958014
Maryland,2020-09-14,116601,3832,491.0,1.0,8.121501634224769,0.016540736525916026
Maryland,2020-09-15,117258,3835,657.0,3.0,10.86726389752683,0.04962220957774807
Maryland,2020-09-16,118059,3843,801.0,8.0,13.249129957258738,0.1323258922073282
Maryland,2020-09-17,118644,3852,585.0,9.0,9.676330867660875,0.14886662873324422
Maryland,2020-09-18,119139,3859,495.0,7.0,8.187664580328432,0.11578515568141219
Maryland,2020-09-19,119794,3866,655.0,7.0,10.834182424474996,0.11578515568141219
Maryland,2020-09-20,120184,3871,390.0,5.0,6.45088724510725,0.08270368262958014
Maryland,2020-09-21,120562,3873,378.0,2.0,6.2523984067962575,0.03308147305183205
Maryland,2020-09-22,120912,3882,350.0,9.0,5.789257784070609,0.14886662873324422
Maryland,2020-09-23,121297,3891,385.0,9.0,6.368183562477671,0.14886662873324422
Maryland,2020-09-24,121800,3897,503.0,6.0,8.31999047253576,0.09924441915549614
Maryland,2020-09-25,122359,3907,559.0,10.0,9.246271717987058,0.16540736525916028
Maryland,2020-09-26,122972,3915,613.0,8.0,10.139471490386525,0.1323258922073282
Maryland,2020-09-27,123398,3919,426.0,4.0,7.046353760040227,0.0661629461036641
Maryland,2020-09-28,123878,3928,480.0,9.0,7.939553532439692,0.14886662873324422
Maryland,2020-09-29,124312,3935,434.0,7.0,7.178679652247554,0.11578515568141219
Maryland,2020-09-30,124725,3941,413.0,6.0,6.831324185203319,0.09924441915549614
Maryland,2020-10-01,125510,3944,785.0,3.0,12.98447817284408,0.04962220957774807
Massachusetts,2020-02-01,1,0,1.0,0.0,0.014508517442792551,0.0
Massachusetts,2020-02-02,1,0,0.0,0.0,0.0,0.0
Massachusetts,2020-02-03,1,0,0.0,0.0,0.0,0.0
Massachusetts,2020-02-04,1,0,0.0,0.0,0.0,0.0
Massachusetts,2020-02-05,1,0,0.0,0.0,0.0,0.0
Massachusetts,2020-02-06,1,0,0.0,0.0,0.0,0.0
Massachusetts,2020-02-07,1,0,0.0,0.0,0.0,0.0
Massachusetts,2020-02-08,1,0,0.0,0.0,0.0,0.0
Massachusetts,2020-02-09,1,0,0.0,0.0,0.0,0.0
Massachusetts,2020-02-10,1,0,0.0,0.0,0.0,0.0
Massachusetts,2020-02-11,1,0,0.0,0.0,0.0,0.0
Massachusetts,2020-02-12,1,0,0.0,0.0,0.0,0.0
Massachusetts,2020-02-13,1,0,0.0,0.0,0.0,0.0
Massachusetts,2020-02-14,1,0,0.0,0.0,0.0,0.0
Massachusetts,2020-02-15,1,0,0.0,0.0,0.0,0.0
Massachusetts,2020-02-16,1,0,0.0,0.0,0.0,0.0
Massachusetts,2020-02-17,1,0,0.0,0.0,0.0,0.0
Massachusetts,2020-02-18,1,0,0.0,0.0,0.0,0.0
Massachusetts,2020-02-19,1,0,0.0,0.0,0.0,0.0
Massachusetts,2020-02-20,1,0,0.0,0.0,0.0,0.0
Massachusetts,2020-02-21,1,0,0.0,0.0,0.0,0.0
Massachusetts,2020-02-22,1,0,0.0,0.0,0.0,0.0
Massachusetts,2020-02-23,1,0,0.0,0.0,0.0,0.0
Massachusetts,2020-02-24,1,0,0.0,0.0,0.0,0.0
Massachusetts,2020-02-25,1,0,0.0,0.0,0.0,0.0
Massachusetts,2020-02-26,1,0,0.0,0.0,0.0,0.0
Massachusetts,2020-02-27,1,0,0.0,0.0,0.0,0.0
Massachusetts,2020-02-28,1,0,0.0,0.0,0.0,0.0
Massachusetts,2020-02-29,1,0,0.0,0.0,0.0,0.0
Massachusetts,2020-03-01,1,0,0.0,0.0,0.0,0.0
Massachusetts,2020-03-02,1,0,0.0,0.0,0.0,0.0
Massachusetts,2020-03-03,2,0,1.0,0.0,0.014508517442792551,0.0
Massachusetts,2020-03-04,2,0,0.0,0.0,0.0,0.0
Massachusetts,2020-03-05,2,0,0.0,0.0,0.0,0.0
Massachusetts,2020-03-06,6,0,4.0,0.0,0.058034069771170205,0.0
Massachusetts,2020-03-07,6,0,0.0,0.0,0.0,0.0
Massachusetts,2020-03-08,22,0,16.0,0.0,0.23213627908468082,0.0
Massachusetts,2020-03-09,41,0,19.0,0.0,0.2756618314130585,0.0
Massachusetts,2020-03-10,92,0,51.0,0.0,0.7399343895824202,0.0
Massachusetts,2020-03-11,96,0,4.0,0.0,0.058034069771170205,0.0
Massachusetts,2020-03-12,107,0,11.0,0.0,0.15959369187071806,0.0
Massachusetts,2020-03-13,123,0,16.0,0.0,0.23213627908468082,0.0
Massachusetts,2020-03-14,138,0,15.0,0.0,0.21762776164188832,0.0
Massachusetts,2020-03-15,161,0,23.0,0.0,0.3336959011842287,0.0
Massachusetts,2020-03-16,187,0,26.0,0.0,0.3772214535126064,0.0
Massachusetts,2020-03-17,217,0,30.0,0.0,0.43525552328377665,0.0
Massachusetts,2020-03-18,252,0,35.0,0.0,0.5077981104977394,0.0
Massachusetts,2020-03-19,315,0,63.0,0.0,0.9140365988959308,0.0
Massachusetts,2020-03-20,397,1,82.0,1.0,1.1896984303089895,0.014508517442792551
Massachusetts,2020-03-21,498,2,101.0,1.0,1.4653602617220478,0.014508517442792551
Massachusetts,2020-03-22,611,5,113.0,3.0,1.6394624710355585,0.04352555232837766
Massachusetts,2020-03-23,719,5,108.0,0.0,1.5669198838215959,0.0
Massachusetts,2020-03-24,1067,7,348.0,2.0,5.048964070091809,0.029017034885585102
Massachusetts,2020-03-25,1676,11,609.0,4.0,8.835687122660666,0.058034069771170205
Massachusetts,2020-03-26,2147,21,471.0,10.0,6.833511715555292,0.14508517442792554
Massachusetts,2020-03-27,2937,31,790.0,10.0,11.461728779806117,0.14508517442792554
Massachusetts,2020-03-28,3901,40,964.0,9.0,13.98621081485202,0.130576656985133
Massachusetts,2020-03-29,4495,44,594.0,4.0,8.618059361018776,0.058034069771170205
Massachusetts,2020-03-30,5263,52,768.0,8.0,11.142541396064681,0.11606813954234041
Massachusetts,2020-03-31,6287,85,1024.0,33.0,14.856721861419572,0.4787810756121542
Massachusetts,2020-04-01,7487,118,1200.0,33.0,17.410220931351063,0.4787810756121542
Massachusetts,2020-04-02,8696,150,1209.0,32.0,17.540797588336197,0.46427255816936164
Massachusetts,2020-04-03,10189,188,1493.0,38.0,21.66121654208928,0.551323662826117
Massachusetts,2020-04-04,11462,213,1273.0,25.0,18.46934270467492,0.3627129360698138
Massachusetts,2020-04-05,12285,228,823.0,15.0,11.940509855418272,0.21762776164188832
Massachusetts,2020-04-06,13591,256,1306.0,28.0,18.948123780287073,0.4062384883981915
Massachusetts,2020-04-07,14971,351,1380.0,95.0,20.021754071053724,1.3783091570652926
Massachusetts,2020-04-08,16567,426,1596.0,75.0,23.155593838696912,1.0881388082094414
Massachusetts,2020-04-09,18738,496,2171.0,70.0,31.497991368302632,1.0155962209954787
Massachusetts,2020-04-10,20844,592,2106.0,96.0,30.55493773452112,1.3928176745080851
Massachusetts,2020-04-11,22634,679,1790.0,87.0,25.97024622259867,1.2622410175229521
Massachusetts,2020-04-12,25101,749,2467.0,70.0,35.792512531369226,1.0155962209954787
Massachusetts,2020-04-13,26419,835,1318.0,86.0,19.122225989600583,1.2477325000801596
Massachusetts,2020-04-14,27657,948,1238.0,113.0,17.96154459417718,1.6394624710355585
Massachusetts,2020-04-15,29346,1099,1689.0,151.0,24.50488596087662,2.1907861338616756
Massachusetts,2020-04-16,31543,1234,2197.0,135.0,31.87521282181524,1.9586498547769946
Massachusetts,2020-04-17,33642,1390,2099.0,156.0,30.453378112421568,2.2633287210756383
Massachusetts,2020-04-18,35639,1545,1997.0,155.0,28.973509333256725,2.248820203632846
Massachusetts,2020-04-19,37262,1690,1623.0,145.0,23.547323809652315,2.10373502920492
Massachusetts,2020-04-20,38788,1801,1526.0,111.0,22.139997617701436,1.6104454361499732
Massachusetts,2020-04-21,40270,1953,1482.0,152.0,21.501622850218563,2.205294651304468
Massachusetts,2020-04-22,42090,2173,1820.0,220.0,26.405501745882443,3.1918738374143616
Massachusetts,2020-04-23,45286,2350,3196.0,177.0,46.369221747165,2.568007587374282
Massachusetts,2020-04-24,50178,2544,4892.0,194.0,70.97566733014116,2.8146523839017554
Massachusetts,2020-04-25,52595,2717,2417.0,173.0,35.0670866592296,2.509973517603112
Massachusetts,2020-04-26,54016,2885,1421.0,168.0,20.616603286208218,2.4374309303891493
Massachusetts,2020-04-27,55667,2995,1651.0,110.0,23.953562298050503,1.5959369187071808
Massachusetts,2020-04-28,57677,3147,2010.0,152.0,29.16212006001303,2.205294651304468
Massachusetts,2020-04-29,59795,3400,2118.0,253.0,30.72903994383463,3.670654913026516
Massachusetts,2020-04-30,61762,3557,1967.0,157.0,28.538253809972954,2.2778372385184307
Massachusetts,2020-05-01,63886,3710,2124.0,153.0,30.816091048491383,2.2198031687472604
Massachusetts,2020-05-02,65886,3842,2000.0,132.0,29.017034885585108,1.9151243024486169
Massachusetts,2020-05-03,67106,3997,1220.0,155.0,17.700391280206915,2.248820203632846
Massachusetts,2020-05-04,68425,4083,1319.0,86.0,19.13673450704338,1.2477325000801596
Massachusetts,2020-05-05,69677,4205,1252.0,122.0,18.164663838376274,1.7700391280206915
Massachusetts,2020-05-06,71698,4417,2021.0,212.0,29.32171375188375,3.075805697872021
Massachusetts,2020-05-07,73393,4549,1695.0,132.0,24.59193706553338,1.9151243024486169
Massachusetts,2020-05-08,75036,4699,1643.0,150.0,23.837494158508164,2.176277616418883
Massachusetts,2020-05-09,76455,4837,1419.0,138.0,20.58758625132263,2.0021754071053723
Massachusetts,2020-05-10,77491,4974,1036.0,137.0,15.030824070733084,1.9876668896625795
Massachusetts,2020-05-11,78175,5103,684.0,129.0,9.923825930870105,1.8715987501202394
Massachusetts,2020-05-12,79059,5137,884.0,34.0,12.825529419428618,0.4932895930549468
Massachusetts,2020-05-13,80233,5311,1174.0,174.0,17.03299947783846,2.5244820350459043
Massachusetts,2020-05-14,81882,5479,1649.0,168.0,23.92454526316492,2.4374309303891493
Massachusetts,2020-05-15,83136,5589,1254.0,110.0,18.19368087326186,1.5959369187071808
Massachusetts,2020-05-16,84624,5702,1488.0,113.0,21.58867395487532,1.6394624710355585
Massachusetts,2020-05-17,85695,5794,1071.0,92.0,15.538622181230824,1.3347836047369148
Massachusetts,2020-05-18,86740,5859,1045.0,65.0,15.161400727718217,0.943053633781516
Massachusetts,2020-05-19,87637,5935,897.0,76.0,13.014140146184921,1.102647325652234
Massachusetts,2020-05-20,88676,6063,1039.0,128.0,15.074349623061464,1.8570902326774466
Massachusetts,2020-05-21,89780,6145,1104.0,82.0,16.01740325684298,1.1896984303089895
Massachusetts,2020-05-22,90593,6225,813.0,80.0,11.795424680990346,1.1606813954234043
Massachusetts,2020-05-23,91343,6301,750.0,76.0,10.881388082094416,1.102647325652234
Massachusetts,2020-05-24,92367,6368,1024.0,67.0,14.856721861419572,0.9720706686671011
Massachusetts,2020-05-25,92960,6412,593.0,44.0,8.603550843575984,0.6383747674828723
Massachusetts,2020-05-26,93396,6469,436.0,57.0,6.325713605057553,0.8269854942391754
Massachusetts,2020-05-27,93911,6542,515.0,73.0,7.471886483038165,1.0591217733238565
Massachusetts,2020-05-28,94577,6634,666.0,92.0,9.66267261689984,1.3347836047369148
Massachusetts,2020-05-29,95223,6711,646.0,77.0,9.37250226804399,1.1171558430950266
Massachusetts,2020-05-30,95965,6762,742.0,51.0,10.765319942552074,0.7399343895824202
Massachusetts,2020-05-31,96669,6839,704.0,77.0,10.213996279725956,1.1171558430950266
Massachusetts,2020-06-01,100461,7021,3792.0,182.0,55.01629814306936,2.640550174588245
Massachusetts,2020-06-02,100842,7073,381.0,52.0,5.527745145703962,0.7544429070252128
Massachusetts,2020-06-03,101285,7140,443.0,67.0,6.427273227157102,0.9720706686671011
Massachusetts,2020-06-04,101752,7191,467.0,51.0,6.775477645784123,0.7399343895824202
Massachusetts,2020-06-05,102243,7228,491.0,37.0,7.123682064411143,0.5368151453833244
Massachusetts,2020-06-06,102835,7281,592.0,53.0,8.58904232613319,0.7689514244680052
Massachusetts,2020-06-07,103144,7308,309.0,27.0,4.483131889822899,0.39172997095539897
Massachusetts,2020-06-08,103314,7345,170.0,37.0,2.466447965274734,0.5368151453833244
Massachusetts,2020-06-09,103588,7398,274.0,53.0,3.975333779325159,0.7689514244680052
Massachusetts,2020-06-10,103859,7444,271.0,46.0,3.931808226996782,0.6673918023684574
Massachusetts,2020-06-11,104363,7481,504.0,37.0,7.3122927911674465,0.5368151453833244
Massachusetts,2020-06-12,104761,7528,398.0,47.0,5.774389942231436,0.68190031981125
Massachusetts,2020-06-13,105086,7566,325.0,38.0,4.7152681689075795,0.551323662826117
Massachusetts,2020-06-14,105284,7614,198.0,48.0,2.8726864536729253,0.6964088372540426
Massachusetts,2020-06-15,105378,7637,94.0,23.0,1.3638006396225,0.3336959011842287
Massachusetts,2020-06-16,105577,7656,199.0,19.0,2.887194971115718,0.2756618314130585
Massachusetts,2020-06-17,105845,7725,268.0,69.0,3.8882826746684045,1.0010877035526862
Massachusetts,2020-06-18,106114,7760,269.0,35.0,3.9027911921111964,0.5077981104977394
Massachusetts,2020-06-19,106354,7790,240.0,30.0,3.482044186270213,0.43525552328377665
Massachusetts,2020-06-20,106639,7817,285.0,27.0,4.134927471195877,0.39172997095539897
Massachusetts,2020-06-21,106758,7845,119.0,28.0,1.7265135756923138,0.4062384883981915
Massachusetts,2020-06-22,106910,7861,152.0,16.0,2.205294651304468,0.23213627908468082
Massachusetts,2020-06-23,107151,7882,241.0,21.0,3.496552703713005,0.30467886629864366
Massachusetts,2020-06-24,107321,7930,170.0,48.0,2.466447965274734,0.6964088372540426
Massachusetts,2020-06-25,107554,7956,233.0,26.0,3.3804845641706645,0.3772214535126064
Massachusetts,2020-06-26,107785,8000,231.0,44.0,3.3514675292850797,0.6383747674828723
Massachusetts,2020-06-27,108154,8024,369.0,24.0,5.353642936390452,0.3482044186270213
Massachusetts,2020-06-28,108380,8034,226.0,10.0,3.278924942071117,0.14508517442792554
Massachusetts,2020-06-29,108462,8034,82.0,0.0,1.1896984303089895,0.0
Massachusetts,2020-06-30,108594,8045,132.0,11.0,1.9151243024486169,0.15959369187071806
Massachusetts,2020-07-01,108796,8074,202.0,29.0,2.9307205234440956,0.42074700584098407
Massachusetts,2020-07-02,109051,8124,255.0,50.0,3.699671947912101,0.7254258721396276
Massachusetts,2020-07-03,109336,8140,285.0,16.0,4.134927471195877,0.23213627908468082
Massachusetts,2020-07-04,109547,8164,211.0,24.0,3.061297180429229,0.3482044186270213
Massachusetts,2020-07-05,109683,8176,136.0,12.0,1.9731583722197872,0.17410220931351064
Massachusetts,2020-07-06,109845,8191,162.0,15.0,2.3503798257323933,0.21762776164188832
Massachusetts,2020-07-07,110044,8206,199.0,15.0,2.887194971115718,0.21762776164188832
Massachusetts,2020-07-08,110304,8236,260.0,30.0,3.772214535126064,0.43525552328377665
Massachusetts,2020-07-09,110600,8262,296.0,26.0,4.294521163066595,0.3772214535126064
Massachusetts,2020-07-10,110816,8289,216.0,27.0,3.1338397676431917,0.39172997095539897
Massachusetts,2020-07-11,111095,8303,279.0,14.0,4.047876366539122,0.20311924419909574
Massachusetts,2020-07-12,111297,8317,202.0,14.0,2.9307205234440956,0.20311924419909574
Massachusetts,2020-07-13,111528,8323,231.0,6.0,3.3514675292850797,0.08705110465675532
Massachusetts,2020-07-14,111830,8332,302.0,9.0,4.381572267723351,0.130576656985133
Massachusetts,2020-07-15,112045,8357,215.0,25.0,3.119331250200399,0.3627129360698138
Massachusetts,2020-07-16,112265,8370,220.0,13.0,3.1918738374143616,0.1886107267563032
Massachusetts,2020-07-17,112564,8391,299.0,21.0,4.338046715394974,0.30467886629864366
Massachusetts,2020-07-18,112918,8409,354.0,18.0,5.136015174748564,0.261153313970266
Massachusetts,2020-07-19,113219,8419,301.0,10.0,4.3670637502805585,0.14508517442792554
Massachusetts,2020-07-20,113472,8425,253.0,6.0,3.670654913026516,0.08705110465675532
Massachusetts,2020-07-21,113722,8444,250.0,19.0,3.6271293606981385,0.2756618314130585
Massachusetts,2020-07-22,114005,8462,283.0,18.0,4.1059104363102925,0.261153313970266
Massachusetts,2020-07-23,114326,8478,321.0,16.0,4.657234099136409,0.23213627908468082
Massachusetts,2020-07-24,114657,8501,331.0,23.0,4.802319273564335,0.3336959011842287
Massachusetts,2020-07-25,114945,8504,288.0,3.0,4.178453023524256,0.04352555232837766
Massachusetts,2020-07-26,115312,8523,367.0,19.0,5.324625901504867,0.2756618314130585
Massachusetts,2020-07-27,115598,8530,286.0,7.0,4.14943598863867,0.10155962209954787
Massachusetts,2020-07-28,115853,8545,255.0,15.0,3.699671947912101,0.21762776164188832
Massachusetts,2020-07-29,116350,8574,497.0,29.0,7.210733169067899,0.42074700584098407
Massachusetts,2020-07-30,116763,8589,413.0,15.0,5.992017703873325,0.21762776164188832
Massachusetts,2020-07-31,117305,8603,542.0,14.0,7.863616453993564,0.20311924419909574
Massachusetts,2020-08-01,117737,8620,432.0,17.0,6.267679535286383,0.2466447965274734
Massachusetts,2020-08-02,118152,8632,415.0,12.0,6.021034738758909,0.17410220931351064
Massachusetts,2020-08-03,118354,8642,202.0,10.0,2.9307205234440956,0.14508517442792554
Massachusetts,2020-08-04,118885,8651,531.0,9.0,7.704022762122846,0.130576656985133
Massachusetts,2020-08-05,119301,8653,416.0,2.0,6.035543256201702,0.029017034885585102
Massachusetts,2020-08-06,119566,8685,265.0,32.0,3.8447571223400265,0.46427255816936164
Massachusetts,2020-08-07,119977,8703,411.0,18.0,5.963000668987739,0.261153313970266
Massachusetts,2020-08-08,120395,8715,418.0,12.0,6.064560291087287,0.17410220931351064
Massachusetts,2020-08-09,120715,8729,320.0,14.0,4.642725581693617,0.20311924419909574
Massachusetts,2020-08-10,120986,8735,271.0,6.0,3.931808226996782,0.08705110465675532
Massachusetts,2020-08-11,121382,8745,396.0,10.0,5.745372907345851,0.14508517442792554
Massachusetts,2020-08-12,121382,8745,0.0,0.0,0.0,0.0
Massachusetts,2020-08-13,121382,8745,0.0,0.0,0.0,0.0
Massachusetts,2020-08-14,121382,8745,0.0,0.0,0.0,0.0
Massachusetts,2020-08-15,121382,8745,0.0,0.0,0.0,0.0
Massachusetts,2020-08-16,121382,8745,0.0,0.0,0.0,0.0
Massachusetts,2020-08-17,121382,8745,0.0,0.0,0.0,0.0
Massachusetts,2020-08-18,121382,8745,0.0,0.0,0.0,0.0
Massachusetts,2020-08-19,121382,8871,0.0,126.0,0.0,1.8280731977918616
Massachusetts,2020-08-20,121382,8883,0.0,12.0,0.0,0.17410220931351064
Massachusetts,2020-08-21,123949,8883,2567.0,0.0,37.24336427564848,0.0
Massachusetts,2020-08-22,124040,8916,91.0,33.0,1.3202750872941225,0.4787810756121542
Massachusetts,2020-08-23,124040,8916,0.0,0.0,0.0,0.0
Massachusetts,2020-08-24,124612,8944,572.0,28.0,8.29887197727734,0.4062384883981915
Massachusetts,2020-08-25,124935,8956,323.0,12.0,4.686251134021995,0.17410220931351064
Massachusetts,2020-08-26,125249,8982,314.0,26.0,4.555674477036861,0.3772214535126064
Massachusetts,2020-08-27,125602,9003,353.0,21.0,5.121506657305771,0.30467886629864366
Massachusetts,2020-08-28,126035,9019,433.0,16.0,6.282188052729176,0.23213627908468082
Massachusetts,2020-08-29,126456,9030,421.0,11.0,6.108085843415665,0.15959369187071806
Massachusetts,2020-08-30,126633,9043,177.0,13.0,2.568007587374282,0.1886107267563032
Massachusetts,2020-08-31,126930,9052,297.0,9.0,4.309029680509388,0.130576656985133
Massachusetts,2020-09-01,127272,9055,342.0,3.0,4.961912965435053,0.04352555232837766
Massachusetts,2020-09-02,127603,9055,331.0,0.0,4.802319273564335,0.0
Massachusetts,2020-09-03,127934,9072,331.0,17.0,4.802319273564335,0.2466447965274734
Massachusetts,2020-09-04,128093,9095,159.0,23.0,2.3068542734040163,0.3336959011842287
Massachusetts,2020-09-05,128349,9111,256.0,16.0,3.714180465354893,0.23213627908468082
Massachusetts,2020-09-06,128620,9120,271.0,9.0,3.931808226996782,0.130576656985133
Massachusetts,2020-09-07,128790,9128,170.0,8.0,2.466447965274734,0.11606813954234041
Massachusetts,2020-09-08,129331,9136,541.0,8.0,7.849107936550771,0.11606813954234041
Massachusetts,2020-09-09,129510,9141,179.0,5.0,2.597024622259867,0.07254258721396277
Massachusetts,2020-09-10,129892,9162,382.0,21.0,5.542253663146755,0.30467886629864366
Massachusetts,2020-09-11,130294,9175,402.0,13.0,5.8324240120026065,0.1886107267563032
Massachusetts,2020-09-12,130738,9191,444.0,16.0,6.441781744599893,0.23213627908468082
Massachusetts,2020-09-13,131000,9205,262.0,14.0,3.801231570011649,0.20311924419909574
Massachusetts,2020-09-14,131235,9214,235.0,9.0,3.4095015990562496,0.130576656985133
Massachusetts,2020-09-15,131537,9219,302.0,5.0,4.381572267723351,0.07254258721396277
Massachusetts,2020-09-16,131842,9240,305.0,21.0,4.425097820051729,0.30467886629864366
Massachusetts,2020-09-17,132271,9255,429.0,15.0,6.224153982958005,0.21762776164188832
Massachusetts,2020-09-18,132694,9264,423.0,9.0,6.137102878301251,0.130576656985133
Massachusetts,2020-09-19,133253,9290,559.0,26.0,8.110261250521036,0.3772214535126064
Massachusetts,2020-09-20,133599,9305,346.0,15.0,5.019947035206224,0.21762776164188832
Massachusetts,2020-09-21,133839,9312,240.0,7.0,3.482044186270213,0.10155962209954787
Massachusetts,2020-09-22,133997,9323,158.0,11.0,2.2923457559612235,0.15959369187071806
Massachusetts,2020-09-23,133997,9323,0.0,0.0,0.0,0.0
Massachusetts,2020-09-24,134553,9357,556.0,34.0,8.066735698192659,0.4932895930549468
Massachusetts,2020-09-25,135004,9367,451.0,10.0,6.543341366699441,0.14508517442792554
Massachusetts,2020-09-26,135523,9386,519.0,19.0,7.529920552809335,0.2756618314130585
Massachusetts,2020-09-27,136110,9386,587.0,0.0,8.51649973891923,0.0
Massachusetts,2020-09-28,136476,9410,366.0,24.0,5.310117384062075,0.3482044186270213
Massachusetts,2020-09-29,136928,9418,452.0,8.0,6.557849884142234,0.11606813954234041
Massachusetts,2020-09-30,137436,9451,508.0,33.0,7.370326860938617,0.4787810756121542
Massachusetts,2020-10-01,138141,9475,705.0,24.0,10.22850479716875,0.3482044186270213
Michigan,2020-02-01,0,0,0.0,0.0,0.0,0.0
Michigan,2020-02-02,0,0,0.0,0.0,0.0,0.0
Michigan,2020-02-03,0,0,0.0,0.0,0.0,0.0
Michigan,2020-02-04,0,0,0.0,0.0,0.0,0.0
Michigan,2020-02-05,0,0,0.0,0.0,0.0,0.0
Michigan,2020-02-06,0,0,0.0,0.0,0.0,0.0
Michigan,2020-02-07,0,0,0.0,0.0,0.0,0.0
Michigan,2020-02-08,0,0,0.0,0.0,0.0,0.0
Michigan,2020-02-09,0,0,0.0,0.0,0.0,0.0
Michigan,2020-02-10,0,0,0.0,0.0,0.0,0.0
Michigan,2020-02-11,0,0,0.0,0.0,0.0,0.0
Michigan,2020-02-12,0,0,0.0,0.0,0.0,0.0
Michigan,2020-02-13,0,0,0.0,0.0,0.0,0.0
Michigan,2020-02-14,0,0,0.0,0.0,0.0,0.0
Michigan,2020-02-15,0,0,0.0,0.0,0.0,0.0
Michigan,2020-02-16,0,0,0.0,0.0,0.0,0.0
Michigan,2020-02-17,0,0,0.0,0.0,0.0,0.0
Michigan,2020-02-18,0,0,0.0,0.0,0.0,0.0
Michigan,2020-02-19,0,0,0.0,0.0,0.0,0.0
Michigan,2020-02-20,0,0,0.0,0.0,0.0,0.0
Michigan,2020-02-21,0,0,0.0,0.0,0.0,0.0
Michigan,2020-02-22,0,0,0.0,0.0,0.0,0.0
Michigan,2020-02-23,0,0,0.0,0.0,0.0,0.0
Michigan,2020-02-24,0,0,0.0,0.0,0.0,0.0
Michigan,2020-02-25,0,0,0.0,0.0,0.0,0.0
Michigan,2020-02-26,0,0,0.0,0.0,0.0,0.0
Michigan,2020-02-27,0,0,0.0,0.0,0.0,0.0
Michigan,2020-02-28,0,0,0.0,0.0,0.0,0.0
Michigan,2020-02-29,0,0,0.0,0.0,0.0,0.0
Michigan,2020-03-01,0,0,0.0,0.0,0.0,0.0
Michigan,2020-03-02,0,0,0.0,0.0,0.0,0.0
Michigan,2020-03-03,0,0,0.0,0.0,0.0,0.0
Michigan,2020-03-04,0,0,0.0,0.0,0.0,0.0
Michigan,2020-03-05,0,0,0.0,0.0,0.0,0.0
Michigan,2020-03-06,0,0,0.0,0.0,0.0,0.0
Michigan,2020-03-07,0,0,0.0,0.0,0.0,0.0
Michigan,2020-03-08,0,0,0.0,0.0,0.0,0.0
Michigan,2020-03-09,0,0,0.0,0.0,0.0,0.0
Michigan,2020-03-10,2,0,2.0,0.0,0.020026320593155584,0.0
Michigan,2020-03-11,2,0,0.0,0.0,0.0,0.0
Michigan,2020-03-12,12,0,10.0,0.0,0.10013160296577792,0.0
Michigan,2020-03-13,24,0,12.0,0.0,0.12015792355893351,0.0
Michigan,2020-03-14,32,0,8.0,0.0,0.08010528237262234,0.0
Michigan,2020-03-15,52,0,20.0,0.0,0.20026320593155583,0.0
Michigan,2020-03-16,54,0,2.0,0.0,0.020026320593155584,0.0
Michigan,2020-03-17,65,0,11.0,0.0,0.11014476326235573,0.0
Michigan,2020-03-18,80,1,15.0,1.0,0.1501974044486669,0.010013160296577792
Michigan,2020-03-19,324,1,244.0,0.0,2.443211112364981,0.0
Michigan,2020-03-20,548,3,224.0,2.0,2.2429479064334257,0.020026320593155584
Michigan,2020-03-21,786,5,238.0,2.0,2.3831321505855145,0.020026320593155584
Michigan,2020-03-22,1035,6,249.0,1.0,2.4932769138478705,0.010013160296577792
Michigan,2020-03-23,1323,14,288.0,8.0,2.8837901654144042,0.08010528237262234
Michigan,2020-03-24,1781,23,458.0,9.0,4.586027415832628,0.09011844266920013
Michigan,2020-03-25,2279,41,498.0,18.0,4.986553827695741,0.18023688533840027
Michigan,2020-03-26,2835,57,556.0,16.0,5.567317124897253,0.16021056474524467
Michigan,2020-03-27,3625,86,790.0,29.0,7.910396634296456,0.290381648600756
Michigan,2020-03-28,4588,104,963.0,18.0,9.642673365604413,0.18023688533840027
Michigan,2020-03-29,5388,127,800.0,23.0,8.010528237262234,0.23030268682128924
Michigan,2020-03-30,6400,184,1012.0,57.0,10.133318220136726,0.5707501369049341
Michigan,2020-03-31,7500,259,1100.0,75.0,11.01447632623557,0.7509870222433345
Michigan,2020-04-01,9128,334,1628.0,75.0,16.301424962828644,0.7509870222433345
Michigan,2020-04-02,10563,416,1435.0,82.0,14.368885025589133,0.8210791443193789
Michigan,2020-04-03,12450,477,1887.0,61.0,18.894833479642294,0.6108027780912453
Michigan,2020-04-04,13887,538,1437.0,61.0,14.388911346182288,0.6108027780912453
Michigan,2020-04-05,15281,614,1394.0,76.0,13.958345453429443,0.7610001825399122
Michigan,2020-04-06,16756,725,1475.0,111.0,14.769411437452243,1.111460792920135
Michigan,2020-04-07,18442,842,1686.0,117.0,16.88218826003016,1.1715397546996016
Michigan,2020-04-08,19857,955,1415.0,113.0,14.168621819657577,1.1314871135132905
Michigan,2020-04-09,21007,1070,1150.0,115.0,11.515134341064462,1.1515134341064461
Michigan,2020-04-10,22211,1272,1204.0,202.0,12.055844997079662,2.022658379908714
Michigan,2020-04-11,23376,1376,1165.0,104.0,11.665331745513129,1.0413686708440903
Michigan,2020-04-12,24013,1466,637.0,90.0,6.378383108920054,0.9011844266920014
Michigan,2020-04-13,25017,1466,1004.0,0.0,10.053212937764103,0.0
Michigan,2020-04-14,26301,1753,1284.0,287.0,12.856897820805884,2.8737770051178266
Michigan,2020-04-15,27307,1902,1006.0,149.0,10.07323925835726,1.491960884190091
Michigan,2020-04-16,28515,2075,1208.0,173.0,12.095897638265972,1.7322767313079581
Michigan,2020-04-17,29345,2207,830.0,132.0,8.310923046159568,1.3217371591482685
Michigan,2020-04-18,30072,2286,727.0,79.0,7.279567535612055,0.7910396634296456
Michigan,2020-04-19,30706,2367,634.0,81.0,6.34834362803032,0.8110659840228012
Michigan,2020-04-20,31280,2442,574.0,75.0,5.747554010235653,0.7509870222433345
Michigan,2020-04-21,32234,2678,954.0,236.0,9.552554922935213,2.363105829992359
Michigan,2020-04-22,33209,2789,975.0,111.0,9.762831289163346,1.111460792920135
Michigan,2020-04-23,34420,2951,1211.0,162.0,12.125937119155706,1.6221319680456023
Michigan,2020-04-24,35570,3057,1150.0,106.0,11.515134341064462,1.061394991437246
Michigan,2020-04-25,36078,3241,508.0,184.0,5.086685430661519,1.842421494570314
Michigan,2020-04-26,36618,3282,540.0,41.0,5.407106560152008,0.41053957215968945
Michigan,2020-04-27,37056,3368,438.0,86.0,4.385764209901073,0.8611317855056903
Michigan,2020-04-28,38065,3527,1009.0,159.0,10.103278739246992,1.5920924871558688
Michigan,2020-04-29,39002,3630,937.0,103.0,9.382331197893391,1.0313555105475125
Michigan,2020-04-30,39793,3746,791.0,116.0,7.920409794593033,1.161526594403024
Michigan,2020-05-01,40659,3822,866.0,76.0,8.671396816836369,0.7610001825399122
Michigan,2020-05-02,41237,3976,578.0,154.0,5.787606651421964,1.54202668567298
Michigan,2020-05-03,41736,4005,499.0,29.0,4.996566987992319,0.290381648600756
Michigan,2020-05-04,41949,4086,213.0,81.0,2.1328031431710697,0.8110659840228012
Michigan,2020-05-05,42323,4127,374.0,41.0,3.7449219509200944,0.41053957215968945
Michigan,2020-05-06,43005,4199,682.0,72.0,6.828975322266054,0.7209475413536011
Michigan,2020-05-07,43466,4289,461.0,90.0,4.616066896722362,0.9011844266920014
Michigan,2020-05-08,44011,4340,545.0,51.0,5.457172361634897,0.5106711751254673
Michigan,2020-05-09,44475,4472,464.0,132.0,4.646106377612096,1.3217371591482685
Michigan,2020-05-10,44848,4495,373.0,23.0,3.7349087906235168,0.23030268682128924
Michigan,2020-05-11,45255,4525,407.0,30.0,4.075356240707161,0.3003948088973338
Michigan,2020-05-12,45676,4613,421.0,88.0,4.215540484859251,0.8811581060988458
Michigan,2020-05-13,46037,4652,361.0,39.0,3.614750867064583,0.3905132515665339
Michigan,2020-05-14,47165,4726,1128.0,74.0,11.294844814539749,0.7409738619467566
Michigan,2020-05-15,47622,4764,457.0,38.0,4.576014255536051,0.3805000912699561
Michigan,2020-05-16,48071,4820,449.0,56.0,4.495908973163429,0.5607369766083564
Michigan,2020-05-17,48392,4830,321.0,10.0,3.214224455201471,0.10013160296577792
Michigan,2020-05-18,48674,4854,282.0,24.0,2.823711203634937,0.24031584711786702
Michigan,2020-05-19,49091,4953,417.0,99.0,4.175487843672939,0.9913028693612014
Michigan,2020-05-20,49655,4996,564.0,43.0,5.647422407269874,0.4305658927528451
Michigan,2020-05-21,50067,5063,412.0,67.0,4.12542204219005,0.6708817398707121
Michigan,2020-05-22,50428,5092,361.0,29.0,3.614750867064583,0.290381648600756
Michigan,2020-05-23,50878,5153,450.0,61.0,4.505922133460007,0.6108027780912453
Michigan,2020-05-24,51174,5158,296.0,5.0,2.9638954477870265,0.05006580148288896
Michigan,2020-05-25,51375,5171,201.0,13.0,2.012645219612136,0.1301710838555113
Michigan,2020-05-26,51573,5198,198.0,27.0,1.9826057387224028,0.2703553280076004
Michigan,2020-05-27,51747,5266,174.0,68.0,1.742289891604536,0.6808949001672898
Michigan,2020-05-28,52194,5302,447.0,36.0,4.475882652570273,0.36047377067680053
Michigan,2020-05-29,52606,5335,412.0,33.0,4.12542204219005,0.3304342897870671
Michigan,2020-05-30,52780,5390,174.0,55.0,1.742289891604536,0.5507238163117786
Michigan,2020-05-31,53266,5418,486.0,28.0,4.866395904136807,0.2803684883041782
Michigan,2020-06-01,53405,5441,139.0,23.0,1.3918292812243132,0.23030268682128924
Michigan,2020-06-02,53562,5477,157.0,36.0,1.5720661665627134,0.36047377067680053
Michigan,2020-06-03,53835,5496,273.0,19.0,2.7335927609657373,0.19025004563497805
Michigan,2020-06-04,54060,5521,225.0,25.0,2.2529610667300033,0.2503290074144448
Michigan,2020-06-05,59237,5779,5177.0,258.0,51.83813085538323,2.5833953565170704
Michigan,2020-06-06,59681,5815,444.0,36.0,4.44584317168054,0.36047377067680053
Michigan,2020-06-07,60097,5819,416.0,4.0,4.165474683376361,0.04005264118631117
Michigan,2020-06-08,60361,5836,264.0,17.0,2.643474318296537,0.17022372504182245
Michigan,2020-06-09,60662,5868,301.0,32.0,3.0139612492699155,0.32042112949048934
Michigan,2020-06-10,60861,5878,199.0,10.0,1.9926188990189806,0.10013160296577792
Michigan,2020-06-11,61065,5906,204.0,28.0,2.0426847005018693,0.2803684883041782
Michigan,2020-06-12,61308,5913,243.0,7.0,2.4331979520684035,0.07009212207604455
Michigan,2020-06-13,61481,5938,173.0,25.0,1.7322767313079581,0.2503290074144448
Michigan,2020-06-14,61695,5941,214.0,3.0,2.1428163034676477,0.030039480889733378
Michigan,2020-06-15,61810,5944,115.0,3.0,1.1515134341064461,0.030039480889733378
Michigan,2020-06-16,61993,5960,183.0,16.0,1.832408334273736,0.16021056474524467
Michigan,2020-06-17,62215,5962,222.0,2.0,2.22292158584027,0.020026320593155584
Michigan,2020-06-18,62493,5988,278.0,26.0,2.7836585624486263,0.2603421677110226
Michigan,2020-06-19,62785,5994,292.0,6.0,2.9238428066007156,0.060078961779466755
Michigan,2020-06-20,63219,6013,434.0,19.0,4.345711568714762,0.19025004563497805
Michigan,2020-06-21,63382,6016,163.0,3.0,1.63214512834218,0.030039480889733378
Michigan,2020-06-22,63618,6022,236.0,6.0,2.363105829992359,0.060078961779466755
Michigan,2020-06-23,63859,6034,241.0,12.0,2.413171631475248,0.12015792355893351
Michigan,2020-06-24,64196,6040,337.0,6.0,3.3744350199467155,0.060078961779466755
Michigan,2020-06-25,64630,6058,434.0,18.0,4.345711568714762,0.18023688533840027
Michigan,2020-06-26,64950,6061,320.0,3.0,3.2042112949048933,0.030039480889733378
Michigan,2020-06-27,65302,6080,352.0,19.0,3.5246324243953833,0.19025004563497805
Michigan,2020-06-28,65556,6084,254.0,4.0,2.5433427153307595,0.04005264118631117
Michigan,2020-06-29,65830,6088,274.0,4.0,2.743605921262315,0.04005264118631117
Michigan,2020-06-30,66328,6119,498.0,31.0,4.986553827695741,0.31040796919391156
Michigan,2020-07-01,66749,6124,421.0,5.0,4.215540484859251,0.05006580148288896
Michigan,2020-07-02,67337,6137,588.0,13.0,5.887738254387742,0.1301710838555113
Michigan,2020-07-03,67806,6140,469.0,3.0,4.696172179094985,0.030039480889733378
Michigan,2020-07-04,68200,6144,394.0,4.0,3.94518515685165,0.04005264118631117
Michigan,2020-07-05,68533,6144,333.0,0.0,3.3343823787604046,0.0
Michigan,2020-07-06,68840,6147,307.0,3.0,3.074040211049382,0.030039480889733378
Michigan,2020-07-07,69460,6177,620.0,30.0,6.208159383878231,0.3003948088973338
Michigan,2020-07-08,70108,6188,648.0,11.0,6.488527872182409,0.11014476326235573
Michigan,2020-07-09,70714,6196,606.0,8.0,6.067975139726142,0.08010528237262234
Michigan,2020-07-10,71328,6211,614.0,15.0,6.148080422098764,0.1501974044486669
Michigan,2020-07-11,71959,6239,631.0,28.0,6.318304147140586,0.2803684883041782
Michigan,2020-07-12,72395,6240,436.0,1.0,4.365737889307917,0.010013160296577792
Michigan,2020-07-13,72812,6246,417.0,6.0,4.175487843672939,0.060078961779466755
Michigan,2020-07-14,73484,6251,672.0,5.0,6.728843719300276,0.05006580148288896
Michigan,2020-07-15,74533,6255,1049.0,4.0,10.503805151110104,0.04005264118631117
Michigan,2020-07-16,75438,6273,905.0,18.0,9.061910068402902,0.18023688533840027
Michigan,2020-07-17,76216,6280,778.0,7.0,7.790238710737523,0.07009212207604455
Michigan,2020-07-18,76879,6290,663.0,10.0,6.638725276631075,0.10013160296577792
Michigan,2020-07-19,77445,6292,566.0,2.0,5.66744872786303,0.020026320593155584
Michigan,2020-07-20,77954,6298,509.0,6.0,5.096698590958097,0.060078961779466755
Michigan,2020-07-21,78626,6307,672.0,9.0,6.728843719300276,0.09011844266920013
Michigan,2020-07-22,79321,6310,695.0,3.0,6.959146406121566,0.030039480889733378
Michigan,2020-07-23,80054,6314,733.0,4.0,7.339646497391522,0.04005264118631117
Michigan,2020-07-24,80675,6315,621.0,1.0,6.218172544174809,0.010013160296577792
Michigan,2020-07-25,81166,6320,491.0,5.0,4.916461705619696,0.05006580148288896
Michigan,2020-07-26,82249,6320,1083.0,0.0,10.844252601193748,0.0
Michigan,2020-07-27,82749,6323,500.0,3.0,5.006580148288896,0.030039480889733378
Michigan,2020-07-28,83477,6323,728.0,0.0,7.289580695908633,0.0
Michigan,2020-07-29,84446,6347,969.0,24.0,9.70275232738388,0.24031584711786702
Michigan,2020-07-30,85345,6365,899.0,18.0,9.001831106623435,0.18023688533840027
Michigan,2020-07-31,86156,6372,811.0,7.0,8.120673000524588,0.07009212207604455
Michigan,2020-08-01,86879,6377,723.0,5.0,7.239514894425744,0.05006580148288896
Michigan,2020-08-02,87296,6378,417.0,1.0,4.175487843672939,0.010013160296577792
Michigan,2020-08-03,87887,6384,591.0,6.0,5.917777735277475,0.060078961779466755
Michigan,2020-08-04,88617,6393,730.0,9.0,7.309607016501789,0.09011844266920013
Michigan,2020-08-05,89281,6398,664.0,5.0,6.648738436927654,0.05006580148288896
Michigan,2020-08-06,90052,6426,771.0,28.0,7.7201465886614775,0.2803684883041782
Michigan,2020-08-07,90797,6432,745.0,6.0,7.459804420950455,0.060078961779466755
Michigan,2020-08-08,91521,6436,724.0,4.0,7.2495280547223215,0.04005264118631117
Michigan,2020-08-09,92017,6438,496.0,2.0,4.966527507102585,0.020026320593155584
Michigan,2020-08-10,92595,6445,578.0,7.0,5.787606651421964,0.07009212207604455
Michigan,2020-08-11,93281,6454,686.0,9.0,6.869027963452366,0.09011844266920013
Michigan,2020-08-12,93784,6460,503.0,6.0,5.03661962917863,0.060078961779466755
Michigan,2020-08-13,94908,6476,1124.0,16.0,11.254792173353438,0.16021056474524467
Michigan,2020-08-14,95761,6487,853.0,11.0,8.541225732980857,0.11014476326235573
Michigan,2020-08-15,96554,6507,793.0,20.0,7.940436115186189,0.20026320593155583
Michigan,2020-08-16,97024,6513,470.0,6.0,4.7061853393915625,0.060078961779466755
Michigan,2020-08-17,97503,6516,479.0,3.0,4.796303782060762,0.030039480889733378
Michigan,2020-08-18,98146,6531,643.0,15.0,6.43846207069952,0.1501974044486669
Michigan,2020-08-19,98884,6541,738.0,10.0,7.389712298874411,0.10013160296577792
Michigan,2020-08-20,99418,6559,534.0,18.0,5.347027598372541,0.18023688533840027
Michigan,2020-08-21,99418,6559,0.0,0.0,0.0,0.0
Michigan,2020-08-22,100842,6580,1424.0,21.0,14.258740262326777,0.21027636622813362
Michigan,2020-08-23,101581,6582,739.0,2.0,7.3997254591709885,0.020026320593155584
Michigan,2020-08-24,102403,6586,822.0,4.0,8.230817763786945,0.04005264118631117
Michigan,2020-08-25,103151,6607,748.0,21.0,7.489843901840189,0.21027636622813362
Michigan,2020-08-26,104011,6612,860.0,5.0,8.611317855056901,0.05006580148288896
Michigan,2020-08-27,104846,6630,835.0,18.0,8.360988847642457,0.18023688533840027
Michigan,2020-08-28,105630,6636,784.0,6.0,7.850317672516989,0.060078961779466755
Michigan,2020-08-29,105630,6636,0.0,0.0,0.0,0.0
Michigan,2020-08-30,106921,6669,1291.0,33.0,12.92698994288193,0.3304342897870671
Michigan,2020-08-31,107413,6674,492.0,5.0,4.926474865916274,0.05006580148288896
Michigan,2020-09-01,108177,6689,764.0,15.0,7.650054466585433,0.1501974044486669
Michigan,2020-09-02,108844,6703,667.0,14.0,6.678777917817387,0.1401842441520891
Michigan,2020-09-03,109605,6715,761.0,12.0,7.6200149856957,0.12015792355893351
Michigan,2020-09-04,110539,6721,934.0,6.0,9.352291717003657,0.060078961779466755
Michigan,2020-09-05,111384,6727,845.0,6.0,8.461120450608234,0.060078961779466755
Michigan,2020-09-06,111384,6727,0.0,0.0,0.0,0.0
Michigan,2020-09-07,112553,6732,1169.0,5.0,11.70538438669944,0.05006580148288896
Michigan,2020-09-08,113042,6734,489.0,2.0,4.89643538502654,0.020026320593155584
Michigan,2020-09-09,114017,6793,975.0,59.0,9.762831289163346,0.5907764574980897
Michigan,2020-09-10,114969,6813,952.0,20.0,9.532528602342058,0.20026320593155583
Michigan,2020-09-11,116316,6820,1347.0,7.0,13.487726919490285,0.07009212207604455
Michigan,2020-09-12,117088,6832,772.0,12.0,7.730159748958055,0.12015792355893351
Michigan,2020-09-13,117088,6832,0.0,0.0,0.0,0.0
Michigan,2020-09-14,118316,6839,1228.0,7.0,12.296160844197528,0.07009212207604455
Michigan,2020-09-15,118995,6851,679.0,12.0,6.79893584137632,0.12015792355893351
Michigan,2020-09-16,119788,6860,793.0,9.0,7.940436115186189,0.09011844266920013
Michigan,2020-09-17,120774,6871,986.0,11.0,9.872976052425702,0.11014476326235573
Michigan,2020-09-18,121541,6873,767.0,2.0,7.680093947475166,0.020026320593155584
Michigan,2020-09-19,122119,6887,578.0,14.0,5.787606651421964,0.1401842441520891
Michigan,2020-09-20,122119,6887,0.0,0.0,0.0,0.0
Michigan,2020-09-21,123612,6898,1493.0,11.0,14.949648322790644,0.11014476326235573
Michigan,2020-09-22,124355,6913,743.0,15.0,7.4397781003573,0.1501974044486669
Michigan,2020-09-23,125237,6927,882.0,14.0,8.831607381581613,0.1401842441520891
Michigan,2020-09-24,126342,6936,1105.0,9.0,11.06454212771846,0.09011844266920013
Michigan,2020-09-25,127379,6943,1037.0,7.0,10.38364722755117,0.07009212207604455
Michigan,2020-09-26,128379,6961,1000.0,18.0,10.013160296577793,0.18023688533840027
Michigan,2020-09-27,128379,6961,0.0,0.0,0.0,0.0
Michigan,2020-09-28,129706,6968,1327.0,7.0,13.28746371355873,0.07009212207604455
Michigan,2020-09-29,130813,6987,1107.0,19.0,11.084568448311616,0.19025004563497805
Michigan,2020-09-30,132000,6997,1187.0,10.0,11.88562127203784,0.10013160296577792
Michigan,2020-10-01,132997,7017,997.0,20.0,9.983120815688059,0.20026320593155583
Minnesota,2020-02-01,0,0,0.0,0.0,0.0,0.0
Minnesota,2020-02-02,0,0,0.0,0.0,0.0,0.0
Minnesota,2020-02-03,0,0,0.0,0.0,0.0,0.0
Minnesota,2020-02-04,0,0,0.0,0.0,0.0,0.0
Minnesota,2020-02-05,0,0,0.0,0.0,0.0,0.0
Minnesota,2020-02-06,0,0,0.0,0.0,0.0,0.0
Minnesota,2020-02-07,0,0,0.0,0.0,0.0,0.0
Minnesota,2020-02-08,0,0,0.0,0.0,0.0,0.0
Minnesota,2020-02-09,0,0,0.0,0.0,0.0,0.0
Minnesota,2020-02-10,0,0,0.0,0.0,0.0,0.0
Minnesota,2020-02-11,0,0,0.0,0.0,0.0,0.0
Minnesota,2020-02-12,0,0,0.0,0.0,0.0,0.0
Minnesota,2020-02-13,0,0,0.0,0.0,0.0,0.0
Minnesota,2020-02-14,0,0,0.0,0.0,0.0,0.0
Minnesota,2020-02-15,0,0,0.0,0.0,0.0,0.0
Minnesota,2020-02-16,0,0,0.0,0.0,0.0,0.0
Minnesota,2020-02-17,0,0,0.0,0.0,0.0,0.0
Minnesota,2020-02-18,0,0,0.0,0.0,0.0,0.0
Minnesota,2020-02-19,0,0,0.0,0.0,0.0,0.0
Minnesota,2020-02-20,0,0,0.0,0.0,0.0,0.0
Minnesota,2020-02-21,0,0,0.0,0.0,0.0,0.0
Minnesota,2020-02-22,0,0,0.0,0.0,0.0,0.0
Minnesota,2020-02-23,0,0,0.0,0.0,0.0,0.0
Minnesota,2020-02-24,0,0,0.0,0.0,0.0,0.0
Minnesota,2020-02-25,0,0,0.0,0.0,0.0,0.0
Minnesota,2020-02-26,0,0,0.0,0.0,0.0,0.0
Minnesota,2020-02-27,0,0,0.0,0.0,0.0,0.0
Minnesota,2020-02-28,0,0,0.0,0.0,0.0,0.0
Minnesota,2020-02-29,0,0,0.0,0.0,0.0,0.0
Minnesota,2020-03-01,0,0,0.0,0.0,0.0,0.0
Minnesota,2020-03-02,0,0,0.0,0.0,0.0,0.0
Minnesota,2020-03-03,0,0,0.0,0.0,0.0,0.0
Minnesota,2020-03-04,0,0,0.0,0.0,0.0,0.0
Minnesota,2020-03-05,0,0,0.0,0.0,0.0,0.0
Minnesota,2020-03-06,1,0,1.0,0.0,0.017731653412846795,0.0
Minnesota,2020-03-07,1,0,0.0,0.0,0.0,0.0
Minnesota,2020-03-08,1,0,0.0,0.0,0.0,0.0
Minnesota,2020-03-09,1,0,0.0,0.0,0.0,0.0
Minnesota,2020-03-10,2,0,1.0,0.0,0.017731653412846795,0.0
Minnesota,2020-03-11,3,0,1.0,0.0,0.017731653412846795,0.0
Minnesota,2020-03-12,9,0,6.0,0.0,0.10638992047708078,0.0
Minnesota,2020-03-13,12,0,3.0,0.0,0.05319496023854039,0.0
Minnesota,2020-03-14,21,0,9.0,0.0,0.15958488071562116,0.0
Minnesota,2020-03-15,23,0,2.0,0.0,0.03546330682569359,0.0
Minnesota,2020-03-16,47,0,24.0,0.0,0.4255596819083231,0.0
Minnesota,2020-03-17,52,0,5.0,0.0,0.08865826706423398,0.0
Minnesota,2020-03-18,61,0,9.0,0.0,0.15958488071562116,0.0
Minnesota,2020-03-19,87,0,26.0,0.0,0.4610229887340167,0.0
Minnesota,2020-03-20,115,1,28.0,1.0,0.49648629555971024,0.017731653412846795
Minnesota,2020-03-21,136,1,21.0,0.0,0.37236472166978274,0.0
Minnesota,2020-03-22,168,1,32.0,0.0,0.5674129092110974,0.0
Minnesota,2020-03-23,232,1,64.0,0.0,1.1348258184221949,0.0
Minnesota,2020-03-24,261,1,29.0,0.0,0.5142179489725571,0.0
Minnesota,2020-03-25,287,1,26.0,0.0,0.4610229887340167,0.0
Minnesota,2020-03-26,344,2,57.0,1.0,1.0107042445322674,0.017731653412846795
Minnesota,2020-03-27,396,3,52.0,1.0,0.9220459774680334,0.017731653412846795
Minnesota,2020-03-28,441,5,45.0,2.0,0.7979244035781059,0.03546330682569359
Minnesota,2020-03-29,503,9,62.0,4.0,1.0993625115965013,0.07092661365138718
Minnesota,2020-03-30,576,9,73.0,0.0,1.2944106991378161,0.0
Minnesota,2020-03-31,629,9,53.0,0.0,0.9397776308808802,0.0
Minnesota,2020-04-01,687,13,58.0,4.0,1.0284358979451143,0.07092661365138718
Minnesota,2020-04-02,742,14,55.0,1.0,0.9752409377065737,0.017731653412846795
Minnesota,2020-04-03,788,22,46.0,8.0,0.8156560569909527,0.14185322730277436
Minnesota,2020-04-04,863,24,75.0,2.0,1.3298740059635097,0.03546330682569359
Minnesota,2020-04-05,926,28,63.0,4.0,1.1170941650093482,0.07092661365138718
Minnesota,2020-04-06,978,29,52.0,1.0,0.9220459774680334,0.017731653412846795
Minnesota,2020-04-07,1062,34,84.0,5.0,1.489458886679131,0.08865826706423398
Minnesota,2020-04-08,1150,39,88.0,5.0,1.5603855003305178,0.08865826706423398
Minnesota,2020-04-09,1240,50,90.0,11.0,1.5958488071562118,0.19504818754131473
Minnesota,2020-04-10,1240,57,0.0,7.0,0.0,0.12412157388992756
Minnesota,2020-04-11,1421,64,181.0,7.0,3.20942926772527,0.12412157388992756
Minnesota,2020-04-12,1611,70,190.0,6.0,3.369014148440891,0.10638992047708078
Minnesota,2020-04-13,1611,70,0.0,0.0,0.0,0.0
Minnesota,2020-04-14,1685,78,74.0,8.0,1.3121423525506628,0.14185322730277436
Minnesota,2020-04-15,1805,86,120.0,8.0,2.1277984095416156,0.14185322730277436
Minnesota,2020-04-16,1909,94,104.0,8.0,1.8440919549360668,0.14185322730277436
Minnesota,2020-04-17,2068,111,159.0,17.0,2.8193328926426404,0.3014381080183955
Minnesota,2020-04-18,2207,121,139.0,10.0,2.4646998243857046,0.17731653412846796
Minnesota,2020-04-19,2347,134,140.0,13.0,2.4824314777985514,0.23051149436700835
Minnesota,2020-04-20,2463,143,116.0,9.0,2.0568717958902285,0.15958488071562116
Minnesota,2020-04-21,2523,160,60.0,17.0,1.0638992047708078,0.3014381080183955
Minnesota,2020-04-22,2618,179,95.0,19.0,1.6845070742204455,0.33690141484408914
Minnesota,2020-04-23,2781,199,163.0,20.0,2.8902595062940275,0.3546330682569359
Minnesota,2020-04-24,2953,220,172.0,21.0,3.049844387009649,0.37236472166978274
Minnesota,2020-04-25,3127,243,174.0,23.0,3.0853076938353423,0.40782802849547634
Minnesota,2020-04-26,3237,271,110.0,28.0,1.9504818754131474,0.49648629555971024
Minnesota,2020-04-27,3369,285,132.0,14.0,2.340578250495777,0.24824314777985512
Minnesota,2020-04-28,3624,300,255.0,15.0,4.521571620275933,0.26597480119270195
Minnesota,2020-04-29,4635,318,1011.0,18.0,17.92670160038811,0.3191697614312423
Minnesota,2020-04-30,5125,342,490.0,24.0,8.68851017229493,0.4255596819083231
Minnesota,2020-05-01,5711,369,586.0,27.0,10.390748899928223,0.4787546421468635
Minnesota,2020-05-02,6208,393,497.0,24.0,8.812631746184858,0.4255596819083231
Minnesota,2020-05-03,6640,417,432.0,24.0,7.660074274349816,0.4255596819083231
Minnesota,2020-05-04,7212,426,572.0,9.0,10.142505752148367,0.15958488071562116
Minnesota,2020-05-05,7829,453,617.0,27.0,10.940430155726473,0.4787546421468635
Minnesota,2020-05-06,8566,484,737.0,31.0,13.06822856526809,0.5496812557982507
Minnesota,2020-05-07,9343,507,777.0,23.0,13.77749470178196,0.40782802849547634
Minnesota,2020-05-08,10054,533,711.0,26.0,12.607205576534072,0.4610229887340167
Minnesota,2020-05-09,10768,557,714.0,24.0,12.660400536772611,0.4255596819083231
Minnesota,2020-05-10,11247,577,479.0,20.0,8.493461984753615,0.3546330682569359
Minnesota,2020-05-11,11769,590,522.0,13.0,9.255923081506026,0.23051149436700835
Minnesota,2020-05-12,12458,613,689.0,23.0,12.217109201451441,0.40782802849547634
Minnesota,2020-05-13,12897,637,439.0,24.0,7.784195848239743,0.4255596819083231
Minnesota,2020-05-14,13411,662,514.0,25.0,9.114069854203253,0.4432913353211699
Minnesota,2020-05-15,14211,681,800.0,19.0,14.185322730277436,0.33690141484408914
Minnesota,2020-05-16,14940,698,729.0,17.0,12.926375337965313,0.3014381080183955
Minnesota,2020-05-17,15637,719,697.0,21.0,12.358962428754216,0.37236472166978274
Minnesota,2020-05-18,16342,728,705.0,9.0,12.500815656056993,0.15958488071562116
Minnesota,2020-05-19,16991,745,649.0,17.0,11.507843064937571,0.3014381080183955
Minnesota,2020-05-20,17634,774,643.0,29.0,11.40145314446049,0.5142179489725571
Minnesota,2020-05-21,18165,806,531.0,32.0,9.41550796222165,0.5674129092110974
Minnesota,2020-05-22,18984,838,819.0,32.0,14.522224145121525,0.5674129092110974
Minnesota,2020-05-23,19827,848,843.0,10.0,14.947783827029848,0.17731653412846796
Minnesota,2020-05-24,20554,865,727.0,17.0,12.89091203113962,0.3014381080183955
Minnesota,2020-05-25,21290,878,736.0,13.0,13.050496911855243,0.23051149436700835
Minnesota,2020-05-26,21944,896,654.0,18.0,11.596501332001804,0.3191697614312423
Minnesota,2020-05-27,22399,929,455.0,33.0,8.067902302845292,0.5851445626239442
Minnesota,2020-05-28,22850,964,451.0,35.0,7.9969756891939054,0.6206078694496379
Minnesota,2020-05-29,23461,993,611.0,29.0,10.834040235249391,0.5142179489725571
Minnesota,2020-05-30,24097,1024,636.0,31.0,11.277331570570562,0.5496812557982507
Minnesota,2020-05-31,24757,1038,660.0,14.0,11.702891252478885,0.24824314777985512
Minnesota,2020-06-01,25116,1048,359.0,10.0,6.365663575211999,0.17731653412846796
Minnesota,2020-06-02,25417,1070,301.0,22.0,5.337227677266886,0.39009637508262945
Minnesota,2020-06-03,25793,1084,376.0,14.0,6.6671016832303955,0.24824314777985512
Minnesota,2020-06-04,26197,1113,404.0,29.0,7.1635879787901064,0.5142179489725571
Minnesota,2020-06-05,26883,1146,686.0,33.0,12.163914241212902,0.5851445626239442
Minnesota,2020-06-06,27403,1167,520.0,21.0,9.220459774680334,0.37236472166978274
Minnesota,2020-06-07,27796,1183,393.0,16.0,6.968539791248791,0.2837064546055487
Minnesota,2020-06-08,28133,1194,337.0,11.0,5.97556720012937,0.19504818754131473
Minnesota,2020-06-09,28433,1215,300.0,21.0,5.319496023854039,0.37236472166978274
Minnesota,2020-06-10,28783,1234,350.0,19.0,6.206078694496378,0.33690141484408914
Minnesota,2020-06-11,29229,1247,446.0,13.0,7.908317422129671,0.23051149436700835
Minnesota,2020-06-12,29727,1272,498.0,25.0,8.830363399597704,0.4432913353211699
Minnesota,2020-06-13,30107,1281,380.0,9.0,6.738028296881782,0.15958488071562116
Minnesota,2020-06-14,30411,1296,304.0,15.0,5.390422637505426,0.26597480119270195
Minnesota,2020-06-15,30633,1302,222.0,6.0,3.9364270576519886,0.10638992047708078
Minnesota,2020-06-16,30822,1311,189.0,9.0,3.351282495028044,0.15958488071562116
Minnesota,2020-06-17,31233,1323,411.0,12.0,7.287709552680032,0.21277984095416155
Minnesota,2020-06-18,31607,1341,374.0,18.0,6.631638376404701,0.3191697614312423
Minnesota,2020-06-19,31973,1361,366.0,20.0,6.489785149101927,0.3546330682569359
Minnesota,2020-06-20,32396,1372,423.0,11.0,7.5004893936341945,0.19504818754131473
Minnesota,2020-06-21,32837,1380,441.0,8.0,7.8196591550654375,0.14185322730277436
Minnesota,2020-06-22,33145,1384,308.0,4.0,5.461349251156813,0.07092661365138718
Minnesota,2020-06-23,33391,1393,246.0,9.0,4.361986739560312,0.15958488071562116
Minnesota,2020-06-24,33680,1397,289.0,4.0,5.124447836312724,0.07092661365138718
Minnesota,2020-06-25,34043,1406,363.0,9.0,6.436590188863387,0.15958488071562116
Minnesota,2020-06-26,34533,1411,490.0,5.0,8.68851017229493,0.08865826706423398
Minnesota,2020-06-27,34950,1417,417.0,6.0,7.394099473157113,0.10638992047708078
Minnesota,2020-06-28,35467,1425,517.0,8.0,9.167264814441793,0.14185322730277436
Minnesota,2020-06-29,35775,1435,308.0,10.0,5.461349251156813,0.17731653412846796
Minnesota,2020-06-30,36216,1440,441.0,5.0,7.8196591550654375,0.08865826706423398
Minnesota,2020-07-01,36635,1444,419.0,4.0,7.429562779982808,0.07092661365138718
Minnesota,2020-07-02,37129,1457,494.0,13.0,8.759436785946317,0.23051149436700835
Minnesota,2020-07-03,37551,1465,422.0,8.0,7.482757740221348,0.14185322730277436
Minnesota,2020-07-04,37551,1465,0.0,0.0,0.0,0.0
Minnesota,2020-07-05,38060,1469,509.0,4.0,9.02541158713902,0.07092661365138718
Minnesota,2020-07-06,38491,1472,431.0,3.0,7.642342620936969,0.05319496023854039
Minnesota,2020-07-07,39048,1475,557.0,3.0,9.876530950955665,0.05319496023854039
Minnesota,2020-07-08,39499,1482,451.0,7.0,7.9969756891939054,0.12412157388992756
Minnesota,2020-07-09,40079,1486,580.0,4.0,10.284358979451142,0.07092661365138718
Minnesota,2020-07-10,40680,1488,601.0,2.0,10.656723701120924,0.03546330682569359
Minnesota,2020-07-11,41482,1494,802.0,6.0,14.22078603710313,0.10638992047708078
Minnesota,2020-07-12,42189,1497,707.0,3.0,12.536278962882685,0.05319496023854039
Minnesota,2020-07-13,42678,1499,489.0,2.0,8.670778518882083,0.03546330682569359
Minnesota,2020-07-14,43077,1502,399.0,3.0,7.074929711725872,0.05319496023854039
Minnesota,2020-07-15,43640,1509,563.0,7.0,9.982920871432746,0.12412157388992756
Minnesota,2020-07-16,44253,1526,613.0,17.0,10.869503542075087,0.3014381080183955
Minnesota,2020-07-17,44923,1533,670.0,7.0,11.880207786607352,0.12412157388992756
Minnesota,2020-07-18,45376,1538,453.0,5.0,8.032438996019598,0.08865826706423398
Minnesota,2020-07-19,46101,1538,725.0,0.0,12.855448724313927,0.0
Minnesota,2020-07-20,46347,1538,246.0,0.0,4.361986739560312,0.0
Minnesota,2020-07-21,47341,1538,994.0,0.0,17.625263492369715,0.0
Minnesota,2020-07-22,47837,1538,496.0,0.0,8.79490009277201,0.0
Minnesota,2020-07-23,48590,1538,753.0,0.0,13.351935019873638,0.0
Minnesota,2020-07-24,49344,1538,754.0,0.0,13.369666673286485,0.0
Minnesota,2020-07-25,50123,1538,779.0,0.0,13.812958008607655,0.0
Minnesota,2020-07-26,50986,1538,863.0,0.0,15.302416895286784,0.0
Minnesota,2020-07-27,51619,1538,633.0,0.0,11.224136610332021,0.0
Minnesota,2020-07-28,52091,1538,472.0,0.0,8.369340410863687,0.0
Minnesota,2020-07-29,52832,1545,741.0,7.0,13.139155178919475,0.12412157388992756
Minnesota,2020-07-30,53573,1571,741.0,26.0,13.139155178919475,0.4610229887340167
Minnesota,2020-07-31,54344,1600,771.0,29.0,13.67110478130488,0.5142179489725571
Minnesota,2020-08-01,55059,1606,715.0,6.0,12.678132190185458,0.10638992047708078
Minnesota,2020-08-02,55808,1615,749.0,9.0,13.28100840622225,0.15958488071562116
Minnesota,2020-08-03,56416,1616,608.0,1.0,10.780845275010853,0.017731653412846795
Minnesota,2020-08-04,57018,1620,602.0,4.0,10.674455354533771,0.07092661365138718
Minnesota,2020-08-05,57668,1629,650.0,9.0,11.525574718350418,0.15958488071562116
Minnesota,2020-08-06,58501,1636,833.0,7.0,14.77046729290138,0.12412157388992756
Minnesota,2020-08-07,59058,1640,557.0,4.0,9.876530950955665,0.07092661365138718
Minnesota,2020-08-08,59958,1648,900.0,8.0,15.958488071562117,0.14185322730277436
Minnesota,2020-08-09,60751,1657,793.0,9.0,14.06120115638751,0.15958488071562116
Minnesota,2020-08-10,61369,1660,618.0,3.0,10.95816180913932,0.05319496023854039
Minnesota,2020-08-11,61703,1666,334.0,6.0,5.92237223989083,0.10638992047708078
Minnesota,2020-08-12,62168,1678,465.0,12.0,8.245218836973761,0.21277984095416155
Minnesota,2020-08-13,62855,1685,687.0,7.0,12.181645894625749,0.12412157388992756
Minnesota,2020-08-14,63574,1693,719.0,8.0,12.749058803836848,0.14185322730277436
Minnesota,2020-08-15,64263,1699,689.0,6.0,12.217109201451441,0.10638992047708078
Minnesota,2020-08-16,65001,1706,738.0,7.0,13.085960218680937,0.12412157388992756
Minnesota,2020-08-17,65561,1713,560.0,7.0,9.929725911194206,0.12412157388992756
Minnesota,2020-08-18,65940,1722,379.0,9.0,6.720296643468935,0.15958488071562116
Minnesota,2020-08-19,66492,1739,552.0,17.0,9.78787268389143,0.3014381080183955
Minnesota,2020-08-20,67187,1746,695.0,7.0,12.323499121928524,0.12412157388992756
Minnesota,2020-08-21,67994,1754,807.0,8.0,14.309444304167362,0.14185322730277436
Minnesota,2020-08-22,68746,1762,752.0,8.0,13.334203366460791,0.14185322730277436
Minnesota,2020-08-23,69459,1768,713.0,6.0,12.642668883359764,0.10638992047708078
Minnesota,2020-08-24,70165,1772,706.0,4.0,12.518547309469838,0.07092661365138718
Minnesota,2020-08-25,70578,1779,413.0,7.0,7.323172859505727,0.12412157388992756
Minnesota,2020-08-26,71108,1794,530.0,15.0,9.397776308808803,0.26597480119270195
Minnesota,2020-08-27,72249,1807,1141.0,13.0,20.231816544058194,0.23051149436700835
Minnesota,2020-08-28,73092,1811,843.0,4.0,14.947783827029848,0.07092661365138718
Minnesota,2020-08-29,74110,1815,1018.0,4.0,18.05082317427804,0.07092661365138718
Minnesota,2020-08-30,75030,1817,920.0,2.0,16.313121139819053,0.03546330682569359
Minnesota,2020-08-31,75693,1818,663.0,1.0,11.756086212717426,0.017731653412846795
Minnesota,2020-09-01,76183,1824,490.0,6.0,8.68851017229493,0.10638992047708078
Minnesota,2020-09-02,76927,1831,744.0,7.0,13.192350139158016,0.12412157388992756
Minnesota,2020-09-03,77916,1838,989.0,7.0,17.536605225305482,0.12412157388992756
Minnesota,2020-09-04,78797,1848,881.0,10.0,15.621586656718026,0.17731653412846796
Minnesota,2020-09-05,79706,1852,909.0,4.0,16.118072952277736,0.07092661365138718
Minnesota,2020-09-06,80398,1858,692.0,6.0,12.270304161689984,0.10638992047708078
Minnesota,2020-09-07,81011,1861,613.0,3.0,10.869503542075087,0.05319496023854039
Minnesota,2020-09-08,81387,1863,376.0,2.0,6.6671016832303955,0.03546330682569359
Minnesota,2020-09-09,81622,1870,235.0,7.0,4.166938552018997,0.12412157388992756
Minnesota,2020-09-10,82048,1885,426.0,15.0,7.553684353872734,0.26597480119270195
Minnesota,2020-09-11,82520,1898,472.0,13.0,8.369340410863687,0.23051149436700835
Minnesota,2020-09-12,83429,1907,909.0,9.0,16.118072952277736,0.15958488071562116
Minnesota,2020-09-13,84161,1920,732.0,13.0,12.979570298203853,0.23051149436700835
Minnesota,2020-09-14,84785,1923,624.0,3.0,11.0645517296164,0.05319496023854039
Minnesota,2020-09-15,85194,1928,409.0,5.0,7.252246245854339,0.08865826706423398
Minnesota,2020-09-16,85660,1934,466.0,6.0,8.262950490386608,0.10638992047708078
Minnesota,2020-09-17,86562,1943,902.0,9.0,15.993951378387811,0.15958488071562116
Minnesota,2020-09-18,87641,1951,1079.0,8.0,19.132454032461695,0.14185322730277436
Minnesota,2020-09-19,88534,1964,893.0,13.0,15.834366497672187,0.23051149436700835
Minnesota,2020-09-20,89806,1966,1272.0,2.0,22.554663141141123,0.03546330682569359
Minnesota,2020-09-21,90723,1969,917.0,3.0,16.25992617958051,0.05319496023854039
Minnesota,2020-09-22,91196,1979,473.0,10.0,8.387072064276534,0.17731653412846796
Minnesota,2020-09-23,91879,1985,683.0,6.0,12.110719280974362,0.10638992047708078
Minnesota,2020-09-24,92862,1988,983.0,3.0,17.430215304828398,0.05319496023854039
Minnesota,2020-09-25,94033,1994,1171.0,6.0,20.763766146443597,0.10638992047708078
Minnesota,2020-09-26,95487,2004,1454.0,10.0,25.78182406227924,0.17731653412846796
Minnesota,2020-09-27,96552,2008,1065.0,4.0,18.88421088468184,0.07092661365138718
Minnesota,2020-09-28,97483,2015,931.0,7.0,16.508169327360367,0.12412157388992756
Minnesota,2020-09-29,98293,2020,810.0,5.0,14.362639264405905,0.08865826706423398
Minnesota,2020-09-30,98980,2036,687.0,16.0,12.181645894625749,0.2837064546055487
Minnesota,2020-10-01,100036,2049,1056.0,13.0,18.724626003966215,0.23051149436700835
Mississippi,2020-02-01,0,0,0.0,0.0,0.0,0.0
Mississippi,2020-02-02,0,0,0.0,0.0,0.0,0.0
Mississippi,2020-02-03,0,0,0.0,0.0,0.0,0.0
Mississippi,2020-02-04,0,0,0.0,0.0,0.0,0.0
Mississippi,2020-02-05,0,0,0.0,0.0,0.0,0.0
Mississippi,2020-02-06,0,0,0.0,0.0,0.0,0.0
Mississippi,2020-02-07,0,0,0.0,0.0,0.0,0.0
Mississippi,2020-02-08,0,0,0.0,0.0,0.0,0.0
Mississippi,2020-02-09,0,0,0.0,0.0,0.0,0.0
Mississippi,2020-02-10,0,0,0.0,0.0,0.0,0.0
Mississippi,2020-02-11,0,0,0.0,0.0,0.0,0.0
Mississippi,2020-02-12,0,0,0.0,0.0,0.0,0.0
Mississippi,2020-02-13,0,0,0.0,0.0,0.0,0.0
Mississippi,2020-02-14,0,0,0.0,0.0,0.0,0.0
Mississippi,2020-02-15,0,0,0.0,0.0,0.0,0.0
Mississippi,2020-02-16,0,0,0.0,0.0,0.0,0.0
Mississippi,2020-02-17,0,0,0.0,0.0,0.0,0.0
Mississippi,2020-02-18,0,0,0.0,0.0,0.0,0.0
Mississippi,2020-02-19,0,0,0.0,0.0,0.0,0.0
Mississippi,2020-02-20,0,0,0.0,0.0,0.0,0.0
Mississippi,2020-02-21,0,0,0.0,0.0,0.0,0.0
Mississippi,2020-02-22,0,0,0.0,0.0,0.0,0.0
Mississippi,2020-02-23,0,0,0.0,0.0,0.0,0.0
Mississippi,2020-02-24,0,0,0.0,0.0,0.0,0.0
Mississippi,2020-02-25,0,0,0.0,0.0,0.0,0.0
Mississippi,2020-02-26,0,0,0.0,0.0,0.0,0.0
Mississippi,2020-02-27,0,0,0.0,0.0,0.0,0.0
Mississippi,2020-02-28,0,0,0.0,0.0,0.0,0.0
Mississippi,2020-02-29,0,0,0.0,0.0,0.0,0.0
Mississippi,2020-03-01,0,0,0.0,0.0,0.0,0.0
Mississippi,2020-03-02,0,0,0.0,0.0,0.0,0.0
Mississippi,2020-03-03,0,0,0.0,0.0,0.0,0.0
Mississippi,2020-03-04,0,0,0.0,0.0,0.0,0.0
Mississippi,2020-03-05,0,0,0.0,0.0,0.0,0.0
Mississippi,2020-03-06,0,0,0.0,0.0,0.0,0.0
Mississippi,2020-03-07,0,0,0.0,0.0,0.0,0.0
Mississippi,2020-03-08,0,0,0.0,0.0,0.0,0.0
Mississippi,2020-03-09,0,0,0.0,0.0,0.0,0.0
Mississippi,2020-03-10,0,0,0.0,0.0,0.0,0.0
Mississippi,2020-03-11,0,0,0.0,0.0,0.0,0.0
Mississippi,2020-03-12,1,0,1.0,0.0,0.03360046825612562,0.0
Mississippi,2020-03-13,6,0,5.0,0.0,0.1680023412806281,0.0
Mississippi,2020-03-14,10,0,4.0,0.0,0.1344018730245025,0.0
Mississippi,2020-03-15,10,0,0.0,0.0,0.0,0.0
Mississippi,2020-03-16,12,0,2.0,0.0,0.06720093651225124,0.0
Mississippi,2020-03-17,21,0,9.0,0.0,0.30240421430513054,0.0
Mississippi,2020-03-18,34,0,13.0,0.0,0.43680608732963305,0.0
Mississippi,2020-03-19,50,1,16.0,1.0,0.53760749209801,0.03360046825612562
Mississippi,2020-03-20,80,1,30.0,0.0,1.0080140476837685,0.0
Mississippi,2020-03-21,140,1,60.0,0.0,2.016028095367537,0.0
Mississippi,2020-03-22,205,1,65.0,0.0,2.184030436648165,0.0
Mississippi,2020-03-23,246,1,41.0,0.0,1.3776191985011503,0.0
Mississippi,2020-03-24,313,1,67.0,0.0,2.251231373160416,0.0
Mississippi,2020-03-25,374,5,61.0,4.0,2.0496285636236626,0.1344018730245025
Mississippi,2020-03-26,484,6,110.0,1.0,3.696051508173818,0.03360046825612562
Mississippi,2020-03-27,484,6,0.0,0.0,0.0,0.0
Mississippi,2020-03-28,484,6,0.0,0.0,0.0,0.0
Mississippi,2020-03-29,756,14,272.0,8.0,9.139327365666167,0.268803746049005
Mississippi,2020-03-30,845,15,89.0,1.0,2.99044167479518,0.03360046825612562
Mississippi,2020-03-31,935,18,90.0,3.0,3.0240421430513056,0.10080140476837686
Mississippi,2020-04-01,1062,21,127.0,3.0,4.2672594685279535,0.10080140476837686
Mississippi,2020-04-02,1176,25,114.0,4.0,3.83045338119832,0.1344018730245025
Mississippi,2020-04-03,1349,28,173.0,3.0,5.8128810083097315,0.10080140476837686
Mississippi,2020-04-04,1455,34,106.0,6.0,3.5616496351493154,0.20160280953675372
Mississippi,2020-04-05,1637,42,182.0,8.0,6.115285222614862,0.268803746049005
Mississippi,2020-04-06,1737,50,100.0,8.0,3.3600468256125615,0.268803746049005
Mississippi,2020-04-07,1913,58,176.0,8.0,5.913682413078108,0.268803746049005
Mississippi,2020-04-08,2005,66,92.0,8.0,3.0912430795635566,0.268803746049005
Mississippi,2020-04-09,2258,75,253.0,9.0,8.500918468799782,0.30240421430513054
Mississippi,2020-04-10,2465,81,207.0,6.0,6.955296929018002,0.20160280953675372
Mississippi,2020-04-11,2640,92,175.0,11.0,5.880081944821983,0.36960515081738177
Mississippi,2020-04-12,2781,95,141.0,3.0,4.737666024113712,0.10080140476837686
Mississippi,2020-04-13,2940,95,159.0,0.0,5.342474452723973,0.0
Mississippi,2020-04-14,3085,110,145.0,15.0,4.872067897138215,0.5040070238418842
Mississippi,2020-04-15,3360,121,275.0,11.0,9.240128770434545,0.36960515081738177
Mississippi,2020-04-16,3620,128,260.0,7.0,8.73612174659266,0.2352032777928793
Mississippi,2020-04-17,3789,139,169.0,11.0,5.678479135285229,0.36960515081738177
Mississippi,2020-04-18,3972,151,183.0,12.0,6.148885690870988,0.40320561907350744
Mississippi,2020-04-19,4273,158,301.0,7.0,10.113740945093811,0.2352032777928793
Mississippi,2020-04-20,4508,169,235.0,11.0,7.89611004018952,0.36960515081738177
Mississippi,2020-04-21,4710,183,202.0,14.0,6.7872945877373745,0.4704065555857586
Mississippi,2020-04-22,4892,192,182.0,9.0,6.115285222614862,0.30240421430513054
Mississippi,2020-04-23,5148,200,256.0,8.0,8.60171987356816,0.268803746049005
Mississippi,2020-04-24,5429,209,281.0,9.0,9.441731579971298,0.30240421430513054
Mississippi,2020-04-25,5710,220,281.0,11.0,9.441731579971298,0.36960515081738177
Mississippi,2020-04-26,5906,226,196.0,6.0,6.585691778200621,0.20160280953675372
Mississippi,2020-04-27,6090,229,184.0,3.0,6.182486159127113,0.10080140476837686
Mississippi,2020-04-28,6340,239,250.0,10.0,8.400117064031404,0.3360046825612562
Mississippi,2020-04-29,6561,249,221.0,10.0,7.425703484603761,0.3360046825612562
Mississippi,2020-04-30,6814,260,253.0,11.0,8.500918468799782,0.36960515081738177
Mississippi,2020-05-01,7209,280,395.0,20.0,13.272184961169618,0.6720093651225124
Mississippi,2020-05-02,7438,291,229.0,11.0,7.694507230652766,0.36960515081738177
Mississippi,2020-05-03,7550,303,112.0,12.0,3.763252444686069,0.40320561907350744
Mississippi,2020-05-04,7876,310,326.0,7.0,10.953752651496952,0.2352032777928793
Mississippi,2020-05-05,8186,342,310.0,32.0,10.41614515939894,1.07521498419602
Mississippi,2020-05-06,8416,374,230.0,32.0,7.728107698908893,1.07521498419602
Mississippi,2020-05-07,8681,396,265.0,22.0,8.904124087873289,0.7392103016347635
Mississippi,2020-05-08,9089,407,408.0,11.0,13.70899104849925,0.36960515081738177
Mississippi,2020-05-09,9366,419,277.0,12.0,9.307329706946797,0.40320561907350744
Mississippi,2020-05-10,9498,429,132.0,10.0,4.435261809808582,0.3360046825612562
Mississippi,2020-05-11,9673,434,175.0,5.0,5.880081944821983,0.1680023412806281
Mississippi,2020-05-12,9906,456,233.0,22.0,7.828909103677269,0.7392103016347635
Mississippi,2020-05-13,10089,464,183.0,8.0,6.148885690870988,0.268803746049005
Mississippi,2020-05-14,10469,479,380.0,15.0,12.768177937327735,0.5040070238418842
Mississippi,2020-05-15,10799,492,330.0,13.0,11.088154524521453,0.43680608732963305
Mississippi,2020-05-16,11113,510,314.0,18.0,10.550547032423443,0.6048084286102611
Mississippi,2020-05-17,11286,521,173.0,11.0,5.8128810083097315,0.36960515081738177
Mississippi,2020-05-18,11422,528,136.0,7.0,4.569663682833084,0.2352032777928793
Mississippi,2020-05-19,11701,554,279.0,26.0,9.374530643459048,0.8736121746592661
Mississippi,2020-05-20,11961,570,260.0,16.0,8.73612174659266,0.53760749209801
Mississippi,2020-05-21,12220,580,259.0,10.0,8.702521278336535,0.3360046825612562
Mississippi,2020-05-22,12615,596,395.0,16.0,13.272184961169618,0.53760749209801
Mississippi,2020-05-23,12997,616,382.0,20.0,12.835378873839986,0.6720093651225124
Mississippi,2020-05-24,13249,625,252.0,9.0,8.467318000543656,0.30240421430513054
Mississippi,2020-05-25,13453,635,204.0,10.0,6.854495524249625,0.3360046825612562
Mississippi,2020-05-26,13720,652,267.0,17.0,8.97132502438554,0.5712079603541355
Mississippi,2020-05-27,14038,670,318.0,18.0,10.684948905447946,0.6048084286102611
Mississippi,2020-05-28,14366,693,328.0,23.0,11.020953588009203,0.7728107698908891
Mississippi,2020-05-29,14786,710,420.0,17.0,14.11219666757276,0.5712079603541355
Mississippi,2020-05-30,15202,723,416.0,13.0,13.977794794548258,0.43680608732963305
Mississippi,2020-05-31,15484,734,282.0,11.0,9.475332048227424,0.36960515081738177
Mississippi,2020-06-01,15728,739,244.0,5.0,8.19851425449465,0.1680023412806281
Mississippi,2020-06-02,16014,767,286.0,28.0,9.609733921251927,0.9408131111715172
Mississippi,2020-06-03,16309,782,295.0,15.0,9.912138135557058,0.5040070238418842
Mississippi,2020-06-04,16554,794,245.0,12.0,8.232114722750776,0.40320561907350744
Mississippi,2020-06-05,16764,803,210.0,9.0,7.05609833378638,0.30240421430513054
Mississippi,2020-06-06,17033,811,269.0,8.0,9.038525960897791,0.268803746049005
Mississippi,2020-06-07,17268,817,235.0,6.0,7.89611004018952,0.20160280953675372
Mississippi,2020-06-08,17754,837,486.0,20.0,16.32982757247705,0.6720093651225124
Mississippi,2020-06-09,18107,847,353.0,10.0,11.860965294412344,0.3360046825612562
Mississippi,2020-06-10,18480,868,373.0,21.0,12.532974659534856,0.7056098333786379
Mississippi,2020-06-11,18480,868,0.0,0.0,0.0,0.0
Mississippi,2020-06-12,19087,881,607.0,13.0,20.39548423146825,0.43680608732963305
Mississippi,2020-06-13,19343,889,256.0,8.0,8.60171987356816,0.268803746049005
Mississippi,2020-06-14,19509,891,166.0,2.0,5.577677730516853,0.06720093651225124
Mississippi,2020-06-15,19788,895,279.0,4.0,9.374530643459048,0.1344018730245025
Mississippi,2020-06-16,20136,915,348.0,20.0,11.692962953131715,0.6720093651225124
Mississippi,2020-06-17,20594,938,458.0,23.0,15.389014461305532,0.7728107698908891
Mississippi,2020-06-18,20594,938,0.0,0.0,0.0,0.0
Mississippi,2020-06-19,20594,938,0.0,0.0,0.0,0.0
Mississippi,2020-06-20,20594,938,0.0,0.0,0.0,0.0
Mississippi,2020-06-21,20594,938,0.0,0.0,0.0,0.0
Mississippi,2020-06-22,22286,976,1692.0,38.0,56.851992289364546,1.2768177937327734
Mississippi,2020-06-23,22897,989,611.0,13.0,20.529886104492753,0.43680608732963305
Mississippi,2020-06-24,23421,1011,524.0,22.0,17.606645366209822,0.7392103016347635
Mississippi,2020-06-25,24511,1016,1090.0,5.0,36.62451039917692,0.1680023412806281
Mississippi,2020-06-26,25062,1022,551.0,6.0,18.513858009125215,0.20160280953675372
Mississippi,2020-06-27,25522,1035,460.0,13.0,15.456215397817786,0.43680608732963305
Mississippi,2020-06-28,25890,1039,368.0,4.0,12.364972318254226,0.1344018730245025
Mississippi,2020-06-29,26566,1059,676.0,20.0,22.713916541140915,0.6720093651225124
Mississippi,2020-06-30,27247,1073,681.0,14.0,22.881918882421548,0.4704065555857586
Mississippi,2020-07-01,27900,1082,653.0,9.0,21.94110577125003,0.30240421430513054
Mississippi,2020-07-02,28769,1092,869.0,10.0,29.198806914573158,0.3360046825612562
Mississippi,2020-07-03,29683,1103,914.0,11.0,30.710827986098813,0.36960515081738177
Mississippi,2020-07-04,30668,1107,985.0,4.0,33.09646123228374,0.1344018730245025
Mississippi,2020-07-05,30898,1112,230.0,5.0,7.728107698908893,0.1680023412806281
Mississippi,2020-07-06,31253,1115,355.0,3.0,11.928166230924594,0.10080140476837686
Mississippi,2020-07-07,32213,1159,960.0,44.0,32.25644952588059,1.478420603269527
Mississippi,2020-07-08,32888,1188,675.0,29.0,22.68031607288479,0.974413579427643
Mississippi,2020-07-09,33591,1203,703.0,15.0,23.621129184056308,0.5040070238418842
Mississippi,2020-07-10,34621,1214,1030.0,11.0,34.60848230380939,0.36960515081738177
Mississippi,2020-07-11,35412,1229,791.0,15.0,26.577970390595365,0.5040070238418842
Mississippi,2020-07-12,36269,1246,857.0,17.0,28.79560129549965,0.5712079603541355
Mississippi,2020-07-13,36665,1247,396.0,1.0,13.305785429425745,0.03360046825612562
Mississippi,2020-07-14,37511,1269,846.0,22.0,28.425996144682273,0.7392103016347635
Mississippi,2020-07-15,38519,1286,1008.0,17.0,33.869272002174625,0.5712079603541355
Mississippi,2020-07-16,39677,1303,1158.0,17.0,38.90934224059346,0.5712079603541355
Mississippi,2020-07-17,40672,1327,995.0,24.0,33.43246591484499,0.8064112381470149
Mississippi,2020-07-18,41802,1344,1130.0,17.0,37.968529129421945,0.5712079603541355
Mississippi,2020-07-19,42638,1354,836.0,10.0,28.08999146212102,0.3360046825612562
Mississippi,2020-07-20,43889,1357,1251.0,3.0,42.03418578841315,0.10080140476837686
Mississippi,2020-07-21,45523,1388,1634.0,31.0,54.90316513050926,1.0416145159398942
Mississippi,2020-07-22,47071,1422,1548.0,34.0,52.013524860482455,1.142415920708271
Mississippi,2020-07-23,48053,1435,982.0,13.0,32.995659827515354,0.43680608732963305
Mississippi,2020-07-24,49663,1463,1610.0,28.0,54.096753892362244,0.9408131111715172
Mississippi,2020-07-25,51097,1478,1434.0,15.0,48.18307147928413,0.5040070238418842
Mississippi,2020-07-26,52302,1492,1205.0,14.0,40.48856424863137,0.4704065555857586
Mississippi,2020-07-27,52957,1499,655.0,7.0,22.00830670776228,0.2352032777928793
Mississippi,2020-07-28,54299,1499,1342.0,0.0,45.091828399720576,0.0
Mississippi,2020-07-29,55804,1548,1505.0,49.0,50.56870472546905,1.6464229445501553
Mississippi,2020-07-30,57579,1582,1775.0,34.0,59.640831154622965,1.142415920708271
Mississippi,2020-07-31,58743,1624,1164.0,42.0,39.11094505013022,1.4112196667572758
Mississippi,2020-08-01,59829,1648,1086.0,24.0,36.49010852615242,0.8064112381470149
Mississippi,2020-08-02,60442,1656,613.0,8.0,20.597087041005004,0.268803746049005
Mississippi,2020-08-03,61014,1663,572.0,7.0,19.219467842503853,0.2352032777928793
Mississippi,2020-08-04,62059,1706,1045.0,43.0,35.11248932765127,1.4448201350134016
Mississippi,2020-08-05,63338,1741,1279.0,35.0,42.97499889958466,1.1760163889643966
Mississippi,2020-08-06,64329,1793,991.0,52.0,33.29806404182049,1.7472243493185322
Mississippi,2020-08-07,65437,1830,1108.0,37.0,37.22931882778719,1.2432173254766479
Mississippi,2020-08-08,66640,1850,1203.0,20.0,40.42136331211912,0.6720093651225124
Mississippi,2020-08-09,67165,1889,525.0,39.0,17.64024583446595,1.310418261988899
Mississippi,2020-08-10,67646,1905,481.0,16.0,16.16182523119642,0.53760749209801
Mississippi,2020-08-11,68293,1937,647.0,32.0,21.739502961713274,1.07521498419602
Mississippi,2020-08-12,69372,1989,1079.0,52.0,36.25490524835954,1.7472243493185322
Mississippi,2020-08-13,69986,2011,614.0,22.0,20.63068750926113,0.7392103016347635
Mississippi,2020-08-14,70930,2043,944.0,32.0,31.718842033782582,1.07521498419602
Mississippi,2020-08-15,71754,2080,824.0,37.0,27.686785843047506,1.2432173254766479
Mississippi,2020-08-16,72135,2084,381.0,4.0,12.80177840558386,0.1344018730245025
Mississippi,2020-08-17,72411,2095,276.0,11.0,9.27372923869067,0.36960515081738177
Mississippi,2020-08-18,73206,2129,795.0,34.0,26.71237226361987,1.142415920708271
Mississippi,2020-08-19,74554,2163,1348.0,34.0,45.29343120925733,1.142415920708271
Mississippi,2020-08-20,75432,2190,878.0,27.0,29.501211128878293,0.9072126429153917
Mississippi,2020-08-21,76257,2214,825.0,24.0,27.720386311303635,0.8064112381470149
Mississippi,2020-08-22,77248,2235,991.0,21.0,33.29806404182049,0.7056098333786379
Mississippi,2020-08-23,77882,2240,634.0,5.0,21.302696874383642,0.1680023412806281
Mississippi,2020-08-24,78390,2248,508.0,8.0,17.069037874111814,0.268803746049005
Mississippi,2020-08-25,79206,2309,816.0,61.0,27.4179820969985,2.0496285636236626
Mississippi,2020-08-26,80067,2363,861.0,54.0,28.930003168524156,1.8144252858307834
Mississippi,2020-08-27,80671,2386,604.0,23.0,20.294682826699873,0.7728107698908891
Mississippi,2020-08-28,81290,2411,619.0,25.0,20.798689850541756,0.8400117064031404
Mississippi,2020-08-29,82025,2424,735.0,13.0,24.696344168252327,0.43680608732963305
Mississippi,2020-08-30,82668,2440,643.0,16.0,21.605101088688773,0.53760749209801
Mississippi,2020-08-31,82944,2472,276.0,32.0,9.27372923869067,1.07521498419602
Mississippi,2020-09-01,83577,2492,633.0,20.0,21.269096406127513,0.6720093651225124
Mississippi,2020-09-02,84363,2525,786.0,33.0,26.409968049314735,1.1088154524521454
Mississippi,2020-09-03,85115,2535,752.0,10.0,25.267552128606468,0.3360046825612562
Mississippi,2020-09-04,85934,2555,819.0,20.0,27.51878350176688,0.6720093651225124
Mississippi,2020-09-05,86473,2567,539.0,12.0,18.11065239005171,0.40320561907350744
Mississippi,2020-09-06,86884,2583,411.0,16.0,13.809792453267628,0.53760749209801
Mississippi,2020-09-07,87126,2584,242.0,1.0,8.1313133179824,0.03360046825612562
Mississippi,2020-09-08,87372,2584,246.0,0.0,8.265715191006901,0.0
Mississippi,2020-09-09,87795,2619,423.0,35.0,14.212998072341136,1.1760163889643966
Mississippi,2020-09-10,88313,2648,518.0,29.0,17.40504255667307,0.974413579427643
Mississippi,2020-09-11,89166,2661,853.0,13.0,28.66119942247515,0.43680608732963305
Mississippi,2020-09-12,89613,2676,447.0,15.0,15.01940931048815,0.5040070238418842
Mississippi,2020-09-13,89865,2691,252.0,15.0,8.467318000543656,0.5040070238418842
Mississippi,2020-09-14,90018,2706,153.0,15.0,5.14087164318722,0.5040070238418842
Mississippi,2020-09-15,90523,2734,505.0,28.0,16.968236469343438,0.9408131111715172
Mississippi,2020-09-16,91233,2755,710.0,21.0,23.85633246184919,0.7056098333786379
Mississippi,2020-09-17,91935,2779,702.0,24.0,23.587528715800183,0.8064112381470149
Mississippi,2020-09-18,92432,2791,497.0,12.0,16.699432723294432,0.40320561907350744
Mississippi,2020-09-19,93082,2807,650.0,16.0,21.84030436648165,0.53760749209801
Mississippi,2020-09-20,93361,2808,279.0,1.0,9.374530643459048,0.03360046825612562
Mississippi,2020-09-21,93550,2808,189.0,0.0,6.350488500407742,0.0
Mississippi,2020-09-22,94017,2842,467.0,34.0,15.691418675610665,1.142415920708271
Mississippi,2020-09-23,94569,2866,552.0,24.0,18.54745847738134,0.8064112381470149
Mississippi,2020-09-24,95308,2874,739.0,8.0,24.830746041276832,0.268803746049005
Mississippi,2020-09-25,96031,2894,723.0,20.0,24.293138549178824,0.6720093651225124
Mississippi,2020-09-26,96661,2911,630.0,17.0,21.168295001359137,0.5712079603541355
Mississippi,2020-09-27,96856,2919,195.0,8.0,6.552091309944496,0.268803746049005
Mississippi,2020-09-28,97047,2920,191.0,1.0,6.417689436919993,0.03360046825612562
Mississippi,2020-09-29,97638,2956,591.0,36.0,19.85787673937024,1.2096168572205221
Mississippi,2020-09-30,98189,2968,551.0,12.0,18.513858009125215,0.40320561907350744
Mississippi,2020-10-01,98885,2978,696.0,10.0,23.38592590626343,0.3360046825612562
Missouri,2020-02-01,0,0,0.0,0.0,0.0,0.0
Missouri,2020-02-02,0,0,0.0,0.0,0.0,0.0
Missouri,2020-02-03,0,0,0.0,0.0,0.0,0.0
Missouri,2020-02-04,0,0,0.0,0.0,0.0,0.0
Missouri,2020-02-05,0,0,0.0,0.0,0.0,0.0
Missouri,2020-02-06,0,0,0.0,0.0,0.0,0.0
Missouri,2020-02-07,0,0,0.0,0.0,0.0,0.0
Missouri,2020-02-08,0,0,0.0,0.0,0.0,0.0
Missouri,2020-02-09,0,0,0.0,0.0,0.0,0.0
Missouri,2020-02-10,0,0,0.0,0.0,0.0,0.0
Missouri,2020-02-11,0,0,0.0,0.0,0.0,0.0
Missouri,2020-02-12,0,0,0.0,0.0,0.0,0.0
Missouri,2020-02-13,0,0,0.0,0.0,0.0,0.0
Missouri,2020-02-14,0,0,0.0,0.0,0.0,0.0
Missouri,2020-02-15,0,0,0.0,0.0,0.0,0.0
Missouri,2020-02-16,0,0,0.0,0.0,0.0,0.0
Missouri,2020-02-17,0,0,0.0,0.0,0.0,0.0
Missouri,2020-02-18,0,0,0.0,0.0,0.0,0.0
Missouri,2020-02-19,0,0,0.0,0.0,0.0,0.0
Missouri,2020-02-20,0,0,0.0,0.0,0.0,0.0
Missouri,2020-02-21,0,0,0.0,0.0,0.0,0.0
Missouri,2020-02-22,0,0,0.0,0.0,0.0,0.0
Missouri,2020-02-23,0,0,0.0,0.0,0.0,0.0
Missouri,2020-02-24,0,0,0.0,0.0,0.0,0.0
Missouri,2020-02-25,0,0,0.0,0.0,0.0,0.0
Missouri,2020-02-26,0,0,0.0,0.0,0.0,0.0
Missouri,2020-02-27,0,0,0.0,0.0,0.0,0.0
Missouri,2020-02-28,0,0,0.0,0.0,0.0,0.0
Missouri,2020-02-29,0,0,0.0,0.0,0.0,0.0
Missouri,2020-03-01,0,0,0.0,0.0,0.0,0.0
Missouri,2020-03-02,0,0,0.0,0.0,0.0,0.0
Missouri,2020-03-03,0,0,0.0,0.0,0.0,0.0
Missouri,2020-03-04,0,0,0.0,0.0,0.0,0.0
Missouri,2020-03-05,0,0,0.0,0.0,0.0,0.0
Missouri,2020-03-06,1,0,1.0,0.0,0.016293470163723303,0.0
Missouri,2020-03-07,1,0,0.0,0.0,0.0,0.0
Missouri,2020-03-08,2,0,1.0,0.0,0.016293470163723303,0.0
Missouri,2020-03-09,3,0,1.0,0.0,0.016293470163723303,0.0
Missouri,2020-03-10,3,0,0.0,0.0,0.0,0.0
Missouri,2020-03-11,3,0,0.0,0.0,0.0,0.0
Missouri,2020-03-12,6,0,3.0,0.0,0.048880410491169916,0.0
Missouri,2020-03-13,13,0,7.0,0.0,0.11405429114606314,0.0
Missouri,2020-03-14,24,0,11.0,0.0,0.17922817180095635,0.0
Missouri,2020-03-15,34,0,10.0,0.0,0.16293470163723306,0.0
Missouri,2020-03-16,59,0,25.0,0.0,0.4073367540930827,0.0
Missouri,2020-03-17,108,0,49.0,0.0,0.798380038022442,0.0
Missouri,2020-03-18,164,1,56.0,1.0,0.9124343291685051,0.016293470163723303
Missouri,2020-03-19,234,1,70.0,0.0,1.1405429114606314,0.0
Missouri,2020-03-20,336,3,102.0,2.0,1.6619339566997773,0.032586940327446606
Missouri,2020-03-21,418,3,82.0,0.0,1.336064553425311,0.0
Missouri,2020-03-22,491,3,73.0,0.0,1.1894233219518013,0.0
Missouri,2020-03-23,655,3,164.0,0.0,2.672129106850622,0.0
Missouri,2020-03-24,869,5,214.0,2.0,3.4868026150367872,0.032586940327446606
Missouri,2020-03-25,1093,8,224.0,3.0,3.6497373166740203,0.048880410491169916
Missouri,2020-03-26,1342,8,249.0,0.0,4.057074070767103,0.0
Missouri,2020-03-27,1625,9,283.0,1.0,4.611052056333696,0.016293470163723303
Missouri,2020-03-28,1810,10,185.0,1.0,3.0142919802888115,0.016293470163723303
Missouri,2020-03-29,1943,12,133.0,2.0,2.1670315317751996,0.032586940327446606
Missouri,2020-03-30,2287,13,344.0,1.0,5.604953736320817,0.016293470163723303
Missouri,2020-03-31,2573,14,286.0,1.0,4.659932466824865,0.016293470163723303
Missouri,2020-04-01,2836,18,263.0,4.0,4.28518265305923,0.06517388065489321
Missouri,2020-04-02,3106,19,270.0,1.0,4.399236944205293,0.016293470163723303
Missouri,2020-04-03,3333,19,227.0,0.0,3.6986177271651903,0.0
Missouri,2020-04-04,3463,23,130.0,4.0,2.1181511212840296,0.06517388065489321
Missouri,2020-04-05,3567,33,104.0,10.0,1.6945208970272236,0.16293470163723306
Missouri,2020-04-06,3858,38,291.0,5.0,4.741399817643482,0.08146735081861653
Missouri,2020-04-07,4080,50,222.0,12.0,3.617150376346574,0.19552164196467967
Missouri,2020-04-08,4307,56,227.0,6.0,3.6986177271651903,0.09776082098233983
Missouri,2020-04-09,4507,77,200.0,21.0,3.2586940327446614,0.34216287343818946
Missouri,2020-04-10,4724,96,217.0,19.0,3.535683025527957,0.3095759331107428
Missouri,2020-04-11,4815,108,91.0,12.0,1.4827057848988208,0.19552164196467967
Missouri,2020-04-12,4907,109,92.0,1.0,1.4989992550625442,0.016293470163723303
Missouri,2020-04-13,5145,109,238.0,0.0,3.8778458989661466,0.0
Missouri,2020-04-14,5346,133,201.0,24.0,3.2749875029083846,0.39104328392935933
Missouri,2020-04-15,5551,147,205.0,14.0,3.3401613835632777,0.22810858229212627
Missouri,2020-04-16,5752,152,201.0,5.0,3.2749875029083846,0.08146735081861653
Missouri,2020-04-17,5911,164,159.0,12.0,2.5906617560320058,0.19552164196467967
Missouri,2020-04-18,6060,175,149.0,11.0,2.4277270543947727,0.17922817180095635
Missouri,2020-04-19,6193,176,133.0,1.0,2.1670315317751996,0.016293470163723303
Missouri,2020-04-20,6441,177,248.0,1.0,4.040780600603379,0.016293470163723303
Missouri,2020-04-21,6673,189,232.0,12.0,3.780085077983807,0.19552164196467967
Missouri,2020-04-22,6903,207,230.0,18.0,3.7474981376563603,0.29328246294701954
Missouri,2020-04-23,7132,218,229.0,11.0,3.731204667492637,0.17922817180095635
Missouri,2020-04-24,7338,262,206.0,44.0,3.356454853727001,0.7169126872038254
Missouri,2020-04-25,7457,273,119.0,11.0,1.9389229494830733,0.17922817180095635
Missouri,2020-04-26,7529,274,72.0,1.0,1.1731298517880782,0.016293470163723303
Missouri,2020-04-27,7800,288,271.0,14.0,4.415530414369016,0.22810858229212627
Missouri,2020-04-28,8167,314,367.0,26.0,5.9797035500864535,0.4236302242568059
Missouri,2020-04-29,8475,318,308.0,4.0,5.018388810426778,0.06517388065489321
Missouri,2020-04-30,8739,329,264.0,11.0,4.301476123222953,0.17922817180095635
Missouri,2020-05-01,9026,337,287.0,8.0,4.6762259369885895,0.13034776130978643
Missouri,2020-05-02,9094,351,68.0,14.0,1.1079559711331848,0.22810858229212627
Missouri,2020-05-03,9162,352,68.0,1.0,1.1079559711331848,0.016293470163723303
Missouri,2020-05-04,9368,358,206.0,6.0,3.356454853727001,0.09776082098233983
Missouri,2020-05-05,9645,376,277.0,18.0,4.513291235351355,0.29328246294701954
Missouri,2020-05-06,9828,396,183.0,20.0,2.981705039961365,0.3258694032744661
Missouri,2020-05-07,9968,417,140.0,21.0,2.2810858229212627,0.34216287343818946
Missouri,2020-05-08,10102,449,134.0,32.0,2.183325001938923,0.5213910452391457
Missouri,2020-05-09,10215,472,113.0,23.0,1.8411621285007334,0.37474981376563604
Missouri,2020-05-10,10279,482,64.0,10.0,1.0427820904782914,0.16293470163723306
Missouri,2020-05-11,10454,487,175.0,5.0,2.8513572786515784,0.08146735081861653
Missouri,2020-05-12,10634,522,180.0,35.0,2.932824629470195,0.5702714557303157
Missouri,2020-05-13,10881,540,247.0,18.0,4.024487130439656,0.29328246294701954
Missouri,2020-05-14,11069,560,188.0,20.0,3.063172390779981,0.3258694032744661
Missouri,2020-05-15,11253,575,184.0,15.0,2.9979985101250883,0.2444020524558496
Missouri,2020-05-16,11343,588,90.0,13.0,1.4664123147350976,0.21181511212840295
Missouri,2020-05-17,11445,594,102.0,6.0,1.6619339566997773,0.09776082098233983
Missouri,2020-05-18,11655,605,210.0,11.0,3.4216287343818945,0.17922817180095635
Missouri,2020-05-19,11833,616,178.0,11.0,2.9002376891427484,0.17922817180095635
Missouri,2020-05-20,12050,630,217.0,14.0,3.535683025527957,0.22810858229212627
Missouri,2020-05-21,12309,661,259.0,31.0,4.220008772404336,0.5050975750754224
Missouri,2020-05-22,12518,671,209.0,10.0,3.4053352642181705,0.16293470163723306
Missouri,2020-05-23,12604,676,86.0,5.0,1.4012384340802042,0.08146735081861653
Missouri,2020-05-24,12668,681,64.0,5.0,1.0427820904782914,0.08146735081861653
Missouri,2020-05-25,12744,685,76.0,4.0,1.238303732442971,0.06517388065489321
Missouri,2020-05-26,12995,686,251.0,1.0,4.08966101109455,0.016293470163723303
Missouri,2020-05-27,13262,695,267.0,9.0,4.350356533714122,0.14664123147350977
Missouri,2020-05-28,13464,706,202.0,11.0,3.2912809730721078,0.17922817180095635
Missouri,2020-05-29,13676,736,212.0,30.0,3.454215674709341,0.4888041049116992
Missouri,2020-05-30,13974,770,298.0,34.0,4.855454108789545,0.5539779855665924
Missouri,2020-05-31,14152,771,178.0,1.0,2.9002376891427484,0.016293470163723303
Missouri,2020-06-01,14419,771,267.0,0.0,4.350356533714122,0.0
Missouri,2020-06-02,14638,782,219.0,11.0,3.5682699658554045,0.17922817180095635
Missouri,2020-06-03,14857,786,219.0,4.0,3.5682699658554045,0.06517388065489321
Missouri,2020-06-04,15097,788,240.0,2.0,3.9104328392935934,0.032586940327446606
Missouri,2020-06-05,15328,798,231.0,10.0,3.763791607820084,0.16293470163723306
Missouri,2020-06-06,15418,807,90.0,9.0,1.4664123147350976,0.14664123147350977
Missouri,2020-06-07,15471,807,53.0,0.0,0.8635539186773352,0.0
Missouri,2020-06-08,15766,819,295.0,12.0,4.806573698298375,0.19552164196467967
Missouri,2020-06-09,16045,839,279.0,20.0,4.545878175678802,0.3258694032744661
Missouri,2020-06-10,16346,847,301.0,8.0,4.904334519280715,0.13034776130978643
Missouri,2020-06-11,16868,860,522.0,13.0,8.505191425463567,0.21181511212840295
Missouri,2020-06-12,17179,870,311.0,10.0,5.067269220917948,0.16293470163723306
Missouri,2020-06-13,17336,877,157.0,7.0,2.558074815704559,0.11405429114606314
Missouri,2020-06-14,17444,877,108.0,0.0,1.759694777682117,0.0
Missouri,2020-06-15,17873,879,429.0,2.0,6.989898700237298,0.032586940327446606
Missouri,2020-06-16,18333,881,460.0,2.0,7.494996275312721,0.032586940327446606
Missouri,2020-06-17,18763,907,430.0,26.0,7.006192170401021,0.4236302242568059
Missouri,2020-06-18,19336,944,573.0,37.0,9.336158403813453,0.6028583960577623
Missouri,2020-06-19,19761,947,425.0,3.0,6.924724819582405,0.048880410491169916
Missouri,2020-06-20,19969,955,208.0,8.0,3.3890417940544473,0.13034776130978643
Missouri,2020-06-21,20144,956,175.0,1.0,2.8513572786515784,0.016293470163723303
Missouri,2020-06-22,20760,961,616.0,5.0,10.036777620853556,0.08146735081861653
Missouri,2020-06-23,21339,966,579.0,5.0,9.433919224795794,0.08146735081861653
Missouri,2020-06-24,21959,975,620.0,9.0,10.10195150150845,0.14664123147350977
Missouri,2020-06-25,22543,982,584.0,7.0,9.51538657561441,0.11405429114606314
Missouri,2020-06-26,23121,990,578.0,8.0,9.417625754632072,0.13034776130978643
Missouri,2020-06-27,23482,996,361.0,6.0,5.8819427291041135,0.09776082098233983
Missouri,2020-06-28,23735,996,253.0,0.0,4.122247951421996,0.0
Missouri,2020-06-29,24609,998,874.0,2.0,14.240492923094168,0.032586940327446606
Missouri,2020-06-30,25483,1012,874.0,14.0,14.240492923094168,0.22810858229212627
Missouri,2020-07-01,26426,1017,943.0,5.0,15.364742364391079,0.08146735081861653
Missouri,2020-07-02,27373,1022,947.0,5.0,15.429916245045971,0.08146735081861653
Missouri,2020-07-03,28005,1022,632.0,0.0,10.297473143473129,0.0
Missouri,2020-07-04,28329,1022,324.0,0.0,5.279084333046351,0.0
Missouri,2020-07-05,28664,1022,335.0,0.0,5.458312504847307,0.0
Missouri,2020-07-06,29838,1028,1174.0,6.0,19.12853397221116,0.09776082098233983
Missouri,2020-07-07,31087,1040,1249.0,12.0,20.35054423449041,0.19552164196467967
Missouri,2020-07-08,32443,1044,1356.0,4.0,22.093945542008804,0.06517388065489321
Missouri,2020-07-09,33654,1048,1211.0,4.0,19.731392368268924,0.06517388065489321
Missouri,2020-07-10,34782,1061,1128.0,13.0,18.379034344679887,0.21181511212840295
Missouri,2020-07-11,35430,1070,648.0,9.0,10.558168666092701,0.14664123147350977
Missouri,2020-07-12,35873,1070,443.0,0.0,7.218007282529425,0.0
Missouri,2020-07-13,37199,1084,1326.0,14.0,21.605141437097103,0.22810858229212627
Missouri,2020-07-14,38577,1093,1378.0,9.0,22.452401885610715,0.14664123147350977
Missouri,2020-07-15,39778,1103,1201.0,10.0,19.56845766663169,0.16293470163723306
Missouri,2020-07-16,40842,1114,1064.0,11.0,17.336252254201597,0.17922817180095635
Missouri,2020-07-17,41870,1122,1028.0,8.0,16.74968732830756,0.13034776130978643
Missouri,2020-07-18,42518,1126,648.0,4.0,10.558168666092701,0.06517388065489321
Missouri,2020-07-19,43018,1130,500.0,4.0,8.146735081861653,0.06517388065489321
Missouri,2020-07-20,44445,1134,1427.0,4.0,23.250781923633156,0.06517388065489321
Missouri,2020-07-21,45671,1145,1226.0,11.0,19.975794420724775,0.17922817180095635
Missouri,2020-07-22,46847,1161,1176.0,16.0,19.161120912538607,0.26069552261957285
Missouri,2020-07-23,48066,1181,1219.0,20.0,19.86174012957871,0.3258694032744661
Missouri,2020-07-24,49195,1185,1129.0,4.0,18.395327814843615,0.06517388065489321
Missouri,2020-07-25,49726,1189,531.0,4.0,8.651832656937074,0.06517388065489321
Missouri,2020-07-26,50144,1204,418.0,15.0,6.810670528436341,0.2444020524558496
Missouri,2020-07-27,51488,1208,1344.0,4.0,21.898423900044126,0.06517388065489321
Missouri,2020-07-28,52651,1219,1163.0,11.0,18.949305800410205,0.17922817180095635
Missouri,2020-07-29,53903,1226,1252.0,7.0,20.39942464498158,0.11405429114606314
Missouri,2020-07-30,54985,1239,1082.0,13.0,17.629534717148616,0.21181511212840295
Missouri,2020-07-31,56009,1248,1024.0,9.0,16.684513447652662,0.14664123147350977
Missouri,2020-08-01,56562,1258,553.0,10.0,9.010289000538988,0.16293470163723306
Missouri,2020-08-02,57113,1258,551.0,0.0,8.977702060211541,0.0
Missouri,2020-08-03,58556,1260,1443.0,2.0,23.51147744625273,0.032586940327446606
Missouri,2020-08-04,59825,1269,1269.0,9.0,20.676413637764874,0.14664123147350977
Missouri,2020-08-05,61059,1274,1234.0,5.0,20.10614218203456,0.08146735081861653
Missouri,2020-08-06,62224,1281,1165.0,7.0,18.98189274073765,0.11405429114606314
Missouri,2020-08-07,63299,1302,1075.0,21.0,17.515480426002554,0.34216287343818946
Missouri,2020-08-08,63975,1302,676.0,0.0,11.014385830676956,0.0
Missouri,2020-08-09,64441,1308,466.0,6.0,7.592757096295061,0.09776082098233983
Missouri,2020-08-10,65965,1308,1524.0,0.0,24.83124852951432,0.0
Missouri,2020-08-11,67331,1315,1366.0,7.0,22.256880243646034,0.11405429114606314
Missouri,2020-08-12,68732,1326,1401.0,11.0,22.82715169937635,0.17922817180095635
Missouri,2020-08-13,69923,1328,1191.0,2.0,19.405522964994457,0.032586940327446606
Missouri,2020-08-14,71080,1336,1157.0,8.0,18.851544979427864,0.13034776130978643
Missouri,2020-08-15,71746,1349,666.0,13.0,10.851451129039722,0.21181511212840295
Missouri,2020-08-16,72305,1370,559.0,21.0,9.108049821521329,0.34216287343818946
Missouri,2020-08-17,73905,1400,1600.0,30.0,26.06955226195729,0.4888041049116992
Missouri,2020-08-18,75223,1406,1318.0,6.0,21.474793675787318,0.09776082098233983
Missouri,2020-08-19,76628,1418,1405.0,12.0,22.892325580031244,0.19552164196467967
Missouri,2020-08-20,78002,1421,1374.0,3.0,22.387228004955823,0.048880410491169916
Missouri,2020-08-21,79229,1423,1227.0,2.0,19.992087890888495,0.032586940327446606
Missouri,2020-08-22,79846,1429,617.0,6.0,10.05307109101728,0.09776082098233983
Missouri,2020-08-23,80388,1430,542.0,1.0,8.831060828738032,0.016293470163723303
Missouri,2020-08-24,82109,1430,1721.0,0.0,28.041062151767807,0.0
Missouri,2020-08-25,83665,1444,1556.0,14.0,25.352639574753464,0.22810858229212627
Missouri,2020-08-26,85326,1453,1661.0,9.0,27.063453941944413,0.14664123147350977
Missouri,2020-08-27,86803,1454,1477.0,1.0,24.06545543181932,0.016293470163723303
Missouri,2020-08-28,88211,1468,1408.0,14.0,22.941205990522413,0.22810858229212627
Missouri,2020-08-29,88957,1499,746.0,31.0,12.154928742137585,0.5050975750754224
Missouri,2020-08-30,89563,1507,606.0,8.0,9.873842919216322,0.13034776130978643
Missouri,2020-08-31,91475,1533,1912.0,26.0,31.153114953038962,0.4236302242568059
Missouri,2020-09-01,93155,1542,1680.0,9.0,27.373029875055156,0.14664123147350977
Missouri,2020-09-02,94949,1546,1794.0,4.0,29.23048547371961,0.06517388065489321
Missouri,2020-09-03,96586,1549,1637.0,3.0,26.67241065801505,0.048880410491169916
Missouri,2020-09-04,98110,1566,1524.0,17.0,24.83124852951432,0.2769889927832962
Missouri,2020-09-05,98858,1642,748.0,76.0,12.187515682465031,1.238303732442971
Missouri,2020-09-06,99453,1662,595.0,20.0,9.694614747415367,0.3258694032744661
Missouri,2020-09-07,100182,1663,729.0,1.0,11.877939749354288,0.016293470163723303
Missouri,2020-09-08,102561,1665,2379.0,2.0,38.76216551949774,0.032586940327446606
Missouri,2020-09-09,104726,1676,2165.0,11.0,35.275362904460955,0.17922817180095635
Missouri,2020-09-10,106477,1695,1751.0,19.0,28.529866256679508,0.3095759331107428
Missouri,2020-09-11,108116,1705,1639.0,10.0,26.704997598342498,0.16293470163723306
Missouri,2020-09-12,108904,1708,788.0,3.0,12.839254489013964,0.048880410491169916
Missouri,2020-09-13,109575,1709,671.0,1.0,10.932918479858337,0.016293470163723303
Missouri,2020-09-14,111809,1717,2234.0,8.0,36.399612345757866,0.13034776130978643
Missouri,2020-09-15,113749,1734,1940.0,17.0,31.609332117623214,0.2769889927832962
Missouri,2020-09-16,115492,1742,1743.0,8.0,28.39951849536972,0.13034776130978643
Missouri,2020-09-17,117278,1760,1786.0,18.0,29.100137712409822,0.29328246294701954
Missouri,2020-09-18,118897,1783,1619.0,23.0,26.379128195068034,0.37474981376563604
Missouri,2020-09-19,119759,1796,862.0,13.0,14.04497128112949,0.21181511212840295
Missouri,2020-09-20,120413,1798,654.0,2.0,10.655929487075042,0.032586940327446606
Missouri,2020-09-21,122713,1810,2300.0,12.0,37.474981376563605,0.19552164196467967
Missouri,2020-09-22,124589,1866,1876.0,56.0,30.56655002714492,0.9124343291685051
Missouri,2020-09-23,126557,1943,1968.0,77.0,32.06554928220746,1.2545972026066945
Missouri,2020-09-24,128516,1954,1959.0,11.0,31.918908050733958,0.17922817180095635
Missouri,2020-09-25,130213,1997,1697.0,43.0,27.650018867838448,0.7006192170401021
Missouri,2020-09-26,131133,2061,920.0,64.0,14.989992550625441,1.0427820904782914
Missouri,2020-09-27,131904,2066,771.0,5.0,12.562265496230667,0.08146735081861653
Missouri,2020-09-28,134229,2067,2325.0,1.0,37.882318130656685,0.016293470163723303
Missouri,2020-09-29,136219,2067,1990.0,0.0,32.42400562580938,0.0
Missouri,2020-09-30,138069,2147,1850.0,80.0,30.142919802888112,1.3034776130978645
Missouri,2020-10-01,139835,2149,1766.0,2.0,28.77426830913536,0.032586940327446606
Montana,2020-02-01,0,0,0.0,0.0,0.0,0.0
Montana,2020-02-02,0,0,0.0,0.0,0.0,0.0
Montana,2020-02-03,0,0,0.0,0.0,0.0,0.0
Montana,2020-02-04,0,0,0.0,0.0,0.0,0.0
Montana,2020-02-05,0,0,0.0,0.0,0.0,0.0
Montana,2020-02-06,0,0,0.0,0.0,0.0,0.0
Montana,2020-02-07,0,0,0.0,0.0,0.0,0.0
Montana,2020-02-08,0,0,0.0,0.0,0.0,0.0
Montana,2020-02-09,0,0,0.0,0.0,0.0,0.0
Montana,2020-02-10,0,0,0.0,0.0,0.0,0.0
Montana,2020-02-11,0,0,0.0,0.0,0.0,0.0
Montana,2020-02-12,0,0,0.0,0.0,0.0,0.0
Montana,2020-02-13,0,0,0.0,0.0,0.0,0.0
Montana,2020-02-14,0,0,0.0,0.0,0.0,0.0
Montana,2020-02-15,0,0,0.0,0.0,0.0,0.0
Montana,2020-02-16,0,0,0.0,0.0,0.0,0.0
Montana,2020-02-17,0,0,0.0,0.0,0.0,0.0
Montana,2020-02-18,0,0,0.0,0.0,0.0,0.0
Montana,2020-02-19,0,0,0.0,0.0,0.0,0.0
Montana,2020-02-20,0,0,0.0,0.0,0.0,0.0
Montana,2020-02-21,0,0,0.0,0.0,0.0,0.0
Montana,2020-02-22,0,0,0.0,0.0,0.0,0.0
Montana,2020-02-23,0,0,0.0,0.0,0.0,0.0
Montana,2020-02-24,0,0,0.0,0.0,0.0,0.0
Montana,2020-02-25,0,0,0.0,0.0,0.0,0.0
Montana,2020-02-26,0,0,0.0,0.0,0.0,0.0
Montana,2020-02-27,0,0,0.0,0.0,0.0,0.0
Montana,2020-02-28,0,0,0.0,0.0,0.0,0.0
Montana,2020-02-29,0,0,0.0,0.0,0.0,0.0
Montana,2020-03-01,0,0,0.0,0.0,0.0,0.0
Montana,2020-03-02,0,0,0.0,0.0,0.0,0.0
Montana,2020-03-03,0,0,0.0,0.0,0.0,0.0
Montana,2020-03-04,0,0,0.0,0.0,0.0,0.0
Montana,2020-03-05,0,0,0.0,0.0,0.0,0.0
Montana,2020-03-06,0,0,0.0,0.0,0.0,0.0
Montana,2020-03-07,0,0,0.0,0.0,0.0,0.0
Montana,2020-03-08,0,0,0.0,0.0,0.0,0.0
Montana,2020-03-09,0,0,0.0,0.0,0.0,0.0
Montana,2020-03-10,0,0,0.0,0.0,0.0,0.0
Montana,2020-03-11,0,0,0.0,0.0,0.0,0.0
Montana,2020-03-12,0,0,0.0,0.0,0.0,0.0
Montana,2020-03-13,4,0,4.0,0.0,0.3742592006946251,0.0
Montana,2020-03-14,6,0,2.0,0.0,0.18712960034731255,0.0
Montana,2020-03-15,6,0,0.0,0.0,0.0,0.0
Montana,2020-03-16,8,0,2.0,0.0,0.18712960034731255,0.0
Montana,2020-03-17,8,0,0.0,0.0,0.0,0.0
Montana,2020-03-18,8,0,0.0,0.0,0.0,0.0
Montana,2020-03-19,10,0,2.0,0.0,0.18712960034731255,0.0
Montana,2020-03-20,19,0,9.0,0.0,0.8420832015629064,0.0
Montana,2020-03-21,27,0,8.0,0.0,0.7485184013892502,0.0
Montana,2020-03-22,34,0,7.0,0.0,0.6549536012155939,0.0
Montana,2020-03-23,45,0,11.0,0.0,1.029212801910219,0.0
Montana,2020-03-24,51,0,6.0,0.0,0.5613888010419377,0.0
Montana,2020-03-25,65,0,14.0,0.0,1.3099072024311877,0.0
Montana,2020-03-26,89,0,24.0,0.0,2.2455552041677507,0.0
Montana,2020-03-27,120,0,31.0,0.0,2.9005088053833443,0.0
Montana,2020-03-28,147,1,27.0,1.0,2.5262496046887195,0.09356480017365627
Montana,2020-03-29,161,1,14.0,0.0,1.3099072024311877,0.0
Montana,2020-03-30,177,3,16.0,2.0,1.4970368027785004,0.18712960034731255
Montana,2020-03-31,198,4,21.0,1.0,1.9648608036467816,0.09356480017365627
Montana,2020-04-01,217,4,19.0,0.0,1.777731203299469,0.0
Montana,2020-04-02,241,4,24.0,0.0,2.2455552041677507,0.0
Montana,2020-04-03,262,4,21.0,0.0,1.9648608036467816,0.0
Montana,2020-04-04,281,4,19.0,0.0,1.777731203299469,0.0
Montana,2020-04-05,296,4,15.0,0.0,1.4034720026048442,0.0
Montana,2020-04-06,318,4,22.0,0.0,2.058425603820438,0.0
Montana,2020-04-07,318,4,0.0,0.0,0.0,0.0
Montana,2020-04-08,331,4,13.0,0.0,1.2163424022575315,0.0
Montana,2020-04-09,331,4,0.0,0.0,0.0,0.0
Montana,2020-04-10,331,4,0.0,0.0,0.0,0.0
Montana,2020-04-11,331,4,0.0,0.0,0.0,0.0
Montana,2020-04-12,331,4,0.0,0.0,0.0,0.0
Montana,2020-04-13,331,4,0.0,0.0,0.0,0.0
Montana,2020-04-14,331,4,0.0,0.0,0.0,0.0
Montana,2020-04-15,331,4,0.0,0.0,0.0,0.0
Montana,2020-04-16,413,6,82.0,2.0,7.672313614239814,0.18712960034731255
Montana,2020-04-17,422,7,9.0,1.0,0.8420832015629064,0.09356480017365627
Montana,2020-04-18,426,9,4.0,2.0,0.3742592006946251,0.18712960034731255
Montana,2020-04-19,433,9,7.0,0.0,0.6549536012155939,0.0
Montana,2020-04-20,433,9,0.0,0.0,0.0,0.0
Montana,2020-04-21,437,11,4.0,2.0,0.3742592006946251,0.18712960034731255
Montana,2020-04-22,439,13,2.0,2.0,0.18712960034731255,0.18712960034731255
Montana,2020-04-23,442,13,3.0,0.0,0.28069440052096883,0.0
Montana,2020-04-24,444,13,2.0,0.0,0.18712960034731255,0.0
Montana,2020-04-25,445,13,1.0,0.0,0.09356480017365627,0.0
Montana,2020-04-26,448,13,3.0,0.0,0.28069440052096883,0.0
Montana,2020-04-27,449,13,1.0,0.0,0.09356480017365627,0.0
Montana,2020-04-28,451,14,2.0,1.0,0.18712960034731255,0.09356480017365627
Montana,2020-04-29,451,15,0.0,1.0,0.0,0.09356480017365627
Montana,2020-04-30,452,15,1.0,0.0,0.09356480017365627,0.0
Montana,2020-05-01,452,15,0.0,0.0,0.0,0.0
Montana,2020-05-02,454,15,2.0,0.0,0.18712960034731255,0.0
Montana,2020-05-03,454,15,0.0,0.0,0.0,0.0
Montana,2020-05-04,456,15,2.0,0.0,0.18712960034731255,0.0
Montana,2020-05-05,456,15,0.0,0.0,0.0,0.0
Montana,2020-05-06,456,15,0.0,0.0,0.0,0.0
Montana,2020-05-07,456,15,0.0,0.0,0.0,0.0
Montana,2020-05-08,458,15,2.0,0.0,0.18712960034731255,0.0
Montana,2020-05-09,459,15,1.0,0.0,0.09356480017365627,0.0
Montana,2020-05-10,459,15,0.0,0.0,0.0,0.0
Montana,2020-05-11,460,15,1.0,0.0,0.09356480017365627,0.0
Montana,2020-05-12,462,15,2.0,0.0,0.18712960034731255,0.0
Montana,2020-05-13,463,15,1.0,0.0,0.09356480017365627,0.0
Montana,2020-05-14,463,15,0.0,0.0,0.0,0.0
Montana,2020-05-15,467,15,4.0,0.0,0.3742592006946251,0.0
Montana,2020-05-16,469,15,2.0,0.0,0.18712960034731255,0.0
Montana,2020-05-17,469,15,0.0,0.0,0.0,0.0
Montana,2020-05-18,471,15,2.0,0.0,0.18712960034731255,0.0
Montana,2020-05-19,472,15,1.0,0.0,0.09356480017365627,0.0
Montana,2020-05-20,479,15,7.0,0.0,0.6549536012155939,0.0
Montana,2020-05-21,479,15,0.0,0.0,0.0,0.0
Montana,2020-05-22,479,15,0.0,0.0,0.0,0.0
Montana,2020-05-23,483,15,4.0,0.0,0.3742592006946251,0.0
Montana,2020-05-24,483,15,0.0,0.0,0.0,0.0
Montana,2020-05-25,483,15,0.0,0.0,0.0,0.0
Montana,2020-05-26,483,16,0.0,1.0,0.0,0.09356480017365627
Montana,2020-05-27,485,16,2.0,0.0,0.18712960034731255,0.0
Montana,2020-05-28,489,16,4.0,0.0,0.3742592006946251,0.0
Montana,2020-05-29,497,16,8.0,0.0,0.7485184013892502,0.0
Montana,2020-05-30,509,16,12.0,0.0,1.1227776020838753,0.0
Montana,2020-05-31,519,16,10.0,0.0,0.9356480017365627,0.0
Montana,2020-06-01,523,16,4.0,0.0,0.3742592006946251,0.0
Montana,2020-06-02,527,16,4.0,0.0,0.3742592006946251,0.0
Montana,2020-06-03,529,16,2.0,0.0,0.18712960034731255,0.0
Montana,2020-06-04,543,16,14.0,0.0,1.3099072024311877,0.0
Montana,2020-06-05,545,17,2.0,1.0,0.18712960034731255,0.09356480017365627
Montana,2020-06-06,546,17,1.0,0.0,0.09356480017365627,0.0
Montana,2020-06-07,551,17,5.0,0.0,0.46782400086828135,0.0
Montana,2020-06-08,554,17,3.0,0.0,0.28069440052096883,0.0
Montana,2020-06-09,560,17,6.0,0.0,0.5613888010419377,0.0
Montana,2020-06-10,568,17,8.0,0.0,0.7485184013892502,0.0
Montana,2020-06-11,571,17,3.0,0.0,0.28069440052096883,0.0
Montana,2020-06-12,581,17,10.0,0.0,0.9356480017365627,0.0
Montana,2020-06-13,596,17,15.0,0.0,1.4034720026048442,0.0
Montana,2020-06-14,609,18,13.0,1.0,1.2163424022575315,0.09356480017365627
Montana,2020-06-15,616,18,7.0,0.0,0.6549536012155939,0.0
Montana,2020-06-16,622,18,6.0,0.0,0.5613888010419377,0.0
Montana,2020-06-17,639,19,17.0,1.0,1.5906016029521566,0.09356480017365627
Montana,2020-06-18,663,19,24.0,0.0,2.2455552041677507,0.0
Montana,2020-06-19,674,19,11.0,0.0,1.029212801910219,0.0
Montana,2020-06-20,704,19,30.0,0.0,2.8069440052096883,0.0
Montana,2020-06-21,723,19,19.0,0.0,1.777731203299469,0.0
Montana,2020-06-22,739,20,16.0,1.0,1.4970368027785004,0.09356480017365627
Montana,2020-06-23,743,20,4.0,0.0,0.3742592006946251,0.0
Montana,2020-06-24,783,20,40.0,0.0,3.742592006946251,0.0
Montana,2020-06-25,819,20,36.0,0.0,3.3683328062516256,0.0
Montana,2020-06-26,848,21,29.0,1.0,2.713379205036032,0.09356480017365627
Montana,2020-06-27,871,21,23.0,0.0,2.1519904039940942,0.0
Montana,2020-06-28,881,21,10.0,0.0,0.9356480017365627,0.0
Montana,2020-06-29,937,21,56.0,0.0,5.239628809724751,0.0
Montana,2020-06-30,984,21,47.0,0.0,4.3975456081618445,0.0
Montana,2020-07-01,1019,21,35.0,0.0,3.274768006077969,0.0
Montana,2020-07-02,1105,21,86.0,0.0,8.04657281493444,0.0
Montana,2020-07-03,1149,22,44.0,1.0,4.116851207640876,0.09356480017365627
Montana,2020-07-04,1189,22,40.0,0.0,3.742592006946251,0.0
Montana,2020-07-05,1234,22,45.0,0.0,4.2104160078145325,0.0
Montana,2020-07-06,1271,22,37.0,0.0,3.461897606425282,0.0
Montana,2020-07-07,1351,22,80.0,0.0,7.485184013892502,0.0
Montana,2020-07-08,1395,22,44.0,0.0,4.116851207640876,0.0
Montana,2020-07-09,1491,24,96.0,2.0,8.982220816671003,0.18712960034731255
Montana,2020-07-10,1618,27,127.0,3.0,11.882729622054347,0.28069440052096883
Montana,2020-07-11,1698,28,80.0,1.0,7.485184013892502,0.09356480017365627
Montana,2020-07-12,1781,28,83.0,0.0,7.765878414413471,0.0
Montana,2020-07-13,1864,31,83.0,3.0,7.765878414413471,0.28069440052096883
Montana,2020-07-14,1968,33,104.0,2.0,9.730739218060252,0.18712960034731255
Montana,2020-07-15,1999,33,31.0,0.0,2.9005088053833443,0.0
Montana,2020-07-16,2227,34,228.0,1.0,21.33277443959363,0.09356480017365627
Montana,2020-07-17,2367,36,140.0,2.0,13.099072024311877,0.18712960034731255
Montana,2020-07-18,2470,36,103.0,0.0,9.637174417886595,0.0
Montana,2020-07-19,2531,36,61.0,0.0,5.707452810593033,0.0
Montana,2020-07-20,2620,38,89.0,2.0,8.327267215455407,0.18712960034731255
Montana,2020-07-21,2709,39,89.0,1.0,8.327267215455407,0.09356480017365627
Montana,2020-07-22,2814,41,105.0,2.0,9.824304018233908,0.18712960034731255
Montana,2020-07-23,2911,42,97.0,1.0,9.075785616844657,0.09356480017365627
Montana,2020-07-24,3038,45,127.0,3.0,11.882729622054347,0.28069440052096883
Montana,2020-07-25,3254,45,216.0,0.0,20.209996837509756,0.0
Montana,2020-07-26,3341,45,87.0,0.0,8.140137615108095,0.0
Montana,2020-07-27,3379,46,38.0,1.0,3.555462406598938,0.09356480017365627
Montana,2020-07-28,3475,46,96.0,0.0,8.982220816671003,0.0
Montana,2020-07-29,3673,53,198.0,7.0,18.52583043438394,0.6549536012155939
Montana,2020-07-30,3811,54,138.0,1.0,12.911942423964566,0.09356480017365627
Montana,2020-07-31,4009,59,198.0,5.0,18.52583043438394,0.46782400086828135
Montana,2020-08-01,4080,60,71.0,1.0,6.643100812329595,0.09356480017365627
Montana,2020-08-02,4189,60,109.0,0.0,10.198563218928532,0.0
Montana,2020-08-03,4233,63,44.0,3.0,4.116851207640876,0.28069440052096883
Montana,2020-08-04,4314,63,81.0,0.0,7.5787488140661585,0.0
Montana,2020-08-05,4429,64,115.0,1.0,10.75995201997047,0.09356480017365627
Montana,2020-08-06,4602,65,173.0,1.0,16.186710430042535,0.09356480017365627
Montana,2020-08-07,4756,70,154.0,5.0,14.408979226743066,0.46782400086828135
Montana,2020-08-08,4884,75,128.0,5.0,11.976294422228003,0.46782400086828135
Montana,2020-08-09,4949,75,65.0,0.0,6.0817120112876575,0.0
Montana,2020-08-10,5011,75,62.0,0.0,5.801017610766689,0.0
Montana,2020-08-11,5102,77,91.0,2.0,8.51439681580272,0.18712960034731255
Montana,2020-08-12,5268,80,166.0,3.0,15.531756828826943,0.28069440052096883
Montana,2020-08-13,5404,81,136.0,1.0,12.724812823617253,0.09356480017365627
Montana,2020-08-14,5539,81,135.0,0.0,12.631248023443597,0.0
Montana,2020-08-15,5657,82,118.0,1.0,11.04064642049144,0.09356480017365627
Montana,2020-08-16,5744,82,87.0,0.0,8.140137615108095,0.0
Montana,2020-08-17,5787,82,43.0,0.0,4.02328640746722,0.0
Montana,2020-08-18,5844,84,57.0,2.0,5.333193609898408,0.18712960034731255
Montana,2020-08-19,5954,84,110.0,0.0,10.29212801910219,0.0
Montana,2020-08-20,6071,88,117.0,4.0,10.947081620317784,0.3742592006946251
Montana,2020-08-21,6212,88,141.0,0.0,13.192636824485533,0.0
Montana,2020-08-22,6374,90,162.0,2.0,15.157497628132317,0.18712960034731255
Montana,2020-08-23,6426,90,52.0,0.0,4.865369609030126,0.0
Montana,2020-08-24,6487,91,61.0,1.0,5.707452810593033,0.09356480017365627
Montana,2020-08-25,6622,97,135.0,6.0,12.631248023443597,0.5613888010419377
Montana,2020-08-26,6784,98,162.0,1.0,15.157497628132317,0.09356480017365627
Montana,2020-08-27,6928,98,144.0,0.0,13.473331225006502,0.0
Montana,2020-08-28,7061,100,133.0,2.0,12.444118423096283,0.18712960034731255
Montana,2020-08-29,7251,104,190.0,4.0,17.77731203299469,0.3742592006946251
Montana,2020-08-30,7339,104,88.0,0.0,8.233702415281751,0.0
Montana,2020-08-31,7421,104,82.0,0.0,7.672313614239814,0.0
Montana,2020-09-01,7509,105,88.0,1.0,8.233702415281751,0.09356480017365627
Montana,2020-09-02,7691,109,182.0,4.0,17.02879363160544,0.3742592006946251
Montana,2020-09-03,7871,111,180.0,2.0,16.84166403125813,0.18712960034731255
Montana,2020-09-04,8019,114,148.0,3.0,13.847590425701128,0.28069440052096883
Montana,2020-09-05,8163,116,144.0,2.0,13.473331225006502,0.18712960034731255
Montana,2020-09-06,8263,117,100.0,1.0,9.356480017365627,0.09356480017365627
Montana,2020-09-07,8315,118,52.0,1.0,4.865369609030126,0.09356480017365627
Montana,2020-09-08,8379,119,64.0,1.0,5.9881472111140015,0.09356480017365627
Montana,2020-09-09,8467,122,88.0,3.0,8.233702415281751,0.28069440052096883
Montana,2020-09-10,8661,123,194.0,1.0,18.151571233689314,0.09356480017365627
Montana,2020-09-11,8785,131,124.0,8.0,11.602035221533377,0.7485184013892502
Montana,2020-09-12,8925,133,140.0,2.0,13.099072024311877,0.18712960034731255
Montana,2020-09-13,9021,135,96.0,2.0,8.982220816671003,0.18712960034731255
Montana,2020-09-14,9107,138,86.0,3.0,8.04657281493444,0.28069440052096883
Montana,2020-09-15,9241,140,134.0,2.0,12.53768322326994,0.18712960034731255
Montana,2020-09-16,9430,141,189.0,1.0,17.683747232821034,0.09356480017365627
Montana,2020-09-17,9645,143,215.0,2.0,20.116432037336097,0.18712960034731255
Montana,2020-09-18,9868,146,223.0,3.0,20.864950438725348,0.28069440052096883
Montana,2020-09-19,10163,156,295.0,10.0,27.6016160512286,0.9356480017365627
Montana,2020-09-20,10299,157,136.0,1.0,12.724812823617253,0.09356480017365627
Montana,2020-09-21,10429,160,130.0,3.0,12.163424022575315,0.28069440052096883
Montana,2020-09-22,10698,163,269.0,3.0,25.168931246713537,0.28069440052096883
Montana,2020-09-23,10912,165,214.0,2.0,20.02286723716244,0.18712960034731255
Montana,2020-09-24,11241,165,329.0,0.0,30.78281925713291,0.0
Montana,2020-09-25,11563,170,322.0,5.0,30.12786565591732,0.46782400086828135
Montana,2020-09-26,11906,171,343.0,1.0,32.0927264595641,0.09356480017365627
Montana,2020-09-27,12106,173,200.0,2.0,18.712960034731253,0.18712960034731255
Montana,2020-09-28,12410,173,304.0,0.0,28.443699252791504,0.0
Montana,2020-09-29,12723,177,313.0,4.0,29.28578245435441,0.3742592006946251
Montana,2020-09-30,13070,179,347.0,2.0,32.46698566025872,0.18712960034731255
Montana,2020-10-01,13500,181,430.0,2.0,40.23286407467219,0.18712960034731255
Nebraska,2020-02-01,0,0,0.0,0.0,0.0,0.0
Nebraska,2020-02-02,0,0,0.0,0.0,0.0,0.0
Nebraska,2020-02-03,0,0,0.0,0.0,0.0,0.0
Nebraska,2020-02-04,0,0,0.0,0.0,0.0,0.0
Nebraska,2020-02-05,0,0,0.0,0.0,0.0,0.0
Nebraska,2020-02-06,0,0,0.0,0.0,0.0,0.0
Nebraska,2020-02-07,0,0,0.0,0.0,0.0,0.0
Nebraska,2020-02-08,0,0,0.0,0.0,0.0,0.0
Nebraska,2020-02-09,0,0,0.0,0.0,0.0,0.0
Nebraska,2020-02-10,0,0,0.0,0.0,0.0,0.0
Nebraska,2020-02-11,0,0,0.0,0.0,0.0,0.0
Nebraska,2020-02-12,0,0,0.0,0.0,0.0,0.0
Nebraska,2020-02-13,0,0,0.0,0.0,0.0,0.0
Nebraska,2020-02-14,0,0,0.0,0.0,0.0,0.0
Nebraska,2020-02-15,0,0,0.0,0.0,0.0,0.0
Nebraska,2020-02-16,0,0,0.0,0.0,0.0,0.0
Nebraska,2020-02-17,0,0,0.0,0.0,0.0,0.0
Nebraska,2020-02-18,0,0,0.0,0.0,0.0,0.0
Nebraska,2020-02-19,0,0,0.0,0.0,0.0,0.0
Nebraska,2020-02-20,0,0,0.0,0.0,0.0,0.0
Nebraska,2020-02-21,0,0,0.0,0.0,0.0,0.0
Nebraska,2020-02-22,0,0,0.0,0.0,0.0,0.0
Nebraska,2020-02-23,0,0,0.0,0.0,0.0,0.0
Nebraska,2020-02-24,0,0,0.0,0.0,0.0,0.0
Nebraska,2020-02-25,0,0,0.0,0.0,0.0,0.0
Nebraska,2020-02-26,0,0,0.0,0.0,0.0,0.0
Nebraska,2020-02-27,0,0,0.0,0.0,0.0,0.0
Nebraska,2020-02-28,0,0,0.0,0.0,0.0,0.0
Nebraska,2020-02-29,0,0,0.0,0.0,0.0,0.0
Nebraska,2020-03-01,0,0,0.0,0.0,0.0,0.0
Nebraska,2020-03-02,0,0,0.0,0.0,0.0,0.0
Nebraska,2020-03-03,0,0,0.0,0.0,0.0,0.0
Nebraska,2020-03-04,0,0,0.0,0.0,0.0,0.0
Nebraska,2020-03-05,0,0,0.0,0.0,0.0,0.0
Nebraska,2020-03-06,1,0,1.0,0.0,0.05169540241769058,0.0
Nebraska,2020-03-07,1,0,0.0,0.0,0.0,0.0
Nebraska,2020-03-08,1,0,0.0,0.0,0.0,0.0
Nebraska,2020-03-09,4,0,3.0,0.0,0.15508620725307176,0.0
Nebraska,2020-03-10,5,0,1.0,0.0,0.05169540241769058,0.0
Nebraska,2020-03-11,10,0,5.0,0.0,0.25847701208845286,0.0
Nebraska,2020-03-12,11,0,1.0,0.0,0.05169540241769058,0.0
Nebraska,2020-03-13,13,0,2.0,0.0,0.10339080483538116,0.0
Nebraska,2020-03-14,18,0,5.0,0.0,0.25847701208845286,0.0
Nebraska,2020-03-15,18,0,0.0,0.0,0.0,0.0
Nebraska,2020-03-16,18,0,0.0,0.0,0.0,0.0
Nebraska,2020-03-17,24,0,6.0,0.0,0.3101724145061435,0.0
Nebraska,2020-03-18,24,0,0.0,0.0,0.0,0.0
Nebraska,2020-03-19,31,0,7.0,0.0,0.3618678169238341,0.0
Nebraska,2020-03-20,36,0,5.0,0.0,0.25847701208845286,0.0
Nebraska,2020-03-21,47,0,11.0,0.0,0.5686494265945964,0.0
Nebraska,2020-03-22,48,0,1.0,0.0,0.05169540241769058,0.0
Nebraska,2020-03-23,51,0,3.0,0.0,0.15508620725307176,0.0
Nebraska,2020-03-24,55,0,4.0,0.0,0.2067816096707623,0.0
Nebraska,2020-03-25,62,0,7.0,0.0,0.3618678169238341,0.0
Nebraska,2020-03-26,73,0,11.0,0.0,0.5686494265945964,0.0
Nebraska,2020-03-27,81,2,8.0,2.0,0.4135632193415246,0.10339080483538116
Nebraska,2020-03-28,98,2,17.0,0.0,0.8788218411007399,0.0
Nebraska,2020-03-29,119,2,21.0,0.0,1.0856034507715022,0.0
Nebraska,2020-03-30,142,3,23.0,1.0,1.1889942556068833,0.05169540241769058
Nebraska,2020-03-31,166,4,24.0,1.0,1.240689658024574,0.05169540241769058
Nebraska,2020-04-01,201,5,35.0,1.0,1.8093390846191701,0.05169540241769058
Nebraska,2020-04-02,250,6,49.0,1.0,2.5330747184668385,0.05169540241769058
Nebraska,2020-04-03,279,6,29.0,0.0,1.4991666701130268,0.0
Nebraska,2020-04-04,314,6,35.0,0.0,1.8093390846191701,0.0
Nebraska,2020-04-05,350,6,36.0,0.0,1.8610344870368607,0.0
Nebraska,2020-04-06,401,6,51.0,0.0,2.6364655233022196,0.0
Nebraska,2020-04-07,476,6,75.0,0.0,3.8771551813267937,0.0
Nebraska,2020-04-08,520,6,44.0,0.0,2.2745977063783855,0.0
Nebraska,2020-04-09,574,6,54.0,0.0,2.7915517305552915,0.0
Nebraska,2020-04-10,644,6,70.0,0.0,3.6186781692383403,0.0
Nebraska,2020-04-11,701,6,57.0,0.0,2.946637937808363,0.0
Nebraska,2020-04-12,756,6,55.0,0.0,2.843247132972982,0.0
Nebraska,2020-04-13,829,6,73.0,0.0,3.7737643764914126,0.0
Nebraska,2020-04-14,870,6,41.0,0.0,2.1195114991253137,0.0
Nebraska,2020-04-15,912,6,42.0,0.0,2.1712069015430044,0.0
Nebraska,2020-04-16,958,6,46.0,0.0,2.3779885112137666,0.0
Nebraska,2020-04-17,1002,6,44.0,0.0,2.2745977063783855,0.0
Nebraska,2020-04-18,1162,6,160.0,0.0,8.271264386830492,0.0
Nebraska,2020-04-19,1206,6,44.0,0.0,2.2745977063783855,0.0
Nebraska,2020-04-20,1297,6,91.0,0.0,4.7042816200098425,0.0
Nebraska,2020-04-21,1437,6,140.0,0.0,7.237356338476681,0.0
Nebraska,2020-04-22,1677,6,240.0,0.0,12.40689658024574,0.0
Nebraska,2020-04-23,1896,6,219.0,0.0,11.321293129474236,0.0
Nebraska,2020-04-24,2111,6,215.0,0.0,11.114511519803475,0.0
Nebraska,2020-04-25,2396,6,285.0,0.0,14.733189689041817,0.0
Nebraska,2020-04-26,2533,6,137.0,0.0,7.082270131223609,0.0
Nebraska,2020-04-27,2896,6,363.0,0.0,18.76543107762168,0.0
Nebraska,2020-04-28,3281,6,385.0,0.0,19.902729930810874,0.0
Nebraska,2020-04-29,3760,70,479.0,64.0,24.762097758073786,3.308505754732197
Nebraska,2020-04-30,4229,72,469.0,2.0,24.24514373389688,0.10339080483538116
Nebraska,2020-05-01,4775,75,546.0,3.0,28.225689720059055,0.15508620725307176
Nebraska,2020-05-02,5255,78,480.0,3.0,24.81379316049148,0.15508620725307176
Nebraska,2020-05-03,5592,79,337.0,1.0,17.421350614761725,0.05169540241769058
Nebraska,2020-05-04,5989,79,397.0,0.0,20.52307475982316,0.0
Nebraska,2020-05-05,6333,82,344.0,3.0,17.783218431685558,0.15508620725307176
Nebraska,2020-05-06,6668,86,335.0,4.0,17.317959809926347,0.2067816096707623
Nebraska,2020-05-07,7066,90,398.0,4.0,20.574770162240853,0.2067816096707623
Nebraska,2020-05-08,7703,91,637.0,1.0,32.9299713400689,0.05169540241769058
Nebraska,2020-05-09,8090,95,387.0,4.0,20.006120735646252,0.2067816096707623
Nebraska,2020-05-10,8171,98,81.0,3.0,4.1873275958329375,0.15508620725307176
Nebraska,2020-05-11,8394,100,223.0,2.0,11.528074739145,0.10339080483538116
Nebraska,2020-05-12,8541,102,147.0,2.0,7.599224155400515,0.10339080483538116
Nebraska,2020-05-13,8909,105,368.0,3.0,19.023908089710133,0.15508620725307176
Nebraska,2020-05-14,9242,111,333.0,6.0,17.21456900509096,0.3101724145061435
Nebraska,2020-05-15,9603,116,361.0,5.0,18.6620402727863,0.25847701208845286
Nebraska,2020-05-16,10050,120,447.0,4.0,23.107844880707688,0.2067816096707623
Nebraska,2020-05-17,10168,120,118.0,0.0,6.100057485287488,0.0
Nebraska,2020-05-18,10462,122,294.0,2.0,15.19844831080103,0.10339080483538116
Nebraska,2020-05-19,10685,125,223.0,3.0,11.528074739145,0.15508620725307176
Nebraska,2020-05-20,10964,132,279.0,7.0,14.423017274535672,0.3618678169238341
Nebraska,2020-05-21,11252,138,288.0,6.0,14.888275896294886,0.3101724145061435
Nebraska,2020-05-22,11502,142,250.0,4.0,12.923850604422645,0.2067816096707623
Nebraska,2020-05-23,11797,142,295.0,0.0,15.25014371321872,0.0
Nebraska,2020-05-24,11950,145,153.0,3.0,7.90939656990666,0.15508620725307176
Nebraska,2020-05-25,12169,145,219.0,0.0,11.321293129474236,0.0
Nebraska,2020-05-26,12419,148,250.0,3.0,12.923850604422645,0.15508620725307176
Nebraska,2020-05-27,12786,157,367.0,9.0,18.972212687292444,0.4652586217592152
Nebraska,2020-05-28,13053,158,267.0,1.0,13.802672445523383,0.05169540241769058
Nebraska,2020-05-29,13445,163,392.0,5.0,20.264597747734708,0.25847701208845286
Nebraska,2020-05-30,13697,163,252.0,0.0,13.027241409258025,0.0
Nebraska,2020-05-31,13882,164,185.0,1.0,9.563649447272757,0.05169540241769058
Nebraska,2020-06-01,14140,172,258.0,8.0,13.33741382376417,0.4135632193415246
Nebraska,2020-06-02,14414,175,274.0,3.0,14.164540262447218,0.15508620725307176
Nebraska,2020-06-03,14679,180,265.0,5.0,13.699281640688003,0.25847701208845286
Nebraska,2020-06-04,14932,181,253.0,1.0,13.078936811675717,0.05169540241769058
Nebraska,2020-06-05,15193,182,261.0,1.0,13.492500031017242,0.05169540241769058
Nebraska,2020-06-06,15359,183,166.0,1.0,8.581436801336636,0.05169540241769058
Nebraska,2020-06-07,15448,183,89.0,0.0,4.600890815174462,0.0
Nebraska,2020-06-08,15570,183,122.0,0.0,6.306839094958251,0.0
Nebraska,2020-06-09,15706,186,136.0,3.0,7.030574728805919,0.15508620725307176
Nebraska,2020-06-10,15860,190,154.0,4.0,7.96109197232435,0.2067816096707623
Nebraska,2020-06-11,16136,207,276.0,17.0,14.2679310672826,0.8788218411007399
Nebraska,2020-06-12,16343,211,207.0,4.0,10.70094830046195,0.2067816096707623
Nebraska,2020-06-13,16454,211,111.0,0.0,5.738189668363654,0.0
Nebraska,2020-06-14,16546,211,92.0,0.0,4.755977022427533,0.0
Nebraska,2020-06-15,16685,215,139.0,4.0,7.185660936058992,0.2067816096707623
Nebraska,2020-06-16,16874,226,189.0,11.0,9.77043105694352,0.5686494265945964
Nebraska,2020-06-17,17059,229,185.0,3.0,9.563649447272757,0.15508620725307176
Nebraska,2020-06-18,17246,234,187.0,5.0,9.667040252108139,0.25847701208845286
Nebraska,2020-06-19,17421,239,175.0,5.0,9.046695423095851,0.25847701208845286
Nebraska,2020-06-20,17528,239,107.0,0.0,5.531408058692892,0.0
Nebraska,2020-06-21,17628,239,100.0,0.0,5.169540241769058,0.0
Nebraska,2020-06-22,17778,244,150.0,5.0,7.754310362653587,0.25847701208845286
Nebraska,2020-06-23,17913,250,135.0,6.0,6.978879326388228,0.3101724145061435
Nebraska,2020-06-24,18043,251,130.0,1.0,6.720402314299776,0.05169540241769058
Nebraska,2020-06-25,18185,253,142.0,2.0,7.340747143312062,0.10339080483538116
Nebraska,2020-06-26,18362,259,177.0,6.0,9.150086227931233,0.3101724145061435
Nebraska,2020-06-27,18607,260,245.0,1.0,12.665373592334191,0.05169540241769058
Nebraska,2020-06-28,18723,260,116.0,0.0,5.996666680452107,0.0
Nebraska,2020-06-29,18875,261,152.0,1.0,7.857701167488968,0.05169540241769058
Nebraska,2020-06-30,19025,266,150.0,5.0,7.754310362653587,0.25847701208845286
Nebraska,2020-07-01,19143,267,118.0,1.0,6.100057485287488,0.05169540241769058
Nebraska,2020-07-02,19307,273,164.0,6.0,8.478045996501255,0.3101724145061435
Nebraska,2020-07-03,19542,275,235.0,2.0,12.148419568157287,0.10339080483538116
Nebraska,2020-07-04,19693,275,151.0,0.0,7.806005765071277,0.0
Nebraska,2020-07-05,19779,275,86.0,0.0,4.4458046079213895,0.0
Nebraska,2020-07-06,19898,276,119.0,1.0,6.151752887705179,0.05169540241769058
Nebraska,2020-07-07,20094,276,196.0,0.0,10.132298873867354,0.0
Nebraska,2020-07-08,20317,279,223.0,3.0,11.528074739145,0.15508620725307176
Nebraska,2020-07-09,20483,279,166.0,0.0,8.581436801336636,0.0
Nebraska,2020-07-10,20657,279,174.0,0.0,8.99500002067816,0.0
Nebraska,2020-07-11,20897,279,240.0,0.0,12.40689658024574,0.0
Nebraska,2020-07-12,21070,279,173.0,0.0,8.94330461826047,0.0
Nebraska,2020-07-13,21305,282,235.0,3.0,12.148419568157287,0.15508620725307176
Nebraska,2020-07-14,21620,282,315.0,0.0,16.28405176157253,0.0
Nebraska,2020-07-15,21876,285,256.0,3.0,13.234023018928788,0.15508620725307176
Nebraska,2020-07-16,22032,293,156.0,8.0,8.06448277715973,0.4135632193415246
Nebraska,2020-07-17,22263,295,231.0,2.0,11.941637958486524,0.10339080483538116
Nebraska,2020-07-18,22387,295,124.0,0.0,6.410229899793632,0.0
Nebraska,2020-07-19,22477,295,90.0,0.0,4.652586217592153,0.0
Nebraska,2020-07-20,22743,302,266.0,7.0,13.750977043105694,0.3618678169238341
Nebraska,2020-07-21,23090,306,347.0,4.0,17.938304638938632,0.2067816096707623
Nebraska,2020-07-22,23394,307,304.0,1.0,15.715402334977936,0.05169540241769058
Nebraska,2020-07-23,23719,312,325.0,5.0,16.80100578574944,0.25847701208845286
Nebraska,2020-07-24,24087,315,368.0,3.0,19.023908089710133,0.15508620725307176
Nebraska,2020-07-25,24299,315,212.0,0.0,10.959425312550403,0.0
Nebraska,2020-07-26,24511,315,212.0,0.0,10.959425312550403,0.0
Nebraska,2020-07-27,24786,316,275.0,1.0,14.21623566486491,0.05169540241769058
Nebraska,2020-07-28,25043,316,257.0,0.0,13.28571842134648,0.0
Nebraska,2020-07-29,25310,323,267.0,7.0,13.802672445523383,0.3618678169238341
Nebraska,2020-07-30,25644,327,334.0,4.0,17.266264407508654,0.2067816096707623
Nebraska,2020-07-31,26089,332,445.0,5.0,23.00445407587231,0.25847701208845286
Nebraska,2020-08-01,26121,332,32.0,0.0,1.6542528773660985,0.0
Nebraska,2020-08-02,26330,332,209.0,0.0,10.80433910529733,0.0
Nebraska,2020-08-03,26610,332,280.0,0.0,14.474712676953361,0.0
Nebraska,2020-08-04,26850,332,240.0,0.0,12.40689658024574,0.0
Nebraska,2020-08-05,27072,332,222.0,0.0,11.476379336727309,0.0
Nebraska,2020-08-06,27417,335,345.0,3.0,17.83491383410325,0.15508620725307176
Nebraska,2020-08-07,27736,340,319.0,5.0,16.490833371243294,0.25847701208845286
Nebraska,2020-08-08,28002,345,266.0,5.0,13.750977043105694,0.25847701208845286
Nebraska,2020-08-09,28157,345,155.0,0.0,8.012787374742041,0.0
Nebraska,2020-08-10,28347,345,190.0,0.0,9.82212645936121,0.0
Nebraska,2020-08-11,28599,348,252.0,3.0,13.027241409258025,0.15508620725307176
Nebraska,2020-08-12,28920,351,321.0,3.0,16.594224176078676,0.15508620725307176
Nebraska,2020-08-13,29138,356,218.0,5.0,11.269597727056546,0.25847701208845286
Nebraska,2020-08-14,29546,360,408.0,4.0,21.091724186417757,0.2067816096707623
Nebraska,2020-08-15,29872,361,326.0,1.0,16.852701188167128,0.05169540241769058
Nebraska,2020-08-16,30141,361,269.0,0.0,13.906063250358766,0.0
Nebraska,2020-08-17,30249,361,108.0,0.0,5.583103461110583,0.0
Nebraska,2020-08-18,30446,361,197.0,0.0,10.183994276285043,0.0
Nebraska,2020-08-19,30721,368,275.0,7.0,14.21623566486491,0.3618678169238341
Nebraska,2020-08-20,30939,371,218.0,3.0,11.269597727056546,0.15508620725307176
Nebraska,2020-08-21,31242,373,303.0,2.0,15.663706932560247,0.10339080483538116
Nebraska,2020-08-22,31639,376,397.0,3.0,20.52307475982316,0.15508620725307176
Nebraska,2020-08-23,31743,377,104.0,1.0,5.376321851439821,0.05169540241769058
Nebraska,2020-08-24,31939,381,196.0,4.0,10.132298873867354,0.2067816096707623
Nebraska,2020-08-25,32234,382,295.0,1.0,15.25014371321872,0.05169540241769058
Nebraska,2020-08-26,32619,384,385.0,2.0,19.902729930810874,0.10339080483538116
Nebraska,2020-08-27,33020,389,401.0,5.0,20.729856369493923,0.25847701208845286
Nebraska,2020-08-28,33370,390,350.0,1.0,18.093390846191703,0.05169540241769058
Nebraska,2020-08-29,33693,391,323.0,1.0,16.697614980914057,0.05169540241769058
Nebraska,2020-08-30,33984,391,291.0,0.0,15.043362103547958,0.0
Nebraska,2020-08-31,34215,396,231.0,5.0,11.941637958486524,0.25847701208845286
Nebraska,2020-09-01,34510,399,295.0,3.0,15.25014371321872,0.15508620725307176
Nebraska,2020-09-02,34918,399,408.0,0.0,21.091724186417757,0.0
Nebraska,2020-09-03,35374,403,456.0,4.0,23.573103502466903,0.2067816096707623
Nebraska,2020-09-04,35585,403,211.0,0.0,10.907729910132712,0.0
Nebraska,2020-09-05,35731,403,146.0,0.0,7.547528752982825,0.0
Nebraska,2020-09-06,35821,403,90.0,0.0,4.652586217592153,0.0
Nebraska,2020-09-07,35899,403,78.0,0.0,4.032241388579865,0.0
Nebraska,2020-09-08,36425,406,526.0,3.0,27.191781671705243,0.15508620725307176
Nebraska,2020-09-09,36824,421,399.0,15.0,20.62646556465854,0.7754310362653587
Nebraska,2020-09-10,37267,427,443.0,6.0,22.901063271036925,0.3101724145061435
Nebraska,2020-09-11,37747,434,480.0,7.0,24.81379316049148,0.3618678169238341
Nebraska,2020-09-12,38014,434,267.0,0.0,13.802672445523383,0.0
Nebraska,2020-09-13,38136,434,122.0,0.0,6.306839094958251,0.0
Nebraska,2020-09-14,38542,435,406.0,1.0,20.988333381582375,0.05169540241769058
Nebraska,2020-09-15,38877,436,335.0,1.0,17.317959809926347,0.05169540241769058
Nebraska,2020-09-16,39308,439,431.0,3.0,22.28071844202464,0.15508620725307176
Nebraska,2020-09-17,39805,442,497.0,3.0,25.69261500159222,0.15508620725307176
Nebraska,2020-09-18,40260,442,455.0,0.0,23.521408100049214,0.0
Nebraska,2020-09-19,40668,442,408.0,0.0,21.091724186417757,0.0
Nebraska,2020-09-20,40954,442,286.0,0.0,14.784885091459506,0.0
Nebraska,2020-09-21,41234,450,280.0,8.0,14.474712676953361,0.4135632193415246
Nebraska,2020-09-22,41605,458,371.0,8.0,19.178994296963207,0.4135632193415246
Nebraska,2020-09-23,42094,461,489.0,3.0,25.279051782250697,0.15508620725307176
Nebraska,2020-09-24,42525,462,431.0,1.0,22.28071844202464,0.05169540241769058
Nebraska,2020-09-25,42959,468,434.0,6.0,22.435804649277713,0.3101724145061435
Nebraska,2020-09-26,43395,469,436.0,1.0,22.53919545411309,0.05169540241769058
Nebraska,2020-09-27,43856,470,461.0,1.0,23.831580514555355,0.05169540241769058
Nebraska,2020-09-28,44339,472,483.0,2.0,24.968879367744552,0.10339080483538116
Nebraska,2020-09-29,44825,478,486.0,6.0,25.123965574997623,0.3101724145061435
Nebraska,2020-09-30,45342,478,517.0,0.0,26.72652304994603,0.0
Nebraska,2020-10-01,45951,493,609.0,15.0,31.482500072373565,0.7754310362653587
Nevada,2020-02-01,0,0,0.0,0.0,0.0,0.0
Nevada,2020-02-02,0,0,0.0,0.0,0.0,0.0
Nevada,2020-02-03,0,0,0.0,0.0,0.0,0.0
Nevada,2020-02-04,0,0,0.0,0.0,0.0,0.0
Nevada,2020-02-05,0,0,0.0,0.0,0.0,0.0
Nevada,2020-02-06,0,0,0.0,0.0,0.0,0.0
Nevada,2020-02-07,0,0,0.0,0.0,0.0,0.0
Nevada,2020-02-08,0,0,0.0,0.0,0.0,0.0
Nevada,2020-02-09,0,0,0.0,0.0,0.0,0.0
Nevada,2020-02-10,0,0,0.0,0.0,0.0,0.0
Nevada,2020-02-11,0,0,0.0,0.0,0.0,0.0
Nevada,2020-02-12,0,0,0.0,0.0,0.0,0.0
Nevada,2020-02-13,0,0,0.0,0.0,0.0,0.0
Nevada,2020-02-14,0,0,0.0,0.0,0.0,0.0
Nevada,2020-02-15,0,0,0.0,0.0,0.0,0.0
Nevada,2020-02-16,0,0,0.0,0.0,0.0,0.0
Nevada,2020-02-17,0,0,0.0,0.0,0.0,0.0
Nevada,2020-02-18,0,0,0.0,0.0,0.0,0.0
Nevada,2020-02-19,0,0,0.0,0.0,0.0,0.0
Nevada,2020-02-20,0,0,0.0,0.0,0.0,0.0
Nevada,2020-02-21,0,0,0.0,0.0,0.0,0.0
Nevada,2020-02-22,0,0,0.0,0.0,0.0,0.0
Nevada,2020-02-23,0,0,0.0,0.0,0.0,0.0
Nevada,2020-02-24,0,0,0.0,0.0,0.0,0.0
Nevada,2020-02-25,0,0,0.0,0.0,0.0,0.0
Nevada,2020-02-26,0,0,0.0,0.0,0.0,0.0
Nevada,2020-02-27,0,0,0.0,0.0,0.0,0.0
Nevada,2020-02-28,0,0,0.0,0.0,0.0,0.0
Nevada,2020-02-29,0,0,0.0,0.0,0.0,0.0
Nevada,2020-03-01,0,0,0.0,0.0,0.0,0.0
Nevada,2020-03-02,0,0,0.0,0.0,0.0,0.0
Nevada,2020-03-03,0,0,0.0,0.0,0.0,0.0
Nevada,2020-03-04,0,0,0.0,0.0,0.0,0.0
Nevada,2020-03-05,1,0,1.0,0.0,0.032465888091382386,0.0
Nevada,2020-03-06,2,0,1.0,0.0,0.032465888091382386,0.0
Nevada,2020-03-07,2,0,0.0,0.0,0.0,0.0
Nevada,2020-03-08,4,0,2.0,0.0,0.06493177618276477,0.0
Nevada,2020-03-09,4,0,0.0,0.0,0.0,0.0
Nevada,2020-03-10,7,0,3.0,0.0,0.09739766427414716,0.0
Nevada,2020-03-11,7,0,0.0,0.0,0.0,0.0
Nevada,2020-03-12,11,0,4.0,0.0,0.12986355236552954,0.0
Nevada,2020-03-13,20,0,9.0,0.0,0.2921929928224415,0.0
Nevada,2020-03-14,21,0,1.0,0.0,0.032465888091382386,0.0
Nevada,2020-03-15,26,0,5.0,0.0,0.16232944045691192,0.0
Nevada,2020-03-16,45,1,19.0,1.0,0.6168518737362653,0.032465888091382386
Nevada,2020-03-17,55,1,10.0,0.0,0.32465888091382383,0.0
Nevada,2020-03-18,55,1,0.0,0.0,0.0,0.0
Nevada,2020-03-19,91,1,36.0,0.0,1.168771971289766,0.0
Nevada,2020-03-20,153,2,62.0,1.0,2.012885061665708,0.032465888091382386
Nevada,2020-03-21,156,2,3.0,0.0,0.09739766427414716,0.0
Nevada,2020-03-22,156,2,0.0,0.0,0.0,0.0
Nevada,2020-03-23,182,4,26.0,2.0,0.844113090375942,0.06493177618276477
Nevada,2020-03-24,281,6,99.0,2.0,3.2141229210468563,0.06493177618276477
Nevada,2020-03-25,313,6,32.0,0.0,1.0389084189242364,0.0
Nevada,2020-03-26,420,10,107.0,4.0,3.473850025777915,0.12986355236552954
Nevada,2020-03-27,520,10,100.0,0.0,3.246588809138238,0.0
Nevada,2020-03-28,637,14,117.0,4.0,3.798508906691739,0.12986355236552954
Nevada,2020-03-29,651,15,14.0,1.0,0.45452243327935343,0.032465888091382386
Nevada,2020-03-30,882,18,231.0,3.0,7.499620149109331,0.09739766427414716
Nevada,2020-03-31,1039,26,157.0,8.0,5.097144430347034,0.2597271047310591
Nevada,2020-04-01,1157,32,118.0,6.0,3.8309747947831214,0.19479532854829432
Nevada,2020-04-02,1345,38,188.0,6.0,6.1035869611798885,0.19479532854829432
Nevada,2020-04-03,1551,43,206.0,5.0,6.687972946824771,0.16232944045691192
Nevada,2020-04-04,1710,46,159.0,3.0,5.1620762065297985,0.09739766427414716
Nevada,2020-04-05,1830,46,120.0,0.0,3.895906570965886,0.0
Nevada,2020-04-06,1938,46,108.0,0.0,3.5063159138692974,0.0
Nevada,2020-04-07,2098,59,160.0,13.0,5.194542094621181,0.422056545187971
Nevada,2020-04-08,2264,72,166.0,13.0,5.389337423169476,0.422056545187971
Nevada,2020-04-09,2438,82,174.0,10.0,5.649064527900535,0.32465888091382383
Nevada,2020-04-10,2606,86,168.0,4.0,5.4542691993522405,0.12986355236552954
Nevada,2020-04-11,2606,86,0.0,0.0,0.0,0.0
Nevada,2020-04-12,2606,86,0.0,0.0,0.0,0.0
Nevada,2020-04-13,2606,86,0.0,0.0,0.0,0.0
Nevada,2020-04-14,2606,86,0.0,0.0,0.0,0.0
Nevada,2020-04-15,2606,86,0.0,0.0,0.0,0.0
Nevada,2020-04-16,3306,138,700.0,52.0,22.726121663967668,1.688226180751884
Nevada,2020-04-17,3443,142,137.0,4.0,4.447826668519387,0.12986355236552954
Nevada,2020-04-18,3611,152,168.0,10.0,5.4542691993522405,0.32465888091382383
Nevada,2020-04-19,3709,158,98.0,6.0,3.181657032955474,0.19479532854829432
Nevada,2020-04-20,3797,159,88.0,1.0,2.85699815204165,0.032465888091382386
Nevada,2020-04-21,3927,163,130.0,4.0,4.22056545187971,0.12986355236552954
Nevada,2020-04-22,4074,174,147.0,11.0,4.772485549433211,0.35712476900520623
Nevada,2020-04-23,4207,190,133.0,16.0,4.317963116153857,0.5194542094621182
Nevada,2020-04-24,4355,198,148.0,8.0,4.8049514375245925,0.2597271047310591
Nevada,2020-04-25,4529,200,174.0,2.0,5.649064527900535,0.06493177618276477
Nevada,2020-04-26,4624,206,95.0,6.0,3.0842593686813267,0.19479532854829432
Nevada,2020-04-27,4708,207,84.0,1.0,2.7271345996761203,0.032465888091382386
Nevada,2020-04-28,4784,219,76.0,12.0,2.467407494945061,0.38959065709658863
Nevada,2020-04-29,4933,231,149.0,12.0,4.837417325615975,0.38959065709658863
Nevada,2020-04-30,5022,237,89.0,6.0,2.8894640401330323,0.19479532854829432
Nevada,2020-05-01,5057,237,35.0,0.0,1.1363060831983836,0.0
Nevada,2020-05-02,5389,253,332.0,16.0,10.778674846338951,0.5194542094621182
Nevada,2020-05-03,5472,257,83.0,4.0,2.694668711584738,0.12986355236552954
Nevada,2020-05-04,5472,257,0.0,0.0,0.0,0.0
Nevada,2020-05-05,5510,262,38.0,5.0,1.2337037474725305,0.16232944045691192
Nevada,2020-05-06,5613,281,103.0,19.0,3.3439864734123854,0.6168518737362653
Nevada,2020-05-07,5700,289,87.0,8.0,2.8245322639502675,0.2597271047310591
Nevada,2020-05-08,5703,297,3.0,8.0,0.09739766427414716,0.2597271047310591
Nevada,2020-05-09,6051,302,348.0,5.0,11.29812905580107,0.16232944045691192
Nevada,2020-05-10,6117,306,66.0,4.0,2.142748614031237,0.12986355236552954
Nevada,2020-05-11,6140,306,23.0,0.0,0.7467154261017948,0.0
Nevada,2020-05-12,6282,314,142.0,8.0,4.610156108976299,0.2597271047310591
Nevada,2020-05-13,6476,325,194.0,11.0,6.298382289728183,0.35712476900520623
Nevada,2020-05-14,6575,332,99.0,7.0,3.2141229210468563,0.22726121663967672
Nevada,2020-05-15,6740,344,165.0,12.0,5.356871535078094,0.38959065709658863
Nevada,2020-05-16,6817,346,77.0,2.0,2.4998733830364435,0.06493177618276477
Nevada,2020-05-17,6885,349,68.0,3.0,2.2076803902140023,0.09739766427414716
Nevada,2020-05-18,6885,349,0.0,0.0,0.0,0.0
Nevada,2020-05-19,7135,361,250.0,12.0,8.116472022845596,0.38959065709658863
Nevada,2020-05-20,7135,361,0.0,0.0,0.0,0.0
Nevada,2020-05-21,7475,361,340.0,0.0,11.03840195107001,0.0
Nevada,2020-05-22,7483,380,8.0,19.0,0.2597271047310591,0.6168518737362653
Nevada,2020-05-23,7764,390,281.0,10.0,9.12291455367845,0.32465888091382383
Nevada,2020-05-24,7881,392,117.0,2.0,3.798508906691739,0.06493177618276477
Nevada,2020-05-25,7956,394,75.0,2.0,2.4349416068536787,0.06493177618276477
Nevada,2020-05-26,8058,394,102.0,0.0,3.311520585321003,0.0
Nevada,2020-05-27,8119,397,61.0,3.0,1.9804191735743255,0.09739766427414716
Nevada,2020-05-28,8214,405,95.0,8.0,3.0842593686813267,0.2597271047310591
Nevada,2020-05-29,8352,408,138.0,3.0,4.480292556610769,0.09739766427414716
Nevada,2020-05-30,8497,412,145.0,4.0,4.707553773250446,0.12986355236552954
Nevada,2020-05-31,8594,413,97.0,1.0,3.1491911448640915,0.032465888091382386
Nevada,2020-06-01,8689,416,95.0,3.0,3.0842593686813267,0.09739766427414716
Nevada,2020-06-02,8701,417,12.0,1.0,0.38959065709658863,0.032465888091382386
Nevada,2020-06-03,8855,420,154.0,3.0,4.999746766072887,0.09739766427414716
Nevada,2020-06-04,9111,429,256.0,9.0,8.31126735139389,0.2921929928224415
Nevada,2020-06-05,9261,432,150.0,3.0,4.869883213707357,0.09739766427414716
Nevada,2020-06-06,9488,437,227.0,5.0,7.369756596743802,0.16232944045691192
Nevada,2020-06-07,9647,438,159.0,1.0,5.1620762065297985,0.032465888091382386
Nevada,2020-06-08,9784,442,137.0,4.0,4.447826668519387,0.12986355236552954
Nevada,2020-06-09,10039,445,255.0,3.0,8.278801463302507,0.09739766427414716
Nevada,2020-06-10,10155,447,116.0,2.0,3.7660430186003566,0.06493177618276477
Nevada,2020-06-11,10462,459,307.0,12.0,9.967027644054392,0.38959065709658863
Nevada,2020-06-12,10678,461,216.0,2.0,7.012631827738595,0.06493177618276477
Nevada,2020-06-13,10987,462,309.0,1.0,10.031959420237156,0.032465888091382386
Nevada,2020-06-14,11194,463,207.0,1.0,6.720438834916154,0.032465888091382386
Nevada,2020-06-15,11277,464,83.0,1.0,2.694668711584738,0.032465888091382386
Nevada,2020-06-16,11681,466,404.0,2.0,13.116218788918482,0.06493177618276477
Nevada,2020-06-17,11851,472,170.0,6.0,5.519200975535005,0.19479532854829432
Nevada,2020-06-18,12169,475,318.0,3.0,10.324152413059597,0.09739766427414716
Nevada,2020-06-19,12490,478,321.0,3.0,10.421550077333746,0.09739766427414716
Nevada,2020-06-20,12897,485,407.0,7.0,13.213616453192632,0.22726121663967672
Nevada,2020-06-21,13201,487,304.0,2.0,9.869629979780244,0.06493177618276477
Nevada,2020-06-22,13581,490,380.0,3.0,12.337037474725307,0.09739766427414716
Nevada,2020-06-23,13996,492,415.0,2.0,13.473343557923691,0.06493177618276477
Nevada,2020-06-24,14358,494,362.0,2.0,11.752651489080423,0.06493177618276477
Nevada,2020-06-25,14885,495,527.0,1.0,17.109523024158516,0.032465888091382386
Nevada,2020-06-26,15358,498,473.0,3.0,15.356365067223868,0.09739766427414716
Nevada,2020-06-27,16339,500,981.0,2.0,31.84903621764612,0.06493177618276477
Nevada,2020-06-28,17156,500,817.0,0.0,26.524630570659404,0.0
Nevada,2020-06-29,17894,504,738.0,4.0,23.9598254114402,0.12986355236552954
Nevada,2020-06-30,18456,507,562.0,3.0,18.2458291073569,0.09739766427414716
Nevada,2020-07-01,19101,511,645.0,4.0,20.940497818941637,0.12986355236552954
Nevada,2020-07-02,19732,524,631.0,13.0,20.485975385662286,0.422056545187971
Nevada,2020-07-03,20717,528,985.0,4.0,31.978899770011648,0.12986355236552954
Nevada,2020-07-04,21575,530,858.0,2.0,27.855731982406088,0.06493177618276477
Nevada,2020-07-05,22418,534,843.0,4.0,27.36874366103535,0.12986355236552954
Nevada,2020-07-06,22909,537,491.0,3.0,15.94075105286875,0.09739766427414716
Nevada,2020-07-07,23784,548,875.0,11.0,28.407652079959586,0.35712476900520623
Nevada,2020-07-08,24300,553,516.0,5.0,16.75239825515331,0.16232944045691192
Nevada,2020-07-09,25029,574,729.0,21.0,23.66763241861776,0.6817836499190301
Nevada,2020-07-10,25901,579,872.0,5.0,28.31025441568544,0.16232944045691192
Nevada,2020-07-11,26833,589,932.0,10.0,30.258207701168384,0.32465888091382383
Nevada,2020-07-12,27678,593,845.0,4.0,27.433675437218117,0.12986355236552954
Nevada,2020-07-13,28509,593,831.0,0.0,26.979153003938762,0.0
Nevada,2020-07-14,29613,612,1104.0,19.0,35.842340452886155,0.6168518737362653
Nevada,2020-07-15,30556,619,943.0,7.0,30.61533247017359,0.22726121663967672
Nevada,2020-07-16,31907,626,1351.0,7.0,43.86141481145761,0.22726121663967672
Nevada,2020-07-17,33288,637,1381.0,11.0,44.83539145419907,0.35712476900520623
Nevada,2020-07-18,34469,646,1181.0,9.0,38.34221383592259,0.2921929928224415
Nevada,2020-07-19,35759,647,1290.0,1.0,41.880995637883274,0.032465888091382386
Nevada,2020-07-20,36706,648,947.0,1.0,30.74519602253912,0.032465888091382386
Nevada,2020-07-21,37521,676,815.0,28.0,26.459698794476644,0.9090448665587069
Nevada,2020-07-22,38741,704,1220.0,28.0,39.608383471486505,0.9090448665587069
Nevada,2020-07-23,39913,707,1172.0,3.0,38.05002084310016,0.09739766427414716
Nevada,2020-07-24,40879,722,966.0,15.0,31.36204789627538,0.4869883213707358
Nevada,2020-07-25,41807,732,928.0,10.0,30.128344148802853,0.32465888091382383
Nevada,2020-07-26,42831,734,1024.0,2.0,33.24506940557556,0.06493177618276477
Nevada,2020-07-27,43828,739,997.0,5.0,32.368490427108235,0.16232944045691192
Nevada,2020-07-28,44935,739,1107.0,0.0,35.939738117160296,0.0
Nevada,2020-07-29,45806,759,871.0,20.0,28.277788527594055,0.6493177618276477
Nevada,2020-07-30,46799,801,993.0,42.0,32.23862687474271,1.3635672998380601
Nevada,2020-07-31,48064,830,1265.0,29.0,41.06934843559872,0.9415107546500892
Nevada,2020-08-01,49052,832,988.0,2.0,32.0762974342858,0.06493177618276477
Nevada,2020-08-02,50172,832,1120.0,0.0,36.361794662348274,0.0
Nevada,2020-08-03,51161,847,989.0,15.0,32.10876332237718,0.4869883213707358
Nevada,2020-08-04,52179,862,1018.0,15.0,33.05027407702727,0.4869883213707358
Nevada,2020-08-05,52828,890,649.0,28.0,21.07036137130717,0.9090448665587069
Nevada,2020-08-06,53557,899,729.0,9.0,23.66763241861776,0.2921929928224415
Nevada,2020-08-07,54532,919,975.0,20.0,31.654240889097828,0.6493177618276477
Nevada,2020-08-08,55419,949,887.0,30.0,28.797242737056173,0.9739766427414716
Nevada,2020-08-09,56229,957,810.0,8.0,26.297369354019732,0.2597271047310591
Nevada,2020-08-10,56971,963,742.0,6.0,24.08968896380573,0.19479532854829432
Nevada,2020-08-11,57520,980,549.0,17.0,17.82377256216893,0.5519200975535006
Nevada,2020-08-12,58047,995,527.0,15.0,17.109523024158516,0.4869883213707358
Nevada,2020-08-13,58649,1030,602.0,35.0,19.544464631012197,1.1363060831983836
Nevada,2020-08-14,59749,1045,1100.0,15.0,35.71247690052063,0.4869883213707358
Nevada,2020-08-15,60608,1069,859.0,24.0,27.888197870497468,0.7791813141931773
Nevada,2020-08-16,61305,1072,697.0,3.0,22.628723999693523,0.09739766427414716
Nevada,2020-08-17,61963,1072,658.0,0.0,21.36255436412961,0.0
Nevada,2020-08-18,62622,1072,659.0,0.0,21.39502025222099,0.0
Nevada,2020-08-19,63005,1072,383.0,0.0,12.434435138999453,0.0
Nevada,2020-08-20,63518,1171,513.0,99.0,16.655000590879165,3.2141229210468563
Nevada,2020-08-21,64925,1195,1407.0,24.0,45.67950454457502,0.7791813141931773
Nevada,2020-08-22,65068,1197,143.0,2.0,4.642621997067681,0.06493177618276477
Nevada,2020-08-23,65600,1197,532.0,0.0,17.271852464615428,0.0
Nevada,2020-08-24,66008,1200,408.0,3.0,13.246082341284012,0.09739766427414716
Nevada,2020-08-25,66409,1230,401.0,30.0,13.018821124644337,0.9739766427414716
Nevada,2020-08-26,66658,1250,249.0,20.0,8.084006134754214,0.6493177618276477
Nevada,2020-08-27,67185,1250,527.0,0.0,17.109523024158516,0.0
Nevada,2020-08-28,67841,1287,656.0,37.0,21.297622587946844,1.2012378593811481
Nevada,2020-08-29,68445,1301,604.0,14.0,19.60939640719496,0.45452243327935343
Nevada,2020-08-30,68890,1302,445.0,1.0,14.44732020066516,0.032465888091382386
Nevada,2020-08-31,69176,1302,286.0,0.0,9.285243994135362,0.0
Nevada,2020-09-01,69207,1305,31.0,3.0,1.006442530832854,0.09739766427414716
Nevada,2020-09-02,69845,1336,638.0,31.0,20.71323660230196,1.006442530832854
Nevada,2020-09-03,69845,1336,0.0,0.0,0.0,0.0
Nevada,2020-09-04,70674,1373,829.0,37.0,26.914221227755995,1.2012378593811481
Nevada,2020-09-05,71061,1386,387.0,13.0,12.564298691364982,0.422056545187971
Nevada,2020-09-06,71567,1389,506.0,3.0,16.427739374239486,0.09739766427414716
Nevada,2020-09-07,71914,1393,347.0,4.0,11.265663167709688,0.12986355236552954
Nevada,2020-09-08,72052,1393,138.0,0.0,4.480292556610769,0.0
Nevada,2020-09-09,72200,1412,148.0,19.0,4.8049514375245925,0.6168518737362653
Nevada,2020-09-10,72485,1429,285.0,17.0,9.25277810604398,0.5519200975535006
Nevada,2020-09-11,72738,1439,253.0,10.0,8.213869687119743,0.32465888091382383
Nevada,2020-09-12,73144,1449,406.0,10.0,13.181150565101248,0.32465888091382383
Nevada,2020-09-13,73453,1449,309.0,0.0,10.031959420237156,0.0
Nevada,2020-09-14,73732,1456,279.0,7.0,9.057982777495686,0.22726121663967672
Nevada,2020-09-15,74037,1482,305.0,26.0,9.902095867871626,0.844113090375942
Nevada,2020-09-16,74232,1494,195.0,12.0,6.330848177819565,0.38959065709658863
Nevada,2020-09-17,74576,1506,344.0,12.0,11.16826550343554,0.38959065709658863
Nevada,2020-09-18,75068,1524,492.0,18.0,15.973216940960134,0.584385985644883
Nevada,2020-09-19,75390,1528,322.0,4.0,10.454015965425128,0.12986355236552954
Nevada,2020-09-20,75774,1530,384.0,2.0,12.466901027090836,0.06493177618276477
Nevada,2020-09-21,76005,1531,231.0,1.0,7.499620149109331,0.032465888091382386
Nevada,2020-09-22,76071,1531,66.0,0.0,2.142748614031237,0.0
Nevada,2020-09-23,76266,1546,195.0,15.0,6.330848177819565,0.4869883213707358
Nevada,2020-09-24,77155,1564,889.0,18.0,28.86217451323894,0.584385985644883
Nevada,2020-09-25,77711,1573,556.0,9.0,18.051033778808605,0.2921929928224415
Nevada,2020-09-26,78313,1582,602.0,9.0,19.544464631012197,0.2921929928224415
Nevada,2020-09-27,78683,1585,370.0,3.0,12.012378593811484,0.09739766427414716
Nevada,2020-09-28,79145,1585,462.0,0.0,14.999240298218663,0.0
Nevada,2020-09-29,79546,1592,401.0,7.0,13.018821124644337,0.22726121663967672
Nevada,2020-09-30,79927,1600,381.0,8.0,12.369503362816687,0.2597271047310591
Nevada,2020-10-01,80348,1603,421.0,3.0,13.668138886471985,0.09739766427414716
New Hampshire,2020-02-01,0,0,0.0,0.0,0.0,0.0
New Hampshire,2020-02-02,0,0,0.0,0.0,0.0,0.0
New Hampshire,2020-02-03,0,0,0.0,0.0,0.0,0.0
New Hampshire,2020-02-04,0,0,0.0,0.0,0.0,0.0
New Hampshire,2020-02-05,0,0,0.0,0.0,0.0,0.0
New Hampshire,2020-02-06,0,0,0.0,0.0,0.0,0.0
New Hampshire,2020-02-07,0,0,0.0,0.0,0.0,0.0
New Hampshire,2020-02-08,0,0,0.0,0.0,0.0,0.0
New Hampshire,2020-02-09,0,0,0.0,0.0,0.0,0.0
New Hampshire,2020-02-10,0,0,0.0,0.0,0.0,0.0
New Hampshire,2020-02-11,0,0,0.0,0.0,0.0,0.0
New Hampshire,2020-02-12,0,0,0.0,0.0,0.0,0.0
New Hampshire,2020-02-13,0,0,0.0,0.0,0.0,0.0
New Hampshire,2020-02-14,0,0,0.0,0.0,0.0,0.0
New Hampshire,2020-02-15,0,0,0.0,0.0,0.0,0.0
New Hampshire,2020-02-16,0,0,0.0,0.0,0.0,0.0
New Hampshire,2020-02-17,0,0,0.0,0.0,0.0,0.0
New Hampshire,2020-02-18,0,0,0.0,0.0,0.0,0.0
New Hampshire,2020-02-19,0,0,0.0,0.0,0.0,0.0
New Hampshire,2020-02-20,0,0,0.0,0.0,0.0,0.0
New Hampshire,2020-02-21,0,0,0.0,0.0,0.0,0.0
New Hampshire,2020-02-22,0,0,0.0,0.0,0.0,0.0
New Hampshire,2020-02-23,0,0,0.0,0.0,0.0,0.0
New Hampshire,2020-02-24,0,0,0.0,0.0,0.0,0.0
New Hampshire,2020-02-25,0,0,0.0,0.0,0.0,0.0
New Hampshire,2020-02-26,0,0,0.0,0.0,0.0,0.0
New Hampshire,2020-02-27,0,0,0.0,0.0,0.0,0.0
New Hampshire,2020-02-28,0,0,0.0,0.0,0.0,0.0
New Hampshire,2020-02-29,0,0,0.0,0.0,0.0,0.0
New Hampshire,2020-03-01,0,0,0.0,0.0,0.0,0.0
New Hampshire,2020-03-02,1,0,1.0,0.0,0.0735450400857241,0.0
New Hampshire,2020-03-03,2,0,1.0,0.0,0.0735450400857241,0.0
New Hampshire,2020-03-04,2,0,0.0,0.0,0.0,0.0
New Hampshire,2020-03-05,2,0,0.0,0.0,0.0,0.0
New Hampshire,2020-03-06,2,0,0.0,0.0,0.0,0.0
New Hampshire,2020-03-07,2,0,0.0,0.0,0.0,0.0
New Hampshire,2020-03-08,4,0,2.0,0.0,0.1470900801714482,0.0
New Hampshire,2020-03-09,4,0,0.0,0.0,0.0,0.0
New Hampshire,2020-03-10,5,0,1.0,0.0,0.0735450400857241,0.0
New Hampshire,2020-03-11,5,0,0.0,0.0,0.0,0.0
New Hampshire,2020-03-12,6,0,1.0,0.0,0.0735450400857241,0.0
New Hampshire,2020-03-13,6,0,0.0,0.0,0.0,0.0
New Hampshire,2020-03-14,7,0,1.0,0.0,0.0735450400857241,0.0
New Hampshire,2020-03-15,13,0,6.0,0.0,0.4412702405143446,0.0
New Hampshire,2020-03-16,17,0,4.0,0.0,0.2941801603428964,0.0
New Hampshire,2020-03-17,26,0,9.0,0.0,0.661905360771517,0.0
New Hampshire,2020-03-18,39,0,13.0,0.0,0.9560855211144134,0.0
New Hampshire,2020-03-19,44,0,5.0,0.0,0.3677252004286205,0.0
New Hampshire,2020-03-20,54,0,10.0,0.0,0.735450400857241,0.0
New Hampshire,2020-03-21,64,0,10.0,0.0,0.735450400857241,0.0
New Hampshire,2020-03-22,78,0,14.0,0.0,1.0296305612001375,0.0
New Hampshire,2020-03-23,101,1,23.0,1.0,1.6915359219716544,0.0735450400857241
New Hampshire,2020-03-24,108,1,7.0,0.0,0.5148152806000688,0.0
New Hampshire,2020-03-25,137,1,29.0,0.0,2.132806162485999,0.0
New Hampshire,2020-03-26,157,1,20.0,0.0,1.470900801714482,0.0
New Hampshire,2020-03-27,187,2,30.0,1.0,2.206351202571723,0.0735450400857241
New Hampshire,2020-03-28,214,2,27.0,0.0,1.9857160823145508,0.0
New Hampshire,2020-03-29,268,3,54.0,1.0,3.9714321646291015,0.0735450400857241
New Hampshire,2020-03-30,268,3,0.0,0.0,0.0,0.0
New Hampshire,2020-03-31,291,3,23.0,0.0,1.6915359219716544,0.0
New Hampshire,2020-04-01,291,4,0.0,1.0,0.0,0.0735450400857241
New Hampshire,2020-04-02,479,5,188.0,1.0,13.826467536116132,0.0735450400857241
New Hampshire,2020-04-03,540,7,61.0,2.0,4.4862474452291705,0.1470900801714482
New Hampshire,2020-04-04,617,9,77.0,2.0,5.662968086600756,0.1470900801714482
New Hampshire,2020-04-05,663,9,46.0,0.0,3.3830718439433087,0.0
New Hampshire,2020-04-06,714,9,51.0,0.0,3.750797044371929,0.0
New Hampshire,2020-04-07,746,13,32.0,4.0,2.353441282743171,0.2941801603428964
New Hampshire,2020-04-08,787,18,41.0,5.0,3.0153466435146883,0.3677252004286205
New Hampshire,2020-04-09,787,21,0.0,3.0,0.0,0.2206351202571723
New Hampshire,2020-04-10,885,22,98.0,1.0,7.207413928400962,0.0735450400857241
New Hampshire,2020-04-11,928,23,43.0,1.0,3.1624367236861364,0.0735450400857241
New Hampshire,2020-04-12,983,23,55.0,0.0,4.044977204714826,0.0
New Hampshire,2020-04-13,1017,23,34.0,0.0,2.5005313629146193,0.0
New Hampshire,2020-04-14,1089,27,72.0,4.0,5.295242886172136,0.2941801603428964
New Hampshire,2020-04-15,1139,32,50.0,5.0,3.677252004286205,0.3677252004286205
New Hampshire,2020-04-16,1210,34,71.0,2.0,5.221697846086411,0.1470900801714482
New Hampshire,2020-04-17,1283,37,73.0,3.0,5.368787926257859,0.2206351202571723
New Hampshire,2020-04-18,1342,38,59.0,1.0,4.339157365057722,0.0735450400857241
New Hampshire,2020-04-19,1390,41,48.0,3.0,3.530161924114757,0.2206351202571723
New Hampshire,2020-04-20,1443,42,53.0,1.0,3.8978871245433773,0.0735450400857241
New Hampshire,2020-04-21,1476,42,33.0,0.0,2.4269863228288955,0.0
New Hampshire,2020-04-22,1571,48,95.0,6.0,6.986778808143789,0.4412702405143446
New Hampshire,2020-04-23,1659,51,88.0,3.0,6.471963527543721,0.2206351202571723
New Hampshire,2020-04-24,1716,53,57.0,2.0,4.1920672848862734,0.1470900801714482
New Hampshire,2020-04-25,1784,60,68.0,7.0,5.001062725829239,0.5148152806000688
New Hampshire,2020-04-26,1859,60,75.0,0.0,5.515878006429308,0.0
New Hampshire,2020-04-27,1925,60,66.0,0.0,4.853972645657791,0.0
New Hampshire,2020-04-28,2002,60,77.0,0.0,5.662968086600756,0.0
New Hampshire,2020-04-29,2050,66,48.0,6.0,3.530161924114757,0.4412702405143446
New Hampshire,2020-04-30,2143,72,93.0,6.0,6.839688727972341,0.4412702405143446
New Hampshire,2020-05-01,2295,81,152.0,9.0,11.178846093030064,0.661905360771517
New Hampshire,2020-05-02,2403,84,108.0,3.0,7.942864329258203,0.2206351202571723
New Hampshire,2020-05-03,2499,86,96.0,2.0,7.060323848229514,0.1470900801714482
New Hampshire,2020-05-04,2573,86,74.0,0.0,5.442332966343583,0.0
New Hampshire,2020-05-05,2621,92,48.0,6.0,3.530161924114757,0.4412702405143446
New Hampshire,2020-05-06,2721,111,100.0,19.0,7.35450400857241,1.397355761628758
New Hampshire,2020-05-07,2822,114,101.0,3.0,7.428049048658134,0.2206351202571723
New Hampshire,2020-05-08,2918,121,96.0,7.0,7.060323848229514,0.5148152806000688
New Hampshire,2020-05-09,2979,131,61.0,10.0,4.4862474452291705,0.735450400857241
New Hampshire,2020-05-10,3043,133,64.0,2.0,4.706882565486342,0.1470900801714482
New Hampshire,2020-05-11,3128,133,85.0,0.0,6.251328407286548,0.0
New Hampshire,2020-05-12,3213,142,85.0,9.0,6.251328407286548,0.661905360771517
New Hampshire,2020-05-13,3273,150,60.0,8.0,4.412702405143446,0.5883603206857928
New Hampshire,2020-05-14,3348,151,75.0,1.0,5.515878006429308,0.0735450400857241
New Hampshire,2020-05-15,3459,159,111.0,8.0,8.163499449515374,0.5883603206857928
New Hampshire,2020-05-16,3546,171,87.0,12.0,6.398418487457996,0.8825404810286892
New Hampshire,2020-05-17,3586,172,40.0,1.0,2.941801603428964,0.0735450400857241
New Hampshire,2020-05-18,3620,172,34.0,0.0,2.5005313629146193,0.0
New Hampshire,2020-05-19,3710,182,90.0,10.0,6.619053607715169,0.735450400857241
New Hampshire,2020-05-20,3710,190,0.0,8.0,0.0,0.5883603206857928
New Hampshire,2020-05-21,3920,199,210.0,9.0,15.44445841800206,0.661905360771517
New Hampshire,2020-05-22,3997,204,77.0,5.0,5.662968086600756,0.3677252004286205
New Hampshire,2020-05-23,4074,208,77.0,4.0,5.662968086600756,0.2941801603428964
New Hampshire,2020-05-24,4135,209,61.0,1.0,4.4862474452291705,0.0735450400857241
New Hampshire,2020-05-25,4185,210,50.0,1.0,3.677252004286205,0.0735450400857241
New Hampshire,2020-05-26,4219,214,34.0,4.0,2.5005313629146193,0.2941801603428964
New Hampshire,2020-05-27,4276,223,57.0,9.0,4.1920672848862734,0.661905360771517
New Hampshire,2020-05-28,4379,232,103.0,9.0,7.575139128829582,0.661905360771517
New Hampshire,2020-05-29,4379,237,0.0,5.0,0.0,0.3677252004286205
New Hampshire,2020-05-30,4541,242,162.0,5.0,11.914296493887305,0.3677252004286205
New Hampshire,2020-05-31,4644,245,103.0,3.0,7.575139128829582,0.2206351202571723
New Hampshire,2020-06-01,4678,245,34.0,0.0,2.5005313629146193,0.0
New Hampshire,2020-06-02,4738,256,60.0,11.0,4.412702405143446,0.8089954409429652
New Hampshire,2020-06-03,4784,265,46.0,9.0,3.3830718439433087,0.661905360771517
New Hampshire,2020-06-04,4866,273,82.0,8.0,6.030693287029377,0.5883603206857928
New Hampshire,2020-06-05,4866,278,0.0,5.0,0.0,0.3677252004286205
New Hampshire,2020-06-06,5007,283,141.0,5.0,10.369850652087099,0.3677252004286205
New Hampshire,2020-06-07,5033,286,26.0,3.0,1.9121710422288267,0.2206351202571723
New Hampshire,2020-06-08,5069,286,36.0,0.0,2.647621443086068,0.0
New Hampshire,2020-06-09,5122,294,53.0,8.0,3.8978871245433773,0.5883603206857928
New Hampshire,2020-06-10,5169,301,47.0,7.0,3.456616884029033,0.5148152806000688
New Hampshire,2020-06-11,5203,308,34.0,7.0,2.5005313629146193,0.5148152806000688
New Hampshire,2020-06-12,5244,315,41.0,7.0,3.0153466435146883,0.5148152806000688
New Hampshire,2020-06-13,5292,318,48.0,3.0,3.530161924114757,0.2206351202571723
New Hampshire,2020-06-14,5311,320,19.0,2.0,1.397355761628758,0.1470900801714482
New Hampshire,2020-06-15,5338,320,27.0,0.0,1.9857160823145508,0.0
New Hampshire,2020-06-16,5360,326,22.0,6.0,1.6179908818859303,0.4412702405143446
New Hampshire,2020-06-17,5432,330,72.0,4.0,5.295242886172136,0.2941801603428964
New Hampshire,2020-06-18,5449,331,17.0,1.0,1.2502656814573097,0.0735450400857241
New Hampshire,2020-06-19,5485,337,36.0,6.0,2.647621443086068,0.4412702405143446
New Hampshire,2020-06-20,5517,339,32.0,2.0,2.353441282743171,0.1470900801714482
New Hampshire,2020-06-21,5542,339,25.0,0.0,1.8386260021431025,0.0
New Hampshire,2020-06-22,5555,339,13.0,0.0,0.9560855211144134,0.0
New Hampshire,2020-06-23,5570,343,15.0,4.0,1.1031756012858616,0.2941801603428964
New Hampshire,2020-06-24,5596,347,26.0,4.0,1.9121710422288267,0.2941801603428964
New Hampshire,2020-06-25,5612,357,16.0,10.0,1.1767206413715856,0.735450400857241
New Hampshire,2020-06-26,5669,365,57.0,8.0,4.1920672848862734,0.5883603206857928
New Hampshire,2020-06-27,5714,367,45.0,2.0,3.3095268038575845,0.1470900801714482
New Hampshire,2020-06-28,5745,367,31.0,0.0,2.2798962426574474,0.0
New Hampshire,2020-06-29,5759,367,14.0,0.0,1.0296305612001375,0.0
New Hampshire,2020-06-30,5781,371,22.0,4.0,1.6179908818859303,0.2941801603428964
New Hampshire,2020-07-01,5801,373,20.0,2.0,1.470900801714482,0.1470900801714482
New Hampshire,2020-07-02,5820,375,19.0,2.0,1.397355761628758,0.1470900801714482
New Hampshire,2020-07-03,5854,376,34.0,1.0,2.5005313629146193,0.0735450400857241
New Hampshire,2020-07-04,5854,376,0.0,0.0,0.0,0.0
New Hampshire,2020-07-05,5893,381,39.0,5.0,2.86825656334324,0.3677252004286205
New Hampshire,2020-07-06,5910,382,17.0,1.0,1.2502656814573097,0.0735450400857241
New Hampshire,2020-07-07,5931,384,21.0,2.0,1.544445841800206,0.1470900801714482
New Hampshire,2020-07-08,5951,386,20.0,2.0,1.470900801714482,0.1470900801714482
New Hampshire,2020-07-09,5972,387,21.0,1.0,1.544445841800206,0.0735450400857241
New Hampshire,2020-07-10,5989,390,17.0,3.0,1.2502656814573097,0.2206351202571723
New Hampshire,2020-07-11,6022,391,33.0,1.0,2.4269863228288955,0.0735450400857241
New Hampshire,2020-07-12,6048,391,26.0,0.0,1.9121710422288267,0.0
New Hampshire,2020-07-13,6063,391,15.0,0.0,1.1031756012858616,0.0
New Hampshire,2020-07-14,6091,392,28.0,1.0,2.059261122400275,0.0735450400857241
New Hampshire,2020-07-15,6113,394,22.0,2.0,1.6179908818859303,0.1470900801714482
New Hampshire,2020-07-16,6138,395,25.0,1.0,1.8386260021431025,0.0735450400857241
New Hampshire,2020-07-17,6164,395,26.0,0.0,1.9121710422288267,0.0
New Hampshire,2020-07-18,6188,396,24.0,1.0,1.7650809620573784,0.0735450400857241
New Hampshire,2020-07-19,6202,398,14.0,2.0,1.0296305612001375,0.1470900801714482
New Hampshire,2020-07-20,6247,398,45.0,0.0,3.3095268038575845,0.0
New Hampshire,2020-07-21,6261,400,14.0,2.0,1.0296305612001375,0.1470900801714482
New Hampshire,2020-07-22,6294,402,33.0,2.0,2.4269863228288955,0.1470900801714482
New Hampshire,2020-07-23,6318,405,24.0,3.0,1.7650809620573784,0.2206351202571723
New Hampshire,2020-07-24,6375,409,57.0,4.0,4.1920672848862734,0.2941801603428964
New Hampshire,2020-07-25,6415,409,40.0,0.0,2.941801603428964,0.0
New Hampshire,2020-07-26,6435,409,20.0,0.0,1.470900801714482,0.0
New Hampshire,2020-07-27,6441,409,6.0,0.0,0.4412702405143446,0.0
New Hampshire,2020-07-28,6500,409,59.0,0.0,4.339157365057722,0.0
New Hampshire,2020-07-29,6513,411,13.0,2.0,0.9560855211144134,0.1470900801714482
New Hampshire,2020-07-30,6541,415,28.0,4.0,2.059261122400275,0.2941801603428964
New Hampshire,2020-07-31,6582,415,41.0,0.0,3.0153466435146883,0.0
New Hampshire,2020-08-01,6613,416,31.0,1.0,2.2798962426574474,0.0735450400857241
New Hampshire,2020-08-02,6634,417,21.0,1.0,1.544445841800206,0.0735450400857241
New Hampshire,2020-08-03,6659,417,25.0,0.0,1.8386260021431025,0.0
New Hampshire,2020-08-04,6689,418,30.0,1.0,2.206351202571723,0.0735450400857241
New Hampshire,2020-08-05,6716,418,27.0,0.0,1.9857160823145508,0.0
New Hampshire,2020-08-06,6739,419,23.0,1.0,1.6915359219716544,0.0735450400857241
New Hampshire,2020-08-07,6776,419,37.0,0.0,2.7211664831717917,0.0
New Hampshire,2020-08-08,6812,419,36.0,0.0,2.647621443086068,0.0
New Hampshire,2020-08-09,6829,419,17.0,0.0,1.2502656814573097,0.0
New Hampshire,2020-08-10,6840,419,11.0,0.0,0.8089954409429652,0.0
New Hampshire,2020-08-11,6861,419,21.0,0.0,1.544445841800206,0.0
New Hampshire,2020-08-12,6885,420,24.0,1.0,1.7650809620573784,0.0735450400857241
New Hampshire,2020-08-13,6920,422,35.0,2.0,2.5740764030003436,0.1470900801714482
New Hampshire,2020-08-14,6963,423,43.0,1.0,3.1624367236861364,0.0735450400857241
New Hampshire,2020-08-15,6980,423,17.0,0.0,1.2502656814573097,0.0
New Hampshire,2020-08-16,6988,423,8.0,0.0,0.5883603206857928,0.0
New Hampshire,2020-08-17,7004,423,16.0,0.0,1.1767206413715856,0.0
New Hampshire,2020-08-18,7017,424,13.0,1.0,0.9560855211144134,0.0735450400857241
New Hampshire,2020-08-19,7036,427,19.0,3.0,1.397355761628758,0.2206351202571723
New Hampshire,2020-08-20,7048,428,12.0,1.0,0.8825404810286892,0.0735450400857241
New Hampshire,2020-08-21,7069,428,21.0,0.0,1.544445841800206,0.0
New Hampshire,2020-08-22,7092,429,23.0,1.0,1.6915359219716544,0.0735450400857241
New Hampshire,2020-08-23,7101,429,9.0,0.0,0.661905360771517,0.0
New Hampshire,2020-08-24,7134,429,33.0,0.0,2.4269863228288955,0.0
New Hampshire,2020-08-25,7148,429,14.0,0.0,1.0296305612001375,0.0
New Hampshire,2020-08-26,7159,430,11.0,1.0,0.8089954409429652,0.0735450400857241
New Hampshire,2020-08-27,7191,431,32.0,1.0,2.353441282743171,0.0735450400857241
New Hampshire,2020-08-28,7213,432,22.0,1.0,1.6179908818859303,0.0735450400857241
New Hampshire,2020-08-29,7243,432,30.0,0.0,2.206351202571723,0.0
New Hampshire,2020-08-30,7251,432,8.0,0.0,0.5883603206857928,0.0
New Hampshire,2020-08-31,7251,432,0.0,0.0,0.0,0.0
New Hampshire,2020-09-01,7295,432,44.0,0.0,3.2359817637718606,0.0
New Hampshire,2020-09-02,7295,432,0.0,0.0,0.0,0.0
New Hampshire,2020-09-03,7344,432,49.0,0.0,3.603706964200481,0.0
New Hampshire,2020-09-04,7366,432,22.0,0.0,1.6179908818859303,0.0
New Hampshire,2020-09-05,7415,432,49.0,0.0,3.603706964200481,0.0
New Hampshire,2020-09-06,7443,433,28.0,1.0,2.059261122400275,0.0735450400857241
New Hampshire,2020-09-07,7474,433,31.0,0.0,2.2798962426574474,0.0
New Hampshire,2020-09-08,7490,433,16.0,0.0,1.1767206413715856,0.0
New Hampshire,2020-09-09,7515,433,25.0,0.0,1.8386260021431025,0.0
New Hampshire,2020-09-10,7570,434,55.0,1.0,4.044977204714826,0.0735450400857241
New Hampshire,2020-09-11,7619,434,49.0,0.0,3.603706964200481,0.0
New Hampshire,2020-09-12,7651,435,32.0,1.0,2.353441282743171,0.0735450400857241
New Hampshire,2020-09-13,7693,436,42.0,1.0,3.088891683600412,0.0735450400857241
New Hampshire,2020-09-14,7711,436,18.0,0.0,1.323810721543034,0.0
New Hampshire,2020-09-15,7747,436,36.0,0.0,2.647621443086068,0.0
New Hampshire,2020-09-16,7780,438,33.0,2.0,2.4269863228288955,0.1470900801714482
New Hampshire,2020-09-17,7780,438,0.0,0.0,0.0,0.0
New Hampshire,2020-09-18,7859,438,79.0,0.0,5.810058166772204,0.0
New Hampshire,2020-09-19,7859,438,0.0,0.0,0.0,0.0
New Hampshire,2020-09-20,7941,438,82.0,0.0,6.030693287029377,0.0
New Hampshire,2020-09-21,7941,438,0.0,0.0,0.0,0.0
New Hampshire,2020-09-22,7984,438,43.0,0.0,3.1624367236861364,0.0
New Hampshire,2020-09-23,8004,438,20.0,0.0,1.470900801714482,0.0
New Hampshire,2020-09-24,8042,438,38.0,0.0,2.794711523257516,0.0
New Hampshire,2020-09-25,8042,438,0.0,0.0,0.0,0.0
New Hampshire,2020-09-26,8118,439,76.0,1.0,5.589423046515032,0.0735450400857241
New Hampshire,2020-09-27,8168,439,50.0,0.0,3.677252004286205,0.0
New Hampshire,2020-09-28,8202,439,34.0,0.0,2.5005313629146193,0.0
New Hampshire,2020-09-29,8230,439,28.0,0.0,2.059261122400275,0.0
New Hampshire,2020-09-30,8263,439,33.0,0.0,2.4269863228288955,0.0
New Hampshire,2020-10-01,8313,441,50.0,2.0,3.677252004286205,0.1470900801714482
New Jersey,2020-02-01,0,0,0.0,0.0,0.0,0.0
New Jersey,2020-02-02,0,0,0.0,0.0,0.0,0.0
New Jersey,2020-02-03,0,0,0.0,0.0,0.0,0.0
New Jersey,2020-02-04,0,0,0.0,0.0,0.0,0.0
New Jersey,2020-02-05,0,0,0.0,0.0,0.0,0.0
New Jersey,2020-02-06,0,0,0.0,0.0,0.0,0.0
New Jersey,2020-02-07,0,0,0.0,0.0,0.0,0.0
New Jersey,2020-02-08,0,0,0.0,0.0,0.0,0.0
New Jersey,2020-02-09,0,0,0.0,0.0,0.0,0.0
New Jersey,2020-02-10,0,0,0.0,0.0,0.0,0.0
New Jersey,2020-02-11,0,0,0.0,0.0,0.0,0.0
New Jersey,2020-02-12,0,0,0.0,0.0,0.0,0.0
New Jersey,2020-02-13,0,0,0.0,0.0,0.0,0.0
New Jersey,2020-02-14,0,0,0.0,0.0,0.0,0.0
New Jersey,2020-02-15,0,0,0.0,0.0,0.0,0.0
New Jersey,2020-02-16,0,0,0.0,0.0,0.0,0.0
New Jersey,2020-02-17,0,0,0.0,0.0,0.0,0.0
New Jersey,2020-02-18,0,0,0.0,0.0,0.0,0.0
New Jersey,2020-02-19,0,0,0.0,0.0,0.0,0.0
New Jersey,2020-02-20,0,0,0.0,0.0,0.0,0.0
New Jersey,2020-02-21,0,0,0.0,0.0,0.0,0.0
New Jersey,2020-02-22,0,0,0.0,0.0,0.0,0.0
New Jersey,2020-02-23,0,0,0.0,0.0,0.0,0.0
New Jersey,2020-02-24,0,0,0.0,0.0,0.0,0.0
New Jersey,2020-02-25,0,0,0.0,0.0,0.0,0.0
New Jersey,2020-02-26,0,0,0.0,0.0,0.0,0.0
New Jersey,2020-02-27,0,0,0.0,0.0,0.0,0.0
New Jersey,2020-02-28,0,0,0.0,0.0,0.0,0.0
New Jersey,2020-02-29,0,0,0.0,0.0,0.0,0.0
New Jersey,2020-03-01,0,0,0.0,0.0,0.0,0.0
New Jersey,2020-03-02,0,0,0.0,0.0,0.0,0.0
New Jersey,2020-03-03,0,0,0.0,0.0,0.0,0.0
New Jersey,2020-03-04,0,0,0.0,0.0,0.0,0.0
New Jersey,2020-03-05,2,0,2.0,0.0,0.022516969351027167,0.0
New Jersey,2020-03-06,2,0,0.0,0.0,0.0,0.0
New Jersey,2020-03-07,4,0,2.0,0.0,0.022516969351027167,0.0
New Jersey,2020-03-08,5,0,1.0,0.0,0.011258484675513583,0.0
New Jersey,2020-03-09,15,1,10.0,1.0,0.11258484675513583,0.011258484675513583
New Jersey,2020-03-10,15,1,0.0,0.0,0.0,0.0
New Jersey,2020-03-11,15,1,0.0,0.0,0.0,0.0
New Jersey,2020-03-12,29,1,14.0,0.0,0.15761878545719019,0.0
New Jersey,2020-03-13,47,1,18.0,0.0,0.20265272415924449,0.0
New Jersey,2020-03-14,72,1,25.0,0.0,0.28146211688783956,0.0
New Jersey,2020-03-15,98,2,26.0,1.0,0.2927206015633532,0.011258484675513583
New Jersey,2020-03-16,176,3,78.0,1.0,0.8781618046900596,0.011258484675513583
New Jersey,2020-03-17,250,3,74.0,0.0,0.8331278659880053,0.0
New Jersey,2020-03-18,396,3,146.0,0.0,1.6437387626249833,0.0
New Jersey,2020-03-19,632,7,236.0,4.0,2.6570023834212058,0.045033938702054334
New Jersey,2020-03-20,798,9,166.0,2.0,1.868908456135255,0.022516969351027167
New Jersey,2020-03-21,1187,14,389.0,5.0,4.379550538774784,0.056292423377567916
New Jersey,2020-03-22,1693,20,506.0,6.0,5.696793245809873,0.0675509080530815
New Jersey,2020-03-23,2432,24,739.0,4.0,8.320020175204538,0.045033938702054334
New Jersey,2020-03-24,3030,41,598.0,17.0,6.732573835957123,0.19139423948373094
New Jersey,2020-03-25,3469,41,439.0,0.0,4.942474772550463,0.0
New Jersey,2020-03-26,5398,60,1929.0,19.0,21.717616939065703,0.21391120883475812
New Jersey,2020-03-27,6841,91,1443.0,31.0,16.245993386766102,0.3490130249409211
New Jersey,2020-03-28,8358,139,1517.0,48.0,17.079121252754106,0.540407264424652
New Jersey,2020-03-29,10366,139,2008.0,0.0,22.607037228431277,0.0
New Jersey,2020-03-30,12789,141,2423.0,2.0,27.279308368769417,0.022516969351027167
New Jersey,2020-03-31,15010,208,2221.0,67.0,25.00509446431567,0.7543184732594101
New Jersey,2020-04-01,17743,355,2733.0,147.0,30.769438618178626,1.6549972473004968
New Jersey,2020-04-02,20724,533,2981.0,178.0,33.56154281770599,2.004010272241418
New Jersey,2020-04-03,25087,641,4363.0,108.0,49.12076863926577,1.215916344955467
New Jersey,2020-04-04,30189,832,5102.0,191.0,57.4407888144703,2.1503705730230944
New Jersey,2020-04-05,33684,904,3495.0,72.0,39.34840394091997,0.8106108966369779
New Jersey,2020-04-06,37570,988,3886.0,84.0,43.75047144904578,0.9457127127431411
New Jersey,2020-04-07,42196,1227,4626.0,239.0,52.081750108925846,2.690777837447747
New Jersey,2020-04-08,46075,1500,3879.0,273.0,43.671662056317196,3.0735663164152083
New Jersey,2020-04-09,50031,1696,3956.0,196.0,44.53856537633174,2.2066629964006625
New Jersey,2020-04-10,53939,1930,3908.0,234.0,43.99815811190709,2.6344854140701788
New Jersey,2020-04-11,57227,2181,3288.0,251.0,37.017897613088664,2.8258796535539097
New Jersey,2020-04-12,60576,2348,3349.0,167.0,37.70466517829499,1.8801669408107686
New Jersey,2020-04-13,63381,2348,2805.0,0.0,31.580049514815602,0.0
New Jersey,2020-04-14,67122,2803,3741.0,455.0,42.117991171096314,5.12261052735868
New Jersey,2020-04-15,69841,3154,2719.0,351.0,30.611819832721434,3.951728121105268
New Jersey,2020-04-16,74269,3515,4428.0,361.0,49.85257014317415,4.064312967860404
New Jersey,2020-04-17,77748,3837,3479.0,322.0,39.16826818611175,3.625232065515374
New Jersey,2020-04-18,80672,4068,2924.0,231.0,32.919809191201715,2.6007099600436376
New Jersey,2020-04-19,84716,4202,4044.0,134.0,45.52931202777694,1.5086369465188203
New Jersey,2020-04-20,88137,4376,3421.0,174.0,38.51527607493197,1.9589763335393635
New Jersey,2020-04-21,91788,4753,3651.0,377.0,41.1047275503001,4.244448722668621
New Jersey,2020-04-22,94820,4753,3032.0,0.0,34.13572553615719,0.0
New Jersey,2020-04-23,98881,4753,4061.0,0.0,45.72070626726067,0.0
New Jersey,2020-04-24,101664,5617,2783.0,864.0,31.332362851954304,9.727330759643737
New Jersey,2020-04-25,104966,5863,3302.0,246.0,37.17551639854585,2.7695872301763416
New Jersey,2020-04-26,108357,5938,3391.0,75.0,38.17752153466656,0.8443863506635187
New Jersey,2020-04-27,110370,6044,2013.0,106.0,22.663329651808844,1.1933993756044399
New Jersey,2020-04-28,113138,6441,2768.0,397.0,31.163485581821604,4.469618416178893
New Jersey,2020-04-29,115647,6770,2509.0,329.0,28.24753805086358,3.704041458243969
New Jersey,2020-04-30,118174,7228,2527.0,458.0,28.45019077502283,5.156385981385222
New Jersey,2020-05-01,120607,7538,2433.0,310.0,27.39189321552455,3.490130249409211
New Jersey,2020-05-02,123041,7742,2434.0,204.0,27.403151700200063,2.296730873804771
New Jersey,2020-05-03,126103,7870,3062.0,128.0,34.4734800764226,1.4410860384657387
New Jersey,2020-05-04,127622,7910,1519.0,40.0,17.101638222105134,0.4503393870205433
New Jersey,2020-05-05,130043,8244,2421.0,334.0,27.256791399418386,3.7603338816215373
New Jersey,2020-05-06,131296,8549,1253.0,305.0,14.106881298418521,3.433837826031643
New Jersey,2020-05-07,133083,8801,1787.0,252.0,20.118912115142777,2.837138138229423
New Jersey,2020-05-08,134901,8951,1818.0,150.0,20.467925140083697,1.6887727013270375
New Jersey,2020-05-09,136528,9115,1627.0,164.0,18.3175545670606,1.8463914867842277
New Jersey,2020-05-10,137941,9255,1413.0,140.0,15.908238846500694,1.5761878545719017
New Jersey,2020-05-11,139216,9310,1275.0,55.0,14.35456796127982,0.6192166571532471
New Jersey,2020-05-12,139976,9508,760.0,198.0,8.556448353390323,2.2291799657516895
New Jersey,2020-05-13,140828,9702,852.0,194.0,9.592228943537574,2.184146027049635
New Jersey,2020-05-14,141902,9946,1074.0,244.0,12.091612541501588,2.7470702608253146
New Jersey,2020-05-15,143020,10138,1118.0,192.0,12.586985867224186,2.161629057698608
New Jersey,2020-05-16,144093,10249,1073.0,111.0,12.080354056826076,1.2496917989820078
New Jersey,2020-05-17,145385,10356,1292.0,107.0,14.54596220076355,1.2046578602799534
New Jersey,2020-05-18,147204,10435,1819.0,79.0,20.47918362475921,0.8894202893655732
New Jersey,2020-05-19,148231,10586,1027.0,151.0,11.56246376175245,1.7000311860025512
New Jersey,2020-05-20,149544,10747,1313.0,161.0,14.782390378949335,1.812616032757687
New Jersey,2020-05-21,150437,10843,893.0,96.0,10.05382681523363,1.080814528849304
New Jersey,2020-05-22,151574,10985,1137.0,142.0,12.800897076058943,1.598704823922929
New Jersey,2020-05-23,151977,11080,403.0,95.0,4.537169324231974,1.0695560441737904
New Jersey,2020-05-24,152954,11130,977.0,50.0,10.999539527976772,0.5629242337756791
New Jersey,2020-05-25,153992,11143,1038.0,13.0,11.6863070931831,0.1463603007816766
New Jersey,2020-05-26,154681,11191,689.0,48.0,7.757095941428859,0.540407264424652
New Jersey,2020-05-27,155456,11339,775.0,148.0,8.725325623523027,1.6662557319760105
New Jersey,2020-05-28,156653,11401,1197.0,62.0,13.476406156589759,0.6980260498818422
New Jersey,2020-05-29,157737,11531,1084.0,130.0,12.204197388256725,1.4636030078167659
New Jersey,2020-05-30,158636,11633,899.0,102.0,10.121377723286711,1.1483654369023855
New Jersey,2020-05-31,159575,11696,939.0,63.0,10.571717110307254,0.7092845345573557
New Jersey,2020-06-01,160055,11721,480.0,25.0,5.40407264424652,0.28146211688783956
New Jersey,2020-06-02,160599,11770,544.0,49.0,6.12461566347939,0.5516657491001656
New Jersey,2020-06-03,161214,11880,615.0,110.0,6.923968075440854,1.2384333143064943
New Jersey,2020-06-04,161693,11970,479.0,90.0,5.392814159571007,1.0132636207962225
New Jersey,2020-06-05,162535,12048,842.0,78.0,9.479644096782438,0.8781618046900596
New Jersey,2020-06-06,163075,12105,540.0,57.0,6.079581724777335,0.6417336265042743
New Jersey,2020-06-07,163384,12173,309.0,68.0,3.4788717647336975,0.7655769579349238
New Jersey,2020-06-08,163718,12214,334.0,41.0,3.7603338816215373,0.4615978716960569
New Jersey,2020-06-09,164046,12303,328.0,89.0,3.6927829735684554,1.002005136120709
New Jersey,2020-06-10,164615,12377,569.0,74.0,6.406077780367229,0.8331278659880053
New Jersey,2020-06-11,165072,12442,457.0,65.0,5.145127496709708,0.7318015039083829
New Jersey,2020-06-12,165427,12489,355.0,47.0,3.996762059807322,0.5291487797491384
New Jersey,2020-06-13,165892,12587,465.0,98.0,5.235195374113816,1.1033314982003313
New Jersey,2020-06-14,166185,12624,293.0,37.0,3.29873600992548,0.41656393299400263
New Jersey,2020-06-15,166414,12673,229.0,49.0,2.578192990692611,0.5516657491001656
New Jersey,2020-06-16,166732,12722,318.0,49.0,3.5801981268133196,0.5516657491001656
New Jersey,2020-06-17,167022,12763,290.0,41.0,3.264960555898939,0.4615978716960569
New Jersey,2020-06-18,167402,12796,380.0,33.0,4.278224176695161,0.3715299942919483
New Jersey,2020-06-19,167768,12834,366.0,38.0,4.120605391237972,0.42782241766951623
New Jersey,2020-06-20,168071,12856,303.0,22.0,3.4113208566806157,0.24768666286129884
New Jersey,2020-06-21,168440,12870,369.0,14.0,4.154380845264512,0.15761878545719019
New Jersey,2020-06-22,168680,12894,240.0,24.0,2.70203632212326,0.270203632212326
New Jersey,2020-06-23,168941,12948,261.0,54.0,2.9384645003090455,0.6079581724777335
New Jersey,2020-06-24,169122,12993,181.0,45.0,2.0377857262679586,0.5066318103981112
New Jersey,2020-06-25,169453,13018,331.0,25.0,3.7265584275949966,0.28146211688783956
New Jersey,2020-06-26,169813,13060,360.0,42.0,4.05305448318489,0.47285635637157053
New Jersey,2020-06-27,170119,14947,306.0,1887.0,3.445096310707157,21.244760582694134
New Jersey,2020-06-28,170440,14973,321.0,26.0,3.6139735808398608,0.2927206015633532
New Jersey,2020-06-29,170556,14990,116.0,17.0,1.3059842223595757,0.19139423948373094
New Jersey,2020-06-30,170908,15035,352.0,45.0,3.9629866057807814,0.5066318103981112
New Jersey,2020-07-01,171198,15060,290.0,25.0,3.264960555898939,0.28146211688783956
New Jersey,2020-07-02,171587,15108,389.0,48.0,4.379550538774784,0.540407264424652
New Jersey,2020-07-03,171965,15164,378.0,56.0,4.255707207344134,0.6304751418287607
New Jersey,2020-07-04,172209,15189,244.0,25.0,2.7470702608253146,0.28146211688783956
New Jersey,2020-07-05,172559,15210,350.0,21.0,3.940469636429754,0.23642817818578526
New Jersey,2020-07-06,172778,15229,219.0,19.0,2.465608143937475,0.21391120883475812
New Jersey,2020-07-07,173026,15280,248.0,51.0,2.792104199527369,0.5741827184511927
New Jersey,2020-07-08,173233,15332,207.0,52.0,2.330506327831312,0.5854412031267064
New Jersey,2020-07-09,173444,15446,211.0,114.0,2.375540266533366,1.2834672530085487
New Jersey,2020-07-10,173796,15477,352.0,31.0,3.9629866057807814,0.3490130249409211
New Jersey,2020-07-11,174138,15520,342.0,43.0,3.8504017590256456,0.48411484104708413
New Jersey,2020-07-12,174429,15520,291.0,0.0,3.2762190405744533,0.0
New Jersey,2020-07-13,174644,15553,215.0,33.0,2.4205742052354204,0.3715299942919483
New Jersey,2020-07-14,175031,15572,387.0,19.0,4.3570335694237565,0.21391120883475812
New Jersey,2020-07-15,175367,15625,336.0,53.0,3.7828508509725642,0.5966996878022199
New Jersey,2020-07-16,175564,15645,197.0,20.0,2.2179214810761763,0.22516969351027166
New Jersey,2020-07-17,175672,15658,108.0,13.0,1.215916344955467,0.1463603007816766
New Jersey,2020-07-18,175832,15667,160.0,9.0,1.8013575480821733,0.10132636207962224
New Jersey,2020-07-19,175905,15677,73.0,10.0,0.8218693813124917,0.11258484675513583
New Jersey,2020-07-20,176087,15685,182.0,8.0,2.0490442109434723,0.09006787740410867
New Jersey,2020-07-21,176357,15693,270.0,8.0,3.0397908623886676,0.09006787740410867
New Jersey,2020-07-22,176909,15703,552.0,10.0,6.214683540883499,0.11258484675513583
New Jersey,2020-07-23,177216,15722,307.0,19.0,3.45635479538267,0.21391120883475812
New Jersey,2020-07-24,177670,15746,454.0,24.0,5.111352042683167,0.270203632212326
New Jersey,2020-07-25,178178,15753,508.0,7.0,5.719310215160901,0.07880939272859509
New Jersey,2020-07-26,178656,15755,478.0,2.0,5.381555674895494,0.022516969351027167
New Jersey,2020-07-27,179111,15758,455.0,3.0,5.12261052735868,0.03377545402654075
New Jersey,2020-07-28,179614,15758,503.0,0.0,5.663017791783333,0.0
New Jersey,2020-07-29,180109,15775,495.0,17.0,5.572949914379223,0.19139423948373094
New Jersey,2020-07-30,180322,15786,213.0,11.0,2.3980572358843935,0.12384333143064942
New Jersey,2020-07-31,181012,15795,690.0,9.0,7.768354426104373,0.10132636207962224
New Jersey,2020-08-01,181373,15804,361.0,9.0,4.064312967860404,0.10132636207962224
New Jersey,2020-08-02,181676,15809,303.0,5.0,3.4113208566806157,0.056292423377567916
New Jersey,2020-08-03,181942,15816,266.0,7.0,2.994756923686613,0.07880939272859509
New Jersey,2020-08-04,181942,15816,0.0,0.0,0.0,0.0
New Jersey,2020-08-05,182687,15828,745.0,12.0,8.387571083257619,0.135101816106163
New Jersey,2020-08-06,183058,15835,371.0,7.0,4.17689781461554,0.07880939272859509
New Jersey,2020-08-07,183408,15835,350.0,0.0,3.940469636429754,0.0
New Jersey,2020-08-08,183787,15850,379.0,15.0,4.266965692019649,0.16887727013270376
New Jersey,2020-08-09,184127,15854,340.0,4.0,3.827884789674618,0.045033938702054334
New Jersey,2020-08-10,184386,15858,259.0,4.0,2.9159475309580185,0.045033938702054334
New Jersey,2020-08-11,184815,15868,429.0,10.0,4.829889925795327,0.11258484675513583
New Jersey,2020-08-12,185198,15873,383.0,5.0,4.311999630721703,0.056292423377567916
New Jersey,2020-08-13,185655,15879,457.0,6.0,5.145127496709708,0.0675509080530815
New Jersey,2020-08-14,186163,15888,508.0,9.0,5.719310215160901,0.10132636207962224
New Jersey,2020-08-15,186669,15892,506.0,4.0,5.696793245809873,0.045033938702054334
New Jersey,2020-08-16,187013,15893,344.0,1.0,3.872918728376673,0.011258484675513583
New Jersey,2020-08-17,187325,15893,312.0,0.0,3.512647218760238,0.0
New Jersey,2020-08-18,187654,15899,329.0,6.0,3.704041458243969,0.0675509080530815
New Jersey,2020-08-19,188000,15903,346.0,4.0,3.8954356977277005,0.045033938702054334
New Jersey,2020-08-20,188203,15905,203.0,2.0,2.2854723891292577,0.022516969351027167
New Jersey,2020-08-21,188489,15909,286.0,4.0,3.219926617196885,0.045033938702054334
New Jersey,2020-08-22,188919,15910,430.0,1.0,4.841148410470841,0.011258484675513583
New Jersey,2020-08-23,189175,15910,256.0,0.0,2.8821720769314774,0.0
New Jersey,2020-08-24,189401,15910,226.0,0.0,2.54441753666607,0.0
New Jersey,2020-08-25,189711,15912,310.0,2.0,3.490130249409211,0.022516969351027167
New Jersey,2020-08-26,190009,15914,298.0,2.0,3.3550284333030476,0.022516969351027167
New Jersey,2020-08-27,190312,15921,303.0,7.0,3.4113208566806157,0.07880939272859509
New Jersey,2020-08-28,190643,15928,331.0,7.0,3.7265584275949966,0.07880939272859509
New Jersey,2020-08-29,190982,15931,339.0,3.0,3.816626304999105,0.03377545402654075
New Jersey,2020-08-30,191247,15934,265.0,3.0,2.9834984390110995,0.03377545402654075
New Jersey,2020-08-31,191590,15941,343.0,7.0,3.861660243701159,0.07880939272859509
New Jersey,2020-09-01,191974,15948,384.0,7.0,4.323258115397216,0.07880939272859509
New Jersey,2020-09-02,192291,15961,317.0,13.0,3.568939642137806,0.1463603007816766
New Jersey,2020-09-03,192667,15969,376.0,8.0,4.2331902379931075,0.09006787740410867
New Jersey,2020-09-04,193115,15977,448.0,8.0,5.043801134630086,0.09006787740410867
New Jersey,2020-09-05,193439,15984,324.0,7.0,3.6477490348664015,0.07880939272859509
New Jersey,2020-09-06,193748,15988,309.0,4.0,3.4788717647336975,0.045033938702054334
New Jersey,2020-09-07,194086,15990,338.0,2.0,3.805367820323591,0.022516969351027167
New Jersey,2020-09-08,194354,15995,268.0,5.0,3.0172738930376406,0.056292423377567916
New Jersey,2020-09-09,194685,16004,331.0,9.0,3.7265584275949966,0.10132636207962224
New Jersey,2020-09-10,195106,16010,421.0,6.0,4.739822048391219,0.0675509080530815
New Jersey,2020-09-11,195575,16019,469.0,9.0,5.280229312815871,0.10132636207962224
New Jersey,2020-09-12,196028,16023,453.0,4.0,5.100093558007654,0.045033938702054334
New Jersey,2020-09-13,196323,16027,295.0,4.0,3.3212529792765073,0.045033938702054334
New Jersey,2020-09-14,196653,16030,330.0,3.0,3.7152999429194824,0.03377545402654075
New Jersey,2020-09-15,197098,16038,445.0,8.0,5.010025680603545,0.09006787740410867
New Jersey,2020-09-16,197472,16049,374.0,11.0,4.210673268642081,0.12384333143064942
New Jersey,2020-09-17,198037,16052,565.0,3.0,6.3610438416651744,0.03377545402654075
New Jersey,2020-09-18,198532,16056,495.0,4.0,5.572949914379223,0.045033938702054334
New Jersey,2020-09-19,198993,16059,461.0,3.0,5.1901614354117624,0.03377545402654075
New Jersey,2020-09-20,199432,16061,439.0,2.0,4.942474772550463,0.022516969351027167
New Jersey,2020-09-21,199814,16062,382.0,1.0,4.300741146046189,0.011258484675513583
New Jersey,2020-09-22,200253,16069,439.0,7.0,4.942474772550463,0.07880939272859509
New Jersey,2020-09-23,200641,16076,388.0,7.0,4.36829205409927,0.07880939272859509
New Jersey,2020-09-24,201205,16087,564.0,11.0,6.349785356989662,0.12384333143064942
New Jersey,2020-09-25,201760,16093,555.0,6.0,6.248458994910039,0.0675509080530815
New Jersey,2020-09-26,202514,16099,754.0,6.0,8.488897445337242,0.0675509080530815
New Jersey,2020-09-27,203212,16099,698.0,0.0,7.8584223035084815,0.0
New Jersey,2020-09-28,203768,16101,556.0,2.0,6.259717479585552,0.022516969351027167
New Jersey,2020-09-29,204221,16108,453.0,7.0,5.100093558007654,0.07880939272859509
New Jersey,2020-09-30,204945,16120,724.0,12.0,8.151142905071834,0.135101816106163
New Jersey,2020-10-01,205551,16126,606.0,6.0,6.822641713361231,0.0675509080530815
New Mexico,2020-02-01,0,0,0.0,0.0,0.0,0.0
New Mexico,2020-02-02,0,0,0.0,0.0,0.0,0.0
New Mexico,2020-02-03,0,0,0.0,0.0,0.0,0.0
New Mexico,2020-02-04,0,0,0.0,0.0,0.0,0.0
New Mexico,2020-02-05,0,0,0.0,0.0,0.0,0.0
New Mexico,2020-02-06,0,0,0.0,0.0,0.0,0.0
New Mexico,2020-02-07,0,0,0.0,0.0,0.0,0.0
New Mexico,2020-02-08,0,0,0.0,0.0,0.0,0.0
New Mexico,2020-02-09,0,0,0.0,0.0,0.0,0.0
New Mexico,2020-02-10,0,0,0.0,0.0,0.0,0.0
New Mexico,2020-02-11,0,0,0.0,0.0,0.0,0.0
New Mexico,2020-02-12,0,0,0.0,0.0,0.0,0.0
New Mexico,2020-02-13,0,0,0.0,0.0,0.0,0.0
New Mexico,2020-02-14,0,0,0.0,0.0,0.0,0.0
New Mexico,2020-02-15,0,0,0.0,0.0,0.0,0.0
New Mexico,2020-02-16,0,0,0.0,0.0,0.0,0.0
New Mexico,2020-02-17,0,0,0.0,0.0,0.0,0.0
New Mexico,2020-02-18,0,0,0.0,0.0,0.0,0.0
New Mexico,2020-02-19,0,0,0.0,0.0,0.0,0.0
New Mexico,2020-02-20,0,0,0.0,0.0,0.0,0.0
New Mexico,2020-02-21,0,0,0.0,0.0,0.0,0.0
New Mexico,2020-02-22,0,0,0.0,0.0,0.0,0.0
New Mexico,2020-02-23,0,0,0.0,0.0,0.0,0.0
New Mexico,2020-02-24,0,0,0.0,0.0,0.0,0.0
New Mexico,2020-02-25,0,0,0.0,0.0,0.0,0.0
New Mexico,2020-02-26,0,0,0.0,0.0,0.0,0.0
New Mexico,2020-02-27,0,0,0.0,0.0,0.0,0.0
New Mexico,2020-02-28,0,0,0.0,0.0,0.0,0.0
New Mexico,2020-02-29,0,0,0.0,0.0,0.0,0.0
New Mexico,2020-03-01,0,0,0.0,0.0,0.0,0.0
New Mexico,2020-03-02,0,0,0.0,0.0,0.0,0.0
New Mexico,2020-03-03,0,0,0.0,0.0,0.0,0.0
New Mexico,2020-03-04,0,0,0.0,0.0,0.0,0.0
New Mexico,2020-03-05,0,0,0.0,0.0,0.0,0.0
New Mexico,2020-03-06,0,0,0.0,0.0,0.0,0.0
New Mexico,2020-03-07,0,0,0.0,0.0,0.0,0.0
New Mexico,2020-03-08,0,0,0.0,0.0,0.0,0.0
New Mexico,2020-03-09,0,0,0.0,0.0,0.0,0.0
New Mexico,2020-03-10,0,0,0.0,0.0,0.0,0.0
New Mexico,2020-03-11,3,0,3.0,0.0,0.14307318336402253,0.0
New Mexico,2020-03-12,5,0,2.0,0.0,0.0953821222426817,0.0
New Mexico,2020-03-13,10,0,5.0,0.0,0.23845530560670422,0.0
New Mexico,2020-03-14,13,0,3.0,0.0,0.14307318336402253,0.0
New Mexico,2020-03-15,13,0,0.0,0.0,0.0,0.0
New Mexico,2020-03-16,21,0,8.0,0.0,0.3815284889707268,0.0
New Mexico,2020-03-17,23,0,2.0,0.0,0.0953821222426817,0.0
New Mexico,2020-03-18,28,0,5.0,0.0,0.23845530560670422,0.0
New Mexico,2020-03-19,35,0,7.0,0.0,0.3338374278493859,0.0
New Mexico,2020-03-20,43,0,8.0,0.0,0.3815284889707268,0.0
New Mexico,2020-03-21,57,0,14.0,0.0,0.6676748556987718,0.0
New Mexico,2020-03-22,65,0,8.0,0.0,0.3815284889707268,0.0
New Mexico,2020-03-23,82,0,17.0,0.0,0.8107480390627942,0.0
New Mexico,2020-03-24,95,0,13.0,0.0,0.6199837945774309,0.0
New Mexico,2020-03-25,112,0,17.0,0.0,0.8107480390627942,0.0
New Mexico,2020-03-26,136,1,24.0,1.0,1.1445854669121802,0.04769106112134085
New Mexico,2020-03-27,185,1,49.0,0.0,2.3368619949457012,0.0
New Mexico,2020-03-28,208,2,23.0,1.0,1.0968944057908394,0.04769106112134085
New Mexico,2020-03-29,234,2,26.0,0.0,1.2399675891548618,0.0
New Mexico,2020-03-30,281,2,47.0,0.0,2.2414798727030196,0.0
New Mexico,2020-03-31,315,5,34.0,3.0,1.6214960781255885,0.14307318336402253
New Mexico,2020-04-01,362,6,47.0,1.0,2.2414798727030196,0.04769106112134085
New Mexico,2020-04-02,403,7,41.0,1.0,1.9553335059749746,0.04769106112134085
New Mexico,2020-04-03,492,10,89.0,3.0,4.244504439799335,0.14307318336402253
New Mexico,2020-04-04,543,11,51.0,1.0,2.432244117188383,0.04769106112134085
New Mexico,2020-04-05,624,12,81.0,1.0,3.8629759508286083,0.04769106112134085
New Mexico,2020-04-06,686,12,62.0,0.0,2.956845789523132,0.0
New Mexico,2020-04-07,794,13,108.0,1.0,5.150634601104811,0.04769106112134085
New Mexico,2020-04-08,865,16,71.0,3.0,3.3860653396152003,0.14307318336402253
New Mexico,2020-04-09,989,17,124.0,1.0,5.913691579046264,0.04769106112134085
New Mexico,2020-04-10,1090,19,101.0,2.0,4.816797173255425,0.0953821222426817
New Mexico,2020-04-11,1174,20,84.0,1.0,4.006049134192631,0.04769106112134085
New Mexico,2020-04-12,1244,26,70.0,6.0,3.3383742784938595,0.28614636672804505
New Mexico,2020-04-13,1345,26,101.0,0.0,4.816797173255425,0.0
New Mexico,2020-04-14,1345,31,0.0,5.0,0.0,0.23845530560670422
New Mexico,2020-04-15,1345,31,0.0,0.0,0.0,0.0
New Mexico,2020-04-16,1597,44,252.0,13.0,12.018147402577892,0.6199837945774309
New Mexico,2020-04-17,1711,51,114.0,7.0,5.436780967832856,0.3338374278493859
New Mexico,2020-04-18,1798,53,87.0,2.0,4.149122317556653,0.0953821222426817
New Mexico,2020-04-19,1845,55,47.0,2.0,2.2414798727030196,0.0953821222426817
New Mexico,2020-04-20,1971,58,126.0,3.0,6.009073701288946,0.14307318336402253
New Mexico,2020-04-21,1971,58,0.0,0.0,0.0,0.0
New Mexico,2020-04-22,2210,71,239.0,13.0,11.398163608000463,0.6199837945774309
New Mexico,2020-04-23,2376,78,166.0,7.0,7.91671614614258,0.3338374278493859
New Mexico,2020-04-24,2521,84,145.0,6.0,6.915203862594422,0.28614636672804505
New Mexico,2020-04-25,2660,93,139.0,9.0,6.629057495866377,0.4292195500920676
New Mexico,2020-04-26,2724,99,64.0,6.0,3.052227911765814,0.28614636672804505
New Mexico,2020-04-27,2823,99,99.0,0.0,4.721415051012744,0.0
New Mexico,2020-04-28,2974,105,151.0,6.0,7.201350229322467,0.28614636672804505
New Mexico,2020-04-29,3213,112,239.0,7.0,11.398163608000463,0.3338374278493859
New Mexico,2020-04-30,3411,123,198.0,11.0,9.442830102025487,0.5246016723347493
New Mexico,2020-05-01,3513,131,102.0,8.0,4.864488234376766,0.3815284889707268
New Mexico,2020-05-02,3732,138,219.0,7.0,10.444342385573645,0.3338374278493859
New Mexico,2020-05-03,3849,150,117.0,12.0,5.579854151196879,0.5722927334560901
New Mexico,2020-05-04,4029,150,180.0,0.0,8.584391001841352,0.0
New Mexico,2020-05-05,4136,162,107.0,12.0,5.10294353998347,0.5722927334560901
New Mexico,2020-05-06,4287,169,151.0,7.0,7.201350229322467,0.3338374278493859
New Mexico,2020-05-07,4490,172,203.0,3.0,9.68128540763219,0.14307318336402253
New Mexico,2020-05-08,4660,181,170.0,9.0,8.107480390627943,0.4292195500920676
New Mexico,2020-05-09,4759,191,99.0,10.0,4.721415051012744,0.47691061121340844
New Mexico,2020-05-10,4844,200,85.0,9.0,4.053740195313972,0.4292195500920676
New Mexico,2020-05-11,5034,208,190.0,8.0,9.061301613054761,0.3815284889707268
New Mexico,2020-05-12,5160,219,126.0,11.0,6.009073701288946,0.5246016723347493
New Mexico,2020-05-13,5300,231,140.0,12.0,6.676748556987719,0.5722927334560901
New Mexico,2020-05-14,5434,242,134.0,11.0,6.390602190259673,0.5246016723347493
New Mexico,2020-05-15,5584,253,150.0,11.0,7.153659168201126,0.5246016723347493
New Mexico,2020-05-16,5584,253,0.0,0.0,0.0,0.0
New Mexico,2020-05-17,5623,253,39.0,0.0,1.859951383732293,0.0
New Mexico,2020-05-18,5985,270,362.0,17.0,17.264164125925387,0.8107480390627942
New Mexico,2020-05-19,6081,276,96.0,6.0,4.578341867648721,0.28614636672804505
New Mexico,2020-05-20,6188,283,107.0,7.0,5.10294353998347,0.3338374278493859
New Mexico,2020-05-21,6319,294,131.0,11.0,6.2475290068956495,0.5246016723347493
New Mexico,2020-05-22,6472,302,153.0,8.0,7.296732351565149,0.3815284889707268
New Mexico,2020-05-23,6472,302,0.0,0.0,0.0,0.0
New Mexico,2020-05-24,6472,302,0.0,0.0,0.0,0.0
New Mexico,2020-05-25,6833,320,361.0,18.0,17.216473064804045,0.8584391001841352
New Mexico,2020-05-26,6923,325,90.0,5.0,4.292195500920676,0.23845530560670422
New Mexico,2020-05-27,7042,329,119.0,4.0,5.67523627343956,0.1907642444853634
New Mexico,2020-05-28,7151,335,109.0,6.0,5.198325662226152,0.28614636672804505
New Mexico,2020-05-29,7273,344,122.0,9.0,5.818309456803583,0.4292195500920676
New Mexico,2020-05-30,7399,351,126.0,7.0,6.009073701288946,0.3338374278493859
New Mexico,2020-05-31,7461,356,62.0,5.0,2.956845789523132,0.23845530560670422
New Mexico,2020-06-01,7570,362,109.0,6.0,5.198325662226152,0.28614636672804505
New Mexico,2020-06-02,7678,367,108.0,5.0,5.150634601104811,0.23845530560670422
New Mexico,2020-06-03,7678,367,0.0,0.0,0.0,0.0
New Mexico,2020-06-04,7872,383,194.0,16.0,9.252065857540122,0.7630569779414536
New Mexico,2020-06-05,8064,387,192.0,4.0,9.156683735297442,0.1907642444853634
New Mexico,2020-06-06,8189,392,125.0,5.0,5.9613826401676056,0.23845530560670422
New Mexico,2020-06-07,8329,395,140.0,3.0,6.676748556987719,0.14307318336402253
New Mexico,2020-06-08,8451,399,122.0,4.0,5.818309456803583,0.1907642444853634
New Mexico,2020-06-09,8492,403,41.0,4.0,1.9553335059749746,0.1907642444853634
New Mexico,2020-06-10,8639,409,147.0,6.0,7.010585984837105,0.28614636672804505
New Mexico,2020-06-11,8737,420,98.0,11.0,4.6737239898914025,0.5246016723347493
New Mexico,2020-06-12,8873,420,136.0,0.0,6.485984312502354,0.0
New Mexico,2020-06-13,8959,431,86.0,11.0,4.101431256435313,0.5246016723347493
New Mexico,2020-06-14,9042,435,83.0,4.0,3.95835807307129,0.1907642444853634
New Mexico,2020-06-15,9137,440,95.0,5.0,4.5306508065273805,0.23845530560670422
New Mexico,2020-06-16,9222,447,85.0,7.0,4.053740195313972,0.3338374278493859
New Mexico,2020-06-17,9315,452,93.0,5.0,4.435268684284699,0.23845530560670422
New Mexico,2020-06-18,9399,452,84.0,0.0,4.006049134192631,0.0
New Mexico,2020-06-19,9500,464,101.0,12.0,4.816797173255425,0.5722927334560901
New Mexico,2020-06-20,9607,466,107.0,2.0,5.10294353998347,0.0953821222426817
New Mexico,2020-06-21,9702,469,95.0,3.0,4.5306508065273805,0.14307318336402253
New Mexico,2020-06-22,9829,469,127.0,0.0,6.056764762410287,0.0
New Mexico,2020-06-23,9969,476,140.0,7.0,6.676748556987719,0.3338374278493859
New Mexico,2020-06-24,10105,480,136.0,4.0,6.485984312502354,0.1907642444853634
New Mexico,2020-06-25,10303,485,198.0,5.0,9.442830102025487,0.23845530560670422
New Mexico,2020-06-26,10515,489,212.0,4.0,10.11050495772426,0.1907642444853634
New Mexico,2020-06-27,10725,491,210.0,2.0,10.015122835481577,0.0953821222426817
New Mexico,2020-06-28,10909,492,184.0,1.0,8.775155246326715,0.04769106112134085
New Mexico,2020-06-29,11081,493,172.0,1.0,8.202862512870626,0.04769106112134085
New Mexico,2020-06-30,11242,497,161.0,4.0,7.678260840535876,0.1907642444853634
New Mexico,2020-07-01,11368,500,126.0,3.0,6.009073701288946,0.14307318336402253
New Mexico,2020-07-02,11610,503,242.0,3.0,11.541236791364485,0.14307318336402253
New Mexico,2020-07-03,11851,511,241.0,8.0,11.493545730243143,0.3815284889707268
New Mexico,2020-07-04,12137,513,286.0,2.0,13.63964348070348,0.0953821222426817
New Mexico,2020-07-05,12330,513,193.0,0.0,9.204374796418783,0.0
New Mexico,2020-07-06,12579,515,249.0,2.0,11.87507421921387,0.0953821222426817
New Mexico,2020-07-07,12798,519,219.0,4.0,10.444342385573645,0.1907642444853634
New Mexico,2020-07-08,13084,527,286.0,8.0,13.63964348070348,0.3815284889707268
New Mexico,2020-07-09,13317,533,233.0,6.0,11.112017241272415,0.28614636672804505
New Mexico,2020-07-10,13615,539,298.0,6.0,14.211936214159572,0.28614636672804505
New Mexico,2020-07-11,13838,543,223.0,4.0,10.635106630059008,0.1907642444853634
New Mexico,2020-07-12,14091,545,253.0,2.0,12.065838463699233,0.0953821222426817
New Mexico,2020-07-13,14353,548,262.0,3.0,12.495058013791299,0.14307318336402253
New Mexico,2020-07-14,14578,551,225.0,3.0,10.73048875230169,0.14307318336402253
New Mexico,2020-07-15,14904,557,326.0,6.0,15.547285925557116,0.28614636672804505
New Mexico,2020-07-16,15202,562,298.0,5.0,14.211936214159572,0.23845530560670422
New Mexico,2020-07-17,15519,565,317.0,3.0,15.118066375465046,0.14307318336402253
New Mexico,2020-07-18,15782,569,263.0,4.0,12.542749074912642,0.1907642444853634
New Mexico,2020-07-19,16016,571,234.0,2.0,11.159708302393758,0.0953821222426817
New Mexico,2020-07-20,16260,578,244.0,7.0,11.636618913607165,0.3338374278493859
New Mexico,2020-07-21,16562,588,302.0,10.0,14.402700458644935,0.47691061121340844
New Mexico,2020-07-22,16865,591,303.0,3.0,14.450391519766276,0.14307318336402253
New Mexico,2020-07-23,17199,596,334.0,5.0,15.928814414527842,0.23845530560670422
New Mexico,2020-07-24,17507,601,308.0,5.0,14.68884682537298,0.23845530560670422
New Mexico,2020-07-25,17807,607,300.0,6.0,14.307318336402252,0.28614636672804505
New Mexico,2020-07-26,18059,614,252.0,7.0,12.018147402577892,0.3338374278493859
New Mexico,2020-07-27,18339,619,280.0,5.0,13.353497113975438,0.23845530560670422
New Mexico,2020-07-28,18619,619,280.0,0.0,13.353497113975438,0.0
New Mexico,2020-07-29,18888,632,269.0,13.0,12.828895441640686,0.6199837945774309
New Mexico,2020-07-30,19136,635,248.0,3.0,11.827383158092529,0.14307318336402253
New Mexico,2020-07-31,19348,642,212.0,7.0,10.11050495772426,0.3338374278493859
New Mexico,2020-08-01,19530,651,182.0,9.0,8.679773124084033,0.4292195500920676
New Mexico,2020-08-02,19750,654,220.0,3.0,10.492033446694986,0.14307318336402253
New Mexico,2020-08-03,19861,655,111.0,1.0,5.293707784468833,0.04769106112134085
New Mexico,2020-08-04,20071,658,210.0,3.0,10.015122835481577,0.14307318336402253
New Mexico,2020-08-05,20285,667,214.0,9.0,10.20588707996694,0.4292195500920676
New Mexico,2020-08-06,20487,669,202.0,2.0,9.63359434651085,0.0953821222426817
New Mexico,2020-08-07,20670,675,183.0,6.0,8.727464185205374,0.28614636672804505
New Mexico,2020-08-08,20813,681,143.0,6.0,6.81982174035174,0.28614636672804505
New Mexico,2020-08-09,21012,685,199.0,4.0,9.490521163146827,0.1907642444853634
New Mexico,2020-08-10,21141,690,129.0,5.0,6.152146884652969,0.23845530560670422
New Mexico,2020-08-11,21337,693,196.0,3.0,9.347447979782805,0.14307318336402253
New Mexico,2020-08-12,21510,695,173.0,2.0,8.250553573991965,0.0953821222426817
New Mexico,2020-08-13,21680,697,170.0,2.0,8.107480390627943,0.0953821222426817
New Mexico,2020-08-14,21852,703,172.0,6.0,8.202862512870626,0.28614636672804505
New Mexico,2020-08-15,21991,711,139.0,8.0,6.629057495866377,0.3815284889707268
New Mexico,2020-08-16,22096,714,105.0,3.0,5.007561417740789,0.14307318336402253
New Mexico,2020-08-17,22178,718,82.0,4.0,3.910667011949949,0.1907642444853634
New Mexico,2020-08-18,22250,723,72.0,5.0,3.4337564007365406,0.23845530560670422
New Mexico,2020-08-19,22410,729,160.0,6.0,7.630569779414535,0.28614636672804505
New Mexico,2020-08-20,22591,734,181.0,5.0,8.632082062962693,0.23845530560670422
New Mexico,2020-08-21,22697,739,106.0,5.0,5.05525247886213,0.23845530560670422
New Mexico,2020-08-22,22780,743,83.0,4.0,3.95835807307129,0.1907642444853634
New Mexico,2020-08-23,23078,745,298.0,2.0,14.211936214159572,0.0953821222426817
New Mexico,2020-08-24,23150,747,72.0,2.0,3.4337564007365406,0.0953821222426817
New Mexico,2020-08-25,23214,750,64.0,3.0,3.052227911765814,0.14307318336402253
New Mexico,2020-08-26,23412,755,198.0,5.0,9.442830102025487,0.23845530560670422
New Mexico,2020-08-27,23600,764,188.0,9.0,8.965919490812079,0.4292195500920676
New Mexico,2020-08-28,23722,767,122.0,3.0,5.818309456803583,0.14307318336402253
New Mexico,2020-08-29,23857,769,135.0,2.0,6.4382932513810145,0.0953821222426817
New Mexico,2020-08-30,23962,770,105.0,1.0,5.007561417740789,0.04769106112134085
New Mexico,2020-08-31,24029,779,67.0,9.0,3.1953010951298366,0.4292195500920676
New Mexico,2020-09-01,24137,787,108.0,8.0,5.150634601104811,0.3815284889707268
New Mexico,2020-09-02,24289,790,152.0,3.0,7.249041290443808,0.14307318336402253
New Mexico,2020-09-03,24488,791,199.0,1.0,9.490521163146827,0.04769106112134085
New Mexico,2020-09-04,24578,794,90.0,3.0,4.292195500920676,0.14307318336402253
New Mexico,2020-09-05,24721,800,143.0,6.0,6.81982174035174,0.28614636672804505
New Mexico,2020-09-06,24779,803,58.0,3.0,2.766081545037769,0.14307318336402253
New Mexico,2020-09-07,24818,807,39.0,4.0,1.859951383732293,0.1907642444853634
New Mexico,2020-09-08,24856,807,38.0,0.0,1.812260322610952,0.0
New Mexico,2020-09-09,24941,813,85.0,6.0,4.053740195313972,0.28614636672804505
New Mexico,2020-09-10,25103,816,162.0,3.0,7.725951901657217,0.14307318336402253
New Mexico,2020-09-11,25235,818,132.0,2.0,6.295220068016992,0.0953821222426817
New Mexico,2020-09-12,25331,821,96.0,3.0,4.578341867648721,0.14307318336402253
New Mexico,2020-09-13,25430,823,99.0,2.0,4.721415051012744,0.0953821222426817
New Mexico,2020-09-14,25501,823,71.0,0.0,3.3860653396152003,0.0
New Mexico,2020-09-15,25579,830,78.0,7.0,3.719902767464586,0.3338374278493859
New Mexico,2020-09-16,25696,832,117.0,2.0,5.579854151196879,0.0953821222426817
New Mexico,2020-09-17,25851,836,155.0,4.0,7.392114473807831,0.1907642444853634
New Mexico,2020-09-18,26005,841,154.0,5.0,7.34442341268649,0.23845530560670422
New Mexico,2020-09-19,26147,847,142.0,6.0,6.772130679230401,0.28614636672804505
New Mexico,2020-09-20,26215,849,68.0,2.0,3.242992156251177,0.0953821222426817
New Mexico,2020-09-21,26320,851,105.0,2.0,5.007561417740789,0.0953821222426817
New Mexico,2020-09-22,26423,854,103.0,3.0,4.912179295498107,0.14307318336402253
New Mexico,2020-09-23,26608,857,185.0,3.0,8.822846307448057,0.14307318336402253
New Mexico,2020-09-24,26842,859,234.0,2.0,11.159708302393758,0.0953821222426817
New Mexico,2020-09-25,27112,865,270.0,6.0,12.876586502762029,0.28614636672804505
New Mexico,2020-09-26,27312,870,200.0,5.0,9.53821222426817,0.23845530560670422
New Mexico,2020-09-27,27463,870,151.0,0.0,7.201350229322467,0.0
New Mexico,2020-09-28,27605,873,142.0,3.0,6.772130679230401,0.14307318336402253
New Mexico,2020-09-29,27777,875,172.0,2.0,8.202862512870626,0.0953821222426817
New Mexico,2020-09-30,28055,877,278.0,2.0,13.258114991732754,0.0953821222426817
New Mexico,2020-10-01,28280,882,225.0,5.0,10.73048875230169,0.23845530560670422
New York,2020-02-01,0,0,0.0,0.0,0.0,0.0
New York,2020-02-02,0,0,0.0,0.0,0.0,0.0
New York,2020-02-03,0,0,0.0,0.0,0.0,0.0
New York,2020-02-04,0,0,0.0,0.0,0.0,0.0
New York,2020-02-05,0,0,0.0,0.0,0.0,0.0
New York,2020-02-06,0,0,0.0,0.0,0.0,0.0
New York,2020-02-07,0,0,0.0,0.0,0.0,0.0
New York,2020-02-08,0,0,0.0,0.0,0.0,0.0
New York,2020-02-09,0,0,0.0,0.0,0.0,0.0
New York,2020-02-10,0,0,0.0,0.0,0.0,0.0
New York,2020-02-11,0,0,0.0,0.0,0.0,0.0
New York,2020-02-12,0,0,0.0,0.0,0.0,0.0
New York,2020-02-13,0,0,0.0,0.0,0.0,0.0
New York,2020-02-14,0,0,0.0,0.0,0.0,0.0
New York,2020-02-15,0,0,0.0,0.0,0.0,0.0
New York,2020-02-16,0,0,0.0,0.0,0.0,0.0
New York,2020-02-17,0,0,0.0,0.0,0.0,0.0
New York,2020-02-18,0,0,0.0,0.0,0.0,0.0
New York,2020-02-19,0,0,0.0,0.0,0.0,0.0
New York,2020-02-20,0,0,0.0,0.0,0.0,0.0
New York,2020-02-21,0,0,0.0,0.0,0.0,0.0
New York,2020-02-22,0,0,0.0,0.0,0.0,0.0
New York,2020-02-23,0,0,0.0,0.0,0.0,0.0
New York,2020-02-24,0,0,0.0,0.0,0.0,0.0
New York,2020-02-25,0,0,0.0,0.0,0.0,0.0
New York,2020-02-26,0,0,0.0,0.0,0.0,0.0
New York,2020-02-27,0,0,0.0,0.0,0.0,0.0
New York,2020-02-28,0,0,0.0,0.0,0.0,0.0
New York,2020-02-29,0,0,0.0,0.0,0.0,0.0
New York,2020-03-01,0,0,0.0,0.0,0.0,0.0
New York,2020-03-02,1,0,1.0,0.0,0.005140447036920386,0.0
New York,2020-03-03,2,0,1.0,0.0,0.005140447036920386,0.0
New York,2020-03-04,11,0,9.0,0.0,0.04626402333228348,0.0
New York,2020-03-05,23,0,12.0,0.0,0.06168536444304464,0.0
New York,2020-03-06,25,0,2.0,0.0,0.010280894073840773,0.0
New York,2020-03-07,77,0,52.0,0.0,0.2673032459198601,0.0
New York,2020-03-08,107,0,30.0,0.0,0.1542134111076116,0.0
New York,2020-03-09,145,0,38.0,0.0,0.1953369874029747,0.0
New York,2020-03-10,173,0,28.0,0.0,0.14393251703377083,0.0
New York,2020-03-11,207,0,34.0,0.0,0.17477519925529317,0.0
New York,2020-03-12,325,0,118.0,0.0,0.6065727503566056,0.0
New York,2020-03-13,383,0,58.0,0.0,0.29814592814138247,0.0
New York,2020-03-14,527,2,144.0,2.0,0.7402243733165357,0.010280894073840773
New York,2020-03-15,640,2,113.0,0.0,0.5808705151720037,0.0
New York,2020-03-16,831,6,191.0,4.0,0.981825384051794,0.020561788147681545
New York,2020-03-17,1544,8,713.0,2.0,3.665138737324236,0.010280894073840773
New York,2020-03-18,3051,9,1507.0,1.0,7.746653684639022,0.005140447036920386
New York,2020-03-19,5633,9,2582.0,0.0,13.272634249328439,0.0
New York,2020-03-20,7841,9,2208.0,0.0,11.350107057520214,0.0
New York,2020-03-21,12132,14,4291.0,5.0,22.05765823542538,0.02570223518460193
New York,2020-03-22,15756,81,3624.0,67.0,18.62898006179948,0.34440995147366593
New York,2020-03-23,20903,137,5147.0,56.0,26.45788089902923,0.28786503406754166
New York,2020-03-24,25569,225,4666.0,88.0,23.985325874270526,0.4523593392489941
New York,2020-03-25,32931,341,7362.0,116.0,37.84397108580789,0.5962918562827649
New York,2020-03-26,38940,439,6009.0,98.0,30.888946244854605,0.5037638096181979
New York,2020-03-27,44777,545,5837.0,106.0,30.004789354504297,0.544887385913561
New York,2020-03-28,53268,787,8491.0,242.0,43.647535790491006,1.2439881829347337
New York,2020-03-29,59206,899,5938.0,112.0,30.523974505233255,0.5757300681350833
New York,2020-03-30,67099,1088,7893.0,189.0,40.57354846241262,0.9715444899779531
New York,2020-03-31,74412,1311,7313.0,223.0,37.59208918099879,1.1463196892332463
New York,2020-04-01,82098,1689,7686.0,378.0,39.5094759257701,1.9430889799559061
New York,2020-04-02,90355,1952,8257.0,263.0,42.44467118385163,1.3519375707100618
New York,2020-04-03,103617,2374,13262.0,422.0,68.17260860363817,2.169268649580403
New York,2020-04-04,113857,3009,10240.0,635.0,52.638177658064755,3.2641838684444457
New York,2020-04-05,122178,3883,8321.0,874.0,42.77365979421454,4.492750710268418
New York,2020-04-06,130830,4453,8652.0,570.0,44.47514776343519,2.9300548110446205
New York,2020-04-07,138988,5240,8158.0,787.0,41.93576692719652,4.045531818056345
New York,2020-04-08,149473,6028,10485.0,788.0,53.89758718211025,4.050672265093264
New York,2020-04-09,159950,6784,10477.0,756.0,53.856463605814895,3.8861779599118123
New York,2020-04-10,170512,7802,10562.0,1018.0,54.29340160395313,5.232975083584955
New York,2020-04-11,180458,8490,9946.0,688.0,51.12688622921017,3.5366275614012266
New York,2020-04-12,188694,9342,8236.0,852.0,42.336721796076304,4.37966087545617
New York,2020-04-13,195031,9672,6337.0,330.0,32.57501287296449,1.6963475221837279
New York,2020-04-14,202208,12091,7177.0,2419.0,36.89298838397762,12.434741382310417
New York,2020-04-15,213779,12784,11571.0,693.0,59.4801126642058,3.562329796585828
New York,2020-04-16,222284,13490,8505.0,706.0,43.71950204900789,3.6291556080657927
New York,2020-04-17,229642,13924,7358.0,434.0,37.823409297660206,2.230954014023448
New York,2020-04-18,236732,14310,7090.0,386.0,36.445769491765546,1.9842125562512694
New York,2020-04-19,242786,15780,6054.0,1470.0,31.120266361516023,7.5564571442729696
New York,2020-04-20,247512,16379,4726.0,599.0,24.29375269648575,3.0791277751153117
New York,2020-04-21,251888,17135,4376.0,756.0,22.494596233563612,3.8861779599118123
New York,2020-04-22,257538,17833,5650.0,698.0,29.043525758600186,3.5880320317704304
New York,2020-04-23,263460,18463,5922.0,630.0,30.441727352642534,3.238481633259844
New York,2020-04-24,271590,19100,8130.0,637.0,41.79183441016275,3.2744647625182863
New York,2020-04-25,282143,19775,10553.0,675.0,54.247137580620844,3.4698017499212614
New York,2020-04-26,288045,20253,5902.0,478.0,30.338918411904125,2.457133683647945
New York,2020-04-27,291996,20649,3951.0,396.0,20.309906242872447,2.035617026620473
New York,2020-04-28,295106,21039,3110.0,390.0,15.986790284822403,2.004774344398951
New York,2020-04-29,299691,21482,4585.0,443.0,23.568949664279973,2.2772180373557314
New York,2020-04-30,304372,21848,4681.0,366.0,24.062432579824332,1.8814036155128617
New York,2020-05-01,308314,22235,3942.0,387.0,20.263642219540166,1.9893530032881896
New York,2020-05-02,312977,22673,4663.0,438.0,23.969904533159763,2.2515158021711295
New York,2020-05-03,316415,23093,3438.0,420.0,17.67285691293229,2.1589877555065624
New York,2020-05-04,318953,23365,2538.0,272.0,13.046454579703942,1.3982015940423453
New York,2020-05-05,321192,23689,2239.0,324.0,11.509460915664746,1.6655048399622054
New York,2020-05-06,323978,24636,2786.0,947.0,14.321285444860196,4.868003343963607
New York,2020-05-07,327469,25021,3491.0,385.0,17.94530060588907,1.979072109214349
New York,2020-05-08,330407,25305,2938.0,284.0,15.102633394472095,1.45988695848539
New York,2020-05-09,333122,25665,2715.0,360.0,13.95631370523885,1.8505609332913393
New York,2020-05-10,335395,25933,2273.0,268.0,11.68423611492004,1.3776398058946637
New York,2020-05-11,337055,26171,1660.0,238.0,8.533142081287842,1.223426394787052
New York,2020-05-12,338485,26425,1430.0,254.0,7.350839262796153,1.3056735473777783
New York,2020-05-13,340661,26680,2176.0,255.0,11.185612752338763,1.3108139944146986
New York,2020-05-14,343051,26922,2390.0,242.0,12.285668418239725,1.2439881829347337
New York,2020-05-15,345813,27133,2762.0,211.0,14.197914715974107,1.0846343247902015
New York,2020-05-16,348232,27389,2419.0,256.0,12.434741382310417,1.3159544414516189
New York,2020-05-17,350121,27602,1889.0,213.0,9.71030445274261,1.0949152188640425
New York,2020-05-18,351371,27746,1250.0,144.0,6.425558796150484,0.7402243733165357
New York,2020-05-19,352845,27880,1474.0,134.0,7.57701893242065,0.6888199029473319
New York,2020-05-20,354370,28063,1525.0,183.0,7.83918173130359,0.9407018077564309
New York,2020-05-21,356458,28220,2088.0,157.0,10.733253413089768,0.8070501847965008
New York,2020-05-22,358154,28388,1696.0,168.0,8.718198174616976,0.863595102202625
New York,2020-05-23,359926,28518,1772.0,130.0,9.108872149422925,0.6682581147996504
New York,2020-05-24,361515,28661,1589.0,143.0,8.168170341666496,0.7350839262796154
New York,2020-05-25,362764,28743,1249.0,82.0,6.420418349113563,0.42151665702747176
New York,2020-05-26,363836,28852,1072.0,109.0,5.510559223578655,0.5603087270243222
New York,2020-05-27,364965,28945,1129.0,93.0,5.803564704683117,0.4780615744335959
New York,2020-05-28,366733,29070,1768.0,125.0,9.088310361275244,0.6425558796150483
New York,2020-05-29,368284,29184,1551.0,114.0,7.9728333542635195,0.5860109622089241
New York,2020-05-30,369660,29224,1376.0,40.0,7.073255122802453,0.20561788147681545
New York,2020-05-31,370770,29301,1110.0,77.0,5.70589621098163,0.3958144218428698
New York,2020-06-01,371711,29463,941.0,162.0,4.837160661742084,0.8327524199811027
New York,2020-06-02,373040,29521,1329.0,58.0,6.831654112067194,0.29814592814138247
New York,2020-06-03,374085,29603,1045.0,82.0,5.371767153581804,0.42151665702747176
New York,2020-06-04,375133,29710,1048.0,107.0,5.387188494692565,0.5500278329504814
New York,2020-06-05,376208,29789,1075.0,79.0,5.525980564689416,0.4060953159167106
New York,2020-06-06,377316,29876,1108.0,87.0,5.695615316907789,0.44721889221207367
New York,2020-06-07,378097,29940,781.0,64.0,4.014689135834822,0.3289886103629047
New York,2020-06-08,378799,29990,702.0,50.0,3.6085938199181116,0.25702235184601935
New York,2020-06-09,379482,30053,683.0,63.0,3.5109253262166242,0.3238481633259844
New York,2020-06-10,380156,30134,674.0,81.0,3.4646613028843407,0.41637620999055136
New York,2020-06-11,380892,30200,736.0,66.0,3.783369019173405,0.33926950443674553
New York,2020-06-12,381714,30283,822.0,83.0,4.225447464348558,0.4266571040643921
New York,2020-06-13,382630,30345,916.0,62.0,4.708649485819074,0.31870771628906397
New York,2020-06-14,383324,30388,694.0,43.0,3.567470243622749,0.22103922258757666
New York,2020-06-15,383944,30434,620.0,46.0,3.18707716289064,0.23646056369833782
New York,2020-06-16,384575,30472,631.0,38.0,3.2436220802967646,0.1953369874029747
New York,2020-06-17,385142,30520,567.0,48.0,2.914633469933859,0.24674145777217857
New York,2020-06-18,385760,30552,618.0,32.0,3.176796268816799,0.16449430518145236
New York,2020-06-19,386556,30646,796.0,94.0,4.091795841388628,0.4832020214705164
New York,2020-06-20,387272,30679,716.0,33.0,3.6805600784349974,0.16963475221837276
New York,2020-06-21,387936,30733,664.0,54.0,3.413256832515137,0.2775841399937009
New York,2020-06-22,388488,30770,552.0,37.0,2.8375267643800535,0.19019654036605432
New York,2020-06-23,389085,30819,597.0,49.0,3.068846881041471,0.25188190480909894
New York,2020-06-24,389667,30841,582.0,22.0,2.9917401754876654,0.11308983481224852
New York,2020-06-25,390415,30874,748.0,33.0,3.8450543836164495,0.16963475221837276
New York,2020-06-26,391220,30922,805.0,48.0,4.138059864720912,0.24674145777217857
New York,2020-06-27,391923,30962,703.0,40.0,3.613734266955032,0.20561788147681545
New York,2020-06-28,392539,30990,616.0,28.0,3.1665153747429584,0.14393251703377083
New York,2020-06-29,392920,30990,381.0,0.0,1.9585103210666674,0.0
New York,2020-06-30,393427,31632,507.0,642.0,2.6062066477186363,3.3001669977028882
New York,2020-07-01,394058,31644,631.0,12.0,3.2436220802967646,0.06168536444304464
New York,2020-07-02,394952,31667,894.0,23.0,4.595559651006826,0.11823028184916891
New York,2020-07-03,395870,31694,918.0,27.0,4.718930379892916,0.13879206999685045
New York,2020-07-04,396594,31716,724.0,22.0,3.7216836547303602,0.11308983481224852
New York,2020-07-05,397131,31754,537.0,38.0,2.7604200588262477,0.1953369874029747
New York,2020-07-06,397649,31770,518.0,16.0,2.6627515651247604,0.08224715259072618
New York,2020-07-07,398244,31787,595.0,17.0,3.05856598696763,0.08738759962764658
New York,2020-07-08,398314,31807,70.0,20.0,0.3598312925844271,0.10280894073840773
New York,2020-07-09,399506,31840,1192.0,33.0,6.127412868009101,0.16963475221837276
New York,2020-07-10,400289,31864,783.0,24.0,4.024970029908663,0.12337072888608928
New York,2020-07-11,401029,31881,740.0,17.0,3.8039308073210862,0.08738759962764658
New York,2020-07-12,401706,31890,677.0,9.0,3.480082643995102,0.04626402333228348
New York,2020-07-13,402263,31932,557.0,42.0,2.8632289995646554,0.21589877555065626
New York,2020-07-14,403175,31948,912.0,16.0,4.688087697671393,0.08224715259072618
New York,2020-07-15,404006,31971,831.0,23.0,4.271711487680841,0.11823028184916891
New York,2020-07-16,404775,31993,769.0,22.0,3.9530037713917774,0.11308983481224852
New York,2020-07-17,405551,32005,776.0,12.0,3.9889869006502203,0.06168536444304464
New York,2020-07-18,406305,32029,754.0,24.0,3.875897065837972,0.12337072888608928
New York,2020-07-19,406807,32047,502.0,18.0,2.5805044125340344,0.09252804666456696
New York,2020-07-20,407326,32059,519.0,12.0,2.6678920121616807,0.06168536444304464
New York,2020-07-21,408181,32079,855.0,20.0,4.395082216566931,0.10280894073840773
New York,2020-07-22,408876,32086,695.0,7.0,3.572610690659669,0.03598312925844271
New York,2020-07-23,409690,32125,814.0,39.0,4.184323888053195,0.20047743443989507
New York,2020-07-24,410440,32154,750.0,29.0,3.85533527769029,0.14907296407069123
New York,2020-07-25,411200,32154,760.0,0.0,3.9067397480594943,0.0
New York,2020-07-26,411736,32166,536.0,12.0,2.7552796117893275,0.06168536444304464
New York,2020-07-27,412344,32178,608.0,12.0,3.125391798447595,0.06168536444304464
New York,2020-07-28,412878,32187,534.0,9.0,2.7449987177154864,0.04626402333228348
New York,2020-07-29,413593,32200,715.0,13.0,3.6754196313980767,0.06682581147996502
New York,2020-07-30,414370,32219,777.0,19.0,3.9941273476871406,0.09766849370148735
New York,2020-07-31,415014,32232,644.0,13.0,3.3104478917767293,0.06682581147996502
New York,2020-08-01,415767,32249,753.0,17.0,3.8707566188010514,0.08738759962764658
New York,2020-08-02,416298,32263,531.0,14.0,2.7295773766047255,0.07196625851688541
New York,2020-08-03,416972,32274,674.0,11.0,3.4646613028843407,0.05654491740612426
New York,2020-08-04,417589,32282,617.0,8.0,3.1716558217798787,0.04112357629536309
New York,2020-08-05,418223,32287,634.0,5.0,3.2590434214075255,0.02570223518460193
New York,2020-08-06,418928,32296,705.0,9.0,3.624015161028873,0.04626402333228348
New York,2020-08-07,419642,32302,714.0,6.0,3.6702791843611564,0.03084268222152232
New York,2020-08-08,420345,32311,703.0,9.0,3.613734266955032,0.04626402333228348
New York,2020-08-09,420860,32322,515.0,11.0,2.647330224013999,0.05654491740612426
New York,2020-08-10,421336,32328,476.0,6.0,2.446852789574104,0.03084268222152232
New York,2020-08-11,422003,32339,667.0,11.0,3.428678173625898,0.05654491740612426
New York,2020-08-12,422703,32345,700.0,6.0,3.5983129258442705,0.03084268222152232
New York,2020-08-13,423440,32364,737.0,19.0,3.788509466210325,0.09766849370148735
New York,2020-08-14,424167,32376,727.0,12.0,3.737104995841121,0.06168536444304464
New York,2020-08-15,424901,32380,734.0,4.0,3.773088125099564,0.020561788147681545
New York,2020-08-16,425508,32390,607.0,10.0,3.120251351410675,0.05140447036920386
New York,2020-08-17,425916,32400,408.0,10.0,2.0973023910635176,0.05140447036920386
New York,2020-08-18,426571,32406,655.0,6.0,3.3669928091828534,0.03084268222152232
New York,2020-08-19,427202,32416,631.0,10.0,3.2436220802967646,0.05140447036920386
New York,2020-08-20,427803,32423,601.0,7.0,3.0894086691891527,0.03598312925844271
New York,2020-08-21,428512,32434,709.0,11.0,3.644576949176554,0.05654491740612426
New York,2020-08-22,429165,32444,653.0,10.0,3.356711915109013,0.05140447036920386
New York,2020-08-23,429737,32458,572.0,14.0,2.9403357051184615,0.07196625851688541
New York,2020-08-24,430145,32466,408.0,8.0,2.0973023910635176,0.04112357629536309
New York,2020-08-25,430774,32472,629.0,6.0,3.2333411862229235,0.03084268222152232
New York,2020-08-26,431340,32474,566.0,2.0,2.909493022896939,0.010280894073840773
New York,2020-08-27,432131,32485,791.0,11.0,4.066093606204026,0.05654491740612426
New York,2020-08-28,432767,32493,636.0,8.0,3.269324315481366,0.04112357629536309
New York,2020-08-29,433402,32501,635.0,8.0,3.2641838684444457,0.04112357629536309
New York,2020-08-30,434100,32512,698.0,11.0,3.5880320317704304,0.05654491740612426
New York,2020-08-31,434756,32519,656.0,7.0,3.372133256219774,0.03598312925844271
New York,2020-09-01,435510,32526,754.0,7.0,3.875897065837972,0.03598312925844271
New York,2020-09-02,436218,32534,708.0,8.0,3.6394365021396338,0.04112357629536309
New York,2020-09-03,437107,32546,889.0,12.0,4.5698574158222245,0.06168536444304464
New York,2020-09-04,437971,32550,864.0,4.0,4.4413462398992145,0.020561788147681545
New York,2020-09-05,438772,32555,801.0,5.0,4.11749807657323,0.02570223518460193
New York,2020-09-06,439501,32561,729.0,6.0,3.747385889914962,0.03084268222152232
New York,2020-09-07,440021,32572,520.0,11.0,2.6730324591986014,0.05654491740612426
New York,2020-09-08,440578,32580,557.0,8.0,2.8632289995646554,0.04112357629536309
New York,2020-09-09,441154,32583,576.0,3.0,2.9608974932661427,0.01542134111076116
New York,2020-09-10,441911,32592,757.0,9.0,3.891318406948733,0.04626402333228348
New York,2020-09-11,442791,32597,880.0,5.0,4.523593392489941,0.02570223518460193
New York,2020-09-12,443640,32606,849.0,9.0,4.364239534345408,0.04626402333228348
New York,2020-09-13,444365,32610,725.0,4.0,3.72682410176728,0.020561788147681545
New York,2020-09-14,444948,32616,583.0,6.0,2.9968806225245856,0.03084268222152232
New York,2020-09-15,445714,32616,766.0,0.0,3.937582430281016,0.0
New York,2020-09-16,446366,32636,652.0,20.0,3.351571468072092,0.10280894073840773
New York,2020-09-17,447262,32642,896.0,6.0,4.6058405450806665,0.03084268222152232
New York,2020-09-18,448052,32651,790.0,9.0,4.060953159167106,0.04626402333228348
New York,2020-09-19,449038,32662,986.0,11.0,5.068480778403501,0.05654491740612426
New York,2020-09-20,449900,32668,862.0,6.0,4.431065345825374,0.03084268222152232
New York,2020-09-21,450473,32670,573.0,2.0,2.945476152155382,0.010280894073840773
New York,2020-09-22,451227,32672,754.0,2.0,3.875897065837972,0.010280894073840773
New York,2020-09-23,451892,32674,665.0,2.0,3.418397279552057,0.010280894073840773
New York,2020-09-24,452847,32680,955.0,6.0,4.90912692025897,0.03084268222152232
New York,2020-09-25,453755,32691,908.0,11.0,4.667525909523712,0.05654491740612426
New York,2020-09-26,454760,32695,1005.0,4.0,5.166149272104988,0.020561788147681545
New York,2020-09-27,455626,32703,866.0,8.0,4.451627133973055,0.04112357629536309
New York,2020-09-28,456460,32717,834.0,14.0,4.287132828791603,0.07196625851688541
New York,2020-09-29,457649,32723,1189.0,6.0,6.11199152689834,0.03084268222152232
New York,2020-09-30,458649,32731,1000.0,8.0,5.140447036920387,0.04112357629536309
New York,2020-10-01,460031,32745,1382.0,14.0,7.104097805023975,0.07196625851688541
North Carolina,2020-02-01,0,0,0.0,0.0,0.0,0.0
North Carolina,2020-02-02,0,0,0.0,0.0,0.0,0.0
North Carolina,2020-02-03,0,0,0.0,0.0,0.0,0.0
North Carolina,2020-02-04,0,0,0.0,0.0,0.0,0.0
North Carolina,2020-02-05,0,0,0.0,0.0,0.0,0.0
North Carolina,2020-02-06,0,0,0.0,0.0,0.0,0.0
North Carolina,2020-02-07,0,0,0.0,0.0,0.0,0.0
North Carolina,2020-02-08,0,0,0.0,0.0,0.0,0.0
North Carolina,2020-02-09,0,0,0.0,0.0,0.0,0.0
North Carolina,2020-02-10,0,0,0.0,0.0,0.0,0.0
North Carolina,2020-02-11,0,0,0.0,0.0,0.0,0.0
North Carolina,2020-02-12,0,0,0.0,0.0,0.0,0.0
North Carolina,2020-02-13,0,0,0.0,0.0,0.0,0.0
North Carolina,2020-02-14,0,0,0.0,0.0,0.0,0.0
North Carolina,2020-02-15,0,0,0.0,0.0,0.0,0.0
North Carolina,2020-02-16,0,0,0.0,0.0,0.0,0.0
North Carolina,2020-02-17,0,0,0.0,0.0,0.0,0.0
North Carolina,2020-02-18,0,0,0.0,0.0,0.0,0.0
North Carolina,2020-02-19,0,0,0.0,0.0,0.0,0.0
North Carolina,2020-02-20,0,0,0.0,0.0,0.0,0.0
North Carolina,2020-02-21,0,0,0.0,0.0,0.0,0.0
North Carolina,2020-02-22,0,0,0.0,0.0,0.0,0.0
North Carolina,2020-02-23,0,0,0.0,0.0,0.0,0.0
North Carolina,2020-02-24,0,0,0.0,0.0,0.0,0.0
North Carolina,2020-02-25,0,0,0.0,0.0,0.0,0.0
North Carolina,2020-02-26,0,0,0.0,0.0,0.0,0.0
North Carolina,2020-02-27,0,0,0.0,0.0,0.0,0.0
North Carolina,2020-02-28,0,0,0.0,0.0,0.0,0.0
North Carolina,2020-02-29,0,0,0.0,0.0,0.0,0.0
North Carolina,2020-03-01,0,0,0.0,0.0,0.0,0.0
North Carolina,2020-03-02,0,0,0.0,0.0,0.0,0.0
North Carolina,2020-03-03,1,0,1.0,0.0,0.009534629966731769,0.0
North Carolina,2020-03-04,1,0,0.0,0.0,0.0,0.0
North Carolina,2020-03-05,1,0,0.0,0.0,0.0,0.0
North Carolina,2020-03-06,2,0,1.0,0.0,0.009534629966731769,0.0
North Carolina,2020-03-07,2,0,0.0,0.0,0.0,0.0
North Carolina,2020-03-08,2,0,0.0,0.0,0.0,0.0
North Carolina,2020-03-09,7,0,5.0,0.0,0.04767314983365884,0.0
North Carolina,2020-03-10,8,0,1.0,0.0,0.009534629966731769,0.0
North Carolina,2020-03-11,16,0,8.0,0.0,0.07627703973385415,0.0
North Carolina,2020-03-12,16,0,0.0,0.0,0.0,0.0
North Carolina,2020-03-13,17,0,1.0,0.0,0.009534629966731769,0.0
North Carolina,2020-03-14,32,0,15.0,0.0,0.14301944950097653,0.0
North Carolina,2020-03-15,33,0,1.0,0.0,0.009534629966731769,0.0
North Carolina,2020-03-16,40,0,7.0,0.0,0.06674240976712238,0.0
North Carolina,2020-03-17,40,0,0.0,0.0,0.0,0.0
North Carolina,2020-03-18,62,0,22.0,0.0,0.20976185926809893,0.0
North Carolina,2020-03-19,136,0,74.0,0.0,0.705562617538151,0.0
North Carolina,2020-03-20,136,0,0.0,0.0,0.0,0.0
North Carolina,2020-03-21,182,0,46.0,0.0,0.4385929784696614,0.0
North Carolina,2020-03-22,250,0,68.0,0.0,0.6483548377377604,0.0
North Carolina,2020-03-23,286,0,36.0,0.0,0.3432466788023437,0.0
North Carolina,2020-03-24,388,0,102.0,0.0,0.9725322566066404,0.0
North Carolina,2020-03-25,491,1,103.0,1.0,0.9820668865733722,0.009534629966731769
North Carolina,2020-03-26,622,1,131.0,0.0,1.2490365256418616,0.0
North Carolina,2020-03-27,763,3,141.0,2.0,1.3443828253091794,0.019069259933463537
North Carolina,2020-03-28,929,4,166.0,1.0,1.5827485744774739,0.009534629966731769
North Carolina,2020-03-29,1163,4,234.0,0.0,2.231103412215234,0.0
North Carolina,2020-03-30,1302,6,139.0,2.0,1.3253135653757158,0.019069259933463537
North Carolina,2020-03-31,1491,8,189.0,2.0,1.8020450637123042,0.019069259933463537
North Carolina,2020-04-01,1580,10,89.0,2.0,0.8485820670391274,0.019069259933463537
North Carolina,2020-04-02,1855,16,275.0,6.0,2.6220232408512363,0.057207779800390615
North Carolina,2020-04-03,2093,19,238.0,3.0,2.2692419320821613,0.028603889900195308
North Carolina,2020-04-04,2402,24,309.0,5.0,2.9462006597201165,0.04767314983365884
North Carolina,2020-04-05,2585,31,183.0,7.0,1.7448372839119135,0.06674240976712238
North Carolina,2020-04-06,2870,33,285.0,2.0,2.717369540518554,0.019069259933463537
North Carolina,2020-04-07,3218,45,348.0,12.0,3.318051228422656,0.11441555960078123
North Carolina,2020-04-08,3423,52,205.0,7.0,1.9545991431800127,0.06674240976712238
North Carolina,2020-04-09,3650,63,227.0,11.0,2.164361002448112,0.10488092963404946
North Carolina,2020-04-10,3907,73,257.0,10.0,2.450399901450065,0.09534629966731768
North Carolina,2020-04-11,4300,79,393.0,6.0,3.7471095769255856,0.057207779800390615
North Carolina,2020-04-12,4514,80,214.0,1.0,2.0404108128805984,0.009534629966731769
North Carolina,2020-04-13,4775,80,261.0,0.0,2.488538421316992,0.0
North Carolina,2020-04-14,4985,107,210.0,27.0,2.0022722930136716,0.25743500910175776
North Carolina,2020-04-15,5096,115,111.0,8.0,1.0583439263072263,0.07627703973385415
North Carolina,2020-04-16,5371,130,275.0,15.0,2.6220232408512363,0.14301944950097653
North Carolina,2020-04-17,5850,151,479.0,21.0,4.567087754064517,0.20022722930136716
North Carolina,2020-04-18,6116,163,266.0,12.0,2.5362115711506505,0.11441555960078123
North Carolina,2020-04-19,6440,170,324.0,7.0,3.089220109221093,0.06674240976712238
North Carolina,2020-04-20,6677,178,237.0,8.0,2.2597073021154293,0.07627703973385415
North Carolina,2020-04-21,6840,211,163.0,33.0,1.5541446845772784,0.31464278890214836
North Carolina,2020-04-22,7071,240,231.0,29.0,2.2024995223150388,0.2765042690352213
North Carolina,2020-04-23,7377,252,306.0,12.0,2.917596769819921,0.11441555960078123
North Carolina,2020-04-24,7779,268,402.0,16.0,3.8329212466261713,0.1525540794677083
North Carolina,2020-04-25,8229,288,450.0,20.0,4.290583485029296,0.19069259933463537
North Carolina,2020-04-26,8477,298,248.0,10.0,2.3645882317494786,0.09534629966731768
North Carolina,2020-04-27,8675,305,198.0,7.0,1.8878567334128902,0.06674240976712238
North Carolina,2020-04-28,9174,340,499.0,35.0,4.757780353399153,0.33371204883561195
North Carolina,2020-04-29,9512,353,338.0,13.0,3.2227049287553378,0.12395018956751298
North Carolina,2020-04-30,10012,377,500.0,24.0,4.7673149833658846,0.22883111920156246
North Carolina,2020-05-01,10917,398,905.0,21.0,8.628840119892251,0.20022722930136716
North Carolina,2020-05-02,11501,419,584.0,21.0,5.568223900571353,0.20022722930136716
North Carolina,2020-05-03,11661,421,160.0,2.0,1.525540794677083,0.019069259933463537
North Carolina,2020-05-04,11840,428,179.0,7.0,1.7066987640449867,0.06674240976712238
North Carolina,2020-05-05,12250,450,410.0,22.0,3.9091982863600254,0.20976185926809893
North Carolina,2020-05-06,12753,475,503.0,25.0,4.79591887326608,0.2383657491682942
North Carolina,2020-05-07,13387,505,634.0,30.0,6.044955398907941,0.28603889900195306
North Carolina,2020-05-08,13863,525,476.0,20.0,4.538483864164323,0.19069259933463537
North Carolina,2020-05-09,14355,542,492.0,17.0,4.691037943632031,0.1620887094344401
North Carolina,2020-05-10,14754,545,399.0,3.0,3.804317356725976,0.028603889900195308
North Carolina,2020-05-11,15033,548,279.0,3.0,2.6601617607181636,0.028603889900195308
North Carolina,2020-05-12,15340,574,307.0,26.0,2.9271313997866533,0.24790037913502597
North Carolina,2020-05-13,15818,594,478.0,20.0,4.557553124097786,0.19069259933463537
North Carolina,2020-05-14,16502,610,684.0,16.0,6.52168689724453,0.1525540794677083
North Carolina,2020-05-15,17127,636,625.0,26.0,5.959143729207356,0.24790037913502597
North Carolina,2020-05-16,17974,647,847.0,11.0,8.075831581821808,0.10488092963404946
North Carolina,2020-05-17,18509,654,535.0,7.0,5.101027032201497,0.06674240976712238
North Carolina,2020-05-18,19016,656,507.0,2.0,4.834057393133007,0.019069259933463537
North Carolina,2020-05-19,19696,686,680.0,30.0,6.483548377377603,0.28603889900195306
North Carolina,2020-05-20,20121,697,425.0,11.0,4.052217735861002,0.10488092963404946
North Carolina,2020-05-21,20854,711,733.0,14.0,6.9888837656143865,0.13348481953424476
North Carolina,2020-05-22,21612,722,758.0,11.0,7.227249514782681,0.10488092963404946
North Carolina,2020-05-23,22714,731,1102.0,9.0,10.507162223338408,0.08581166970058593
North Carolina,2020-05-24,23209,738,495.0,7.0,4.719641833532226,0.06674240976712238
North Carolina,2020-05-25,23930,748,721.0,10.0,6.874468206013605,0.09534629966731768
North Carolina,2020-05-26,24112,760,182.0,12.0,1.7353026539451821,0.11441555960078123
North Carolina,2020-05-27,24623,789,511.0,29.0,4.872195912999934,0.2765042690352213
North Carolina,2020-05-28,25408,789,785.0,0.0,7.4846845238844395,0.0
North Carolina,2020-05-29,26486,854,1078.0,65.0,10.278331104136846,0.619750947837565
North Carolina,2020-05-30,27668,875,1182.0,21.0,11.26993262067695,0.20022722930136716
North Carolina,2020-05-31,27668,875,0.0,0.0,0.0,0.0
North Carolina,2020-06-01,29250,896,1582.0,21.0,15.083784607369658,0.20022722930136716
North Carolina,2020-06-02,29873,919,623.0,23.0,5.940074469273892,0.2192964892348307
North Carolina,2020-06-03,30767,937,894.0,18.0,8.523959190258202,0.17162333940117186
North Carolina,2020-06-04,31849,955,1082.0,18.0,10.316469624003775,0.17162333940117186
North Carolina,2020-06-05,33038,962,1189.0,7.0,11.336675030444074,0.06674240976712238
North Carolina,2020-06-06,34611,987,1573.0,25.0,14.997972937669072,0.2383657491682942
North Carolina,2020-06-07,35528,990,917.0,3.0,8.743255679493032,0.028603889900195308
North Carolina,2020-06-08,36355,1001,827.0,11.0,7.885138982487173,0.10488092963404946
North Carolina,2020-06-09,37088,1024,733.0,23.0,6.9888837656143865,0.2192964892348307
North Carolina,2020-06-10,37965,1041,877.0,17.0,8.361870480823761,0.1620887094344401
North Carolina,2020-06-11,39270,1058,1305.0,17.0,12.442692106584959,0.1620887094344401
North Carolina,2020-06-12,41093,1086,1823.0,28.0,17.381630429352015,0.26696963906848953
North Carolina,2020-06-13,42663,1099,1570.0,13.0,14.969369047768879,0.12395018956751298
North Carolina,2020-06-14,44108,1104,1445.0,5.0,13.777540301927408,0.04767314983365884
North Carolina,2020-06-15,44972,1113,864.0,9.0,8.237920291256248,0.08581166970058593
North Carolina,2020-06-16,45754,1147,782.0,34.0,7.456080633984244,0.3241774188688802
North Carolina,2020-06-17,46698,1161,944.0,14.0,9.000690688594789,0.13348481953424476
North Carolina,2020-06-18,48055,1169,1357.0,8.0,12.93849286485501,0.07627703973385415
North Carolina,2020-06-19,49676,1191,1621.0,22.0,15.455635176072198,0.20976185926809893
North Carolina,2020-06-20,51388,1206,1712.0,15.0,16.323286503044788,0.14301944950097653
North Carolina,2020-06-21,52791,1214,1403.0,8.0,13.377085843324673,0.07627703973385415
North Carolina,2020-06-22,53593,1217,802.0,3.0,7.6467732333188785,0.028603889900195308
North Carolina,2020-06-23,54442,1244,849.0,27.0,8.094900841755273,0.25743500910175776
North Carolina,2020-06-24,55911,1264,1469.0,20.0,14.00637142112897,0.19069259933463537
North Carolina,2020-06-25,57126,1283,1215.0,19.0,11.584575409579099,0.1811579693679036
North Carolina,2020-06-26,58812,1285,1686.0,2.0,16.075386123909762,0.019069259933463537
North Carolina,2020-06-27,60518,1311,1706.0,26.0,16.266078723244398,0.24790037913502597
North Carolina,2020-06-28,62139,1315,1621.0,4.0,15.455635176072198,0.038138519866927074
North Carolina,2020-06-29,63477,1318,1338.0,3.0,12.757334895487107,0.028603889900195308
North Carolina,2020-06-30,64665,1334,1188.0,16.0,11.327140400477342,0.1525540794677083
North Carolina,2020-07-01,66493,1361,1828.0,27.0,17.429303579185675,0.25743500910175776
North Carolina,2020-07-02,68126,1378,1633.0,17.0,15.570050735672979,0.1620887094344401
North Carolina,2020-07-03,70216,1388,2090.0,10.0,19.927376630469396,0.09534629966731768
North Carolina,2020-07-04,71653,1395,1437.0,7.0,13.701263262193551,0.06674240976712238
North Carolina,2020-07-05,72979,1396,1326.0,1.0,12.642919335886328,0.009534629966731769
North Carolina,2020-07-06,74516,1398,1537.0,2.0,14.65472625886673,0.019069259933463537
North Carolina,2020-07-07,75871,1420,1355.0,22.0,12.919423604921548,0.20976185926809893
North Carolina,2020-07-08,77307,1440,1436.0,20.0,13.691728632226821,0.19069259933463537
North Carolina,2020-07-09,79347,1459,2040.0,19.0,19.45064513213281,0.1811579693679036
North Carolina,2020-07-10,81327,1476,1980.0,17.0,18.878567334128903,0.1620887094344401
North Carolina,2020-07-11,83778,1488,2451.0,12.0,23.369378048459566,0.11441555960078123
North Carolina,2020-07-12,85692,1503,1914.0,15.0,18.249281756324606,0.14301944950097653
North Carolina,2020-07-13,87516,1510,1824.0,7.0,17.391165059318745,0.06674240976712238
North Carolina,2020-07-14,89483,1551,1967.0,41.0,18.75461714456139,0.3909198286360025
North Carolina,2020-07-15,91263,1565,1780.0,14.0,16.971641340782547,0.13348481953424476
North Carolina,2020-07-16,93421,1565,2158.0,0.0,20.575731468207156,0.0
North Carolina,2020-07-17,95476,1606,2055.0,41.0,19.593664581633785,0.3909198286360025
North Carolina,2020-07-18,97942,1629,2466.0,23.0,23.512397497960542,0.2192964892348307
North Carolina,2020-07-19,99775,1634,1833.0,5.0,17.47697672901933,0.04767314983365884
North Carolina,2020-07-20,101042,1642,1267.0,8.0,12.080376167849153,0.07627703973385415
North Carolina,2020-07-21,102861,1668,1819.0,26.0,17.34349190948509,0.24790037913502597
North Carolina,2020-07-22,104983,1698,2122.0,30.0,20.232484789404815,0.28603889900195306
North Carolina,2020-07-23,106737,1726,1754.0,28.0,16.723740961647522,0.26696963906848953
North Carolina,2020-07-24,108984,1746,2247.0,20.0,21.424313535246284,0.19069259933463537
North Carolina,2020-07-25,111092,1778,2108.0,32.0,20.09899996987057,0.3051081589354166
North Carolina,2020-07-26,112713,1785,1621.0,7.0,15.455635176072198,0.06674240976712238
North Carolina,2020-07-27,114333,1790,1620.0,5.0,15.446100546105464,0.04767314983365884
North Carolina,2020-07-28,116086,1790,1753.0,0.0,16.714206331680792,0.0
North Carolina,2020-07-29,117836,1861,1750.0,71.0,16.685602441780595,0.6769587276379556
North Carolina,2020-07-30,120192,1901,2356.0,40.0,22.46358820162005,0.38138519866927073
North Carolina,2020-07-31,122146,1922,1954.0,21.0,18.630666954993877,0.20022722930136716
North Carolina,2020-08-01,123876,1962,1730.0,40.0,16.494909842445963,0.38138519866927073
North Carolina,2020-08-02,125214,1967,1338.0,5.0,12.757334895487107,0.04767314983365884
North Carolina,2020-08-03,126531,1980,1317.0,13.0,12.557107666185741,0.12395018956751298
North Carolina,2020-08-04,128159,2008,1628.0,28.0,15.52237758583932,0.26696963906848953
North Carolina,2020-08-05,129283,2049,1124.0,41.0,10.716924082606509,0.3909198286360025
North Carolina,2020-08-06,131262,2091,1979.0,42.0,18.869032704162173,0.4004544586027343
North Carolina,2020-08-07,132807,2133,1545.0,42.0,14.731003298600582,0.4004544586027343
North Carolina,2020-08-08,134728,2159,1921.0,26.0,18.316024166091726,0.24790037913502597
North Carolina,2020-08-09,136167,2167,1439.0,8.0,13.720332522127016,0.07627703973385415
North Carolina,2020-08-10,136787,2171,620.0,4.0,5.911470579373697,0.038138519866927074
North Carolina,2020-08-11,137834,2203,1047.0,32.0,9.982757575168161,0.3051081589354166
North Carolina,2020-08-12,137834,2203,0.0,0.0,0.0,0.0
North Carolina,2020-08-13,140817,2286,2983.0,83.0,28.441801190760867,0.7913742872387369
North Carolina,2020-08-14,142168,2312,1351.0,26.0,12.88128508505462,0.24790037913502597
North Carolina,2020-08-15,143704,2342,1536.0,30.0,14.645191628899997,0.28603889900195306
North Carolina,2020-08-16,144949,2346,1245.0,4.0,11.870614308581054,0.038138519866927074
North Carolina,2020-08-17,145514,2348,565.0,2.0,5.38706593120345,0.019069259933463537
North Carolina,2020-08-18,146776,2396,1262.0,48.0,12.032703018015493,0.4576622384031249
North Carolina,2020-08-19,147921,2431,1145.0,35.0,10.917151311907874,0.33371204883561195
North Carolina,2020-08-20,149904,2465,1983.0,34.0,18.9071712240291,0.3241774188688802
North Carolina,2020-08-21,151908,2494,2004.0,29.0,19.107398453330465,0.2765042690352213
North Carolina,2020-08-22,153638,2520,1730.0,26.0,16.494909842445963,0.24790037913502597
North Carolina,2020-08-23,155110,2530,1472.0,10.0,14.034975311029164,0.09534629966731768
North Carolina,2020-08-24,156382,2534,1272.0,4.0,12.12804931768281,0.038138519866927074
North Carolina,2020-08-25,157737,2567,1355.0,33.0,12.919423604921548,0.31464278890214836
North Carolina,2020-08-26,158984,2604,1247.0,37.0,11.889683568514515,0.3527813087690755
North Carolina,2020-08-27,161075,2628,2091.0,24.0,19.93691126043613,0.22883111920156246
North Carolina,2020-08-28,162491,2652,1416.0,24.0,13.501036032892186,0.22883111920156246
North Carolina,2020-08-29,165075,2683,2584.0,31.0,24.637483834034892,0.29557352896868483
North Carolina,2020-08-30,166124,2692,1049.0,9.0,10.001826835101626,0.08581166970058593
North Carolina,2020-08-31,167302,2702,1178.0,10.0,11.231794100810024,0.09534629966731768
North Carolina,2020-09-01,169420,2741,2118.0,39.0,20.194346269537885,0.37185056870253896
North Carolina,2020-09-02,170551,2779,1131.0,38.0,10.783666492373632,0.3623159387358072
North Carolina,2020-09-03,172201,2803,1650.0,24.0,15.73213944510742,0.22883111920156246
North Carolina,2020-09-04,172201,2803,0.0,0.0,0.0,0.0
North Carolina,2020-09-05,175812,2888,3611.0,85.0,34.42954880986842,0.8104435471722004
North Carolina,2020-09-06,176893,2889,1081.0,1.0,10.306934994037043,0.009534629966731769
North Carolina,2020-09-07,177902,2896,1009.0,7.0,9.620441636432355,0.06674240976712238
North Carolina,2020-09-08,178623,2909,721.0,13.0,6.874468206013605,0.12395018956751298
North Carolina,2020-09-09,179526,2957,903.0,48.0,8.609770859958788,0.4576622384031249
North Carolina,2020-09-10,180751,2990,1225.0,33.0,11.679921709246416,0.31464278890214836
North Carolina,2020-09-11,182283,3023,1532.0,33.0,14.60705310903307,0.31464278890214836
North Carolina,2020-09-12,183736,3047,1453.0,24.0,13.853817341661259,0.22883111920156246
North Carolina,2020-09-13,184929,3052,1193.0,5.0,11.374813550311,0.04767314983365884
North Carolina,2020-09-14,185767,3060,838.0,8.0,7.990019912121222,0.07627703973385415
North Carolina,2020-09-15,186882,3107,1115.0,47.0,10.631112412905923,0.44812760843639315
North Carolina,2020-09-16,188017,3147,1135.0,40.0,10.821805012240558,0.38138519866927073
North Carolina,2020-09-17,189572,3178,1555.0,31.0,14.826349598267901,0.29557352896868483
North Carolina,2020-09-18,190973,3207,1401.0,29.0,13.358016583391208,0.2765042690352213
North Carolina,2020-09-19,192245,3233,1272.0,26.0,12.12804931768281,0.24790037913502597
North Carolina,2020-09-20,193546,3242,1301.0,9.0,12.40455358671803,0.08581166970058593
North Carolina,2020-09-21,194351,3246,805.0,4.0,7.675377123219074,0.038138519866927074
North Carolina,2020-09-22,195543,3286,1192.0,40.0,11.365278920344268,0.38138519866927073
North Carolina,2020-09-23,196494,3316,951.0,30.0,9.067433098361912,0.28603889900195306
North Carolina,2020-09-24,198187,3356,1693.0,40.0,16.142128533676885,0.38138519866927073
North Carolina,2020-09-25,204327,3409,6140.0,53.0,58.54262799573306,0.5053353882367838
North Carolina,2020-09-26,206058,3440,1731.0,31.0,16.504444472412693,0.29557352896868483
North Carolina,2020-09-27,207339,3441,1281.0,1.0,12.213860987383395,0.009534629966731769
North Carolina,2020-09-28,208209,3446,870.0,5.0,8.29512807105664,0.04767314983365884
North Carolina,2020-09-29,209129,3496,920.0,50.0,8.771859569393229,0.4767314983365884
North Carolina,2020-09-30,210629,3534,1500.0,38.0,14.301944950097655,0.3623159387358072
North Carolina,2020-10-01,212895,3581,2266.0,47.0,21.60547150461419,0.44812760843639315
North Dakota,2020-02-01,0,0,0.0,0.0,0.0,0.0
North Dakota,2020-02-02,0,0,0.0,0.0,0.0,0.0
North Dakota,2020-02-03,0,0,0.0,0.0,0.0,0.0
North Dakota,2020-02-04,0,0,0.0,0.0,0.0,0.0
North Dakota,2020-02-05,0,0,0.0,0.0,0.0,0.0
North Dakota,2020-02-06,0,0,0.0,0.0,0.0,0.0
North Dakota,2020-02-07,0,0,0.0,0.0,0.0,0.0
North Dakota,2020-02-08,0,0,0.0,0.0,0.0,0.0
North Dakota,2020-02-09,0,0,0.0,0.0,0.0,0.0
North Dakota,2020-02-10,0,0,0.0,0.0,0.0,0.0
North Dakota,2020-02-11,0,0,0.0,0.0,0.0,0.0
North Dakota,2020-02-12,0,0,0.0,0.0,0.0,0.0
North Dakota,2020-02-13,0,0,0.0,0.0,0.0,0.0
North Dakota,2020-02-14,0,0,0.0,0.0,0.0,0.0
North Dakota,2020-02-15,0,0,0.0,0.0,0.0,0.0
North Dakota,2020-02-16,0,0,0.0,0.0,0.0,0.0
North Dakota,2020-02-17,0,0,0.0,0.0,0.0,0.0
North Dakota,2020-02-18,0,0,0.0,0.0,0.0,0.0
North Dakota,2020-02-19,0,0,0.0,0.0,0.0,0.0
North Dakota,2020-02-20,0,0,0.0,0.0,0.0,0.0
North Dakota,2020-02-21,0,0,0.0,0.0,0.0,0.0
North Dakota,2020-02-22,0,0,0.0,0.0,0.0,0.0
North Dakota,2020-02-23,0,0,0.0,0.0,0.0,0.0
North Dakota,2020-02-24,0,0,0.0,0.0,0.0,0.0
North Dakota,2020-02-25,0,0,0.0,0.0,0.0,0.0
North Dakota,2020-02-26,0,0,0.0,0.0,0.0,0.0
North Dakota,2020-02-27,0,0,0.0,0.0,0.0,0.0
North Dakota,2020-02-28,0,0,0.0,0.0,0.0,0.0
North Dakota,2020-02-29,0,0,0.0,0.0,0.0,0.0
North Dakota,2020-03-01,0,0,0.0,0.0,0.0,0.0
North Dakota,2020-03-02,0,0,0.0,0.0,0.0,0.0
North Dakota,2020-03-03,0,0,0.0,0.0,0.0,0.0
North Dakota,2020-03-04,0,0,0.0,0.0,0.0,0.0
North Dakota,2020-03-05,0,0,0.0,0.0,0.0,0.0
North Dakota,2020-03-06,0,0,0.0,0.0,0.0,0.0
North Dakota,2020-03-07,0,0,0.0,0.0,0.0,0.0
North Dakota,2020-03-08,0,0,0.0,0.0,0.0,0.0
North Dakota,2020-03-09,0,0,0.0,0.0,0.0,0.0
North Dakota,2020-03-10,0,0,0.0,0.0,0.0,0.0
North Dakota,2020-03-11,0,0,0.0,0.0,0.0,0.0
North Dakota,2020-03-12,1,0,1.0,0.0,0.1312229188701182,0.0
North Dakota,2020-03-13,1,0,0.0,0.0,0.0,0.0
North Dakota,2020-03-14,1,0,0.0,0.0,0.0,0.0
North Dakota,2020-03-15,1,0,0.0,0.0,0.0,0.0
North Dakota,2020-03-16,1,0,0.0,0.0,0.0,0.0
North Dakota,2020-03-17,5,0,4.0,0.0,0.5248916754804728,0.0
North Dakota,2020-03-18,7,0,2.0,0.0,0.2624458377402364,0.0
North Dakota,2020-03-19,19,0,12.0,0.0,1.5746750264414182,0.0
North Dakota,2020-03-20,26,0,7.0,0.0,0.9185604320908273,0.0
North Dakota,2020-03-21,28,0,2.0,0.0,0.2624458377402364,0.0
North Dakota,2020-03-22,30,0,2.0,0.0,0.2624458377402364,0.0
North Dakota,2020-03-23,32,0,2.0,0.0,0.2624458377402364,0.0
North Dakota,2020-03-24,36,0,4.0,0.0,0.5248916754804728,0.0
North Dakota,2020-03-25,45,0,9.0,0.0,1.1810062698310637,0.0
North Dakota,2020-03-26,58,0,13.0,0.0,1.7058979453115362,0.0
North Dakota,2020-03-27,68,1,10.0,1.0,1.3122291887011819,0.1312229188701182
North Dakota,2020-03-28,93,1,25.0,0.0,3.280572971752955,0.0
North Dakota,2020-03-29,97,1,4.0,0.0,0.5248916754804728,0.0
North Dakota,2020-03-30,109,3,12.0,2.0,1.5746750264414182,0.2624458377402364
North Dakota,2020-03-31,126,3,17.0,0.0,2.230789620792009,0.0
North Dakota,2020-04-01,147,3,21.0,0.0,2.7556812962724817,0.0
North Dakota,2020-04-02,159,3,12.0,0.0,1.5746750264414182,0.0
North Dakota,2020-04-03,173,3,14.0,0.0,1.8371208641816545,0.0
North Dakota,2020-04-04,186,3,13.0,0.0,1.7058979453115362,0.0
North Dakota,2020-04-05,207,3,21.0,0.0,2.7556812962724817,0.0
North Dakota,2020-04-06,225,3,18.0,0.0,2.3620125396621274,0.0
North Dakota,2020-04-07,237,4,12.0,1.0,1.5746750264414182,0.1312229188701182
North Dakota,2020-04-08,251,4,14.0,0.0,1.8371208641816545,0.0
North Dakota,2020-04-09,269,5,18.0,1.0,2.3620125396621274,0.1312229188701182
North Dakota,2020-04-10,278,7,9.0,2.0,1.1810062698310637,0.2624458377402364
North Dakota,2020-04-11,293,7,15.0,0.0,1.9683437830517725,0.0
North Dakota,2020-04-12,308,8,15.0,1.0,1.9683437830517725,0.1312229188701182
North Dakota,2020-04-13,331,9,23.0,1.0,3.018127134012718,0.1312229188701182
North Dakota,2020-04-14,341,9,10.0,0.0,1.3122291887011819,0.0
North Dakota,2020-04-15,365,9,24.0,0.0,3.1493500528828364,0.0
North Dakota,2020-04-16,393,9,28.0,0.0,3.674241728363309,0.0
North Dakota,2020-04-17,393,9,0.0,0.0,0.0,0.0
North Dakota,2020-04-18,393,9,0.0,0.0,0.0,0.0
North Dakota,2020-04-19,393,10,0.0,1.0,0.0,0.1312229188701182
North Dakota,2020-04-20,627,13,234.0,3.0,30.706163015607654,0.39366875661035455
North Dakota,2020-04-21,643,13,16.0,0.0,2.099566701921891,0.0
North Dakota,2020-04-22,679,14,36.0,1.0,4.724025079324255,0.1312229188701182
North Dakota,2020-04-23,709,15,30.0,1.0,3.936687566103545,0.1312229188701182
North Dakota,2020-04-24,748,15,39.0,0.0,5.117693835934609,0.0
North Dakota,2020-04-25,803,16,55.0,1.0,7.2172605378565,0.1312229188701182
North Dakota,2020-04-26,867,17,64.0,1.0,8.398266807687564,0.1312229188701182
North Dakota,2020-04-27,941,19,74.0,2.0,9.710495996388746,0.2624458377402364
North Dakota,2020-04-28,990,19,49.0,0.0,6.429923024635791,0.0
North Dakota,2020-04-29,1033,19,43.0,0.0,5.642585511415081,0.0
North Dakota,2020-04-30,1067,19,34.0,0.0,4.461579241584018,0.0
North Dakota,2020-05-01,1107,23,40.0,4.0,5.2489167548047275,0.5248916754804728
North Dakota,2020-05-02,1153,24,46.0,1.0,6.036254268025436,0.1312229188701182
North Dakota,2020-05-03,1191,25,38.0,1.0,4.986470917064491,0.1312229188701182
North Dakota,2020-05-04,1225,25,34.0,0.0,4.461579241584018,0.0
North Dakota,2020-05-05,1266,25,41.0,0.0,5.3801396736748455,0.0
North Dakota,2020-05-06,1322,31,56.0,6.0,7.348483456726618,0.7873375132207091
North Dakota,2020-05-07,1370,31,48.0,0.0,6.298700105765673,0.0
North Dakota,2020-05-08,1424,33,54.0,2.0,7.086037618986381,0.2624458377402364
North Dakota,2020-05-09,1463,34,39.0,1.0,5.117693835934609,0.1312229188701182
North Dakota,2020-05-10,1489,35,26.0,1.0,3.4117958906230723,0.1312229188701182
North Dakota,2020-05-11,1515,36,26.0,1.0,3.4117958906230723,0.1312229188701182
North Dakota,2020-05-12,1570,38,55.0,2.0,7.2172605378565,0.2624458377402364
North Dakota,2020-05-13,1645,40,75.0,2.0,9.841718915258863,0.2624458377402364
North Dakota,2020-05-14,1712,40,67.0,0.0,8.791935564297917,0.0
North Dakota,2020-05-15,1761,42,49.0,2.0,6.429923024635791,0.2624458377402364
North Dakota,2020-05-16,1847,42,86.0,0.0,11.285171022830163,0.0
North Dakota,2020-05-17,1897,43,50.0,1.0,6.56114594350591,0.1312229188701182
North Dakota,2020-05-18,1927,44,30.0,1.0,3.936687566103545,0.1312229188701182
North Dakota,2020-05-19,1992,45,65.0,1.0,8.529489726557681,0.1312229188701182
North Dakota,2020-05-20,2078,49,86.0,4.0,11.285171022830163,0.5248916754804728
North Dakota,2020-05-21,2188,51,110.0,2.0,14.434521075713,0.2624458377402364
North Dakota,2020-05-22,2267,52,79.0,1.0,10.366610590739336,0.1312229188701182
North Dakota,2020-05-23,2315,52,48.0,0.0,6.298700105765673,0.0
North Dakota,2020-05-24,2364,53,49.0,1.0,6.429923024635791,0.1312229188701182
North Dakota,2020-05-25,2402,54,38.0,1.0,4.986470917064491,0.1312229188701182
North Dakota,2020-05-26,2420,54,18.0,0.0,2.3620125396621274,0.0
North Dakota,2020-05-27,2437,56,17.0,2.0,2.230789620792009,0.2624458377402364
North Dakota,2020-05-28,2479,57,42.0,1.0,5.511362592544963,0.1312229188701182
North Dakota,2020-05-29,2518,59,39.0,2.0,5.117693835934609,0.2624458377402364
North Dakota,2020-05-30,2552,59,34.0,0.0,4.461579241584018,0.0
North Dakota,2020-05-31,2575,59,23.0,0.0,3.018127134012718,0.0
North Dakota,2020-06-01,2624,61,49.0,2.0,6.429923024635791,0.2624458377402364
North Dakota,2020-06-02,2646,65,22.0,4.0,2.8869042151426,0.5248916754804728
North Dakota,2020-06-03,2679,66,33.0,1.0,4.3303563227139,0.1312229188701182
North Dakota,2020-06-04,2706,66,27.0,0.0,3.5430188094931907,0.0
North Dakota,2020-06-05,2745,71,39.0,5.0,5.117693835934609,0.6561145943505909
North Dakota,2020-06-06,2816,72,71.0,1.0,9.316827239778391,0.1312229188701182
North Dakota,2020-06-07,2861,72,45.0,0.0,5.905031349155318,0.0
North Dakota,2020-06-08,2879,72,18.0,0.0,2.3620125396621274,0.0
North Dakota,2020-06-09,2901,72,22.0,0.0,2.8869042151426,0.0
North Dakota,2020-06-10,2941,73,40.0,1.0,5.2489167548047275,0.1312229188701182
North Dakota,2020-06-11,2980,74,39.0,1.0,5.117693835934609,0.1312229188701182
North Dakota,2020-06-12,3016,74,36.0,0.0,4.724025079324255,0.0
North Dakota,2020-06-13,3058,74,42.0,0.0,5.511362592544963,0.0
North Dakota,2020-06-14,3080,74,22.0,0.0,2.8869042151426,0.0
North Dakota,2020-06-15,3101,74,21.0,0.0,2.7556812962724817,0.0
North Dakota,2020-06-16,3124,74,23.0,0.0,3.018127134012718,0.0
North Dakota,2020-06-17,3192,74,68.0,0.0,8.923158483168036,0.0
North Dakota,2020-06-18,3192,75,0.0,1.0,0.0,0.1312229188701182
North Dakota,2020-06-19,3225,76,33.0,1.0,4.3303563227139,0.1312229188701182
North Dakota,2020-06-20,3251,76,26.0,0.0,3.4117958906230723,0.0
North Dakota,2020-06-21,3288,77,37.0,1.0,4.855247998194373,0.1312229188701182
North Dakota,2020-06-22,3313,77,25.0,0.0,3.280572971752955,0.0
North Dakota,2020-06-23,3319,78,6.0,1.0,0.7873375132207091,0.1312229188701182
North Dakota,2020-06-24,3393,78,74.0,0.0,9.710495996388746,0.0
North Dakota,2020-06-25,3418,78,25.0,0.0,3.280572971752955,0.0
North Dakota,2020-06-26,3458,78,40.0,0.0,5.2489167548047275,0.0
North Dakota,2020-06-27,3458,78,0.0,0.0,0.0,0.0
North Dakota,2020-06-28,3495,79,37.0,1.0,4.855247998194373,0.1312229188701182
North Dakota,2020-06-29,3539,79,44.0,0.0,5.7738084302852,0.0
North Dakota,2020-06-30,3576,79,37.0,0.0,4.855247998194373,0.0
North Dakota,2020-07-01,3615,80,39.0,1.0,5.117693835934609,0.1312229188701182
North Dakota,2020-07-02,3658,80,43.0,0.0,5.642585511415081,0.0
North Dakota,2020-07-03,3722,80,64.0,0.0,8.398266807687564,0.0
North Dakota,2020-07-04,3779,80,57.0,0.0,7.479706375596737,0.0
North Dakota,2020-07-05,3816,80,37.0,0.0,4.855247998194373,0.0
North Dakota,2020-07-06,3849,80,33.0,0.0,4.3303563227139,0.0
North Dakota,2020-07-07,3897,84,48.0,4.0,6.298700105765673,0.5248916754804728
North Dakota,2020-07-08,3969,85,72.0,1.0,9.44805015864851,0.1312229188701182
North Dakota,2020-07-09,4069,85,100.0,0.0,13.12229188701182,0.0
North Dakota,2020-07-10,4154,85,85.0,0.0,11.153948103960046,0.0
North Dakota,2020-07-11,4243,87,89.0,2.0,11.67883977944052,0.2624458377402364
North Dakota,2020-07-12,4334,87,91.0,0.0,11.941285617180753,0.0
North Dakota,2020-07-13,4442,87,108.0,0.0,14.172075237972763,0.0
North Dakota,2020-07-14,4493,88,51.0,1.0,6.692368862376028,0.1312229188701182
North Dakota,2020-07-15,4565,88,72.0,0.0,9.44805015864851,0.0
North Dakota,2020-07-16,4668,89,103.0,1.0,13.515960643622172,0.1312229188701182
North Dakota,2020-07-17,4789,90,121.0,1.0,15.8779731832843,0.1312229188701182
North Dakota,2020-07-18,4905,90,116.0,0.0,15.22185858893371,0.0
North Dakota,2020-07-19,5018,92,113.0,2.0,14.828189832323353,0.2624458377402364
North Dakota,2020-07-20,5018,93,0.0,1.0,0.0,0.1312229188701182
North Dakota,2020-07-21,5125,94,107.0,1.0,14.040852319102646,0.1312229188701182
North Dakota,2020-07-22,5207,96,82.0,2.0,10.760279347349691,0.2624458377402364
North Dakota,2020-07-23,5365,97,158.0,1.0,20.733221181478672,0.1312229188701182
North Dakota,2020-07-24,5612,99,247.0,2.0,32.41206096091919,0.2624458377402364
North Dakota,2020-07-25,5734,99,122.0,0.0,16.009196102154416,0.0
North Dakota,2020-07-26,5872,99,138.0,0.0,18.108762804076306,0.0
North Dakota,2020-07-27,5984,99,112.0,0.0,14.696966913453236,0.0
North Dakota,2020-07-28,6139,100,155.0,1.0,20.33955242486832,0.1312229188701182
North Dakota,2020-07-29,6224,102,85.0,2.0,11.153948103960046,0.2624458377402364
North Dakota,2020-07-30,6298,103,74.0,1.0,9.710495996388746,0.1312229188701182
North Dakota,2020-07-31,6467,103,169.0,0.0,22.176673289049972,0.0
North Dakota,2020-08-01,6600,103,133.0,0.0,17.45264820972572,0.0
North Dakota,2020-08-02,6659,105,59.0,2.0,7.742152213336972,0.2624458377402364
North Dakota,2020-08-03,6782,105,123.0,0.0,16.140419021024538,0.0
North Dakota,2020-08-04,6931,107,149.0,2.0,19.55221491164761,0.2624458377402364
North Dakota,2020-08-05,7055,108,124.0,1.0,16.271641939894653,0.1312229188701182
North Dakota,2020-08-06,7174,109,119.0,1.0,15.615527345544063,0.1312229188701182
North Dakota,2020-08-07,7324,110,150.0,1.0,19.683437830517725,0.1312229188701182
North Dakota,2020-08-08,7507,112,183.0,2.0,24.013794153231625,0.2624458377402364
North Dakota,2020-08-09,7596,112,89.0,0.0,11.67883977944052,0.0
North Dakota,2020-08-10,7712,112,116.0,0.0,15.22185858893371,0.0
North Dakota,2020-08-11,7882,118,170.0,6.0,22.30789620792009,0.7873375132207091
North Dakota,2020-08-12,7968,120,86.0,2.0,11.285171022830163,0.2624458377402364
North Dakota,2020-08-13,8168,120,200.0,0.0,26.24458377402364,0.0
North Dakota,2020-08-14,8319,121,151.0,1.0,19.814660749387844,0.1312229188701182
North Dakota,2020-08-15,8443,121,124.0,0.0,16.271641939894653,0.0
North Dakota,2020-08-16,8586,124,143.0,3.0,18.764877398426897,0.39366875661035455
North Dakota,2020-08-17,8645,126,59.0,2.0,7.742152213336972,0.2624458377402364
North Dakota,2020-08-18,8781,128,136.0,2.0,17.846316966336072,0.2624458377402364
North Dakota,2020-08-19,8964,130,183.0,2.0,24.013794153231625,0.2624458377402364
North Dakota,2020-08-20,9237,130,273.0,0.0,35.82385685154227,0.0
North Dakota,2020-08-21,9467,132,230.0,2.0,30.18127134012718,0.2624458377402364
North Dakota,2020-08-22,9728,135,261.0,3.0,34.24918182510085,0.39366875661035455
North Dakota,2020-08-23,9868,136,140.0,1.0,18.371208641816544,0.1312229188701182
North Dakota,2020-08-24,9991,137,123.0,1.0,16.140419021024538,0.1312229188701182
North Dakota,2020-08-25,10219,138,228.0,1.0,29.918825502386948,0.1312229188701182
North Dakota,2020-08-26,10454,138,235.0,0.0,30.83738593447777,0.0
North Dakota,2020-08-27,10794,139,340.0,1.0,44.61579241584018,0.1312229188701182
North Dakota,2020-08-28,11107,139,313.0,0.0,41.07277360634699,0.0
North Dakota,2020-08-29,11483,141,376.0,2.0,49.33981749516443,0.2624458377402364
North Dakota,2020-08-30,11483,142,0.0,1.0,0.0,0.1312229188701182
North Dakota,2020-08-31,11808,143,325.0,1.0,42.64744863278841,0.1312229188701182
North Dakota,2020-09-01,12000,145,192.0,2.0,25.19480042306269,0.2624458377402364
North Dakota,2020-09-02,12266,148,266.0,3.0,34.90529641945144,0.39366875661035455
North Dakota,2020-09-03,12627,150,361.0,2.0,47.37147371211267,0.2624458377402364
North Dakota,2020-09-04,12972,150,345.0,0.0,45.27190701019077,0.0
North Dakota,2020-09-05,13330,155,358.0,5.0,46.97780495550231,0.6561145943505909
North Dakota,2020-09-06,13619,156,289.0,1.0,37.923423553464154,0.1312229188701182
North Dakota,2020-09-07,13782,156,163.0,0.0,21.389335775829263,0.0
North Dakota,2020-09-08,13852,156,70.0,0.0,9.185604320908272,0.0
North Dakota,2020-09-09,14109,157,257.0,1.0,33.72429014962037,0.1312229188701182
North Dakota,2020-09-10,14443,160,334.0,3.0,43.82845490261947,0.39366875661035455
North Dakota,2020-09-11,14684,164,241.0,4.0,31.624723447698482,0.5248916754804728
North Dakota,2020-09-12,15149,167,465.0,3.0,61.018657274604955,0.39366875661035455
North Dakota,2020-09-13,15568,168,419.0,1.0,54.98240300657952,0.1312229188701182
North Dakota,2020-09-14,15820,170,252.0,2.0,33.06817555526978,0.2624458377402364
North Dakota,2020-09-15,16064,172,244.0,2.0,32.01839220430883,0.2624458377402364
North Dakota,2020-09-16,16333,172,269.0,0.0,35.29896517606179,0.0
North Dakota,2020-09-17,16722,182,389.0,10.0,51.045715440475966,1.3122291887011819
North Dakota,2020-09-18,17229,184,507.0,2.0,66.53001986714992,0.2624458377402364
North Dakota,2020-09-19,17607,192,378.0,8.0,49.60226333290467,1.0497833509609455
North Dakota,2020-09-20,17954,192,347.0,0.0,45.53435284793101,0.0
North Dakota,2020-09-21,18237,193,283.0,1.0,37.13608604024345,0.1312229188701182
North Dakota,2020-09-22,18508,196,271.0,3.0,35.56141101380203,0.39366875661035455
North Dakota,2020-09-23,18981,203,473.0,7.0,62.068440625565906,0.9185604320908273
North Dakota,2020-09-24,18981,211,0.0,8.0,0.0,1.0497833509609455
North Dakota,2020-09-25,19885,211,904.0,0.0,118.62551865858683,0.0
North Dakota,2020-09-26,20379,211,494.0,0.0,64.82412192183838,0.0
North Dakota,2020-09-27,20722,211,343.0,0.0,45.009461172450536,0.0
North Dakota,2020-09-28,20981,234,259.0,23.0,33.98673598736061,3.018127134012718
North Dakota,2020-09-29,21399,239,418.0,5.0,54.8511800877094,0.6561145943505909
North Dakota,2020-09-30,21846,246,447.0,7.0,58.65664473494283,0.9185604320908273
North Dakota,2020-10-01,22218,256,372.0,10.0,48.814925819683964,1.3122291887011819
Ohio,2020-02-01,0,0,0.0,0.0,0.0,0.0
Ohio,2020-02-02,0,0,0.0,0.0,0.0,0.0
Ohio,2020-02-03,0,0,0.0,0.0,0.0,0.0
Ohio,2020-02-04,0,0,0.0,0.0,0.0,0.0
Ohio,2020-02-05,0,0,0.0,0.0,0.0,0.0
Ohio,2020-02-06,0,0,0.0,0.0,0.0,0.0
Ohio,2020-02-07,0,0,0.0,0.0,0.0,0.0
Ohio,2020-02-08,0,0,0.0,0.0,0.0,0.0
Ohio,2020-02-09,0,0,0.0,0.0,0.0,0.0
Ohio,2020-02-10,0,0,0.0,0.0,0.0,0.0
Ohio,2020-02-11,0,0,0.0,0.0,0.0,0.0
Ohio,2020-02-12,0,0,0.0,0.0,0.0,0.0
Ohio,2020-02-13,0,0,0.0,0.0,0.0,0.0
Ohio,2020-02-14,0,0,0.0,0.0,0.0,0.0
Ohio,2020-02-15,0,0,0.0,0.0,0.0,0.0
Ohio,2020-02-16,0,0,0.0,0.0,0.0,0.0
Ohio,2020-02-17,0,0,0.0,0.0,0.0,0.0
Ohio,2020-02-18,0,0,0.0,0.0,0.0,0.0
Ohio,2020-02-19,0,0,0.0,0.0,0.0,0.0
Ohio,2020-02-20,0,0,0.0,0.0,0.0,0.0
Ohio,2020-02-21,0,0,0.0,0.0,0.0,0.0
Ohio,2020-02-22,0,0,0.0,0.0,0.0,0.0
Ohio,2020-02-23,0,0,0.0,0.0,0.0,0.0
Ohio,2020-02-24,0,0,0.0,0.0,0.0,0.0
Ohio,2020-02-25,0,0,0.0,0.0,0.0,0.0
Ohio,2020-02-26,0,0,0.0,0.0,0.0,0.0
Ohio,2020-02-27,0,0,0.0,0.0,0.0,0.0
Ohio,2020-02-28,0,0,0.0,0.0,0.0,0.0
Ohio,2020-02-29,0,0,0.0,0.0,0.0,0.0
Ohio,2020-03-01,0,0,0.0,0.0,0.0,0.0
Ohio,2020-03-02,0,0,0.0,0.0,0.0,0.0
Ohio,2020-03-03,0,0,0.0,0.0,0.0,0.0
Ohio,2020-03-04,0,0,0.0,0.0,0.0,0.0
Ohio,2020-03-05,0,0,0.0,0.0,0.0,0.0
Ohio,2020-03-06,0,0,0.0,0.0,0.0,0.0
Ohio,2020-03-07,0,0,0.0,0.0,0.0,0.0
Ohio,2020-03-08,0,0,0.0,0.0,0.0,0.0
Ohio,2020-03-09,3,0,3.0,0.0,0.025664935709336045,0.0
Ohio,2020-03-10,3,0,0.0,0.0,0.0,0.0
Ohio,2020-03-11,4,0,1.0,0.0,0.008554978569778682,0.0
Ohio,2020-03-12,5,0,1.0,0.0,0.008554978569778682,0.0
Ohio,2020-03-13,13,0,8.0,0.0,0.06843982855822946,0.0
Ohio,2020-03-14,25,0,12.0,0.0,0.10265974283734418,0.0
Ohio,2020-03-15,37,0,12.0,0.0,0.10265974283734418,0.0
Ohio,2020-03-16,50,0,13.0,0.0,0.11121472140712288,0.0
Ohio,2020-03-17,67,0,17.0,0.0,0.1454346356862376,0.0
Ohio,2020-03-18,86,0,19.0,0.0,0.16254459282579498,0.0
Ohio,2020-03-19,119,0,33.0,0.0,0.28231429280269654,0.0
Ohio,2020-03-20,169,1,50.0,1.0,0.42774892848893414,0.008554978569778682
Ohio,2020-03-21,247,3,78.0,2.0,0.6672883284427372,0.017109957139557364
Ohio,2020-03-22,350,3,103.0,0.0,0.8811627926872043,0.0
Ohio,2020-03-23,430,6,80.0,3.0,0.6843982855822947,0.025664935709336045
Ohio,2020-03-24,562,8,132.0,2.0,1.1292571712107862,0.017109957139557364
Ohio,2020-03-25,705,10,143.0,2.0,1.2233619354783518,0.017109957139557364
Ohio,2020-03-26,860,15,155.0,5.0,1.326021678315696,0.042774892848893416
Ohio,2020-03-27,1136,19,276.0,4.0,2.3611740852589165,0.03421991427911473
Ohio,2020-03-28,1405,25,269.0,6.0,2.301289235270466,0.05132987141867209
Ohio,2020-03-29,1651,29,246.0,4.0,2.104524728165556,0.03421991427911473
Ohio,2020-03-30,1933,39,282.0,10.0,2.4125039566775883,0.08554978569778683
Ohio,2020-03-31,2197,55,264.0,16.0,2.2585143424215723,0.1368796571164589
Ohio,2020-04-01,2546,65,349.0,10.0,2.9856875208527605,0.08554978569778683
Ohio,2020-04-02,2902,81,356.0,16.0,3.045572370841211,0.1368796571164589
Ohio,2020-04-03,3312,90,410.0,9.0,3.50754121360926,0.07699480712800814
Ohio,2020-04-04,3738,102,426.0,12.0,3.6444208707257193,0.10265974283734418
Ohio,2020-04-05,4041,119,303.0,17.0,2.592158506642941,0.1454346356862376
Ohio,2020-04-06,4442,142,401.0,23.0,3.4305464064812514,0.19676450710490972
Ohio,2020-04-07,4782,167,340.0,25.0,2.908692713724752,0.21387446424446707
Ohio,2020-04-08,5147,191,365.0,24.0,3.122567177969219,0.20531948567468836
Ohio,2020-04-09,5513,212,366.0,21.0,3.1311221565389977,0.17965454996535235
Ohio,2020-04-10,5878,231,365.0,19.0,3.122567177969219,0.16254459282579498
Ohio,2020-04-11,6246,247,368.0,16.0,3.1482321136785556,0.1368796571164589
Ohio,2020-04-12,6601,253,355.0,6.0,3.0370173922714323,0.05132987141867209
Ohio,2020-04-13,6969,253,368.0,0.0,3.1482321136785556,0.0
Ohio,2020-04-14,7278,323,309.0,70.0,2.6434883780616127,0.5988484998845077
Ohio,2020-04-15,7790,361,512.0,38.0,4.380149027726685,0.32508918565158995
Ohio,2020-04-16,8410,389,620.0,28.0,5.304086713262784,0.2395393999538031
Ohio,2020-04-17,9107,418,697.0,29.0,5.962820063135742,0.2480943785235818
Ohio,2020-04-18,10214,451,1107.0,33.0,9.470361276745,0.28231429280269654
Ohio,2020-04-19,11570,471,1356.0,20.0,11.600550940619895,0.17109957139557366
Ohio,2020-04-20,12913,509,1343.0,38.0,11.48933621921277,0.32508918565158995
Ohio,2020-04-21,13722,556,809.0,47.0,6.920977662950954,0.40208399277959805
Ohio,2020-04-22,14114,607,392.0,51.0,3.353551599353244,0.43630390705871286
Ohio,2020-04-23,14688,652,574.0,45.0,4.910557699052964,0.3849740356400407
Ohio,2020-04-24,15154,689,466.0,37.0,3.9866200135168657,0.31653420708181124
Ohio,2020-04-25,15563,709,409.0,20.0,3.4989862350394816,0.17109957139557366
Ohio,2020-04-26,15943,726,380.0,17.0,3.2508918565158997,0.1454346356862376
Ohio,2020-04-27,16324,753,381.0,27.0,3.259446835085678,0.23098442138402445
Ohio,2020-04-28,16766,799,442.0,46.0,3.7813005278421774,0.39352901420981945
Ohio,2020-04-29,17299,934,533.0,135.0,4.559803577692038,1.154922106920122
Ohio,2020-04-30,18018,975,719.0,41.0,6.151029591670873,0.350754121360926
Ohio,2020-05-01,18736,1002,718.0,27.0,6.142474613101094,0.23098442138402445
Ohio,2020-05-02,19333,1021,597.0,19.0,5.107322206157874,0.16254459282579498
Ohio,2020-05-03,19912,1038,579.0,17.0,4.953332591901858,0.1454346356862376
Ohio,2020-05-04,20473,1056,561.0,18.0,4.799342977645841,0.1539896142560163
Ohio,2020-05-05,20968,1132,495.0,76.0,4.2347143920404475,0.6501783713031799
Ohio,2020-05-06,21574,1224,606.0,92.0,5.184317013285882,0.7870580284196389
Ohio,2020-05-07,22129,1271,555.0,47.0,4.7480131062271695,0.40208399277959805
Ohio,2020-05-08,23015,1304,886.0,33.0,7.579711012823913,0.28231429280269654
Ohio,2020-05-09,23688,1331,673.0,27.0,5.7575005774610535,0.23098442138402445
Ohio,2020-05-10,24076,1341,388.0,10.0,3.319331685074129,0.08554978569778683
Ohio,2020-05-11,24771,1357,695.0,16.0,5.945710105996184,0.1368796571164589
Ohio,2020-05-12,25250,1436,479.0,79.0,4.097834734923989,0.6758433070125159
Ohio,2020-05-13,25719,1482,469.0,46.0,4.012284949226202,0.39352901420981945
Ohio,2020-05-14,26355,1534,636.0,52.0,5.440966370379242,0.4448588856284915
Ohio,2020-05-15,26951,1580,596.0,46.0,5.0987672275880955,0.39352901420981945
Ohio,2020-05-16,27471,1610,520.0,30.0,4.448588856284915,0.2566493570933605
Ohio,2020-05-17,27921,1625,450.0,15.0,3.8497403564004076,0.12832467854668025
Ohio,2020-05-18,28446,1657,525.0,32.0,4.491363749133809,0.2737593142329178
Ohio,2020-05-19,28947,1720,501.0,63.0,4.28604426345912,0.538963649896057
Ohio,2020-05-20,29430,1780,483.0,60.0,4.132054649203104,0.513298714186721
Ohio,2020-05-21,30166,1834,736.0,54.0,6.296464227357111,0.4619688427680489
Ohio,2020-05-22,30794,1871,628.0,37.0,5.372526541821013,0.31653420708181124
Ohio,2020-05-23,31407,1951,613.0,80.0,5.244201863274333,0.6843982855822947
Ohio,2020-05-24,31909,1966,502.0,15.0,4.294599242028899,0.12832467854668025
Ohio,2020-05-25,32473,1984,564.0,18.0,4.825007913355177,0.1539896142560163
Ohio,2020-05-26,33002,1999,529.0,15.0,4.525583663412923,0.12832467854668025
Ohio,2020-05-27,33436,2040,434.0,41.0,3.712860699283948,0.350754121360926
Ohio,2020-05-28,33913,2096,477.0,56.0,4.0807247777844315,0.4790787999076062
Ohio,2020-05-29,34563,2129,650.0,33.0,5.5607360703561435,0.28231429280269654
Ohio,2020-05-30,35028,2146,465.0,17.0,3.9780650349470874,0.1454346356862376
Ohio,2020-05-31,35507,2151,479.0,5.0,4.097834734923989,0.042774892848893416
Ohio,2020-06-01,35977,2203,470.0,52.0,4.020839927795981,0.4448588856284915
Ohio,2020-06-02,36345,2256,368.0,53.0,3.1482321136785556,0.4534138641982702
Ohio,2020-06-03,36790,2297,445.0,41.0,3.806965463551514,0.350754121360926
Ohio,2020-06-04,37278,2336,488.0,39.0,4.174829542051997,0.3336441642213686
Ohio,2020-06-05,37755,2354,477.0,18.0,4.0807247777844315,0.1539896142560163
Ohio,2020-06-06,38107,2370,352.0,16.0,3.011352456562096,0.1368796571164589
Ohio,2020-06-07,38474,2377,367.0,7.0,3.139677135108777,0.059884849988450777
Ohio,2020-06-08,38833,2403,359.0,26.0,3.071237306550547,0.22242944281424576
Ohio,2020-06-09,39157,2421,324.0,18.0,2.771813056608293,0.1539896142560163
Ohio,2020-06-10,39571,2457,414.0,36.0,3.5417611278883747,0.3079792285120326
Ohio,2020-06-11,39991,2490,420.0,33.0,3.593090999307047,0.28231429280269654
Ohio,2020-06-12,40421,2508,430.0,18.0,3.6786407850048333,0.1539896142560163
Ohio,2020-06-13,40848,2554,427.0,46.0,3.6529758492954976,0.39352901420981945
Ohio,2020-06-14,41147,2557,299.0,3.0,2.557938592363826,0.025664935709336045
Ohio,2020-06-15,41574,2573,427.0,16.0,3.6529758492954976,0.1368796571164589
Ohio,2020-06-16,42006,2596,432.0,23.0,3.695750742144391,0.19676450710490972
Ohio,2020-06-17,42422,2611,416.0,15.0,3.558871085027932,0.12832467854668025
Ohio,2020-06-18,43122,2633,700.0,22.0,5.9884849988450775,0.188209528535131
Ohio,2020-06-19,43725,2667,603.0,34.0,5.158652077576546,0.2908692713724752
Ohio,2020-06-20,44258,2697,533.0,30.0,4.559803577692038,0.2566493570933605
Ohio,2020-06-21,44805,2700,547.0,3.0,4.679573277668939,0.025664935709336045
Ohio,2020-06-22,45536,2704,731.0,4.0,6.253689334508216,0.03421991427911473
Ohio,2020-06-23,46126,2734,590.0,30.0,5.047437356169423,0.2566493570933605
Ohio,2020-06-24,46759,2754,633.0,20.0,5.415301434669907,0.17109957139557366
Ohio,2020-06-25,47649,2771,890.0,17.0,7.613930927103028,0.1454346356862376
Ohio,2020-06-26,48638,2787,989.0,16.0,8.460873805511117,0.1368796571164589
Ohio,2020-06-27,49452,2803,814.0,16.0,6.963752555799847,0.1368796571164589
Ohio,2020-06-28,50306,2806,854.0,3.0,7.305951698590995,0.025664935709336045
Ohio,2020-06-29,51045,2817,739.0,11.0,6.322129163066447,0.0941047642675655
Ohio,2020-06-30,51789,2862,744.0,45.0,6.364904055915339,0.3849740356400407
Ohio,2020-07-01,52865,2876,1076.0,14.0,9.205156941081864,0.11976969997690155
Ohio,2020-07-02,52865,2876,0.0,0.0,0.0,0.0
Ohio,2020-07-03,55259,2908,2394.0,32.0,20.480618696050165,0.2737593142329178
Ohio,2020-07-04,56183,2911,924.0,3.0,7.904800198475503,0.025664935709336045
Ohio,2020-07-05,57150,2915,967.0,4.0,8.272664276975986,0.03421991427911473
Ohio,2020-07-06,57955,2930,805.0,15.0,6.88675774867184,0.12832467854668025
Ohio,2020-07-07,58904,2972,949.0,42.0,8.11867466271997,0.3593090999307047
Ohio,2020-07-08,60181,2993,1277.0,21.0,10.924707633607378,0.17965454996535235
Ohio,2020-07-09,61330,3008,1149.0,15.0,9.829670376675706,0.12832467854668025
Ohio,2020-07-10,62854,3033,1524.0,25.0,13.037787340342712,0.21387446424446707
Ohio,2020-07-11,64213,3036,1359.0,3.0,11.62621587632923,0.025664935709336045
Ohio,2020-07-12,65586,3057,1373.0,21.0,11.745985576306131,0.17965454996535235
Ohio,2020-07-13,66849,3063,1263.0,6.0,10.804937933630477,0.05132987141867209
Ohio,2020-07-14,67994,3070,1145.0,7.0,9.795450462396593,0.059884849988450777
Ohio,2020-07-15,69311,3077,1317.0,7.0,11.266906776398525,0.059884849988450777
Ohio,2020-07-16,70598,3106,1287.0,29.0,11.010257419305166,0.2480943785235818
Ohio,2020-07-17,72279,3115,1681.0,9.0,14.380918975797965,0.07699480712800814
Ohio,2020-07-18,73821,3134,1542.0,19.0,13.19177695459873,0.16254459282579498
Ohio,2020-07-19,74931,3173,1110.0,39.0,9.496026212454339,0.3336441642213686
Ohio,2020-07-20,76168,3186,1237.0,13.0,10.58250849081623,0.11121472140712288
Ohio,2020-07-21,77216,3212,1048.0,26.0,8.96561754112806,0.22242944281424576
Ohio,2020-07-22,78742,3228,1526.0,16.0,13.05489729748227,0.1368796571164589
Ohio,2020-07-23,80186,3257,1444.0,29.0,12.353389054760418,0.2480943785235818
Ohio,2020-07-24,81745,3297,1559.0,40.0,13.337211590284966,0.3421991427911473
Ohio,2020-07-25,83181,3298,1436.0,1.0,12.284949226202189,0.008554978569778682
Ohio,2020-07-26,84071,3308,890.0,10.0,7.613930927103028,0.08554978569778683
Ohio,2020-07-27,85176,3345,1105.0,37.0,9.453251319605444,0.31653420708181124
Ohio,2020-07-28,86497,3345,1321.0,0.0,11.30112669067764,0.0
Ohio,2020-07-29,87893,3423,1396.0,78.0,11.942750083411042,0.6672883284427372
Ohio,2020-07-30,89626,3444,1733.0,21.0,14.825777861426456,0.17965454996535235
Ohio,2020-07-31,91158,3488,1532.0,44.0,13.106227168900942,0.376419057070262
Ohio,2020-08-01,92085,3513,927.0,25.0,7.930465134184839,0.21387446424446707
Ohio,2020-08-02,93030,3529,945.0,16.0,8.084454748440855,0.1368796571164589
Ohio,2020-08-03,93961,3538,931.0,9.0,7.964685048463953,0.07699480712800814
Ohio,2020-08-04,95106,3569,1145.0,31.0,9.795450462396593,0.26520433566313917
Ohio,2020-08-05,96304,3598,1198.0,29.0,10.248864326594862,0.2480943785235818
Ohio,2020-08-06,97470,3621,1166.0,23.0,9.975105012361944,0.19676450710490972
Ohio,2020-08-07,98675,3653,1205.0,32.0,10.308749176583314,0.2737593142329178
Ohio,2020-08-08,99967,3669,1292.0,16.0,11.053032312154057,0.1368796571164589
Ohio,2020-08-09,100846,3670,879.0,1.0,7.519826162835463,0.008554978569778682
Ohio,2020-08-10,101731,3675,885.0,5.0,7.571156034254134,0.042774892848893416
Ohio,2020-08-11,102826,3709,1095.0,34.0,9.367701533907658,0.2908692713724752
Ohio,2020-08-12,104248,3734,1422.0,25.0,12.165179526225286,0.21387446424446707
Ohio,2020-08-13,105425,3758,1177.0,24.0,10.06920977662951,0.20531948567468836
Ohio,2020-08-14,106557,3787,1132.0,29.0,9.684235740989468,0.2480943785235818
Ohio,2020-08-15,107669,3826,1112.0,39.0,9.513136169593896,0.3336441642213686
Ohio,2020-08-16,108286,3829,617.0,3.0,5.278421777553447,0.025664935709336045
Ohio,2020-08-17,109061,3834,775.0,5.0,6.630108391578479,0.042774892848893416
Ohio,2020-08-18,109920,3874,859.0,40.0,7.348726591439888,0.3421991427911473
Ohio,2020-08-19,110870,3909,950.0,35.0,8.127229641289748,0.29942424994225386
Ohio,2020-08-20,111979,3930,1109.0,21.0,9.487471233884559,0.17965454996535235
Ohio,2020-08-21,113045,3958,1066.0,28.0,9.119607155384076,0.2395393999538031
Ohio,2020-08-22,114158,3978,1113.0,20.0,9.521691148163674,0.17109957139557366
Ohio,2020-08-23,114802,3981,644.0,3.0,5.509406198937472,0.025664935709336045
Ohio,2020-08-24,115650,3988,848.0,7.0,7.254621827172323,0.059884849988450777
Ohio,2020-08-25,116491,3999,841.0,11.0,7.194736977183872,0.0941047642675655
Ohio,2020-08-26,117583,4047,1092.0,48.0,9.342036598198321,0.4106389713493767
Ohio,2020-08-27,118827,4079,1244.0,32.0,10.64239334080468,0.2737593142329178
Ohio,2020-08-28,120124,4108,1297.0,29.0,11.095807205002952,0.2480943785235818
Ohio,2020-08-29,121336,4128,1212.0,20.0,10.368634026571764,0.17109957139557366
Ohio,2020-08-30,122261,4129,925.0,1.0,7.913355177045282,0.008554978569778682
Ohio,2020-08-31,123153,4140,892.0,11.0,7.6310408842425845,0.0941047642675655
Ohio,2020-09-01,124609,4167,1456.0,27.0,12.456048797597761,0.23098442138402445
Ohio,2020-09-02,125764,4178,1155.0,11.0,9.881000248094377,0.0941047642675655
Ohio,2020-09-03,127111,4228,1347.0,50.0,11.523556133491885,0.42774892848893414
Ohio,2020-09-04,128441,4249,1330.0,21.0,11.378121497805648,0.17965454996535235
Ohio,2020-09-05,129780,4258,1339.0,9.0,11.455116304933656,0.07699480712800814
Ohio,2020-09-06,130556,4261,776.0,3.0,6.638663370148258,0.025664935709336045
Ohio,2020-09-07,131329,4279,773.0,18.0,6.612998434438922,0.1539896142560163
Ohio,2020-09-08,131988,4301,659.0,22.0,5.6377308774841515,0.188209528535131
Ohio,2020-09-09,132964,4327,976.0,26.0,8.349659084103994,0.22242944281424576
Ohio,2020-09-10,134086,4357,1122.0,30.0,9.598685955291682,0.2566493570933605
Ohio,2020-09-11,135324,4404,1238.0,47.0,10.59106346938601,0.40208399277959805
Ohio,2020-09-12,136566,4413,1242.0,9.0,10.625283383665124,0.07699480712800814
Ohio,2020-09-13,137399,4417,833.0,4.0,7.126297148625643,0.03421991427911473
Ohio,2020-09-14,138479,4420,1080.0,3.0,9.239376855360977,0.025664935709336045
Ohio,2020-09-15,139485,4508,1006.0,88.0,8.606308441197354,0.752838114140524
Ohio,2020-09-16,140514,4556,1029.0,48.0,8.803072948302265,0.4106389713493767
Ohio,2020-09-17,141581,4582,1067.0,26.0,9.128162133953854,0.22242944281424576
Ohio,2020-09-18,142594,4609,1013.0,27.0,8.666193291185806,0.23098442138402445
Ohio,2020-09-19,143547,4614,953.0,5.0,8.152894576999085,0.042774892848893416
Ohio,2020-09-20,144308,4617,761.0,3.0,6.510338691601578,0.025664935709336045
Ohio,2020-09-21,145162,4625,854.0,8.0,7.305951698590995,0.06843982855822946
Ohio,2020-09-22,145849,4637,687.0,12.0,5.877270277437955,0.10265974283734418
Ohio,2020-09-23,146752,4689,903.0,52.0,7.725145648510151,0.4448588856284915
Ohio,2020-09-24,147742,4717,990.0,28.0,8.469428784080895,0.2395393999538031
Ohio,2020-09-25,148894,4736,1152.0,19.0,9.855335312385042,0.16254459282579498
Ohio,2020-09-26,150008,4742,1114.0,6.0,9.530246126733452,0.05132987141867209
Ohio,2020-09-27,150807,4743,799.0,1.0,6.835427877253167,0.008554978569778682
Ohio,2020-09-28,151801,4748,994.0,5.0,8.503648698360012,0.042774892848893416
Ohio,2020-09-29,152906,4785,1105.0,37.0,9.453251319605444,0.31653420708181124
Ohio,2020-09-30,153987,4805,1081.0,20.0,9.247931833930755,0.17109957139557366
Ohio,2020-10-01,155313,4817,1326.0,12.0,11.343901583526533,0.10265974283734418
Oklahoma,2020-02-01,0,0,0.0,0.0,0.0,0.0
Oklahoma,2020-02-02,0,0,0.0,0.0,0.0,0.0
Oklahoma,2020-02-03,0,0,0.0,0.0,0.0,0.0
Oklahoma,2020-02-04,0,0,0.0,0.0,0.0,0.0
Oklahoma,2020-02-05,0,0,0.0,0.0,0.0,0.0
Oklahoma,2020-02-06,0,0,0.0,0.0,0.0,0.0
Oklahoma,2020-02-07,0,0,0.0,0.0,0.0,0.0
Oklahoma,2020-02-08,0,0,0.0,0.0,0.0,0.0
Oklahoma,2020-02-09,0,0,0.0,0.0,0.0,0.0
Oklahoma,2020-02-10,0,0,0.0,0.0,0.0,0.0
Oklahoma,2020-02-11,0,0,0.0,0.0,0.0,0.0
Oklahoma,2020-02-12,0,0,0.0,0.0,0.0,0.0
Oklahoma,2020-02-13,0,0,0.0,0.0,0.0,0.0
Oklahoma,2020-02-14,0,0,0.0,0.0,0.0,0.0
Oklahoma,2020-02-15,0,0,0.0,0.0,0.0,0.0
Oklahoma,2020-02-16,0,0,0.0,0.0,0.0,0.0
Oklahoma,2020-02-17,0,0,0.0,0.0,0.0,0.0
Oklahoma,2020-02-18,0,0,0.0,0.0,0.0,0.0
Oklahoma,2020-02-19,0,0,0.0,0.0,0.0,0.0
Oklahoma,2020-02-20,0,0,0.0,0.0,0.0,0.0
Oklahoma,2020-02-21,0,0,0.0,0.0,0.0,0.0
Oklahoma,2020-02-22,0,0,0.0,0.0,0.0,0.0
Oklahoma,2020-02-23,0,0,0.0,0.0,0.0,0.0
Oklahoma,2020-02-24,0,0,0.0,0.0,0.0,0.0
Oklahoma,2020-02-25,0,0,0.0,0.0,0.0,0.0
Oklahoma,2020-02-26,0,0,0.0,0.0,0.0,0.0
Oklahoma,2020-02-27,0,0,0.0,0.0,0.0,0.0
Oklahoma,2020-02-28,0,0,0.0,0.0,0.0,0.0
Oklahoma,2020-02-29,0,0,0.0,0.0,0.0,0.0
Oklahoma,2020-03-01,0,0,0.0,0.0,0.0,0.0
Oklahoma,2020-03-02,0,0,0.0,0.0,0.0,0.0
Oklahoma,2020-03-03,0,0,0.0,0.0,0.0,0.0
Oklahoma,2020-03-04,0,0,0.0,0.0,0.0,0.0
Oklahoma,2020-03-05,0,0,0.0,0.0,0.0,0.0
Oklahoma,2020-03-06,0,0,0.0,0.0,0.0,0.0
Oklahoma,2020-03-07,1,0,1.0,0.0,0.02527185566939965,0.0
Oklahoma,2020-03-08,1,0,0.0,0.0,0.0,0.0
Oklahoma,2020-03-09,2,0,1.0,0.0,0.02527185566939965,0.0
Oklahoma,2020-03-10,2,0,0.0,0.0,0.0,0.0
Oklahoma,2020-03-11,2,0,0.0,0.0,0.0,0.0
Oklahoma,2020-03-12,3,0,1.0,0.0,0.02527185566939965,0.0
Oklahoma,2020-03-13,4,0,1.0,0.0,0.02527185566939965,0.0
Oklahoma,2020-03-14,4,0,0.0,0.0,0.0,0.0
Oklahoma,2020-03-15,8,0,4.0,0.0,0.1010874226775986,0.0
Oklahoma,2020-03-16,10,0,2.0,0.0,0.0505437113387993,0.0
Oklahoma,2020-03-17,17,0,7.0,0.0,0.17690298968579754,0.0
Oklahoma,2020-03-18,29,1,12.0,1.0,0.3032622680327958,0.02527185566939965
Oklahoma,2020-03-19,43,1,14.0,0.0,0.3538059793715951,0.0
Oklahoma,2020-03-20,49,1,6.0,0.0,0.1516311340163979,0.0
Oklahoma,2020-03-21,53,1,4.0,0.0,0.1010874226775986,0.0
Oklahoma,2020-03-22,67,2,14.0,1.0,0.3538059793715951,0.02527185566939965
Oklahoma,2020-03-23,81,2,14.0,0.0,0.3538059793715951,0.0
Oklahoma,2020-03-24,106,3,25.0,1.0,0.6317963917349912,0.02527185566939965
Oklahoma,2020-03-25,164,5,58.0,2.0,1.4657676288251797,0.0505437113387993
Oklahoma,2020-03-26,243,7,79.0,2.0,1.9964765978825725,0.0505437113387993
Oklahoma,2020-03-27,243,7,0.0,0.0,0.0,0.0
Oklahoma,2020-03-28,377,15,134.0,8.0,3.386428659699553,0.2021748453551972
Oklahoma,2020-03-29,429,16,52.0,1.0,1.3141364948087817,0.02527185566939965
Oklahoma,2020-03-30,480,17,51.0,1.0,1.288864639139382,0.02527185566939965
Oklahoma,2020-03-31,566,23,86.0,6.0,2.17337958756837,0.1516311340163979
Oklahoma,2020-04-01,719,29,153.0,6.0,3.8665939174181463,0.1516311340163979
Oklahoma,2020-04-02,877,34,158.0,5.0,3.992953195765145,0.12635927834699823
Oklahoma,2020-04-03,987,38,110.0,4.0,2.7799041236339614,0.1010874226775986
Oklahoma,2020-04-04,1157,42,170.0,4.0,4.296215463797941,0.1010874226775986
Oklahoma,2020-04-05,1251,46,94.0,4.0,2.375554432923567,0.1010874226775986
Oklahoma,2020-04-06,1325,51,74.0,5.0,1.870117319535574,0.12635927834699823
Oklahoma,2020-04-07,1462,67,137.0,16.0,3.4622442267077522,0.4043496907103944
Oklahoma,2020-04-08,1522,79,60.0,12.0,1.516311340163979,0.3032622680327958
Oklahoma,2020-04-09,1679,80,157.0,1.0,3.9676813400957447,0.02527185566939965
Oklahoma,2020-04-10,1790,88,111.0,8.0,2.805175979303361,0.2021748453551972
Oklahoma,2020-04-11,1867,94,77.0,6.0,1.945932886543773,0.1516311340163979
Oklahoma,2020-04-12,1969,96,102.0,2.0,2.577729278278764,0.0505437113387993
Oklahoma,2020-04-13,2062,96,93.0,0.0,2.3502825772541676,0.0
Oklahoma,2020-04-14,2178,108,116.0,12.0,2.9315352576503595,0.3032622680327958
Oklahoma,2020-04-15,2262,123,84.0,15.0,2.1228358762295705,0.37907783504099474
Oklahoma,2020-04-16,2356,131,94.0,8.0,2.375554432923567,0.2021748453551972
Oklahoma,2020-04-17,2356,131,0.0,0.0,0.0,0.0
Oklahoma,2020-04-18,2356,131,0.0,0.0,0.0,0.0
Oklahoma,2020-04-19,2356,131,0.0,0.0,0.0,0.0
Oklahoma,2020-04-20,2356,131,0.0,0.0,0.0,0.0
Oklahoma,2020-04-21,2805,164,449.0,33.0,11.347063195560443,0.8339712370901884
Oklahoma,2020-04-22,2893,170,88.0,6.0,2.2239232989071693,0.1516311340163979
Oklahoma,2020-04-23,3015,179,122.0,9.0,3.083166391666757,0.22744670102459685
Oklahoma,2020-04-24,3015,179,0.0,0.0,0.0,0.0
Oklahoma,2020-04-25,3192,194,177.0,15.0,4.473118453483738,0.37907783504099474
Oklahoma,2020-04-26,3251,195,59.0,1.0,1.4910394844945793,0.02527185566939965
Oklahoma,2020-04-27,3279,197,28.0,2.0,0.7076119587431902,0.0505437113387993
Oklahoma,2020-04-28,3408,207,129.0,10.0,3.2600693813525545,0.25271855669399645
Oklahoma,2020-04-29,3473,214,65.0,7.0,1.6426706185109774,0.17690298968579754
Oklahoma,2020-04-30,3617,222,144.0,8.0,3.6391472163935497,0.2021748453551972
Oklahoma,2020-05-01,3748,230,131.0,8.0,3.310613092691354,0.2021748453551972
Oklahoma,2020-05-02,3851,238,103.0,8.0,2.603001133948164,0.2021748453551972
Oklahoma,2020-05-03,3971,238,120.0,0.0,3.032622680327958,0.0
Oklahoma,2020-05-04,4043,238,72.0,0.0,1.8195736081967748,0.0
Oklahoma,2020-05-05,4122,247,79.0,9.0,1.9964765978825725,0.22744670102459685
Oklahoma,2020-05-06,4197,253,75.0,6.0,1.8953891752049736,0.1516311340163979
Oklahoma,2020-05-07,4325,260,128.0,7.0,3.234797525683155,0.17690298968579754
Oklahoma,2020-05-08,4416,266,91.0,6.0,2.2997388659153684,0.1516311340163979
Oklahoma,2020-05-09,4479,270,63.0,4.0,1.5921269071721778,0.1010874226775986
Oklahoma,2020-05-10,4577,271,98.0,1.0,2.476641855601166,0.02527185566939965
Oklahoma,2020-05-11,4603,273,26.0,2.0,0.6570682474043908,0.0505437113387993
Oklahoma,2020-05-12,4724,278,121.0,5.0,3.0578945359973577,0.12635927834699823
Oklahoma,2020-05-13,4850,278,126.0,0.0,3.1842538143443555,0.0
Oklahoma,2020-05-14,4958,284,108.0,6.0,2.729360412295162,0.1516311340163979
Oklahoma,2020-05-15,5081,285,123.0,1.0,3.1084382473361574,0.02527185566939965
Oklahoma,2020-05-16,5236,288,155.0,3.0,3.917137628756946,0.07581556700819896
Oklahoma,2020-05-17,5307,288,71.0,0.0,1.794301752527375,0.0
Oklahoma,2020-05-18,5394,288,87.0,0.0,2.1986514432377695,0.0
Oklahoma,2020-05-19,5486,294,92.0,6.0,2.3250107215847677,0.1516311340163979
Oklahoma,2020-05-20,5531,299,45.0,5.0,1.1372335051229843,0.12635927834699823
Oklahoma,2020-05-21,5677,304,146.0,5.0,3.689690927732349,0.12635927834699823
Oklahoma,2020-05-22,5848,307,171.0,3.0,4.32148731946734,0.07581556700819896
Oklahoma,2020-05-23,5954,311,106.0,4.0,2.6788167009563626,0.1010874226775986
Oklahoma,2020-05-24,6032,311,78.0,0.0,1.9712047422131727,0.0
Oklahoma,2020-05-25,6087,313,55.0,2.0,1.3899520618169807,0.0505437113387993
Oklahoma,2020-05-26,6133,318,46.0,5.0,1.1625053607923839,0.12635927834699823
Oklahoma,2020-05-27,6223,322,90.0,4.0,2.2744670102459685,0.1010874226775986
Oklahoma,2020-05-28,6267,325,44.0,3.0,1.1119616494535847,0.07581556700819896
Oklahoma,2020-05-29,6335,328,68.0,3.0,1.718486185519176,0.07581556700819896
Oklahoma,2020-05-30,6417,333,82.0,5.0,2.0722921648907713,0.12635927834699823
Oklahoma,2020-05-31,6417,333,0.0,0.0,0.0,0.0
Oklahoma,2020-06-01,6525,333,108.0,0.0,2.729360412295162,0.0
Oklahoma,2020-06-02,6688,339,163.0,6.0,4.119312474112143,0.1516311340163979
Oklahoma,2020-06-03,6803,341,115.0,2.0,2.9062634019809597,0.0505437113387993
Oklahoma,2020-06-04,6903,344,100.0,3.0,2.527185566939965,0.07581556700819896
Oklahoma,2020-06-05,7002,345,99.0,1.0,2.501913711270565,0.02527185566939965
Oklahoma,2020-06-06,7059,347,57.0,2.0,1.44049577315578,0.0505437113387993
Oklahoma,2020-06-07,7149,348,90.0,1.0,2.2744670102459685,0.02527185566939965
Oklahoma,2020-06-08,7203,348,54.0,0.0,1.364680206147581,0.0
Oklahoma,2020-06-09,7360,353,157.0,5.0,3.9676813400957447,0.12635927834699823
Oklahoma,2020-06-10,7478,355,118.0,2.0,2.9820789689891587,0.0505437113387993
Oklahoma,2020-06-11,7625,357,147.0,2.0,3.7149627834017487,0.0505437113387993
Oklahoma,2020-06-12,7844,359,219.0,2.0,5.534536391598523,0.0505437113387993
Oklahoma,2020-06-13,8073,359,229.0,0.0,5.78725494829252,0.0
Oklahoma,2020-06-14,8231,359,158.0,0.0,3.992953195765145,0.0
Oklahoma,2020-06-15,8409,359,178.0,0.0,4.498390309153137,0.0
Oklahoma,2020-06-16,8639,363,230.0,4.0,5.812526803961919,0.1010874226775986
Oklahoma,2020-06-17,8902,364,263.0,1.0,6.646498041052109,0.02527185566939965
Oklahoma,2020-06-18,9349,366,447.0,2.0,11.296519484221642,0.0505437113387993
Oklahoma,2020-06-19,9704,367,355.0,1.0,8.971508762636876,0.02527185566939965
Oklahoma,2020-06-20,10036,368,332.0,1.0,8.390256082240684,0.02527185566939965
Oklahoma,2020-06-21,10513,369,477.0,1.0,12.054675154303633,0.02527185566939965
Oklahoma,2020-06-22,10730,369,217.0,0.0,5.483992680259724,0.0
Oklahoma,2020-06-23,11026,371,296.0,2.0,7.480469278142296,0.0505437113387993
Oklahoma,2020-06-24,11508,372,482.0,1.0,12.181034432650632,0.02527185566939965
Oklahoma,2020-06-25,11944,375,436.0,3.0,11.018529071858246,0.07581556700819896
Oklahoma,2020-06-26,12340,377,396.0,2.0,10.00765484508226,0.0505437113387993
Oklahoma,2020-06-27,12639,384,299.0,7.0,7.556284845150495,0.17690298968579754
Oklahoma,2020-06-28,12938,385,299.0,1.0,7.556284845150495,0.02527185566939965
Oklahoma,2020-06-29,13166,385,228.0,0.0,5.76198309262312,0.0
Oklahoma,2020-06-30,13750,387,584.0,2.0,14.758763710929395,0.0505437113387993
Oklahoma,2020-07-01,14112,389,362.0,2.0,9.148411752322673,0.0505437113387993
Oklahoma,2020-07-02,14531,395,419.0,6.0,10.588907525478453,0.1516311340163979
Oklahoma,2020-07-03,15066,397,535.0,2.0,13.520442783128813,0.0505437113387993
Oklahoma,2020-07-04,15646,397,580.0,0.0,14.657676288251796,0.0
Oklahoma,2020-07-05,15929,397,283.0,0.0,7.1519351544401,0.0
Oklahoma,2020-07-06,16361,398,432.0,1.0,10.917441649180647,0.02527185566939965
Oklahoma,2020-07-07,17219,404,858.0,6.0,21.6832521643449,0.1516311340163979
Oklahoma,2020-07-08,17892,407,673.0,3.0,17.007958865505962,0.07581556700819896
Oklahoma,2020-07-09,18494,410,602.0,3.0,15.21365711297859,0.07581556700819896
Oklahoma,2020-07-10,19091,416,597.0,6.0,15.08729783463159,0.1516311340163979
Oklahoma,2020-07-11,19778,421,687.0,5.0,17.36176484487756,0.12635927834699823
Oklahoma,2020-07-12,20234,422,456.0,1.0,11.52396618524624,0.02527185566939965
Oklahoma,2020-07-13,20745,424,511.0,2.0,12.91391824706322,0.0505437113387993
Oklahoma,2020-07-14,21739,428,994.0,4.0,25.120224535383255,0.1010874226775986
Oklahoma,2020-07-15,22807,432,1068.0,4.0,26.990341854918825,0.1010874226775986
Oklahoma,2020-07-16,23440,438,633.0,6.0,15.99708463872998,0.1516311340163979
Oklahoma,2020-07-17,24140,445,700.0,7.0,17.690298968579757,0.17690298968579754
Oklahoma,2020-07-18,25053,451,913.0,6.0,23.07320422616188,0.1516311340163979
Oklahoma,2020-07-19,25262,451,209.0,0.0,5.281817834904526,0.0
Oklahoma,2020-07-20,25431,452,169.0,1.0,4.270943608128541,0.02527185566939965
Oklahoma,2020-07-21,26325,461,894.0,9.0,22.593038968443285,0.22744670102459685
Oklahoma,2020-07-22,27299,474,974.0,13.0,24.614787421995256,0.3285341237021954
Oklahoma,2020-07-23,27966,477,667.0,3.0,16.856327731489564,0.07581556700819896
Oklahoma,2020-07-24,29115,484,1149.0,7.0,29.037362164140195,0.17690298968579754
Oklahoma,2020-07-25,30075,495,960.0,11.0,24.260981442623663,0.27799041236339617
Oklahoma,2020-07-26,31276,495,1201.0,0.0,30.35149865894898,0.0
Oklahoma,2020-07-27,32525,495,1249.0,0.0,31.564547731080165,0.0
Oklahoma,2020-07-28,33750,495,1225.0,0.0,30.958023195014572,0.0
Oklahoma,2020-07-29,34598,523,848.0,28.0,21.4305336076509,0.7076119587431902
Oklahoma,2020-07-30,35704,536,1106.0,13.0,27.950672370356013,0.3285341237021954
Oklahoma,2020-07-31,36445,541,741.0,5.0,18.726445051025138,0.12635927834699823
Oklahoma,2020-08-01,37691,549,1246.0,8.0,31.488732164071962,0.2021748453551972
Oklahoma,2020-08-02,38185,550,494.0,1.0,12.484296700683426,0.02527185566939965
Oklahoma,2020-08-03,38585,551,400.0,1.0,10.10874226775986,0.02527185566939965
Oklahoma,2020-08-04,39444,566,859.0,15.0,21.7085240200143,0.37907783504099474
Oklahoma,2020-08-05,40554,582,1110.0,16.0,28.051759793033607,0.4043496907103944
Oklahoma,2020-08-06,41395,593,841.0,11.0,21.253630617965108,0.27799041236339617
Oklahoma,2020-08-07,42234,600,839.0,7.0,21.203086906626307,0.17690298968579754
Oklahoma,2020-08-08,43062,603,828.0,3.0,20.92509649426291,0.07581556700819896
Oklahoma,2020-08-09,43559,603,497.0,0.0,12.560112267691627,0.0
Oklahoma,2020-08-10,43961,605,402.0,2.0,10.159285979098659,0.0505437113387993
Oklahoma,2020-08-11,44720,618,759.0,13.0,19.181338453074332,0.3285341237021954
Oklahoma,2020-08-12,45387,627,667.0,9.0,16.856327731489564,0.22744670102459685
Oklahoma,2020-08-13,46099,638,712.0,11.0,17.99356123661255,0.27799041236339617
Oklahoma,2020-08-14,46891,644,792.0,6.0,20.01530969016452,0.1516311340163979
Oklahoma,2020-08-15,47791,657,900.0,13.0,22.744670102459683,0.3285341237021954
Oklahoma,2020-08-16,48328,661,537.0,4.0,13.570986494467613,0.1010874226775986
Oklahoma,2020-08-17,48697,665,369.0,4.0,9.325314742008471,0.1010874226775986
Oklahoma,2020-08-18,49314,682,617.0,17.0,15.592734948019583,0.429621546379794
Oklahoma,2020-08-19,49916,698,602.0,16.0,15.21365711297859,0.4043496907103944
Oklahoma,2020-08-20,50639,709,723.0,11.0,18.271551648975947,0.27799041236339617
Oklahoma,2020-08-21,51729,715,1090.0,6.0,27.546322679645616,0.1516311340163979
Oklahoma,2020-08-22,52584,725,855.0,10.0,21.6074365973367,0.25271855669399645
Oklahoma,2020-08-23,53152,726,568.0,1.0,14.354414020219,0.02527185566939965
Oklahoma,2020-08-24,53505,730,353.0,4.0,8.920965051298078,0.1010874226775986
Oklahoma,2020-08-25,54163,744,658.0,14.0,16.62888103046497,0.3538059793715951
Oklahoma,2020-08-26,54827,763,664.0,19.0,16.78051216448137,0.48016525771859336
Oklahoma,2020-08-27,55530,778,703.0,15.0,17.766114535587953,0.37907783504099474
Oklahoma,2020-08-28,56237,786,707.0,8.0,17.86720195826555,0.2021748453551972
Oklahoma,2020-08-29,57243,797,1006.0,11.0,25.42348680341605,0.27799041236339617
Oklahoma,2020-08-30,58005,798,762.0,1.0,19.257154020082535,0.02527185566939965
Oklahoma,2020-08-31,58648,800,643.0,2.0,16.249803195423976,0.0505437113387993
Oklahoma,2020-09-01,59330,809,682.0,9.0,17.235405566530563,0.22744670102459685
Oklahoma,2020-09-02,60101,821,771.0,12.0,19.484600721107128,0.3032622680327958
Oklahoma,2020-09-03,60985,835,884.0,14.0,22.34032041174929,0.3538059793715951
Oklahoma,2020-09-04,61980,846,995.0,11.0,25.14549639105265,0.27799041236339617
Oklahoma,2020-09-05,63135,850,1155.0,4.0,29.188993298156596,0.1010874226775986
Oklahoma,2020-09-06,63564,853,429.0,3.0,10.84162608217245,0.07581556700819896
Oklahoma,2020-09-07,64179,853,615.0,0.0,15.542191236680786,0.0
Oklahoma,2020-09-08,65002,854,823.0,1.0,20.798737215915914,0.02527185566939965
Oklahoma,2020-09-09,65871,863,869.0,9.0,21.961242576708297,0.22744670102459685
Oklahoma,2020-09-10,66681,876,810.0,13.0,20.470203092213715,0.3285341237021954
Oklahoma,2020-09-11,67620,888,939.0,12.0,23.73027247356627,0.3032622680327958
Oklahoma,2020-09-12,68613,899,993.0,11.0,25.09495267971385,0.27799041236339617
Oklahoma,2020-09-13,69302,905,689.0,6.0,17.41230855621636,0.1516311340163979
Oklahoma,2020-09-14,70176,905,874.0,0.0,22.087601855055293,0.0
Oklahoma,2020-09-15,71258,912,1082.0,7.0,27.34414783429042,0.17690298968579754
Oklahoma,2020-09-16,72224,924,966.0,12.0,24.41261257664006,0.3032622680327958
Oklahoma,2020-09-17,73252,930,1028.0,6.0,25.979467628142842,0.1516311340163979
Oklahoma,2020-09-18,74516,939,1264.0,9.0,31.94362556612116,0.22744670102459685
Oklahoma,2020-09-19,75731,942,1215.0,3.0,30.705304638320577,0.07581556700819896
Oklahoma,2020-09-20,76725,945,994.0,3.0,25.120224535383255,0.07581556700819896
Oklahoma,2020-09-21,77828,947,1103.0,2.0,27.874856803347814,0.0505437113387993
Oklahoma,2020-09-22,79007,962,1179.0,15.0,29.79551783422219,0.37907783504099474
Oklahoma,2020-09-23,80105,970,1098.0,8.0,27.74849752500081,0.2021748453551972
Oklahoma,2020-09-24,81192,981,1087.0,11.0,27.47050711263742,0.27799041236339617
Oklahoma,2020-09-25,82457,993,1265.0,12.0,31.968897421790555,0.3032622680327958
Oklahoma,2020-09-26,83458,1004,1001.0,11.0,25.29712752506905,0.27799041236339617
Oklahoma,2020-09-27,84282,1006,824.0,2.0,20.824009071585312,0.0505437113387993
Oklahoma,2020-09-28,85143,1007,861.0,1.0,21.7590677313531,0.02527185566939965
Oklahoma,2020-09-29,86194,1018,1051.0,11.0,26.560720308539032,0.27799041236339617
Oklahoma,2020-09-30,87168,1031,974.0,13.0,24.614787421995256,0.3285341237021954
Oklahoma,2020-10-01,88354,1035,1186.0,4.0,29.972420823907985,0.1010874226775986
Oregon,2020-02-01,0,0,0.0,0.0,0.0,0.0
Oregon,2020-02-02,0,0,0.0,0.0,0.0,0.0
Oregon,2020-02-03,0,0,0.0,0.0,0.0,0.0
Oregon,2020-02-04,0,0,0.0,0.0,0.0,0.0
Oregon,2020-02-05,0,0,0.0,0.0,0.0,0.0
Oregon,2020-02-06,0,0,0.0,0.0,0.0,0.0
Oregon,2020-02-07,0,0,0.0,0.0,0.0,0.0
Oregon,2020-02-08,0,0,0.0,0.0,0.0,0.0
Oregon,2020-02-09,0,0,0.0,0.0,0.0,0.0
Oregon,2020-02-10,0,0,0.0,0.0,0.0,0.0
Oregon,2020-02-11,0,0,0.0,0.0,0.0,0.0
Oregon,2020-02-12,0,0,0.0,0.0,0.0,0.0
Oregon,2020-02-13,0,0,0.0,0.0,0.0,0.0
Oregon,2020-02-14,0,0,0.0,0.0,0.0,0.0
Oregon,2020-02-15,0,0,0.0,0.0,0.0,0.0
Oregon,2020-02-16,0,0,0.0,0.0,0.0,0.0
Oregon,2020-02-17,0,0,0.0,0.0,0.0,0.0
Oregon,2020-02-18,0,0,0.0,0.0,0.0,0.0
Oregon,2020-02-19,0,0,0.0,0.0,0.0,0.0
Oregon,2020-02-20,0,0,0.0,0.0,0.0,0.0
Oregon,2020-02-21,0,0,0.0,0.0,0.0,0.0
Oregon,2020-02-22,0,0,0.0,0.0,0.0,0.0
Oregon,2020-02-23,0,0,0.0,0.0,0.0,0.0
Oregon,2020-02-24,0,0,0.0,0.0,0.0,0.0
Oregon,2020-02-25,0,0,0.0,0.0,0.0,0.0
Oregon,2020-02-26,0,0,0.0,0.0,0.0,0.0
Oregon,2020-02-27,0,0,0.0,0.0,0.0,0.0
Oregon,2020-02-28,0,0,0.0,0.0,0.0,0.0
Oregon,2020-02-29,1,0,1.0,0.0,0.023709396768930826,0.0
Oregon,2020-03-01,1,0,0.0,0.0,0.0,0.0
Oregon,2020-03-02,3,0,2.0,0.0,0.04741879353786165,0.0
Oregon,2020-03-03,3,0,0.0,0.0,0.0,0.0
Oregon,2020-03-04,3,0,0.0,0.0,0.0,0.0
Oregon,2020-03-05,3,0,0.0,0.0,0.0,0.0
Oregon,2020-03-06,3,0,0.0,0.0,0.0,0.0
Oregon,2020-03-07,6,0,3.0,0.0,0.07112819030679247,0.0
Oregon,2020-03-08,14,0,8.0,0.0,0.1896751741514466,0.0
Oregon,2020-03-09,14,0,0.0,0.0,0.0,0.0
Oregon,2020-03-10,15,0,1.0,0.0,0.023709396768930826,0.0
Oregon,2020-03-11,19,0,4.0,0.0,0.0948375870757233,0.0
Oregon,2020-03-12,24,0,5.0,0.0,0.11854698384465413,0.0
Oregon,2020-03-13,30,0,6.0,0.0,0.14225638061358495,0.0
Oregon,2020-03-14,36,1,6.0,1.0,0.14225638061358495,0.023709396768930826
Oregon,2020-03-15,39,1,3.0,0.0,0.07112819030679247,0.0
Oregon,2020-03-16,47,1,8.0,0.0,0.1896751741514466,0.0
Oregon,2020-03-17,65,1,18.0,0.0,0.4267691418407549,0.0
Oregon,2020-03-18,74,3,9.0,2.0,0.21338457092037744,0.04741879353786165
Oregon,2020-03-19,88,3,14.0,0.0,0.33193155476503156,0.0
Oregon,2020-03-20,114,3,26.0,0.0,0.6164443159922015,0.0
Oregon,2020-03-21,137,4,23.0,1.0,0.545316125685409,0.023709396768930826
Oregon,2020-03-22,161,4,24.0,0.0,0.5690255224543398,0.0
Oregon,2020-03-23,190,5,29.0,1.0,0.687572506298994,0.023709396768930826
Oregon,2020-03-24,209,5,19.0,0.0,0.45047853860968573,0.0
Oregon,2020-03-25,265,10,56.0,5.0,1.3277262190601262,0.11854698384465413
Oregon,2020-03-26,315,11,50.0,1.0,1.1854698384465414,0.023709396768930826
Oregon,2020-03-27,414,12,99.0,1.0,2.347230280124152,0.023709396768930826
Oregon,2020-03-28,479,13,65.0,1.0,1.5411107899805039,0.023709396768930826
Oregon,2020-03-29,548,13,69.0,0.0,1.6359483770562273,0.0
Oregon,2020-03-30,605,16,57.0,3.0,1.3514356158290572,0.07112819030679247
Oregon,2020-03-31,689,18,84.0,2.0,1.9915893285901896,0.04741879353786165
Oregon,2020-04-01,735,19,46.0,1.0,1.090632251370818,0.023709396768930826
Oregon,2020-04-02,825,21,90.0,2.0,2.1338457092037744,0.04741879353786165
Oregon,2020-04-03,898,22,73.0,1.0,1.7307859641319505,0.023709396768930826
Oregon,2020-04-04,999,26,101.0,4.0,2.3946490736620136,0.0948375870757233
Oregon,2020-04-05,1067,27,68.0,1.0,1.6122389802872963,0.023709396768930826
Oregon,2020-04-06,1132,29,65.0,2.0,1.5411107899805039,0.04741879353786165
Oregon,2020-04-07,1181,33,49.0,4.0,1.1617604416776106,0.0948375870757233
Oregon,2020-04-08,1238,38,57.0,5.0,1.3514356158290572,0.11854698384465413
Oregon,2020-04-09,1317,44,79.0,6.0,1.8730423447455355,0.14225638061358495
Oregon,2020-04-10,1371,48,54.0,4.0,1.2803074255222646,0.0948375870757233
Oregon,2020-04-11,1447,51,76.0,3.0,1.801914154438743,0.07112819030679247
Oregon,2020-04-12,1527,52,80.0,1.0,1.8967517415144661,0.023709396768930826
Oregon,2020-04-13,1583,52,56.0,0.0,1.3277262190601262,0.0
Oregon,2020-04-14,1632,55,49.0,3.0,1.1617604416776106,0.07112819030679247
Oregon,2020-04-15,1663,58,31.0,3.0,0.7349912998368556,0.07112819030679247
Oregon,2020-04-16,1736,64,73.0,6.0,1.7307859641319505,0.14225638061358495
Oregon,2020-04-17,1784,70,48.0,6.0,1.1380510449086796,0.14225638061358495
Oregon,2020-04-18,1842,72,58.0,2.0,1.375145012597988,0.04741879353786165
Oregon,2020-04-19,1909,74,67.0,2.0,1.5885295835183655,0.04741879353786165
Oregon,2020-04-20,1954,75,45.0,1.0,1.0669228546018872,0.023709396768930826
Oregon,2020-04-21,2002,78,48.0,3.0,1.1380510449086796,0.07112819030679247
Oregon,2020-04-22,2059,78,57.0,0.0,1.3514356158290572,0.0
Oregon,2020-04-23,2126,83,67.0,5.0,1.5885295835183655,0.11854698384465413
Oregon,2020-04-24,2177,86,51.0,3.0,1.2091792352154722,0.07112819030679247
Oregon,2020-04-25,2253,87,76.0,1.0,1.801914154438743,0.023709396768930826
Oregon,2020-04-26,2311,91,58.0,4.0,1.375145012597988,0.0948375870757233
Oregon,2020-04-27,2353,92,42.0,1.0,0.9957946642950948,0.023709396768930826
Oregon,2020-04-28,2385,99,32.0,7.0,0.7587006966057864,0.16596577738251578
Oregon,2020-04-29,2446,101,61.0,2.0,1.4462732029047805,0.04741879353786165
Oregon,2020-04-30,2510,103,64.0,2.0,1.5174013932115729,0.04741879353786165
Oregon,2020-05-01,2578,104,68.0,1.0,1.6122389802872963,0.023709396768930826
Oregon,2020-05-02,2635,109,57.0,5.0,1.3514356158290572,0.11854698384465413
Oregon,2020-05-03,2680,109,45.0,0.0,1.0669228546018872,0.0
Oregon,2020-05-04,2759,109,79.0,0.0,1.8730423447455355,0.0
Oregon,2020-05-05,2838,113,79.0,4.0,1.8730423447455355,0.0948375870757233
Oregon,2020-05-06,2915,115,77.0,2.0,1.825623551207674,0.04741879353786165
Oregon,2020-05-07,2987,121,72.0,6.0,1.7070765673630195,0.14225638061358495
Oregon,2020-05-08,3066,124,79.0,3.0,1.8730423447455355,0.07112819030679247
Oregon,2020-05-09,3157,127,91.0,3.0,2.1575551059727056,0.07112819030679247
Oregon,2020-05-10,3224,127,67.0,0.0,1.5885295835183655,0.0
Oregon,2020-05-11,3282,130,58.0,3.0,1.375145012597988,0.07112819030679247
Oregon,2020-05-12,3350,130,68.0,0.0,1.6122389802872963,0.0
Oregon,2020-05-13,3407,134,57.0,4.0,1.3514356158290572,0.0948375870757233
Oregon,2020-05-14,3474,137,67.0,3.0,1.5885295835183655,0.07112819030679247
Oregon,2020-05-15,3532,137,58.0,0.0,1.375145012597988,0.0
Oregon,2020-05-16,3606,137,74.0,0.0,1.754495360900881,0.0
Oregon,2020-05-17,3618,137,12.0,0.0,0.2845127612271699,0.0
Oregon,2020-05-18,3680,138,62.0,1.0,1.4699825996737113,0.023709396768930826
Oregon,2020-05-19,3721,140,41.0,2.0,0.9720852675261639,0.04741879353786165
Oregon,2020-05-20,3794,144,73.0,4.0,1.7307859641319505,0.0948375870757233
Oregon,2020-05-21,3812,145,18.0,1.0,0.4267691418407549,0.023709396768930826
Oregon,2020-05-22,3860,147,48.0,2.0,1.1380510449086796,0.04741879353786165
Oregon,2020-05-23,3884,147,24.0,0.0,0.5690255224543398,0.0
Oregon,2020-05-24,3922,148,38.0,1.0,0.9009570772193715,0.023709396768930826
Oregon,2020-05-25,3945,148,23.0,0.0,0.545316125685409,0.0
Oregon,2020-05-26,3964,148,19.0,0.0,0.45047853860968573,0.0
Oregon,2020-05-27,4034,148,70.0,0.0,1.659657773825158,0.0
Oregon,2020-05-28,4082,151,48.0,3.0,1.1380510449086796,0.07112819030679247
Oregon,2020-05-29,4130,151,48.0,0.0,1.1380510449086796,0.0
Oregon,2020-05-30,4185,153,55.0,2.0,1.3040168222911954,0.04741879353786165
Oregon,2020-05-31,4243,153,58.0,0.0,1.375145012597988,0.0
Oregon,2020-06-01,4301,154,58.0,1.0,1.375145012597988,0.023709396768930826
Oregon,2020-06-02,4334,157,33.0,3.0,0.7824100933747173,0.07112819030679247
Oregon,2020-06-03,4398,159,64.0,2.0,1.5174013932115729,0.04741879353786165
Oregon,2020-06-04,4473,159,75.0,0.0,1.7782047576698121,0.0
Oregon,2020-06-05,4569,161,96.0,2.0,2.276102089817359,0.04741879353786165
Oregon,2020-06-06,4661,161,92.0,0.0,2.181264502741636,0.0
Oregon,2020-06-07,4804,163,143.0,2.0,3.3904437379571086,0.04741879353786165
Oregon,2020-06-08,4918,164,114.0,1.0,2.7028712316581145,0.023709396768930826
Oregon,2020-06-09,4988,169,70.0,5.0,1.659657773825158,0.11854698384465413
Oregon,2020-06-10,5059,169,71.0,0.0,1.683367170594089,0.0
Oregon,2020-06-11,5235,171,176.0,2.0,4.1728538313318255,0.04741879353786165
Oregon,2020-06-12,5377,173,142.0,2.0,3.366734341188178,0.04741879353786165
Oregon,2020-06-13,5535,174,158.0,1.0,3.746084689491071,0.023709396768930826
Oregon,2020-06-14,5635,176,100.0,2.0,2.370939676893083,0.04741879353786165
Oregon,2020-06-15,5819,180,184.0,4.0,4.362529005483272,0.0948375870757233
Oregon,2020-06-16,6096,182,277.0,2.0,6.56750290499384,0.04741879353786165
Oregon,2020-06-17,6218,183,122.0,1.0,2.892546405809561,0.023709396768930826
Oregon,2020-06-18,6365,187,147.0,4.0,3.485281325032832,0.0948375870757233
Oregon,2020-06-19,6571,188,206.0,1.0,4.8841357343997505,0.023709396768930826
Oregon,2020-06-20,6748,189,177.0,1.0,4.196563228100756,0.023709396768930826
Oregon,2020-06-21,6937,190,189.0,1.0,4.481075989327926,0.023709396768930826
Oregon,2020-06-22,7082,192,145.0,2.0,3.43786253149497,0.04741879353786165
Oregon,2020-06-23,7273,192,191.0,0.0,4.528494782865788,0.0
Oregon,2020-06-24,7443,195,170.0,3.0,4.030597450718241,0.07112819030679247
Oregon,2020-06-25,7568,197,125.0,2.0,2.9636745961163538,0.04741879353786165
Oregon,2020-06-26,7817,201,249.0,4.0,5.903639795463776,0.0948375870757233
Oregon,2020-06-27,8094,202,277.0,1.0,6.56750290499384,0.023709396768930826
Oregon,2020-06-28,8340,202,246.0,0.0,5.832511605156983,0.0
Oregon,2020-06-29,8484,204,144.0,2.0,3.414153134726039,0.04741879353786165
Oregon,2020-06-30,8656,207,172.0,3.0,4.078016244256102,0.07112819030679247
Oregon,2020-07-01,8929,208,273.0,1.0,6.472665317918116,0.023709396768930826
Oregon,2020-07-02,9294,209,365.0,1.0,8.653929820659753,0.023709396768930826
Oregon,2020-07-03,9636,209,342.0,0.0,8.108613694974343,0.0
Oregon,2020-07-04,9930,213,294.0,4.0,6.970562650065664,0.0948375870757233
Oregon,2020-07-05,10230,215,300.0,2.0,7.1128190306792485,0.04741879353786165
Oregon,2020-07-06,10395,215,165.0,0.0,3.9120504668735863,0.0
Oregon,2020-07-07,10605,220,210.0,5.0,4.978973321475474,0.11854698384465413
Oregon,2020-07-08,10815,224,210.0,4.0,4.978973321475474,0.0948375870757233
Oregon,2020-07-09,11189,230,374.0,6.0,8.86731439158013,0.14225638061358495
Oregon,2020-07-10,11456,232,267.0,2.0,6.33040893730453,0.04741879353786165
Oregon,2020-07-11,11851,232,395.0,0.0,9.365211723727676,0.0
Oregon,2020-07-12,12171,234,320.0,2.0,7.5870069660578645,0.04741879353786165
Oregon,2020-07-13,12439,237,268.0,3.0,6.354118334073462,0.07112819030679247
Oregon,2020-07-14,12805,244,366.0,7.0,8.677639217428682,0.16596577738251578
Oregon,2020-07-15,13081,247,276.0,3.0,6.543793508224909,0.07112819030679247
Oregon,2020-07-16,13509,249,428.0,2.0,10.147621817102396,0.04741879353786165
Oregon,2020-07-17,13802,254,293.0,5.0,6.946853253296733,0.11854698384465413
Oregon,2020-07-18,14149,257,347.0,3.0,8.227160678818997,0.07112819030679247
Oregon,2020-07-19,14577,260,428.0,3.0,10.147621817102396,0.07112819030679247
Oregon,2020-07-20,14846,262,269.0,2.0,6.377827730842393,0.04741879353786165
Oregon,2020-07-21,15137,269,291.0,7.0,6.89943445975887,0.16596577738251578
Oregon,2020-07-22,15390,271,253.0,2.0,5.998477382539499,0.04741879353786165
Oregon,2020-07-23,15709,273,319.0,2.0,7.563297569288934,0.04741879353786165
Oregon,2020-07-24,16101,282,392.0,9.0,9.294083533420885,0.21338457092037744
Oregon,2020-07-25,16479,286,378.0,4.0,8.962151978655852,0.0948375870757233
Oregon,2020-07-26,16754,289,275.0,3.0,6.520084111455977,0.07112819030679247
Oregon,2020-07-27,17085,289,331.0,0.0,7.847810330516103,0.0
Oregon,2020-07-28,17413,289,328.0,0.0,7.776682140209311,0.0
Oregon,2020-07-29,17718,310,305.0,21.0,7.2313660145239025,0.4978973321475474
Oregon,2020-07-30,18127,315,409.0,5.0,9.697143278492709,0.11854698384465413
Oregon,2020-07-31,18488,321,361.0,6.0,8.559092233584028,0.14225638061358495
Oregon,2020-08-01,18822,324,334.0,3.0,7.918938520822897,0.07112819030679247
Oregon,2020-08-02,19100,325,278.0,1.0,6.59121230176277,0.023709396768930826
Oregon,2020-08-03,19360,328,260.0,3.0,6.1644431599220155,0.07112819030679247
Oregon,2020-08-04,19694,333,334.0,5.0,7.918938520822897,0.11854698384465413
Oregon,2020-08-05,19970,338,276.0,5.0,6.543793508224909,0.11854698384465413
Oregon,2020-08-06,20220,339,250.0,1.0,5.9273491922327075,0.023709396768930826
Oregon,2020-08-07,20631,348,411.0,9.0,9.74456207203057,0.21338457092037744
Oregon,2020-08-08,21006,354,375.0,6.0,8.89102378834906,0.14225638061358495
Oregon,2020-08-09,21258,355,252.0,1.0,5.974767985770568,0.023709396768930826
Oregon,2020-08-10,21484,356,226.0,1.0,5.358323669778367,0.023709396768930826
Oregon,2020-08-11,21768,368,284.0,12.0,6.733468682376356,0.2845127612271699
Oregon,2020-08-12,22015,375,247.0,7.0,5.856221001925914,0.16596577738251578
Oregon,2020-08-13,22296,383,281.0,8.0,6.662340492069562,0.1896751741514466
Oregon,2020-08-14,22609,385,313.0,2.0,7.421041188675349,0.04741879353786165
Oregon,2020-08-15,23014,385,405.0,0.0,9.602305691416985,0.0
Oregon,2020-08-16,23258,385,244.0,0.0,5.785092811619122,0.0
Oregon,2020-08-17,23446,388,188.0,3.0,4.457366592558995,0.07112819030679247
Oregon,2020-08-18,23672,397,226.0,9.0,5.358323669778367,0.21338457092037744
Oregon,2020-08-19,23865,408,193.0,11.0,4.575913576403649,0.2608033644582391
Oregon,2020-08-20,24159,412,294.0,4.0,6.970562650065664,0.0948375870757233
Oregon,2020-08-21,24415,414,256.0,2.0,6.069605572846291,0.04741879353786165
Oregon,2020-08-22,24702,416,287.0,2.0,6.804596872683147,0.04741879353786165
Oregon,2020-08-23,24934,416,232.0,0.0,5.500580050391952,0.0
Oregon,2020-08-24,25143,419,209.0,3.0,4.955263924706543,0.07112819030679247
Oregon,2020-08-25,25371,426,228.0,7.0,5.405742463316229,0.16596577738251578
Oregon,2020-08-26,25564,432,193.0,6.0,4.575913576403649,0.14225638061358495
Oregon,2020-08-27,25759,437,195.0,5.0,4.623332369941512,0.11854698384465413
Oregon,2020-08-28,26052,446,293.0,9.0,6.946853253296733,0.21338457092037744
Oregon,2020-08-29,26290,446,238.0,0.0,5.642836431005537,0.0
Oregon,2020-08-30,26552,446,262.0,0.0,6.211861953459877,0.0
Oregon,2020-08-31,26711,458,159.0,12.0,3.7697940862600015,0.2845127612271699
Oregon,2020-09-01,26943,464,232.0,6.0,5.500580050391952,0.14225638061358495
Oregon,2020-09-02,27073,467,130.0,3.0,3.0822215799610078,0.07112819030679247
Oregon,2020-09-03,27335,469,262.0,2.0,6.211861953459877,0.04741879353786165
Oregon,2020-09-04,27598,474,263.0,5.0,6.235571350228808,0.11854698384465413
Oregon,2020-09-05,27854,474,256.0,0.0,6.069605572846291,0.0
Oregon,2020-09-06,28042,475,188.0,1.0,4.457366592558995,0.023709396768930826
Oregon,2020-09-07,28188,476,146.0,1.0,3.461571928263901,0.023709396768930826
Oregon,2020-09-08,28354,485,166.0,9.0,3.9357598636425175,0.21338457092037744
Oregon,2020-09-09,28468,493,114.0,8.0,2.7028712316581145,0.1896751741514466
Oregon,2020-09-10,28651,496,183.0,3.0,4.338819608714341,0.07112819030679247
Oregon,2020-09-11,28863,498,212.0,2.0,5.026392115013335,0.04741879353786165
Oregon,2020-09-12,29143,502,280.0,4.0,6.638631095300632,0.0948375870757233
Oregon,2020-09-13,29332,508,189.0,6.0,4.481075989327926,0.14225638061358495
Oregon,2020-09-14,29480,510,148.0,2.0,3.508990721801762,0.04741879353786165
Oregon,2020-09-15,29658,518,178.0,8.0,4.220272624869687,0.1896751741514466
Oregon,2020-09-16,29848,519,190.0,1.0,4.504785386096858,0.023709396768930826
Oregon,2020-09-17,30057,520,209.0,1.0,4.955263924706543,0.023709396768930826
Oregon,2020-09-18,30341,520,284.0,0.0,6.733468682376356,0.0
Oregon,2020-09-19,30599,520,258.0,0.0,6.117024366384153,0.0
Oregon,2020-09-20,30795,521,196.0,1.0,4.6470417667104424,0.023709396768930826
Oregon,2020-09-21,30995,528,200.0,7.0,4.741879353786166,0.16596577738251578
Oregon,2020-09-22,31313,531,318.0,3.0,7.539588172520003,0.07112819030679247
Oregon,2020-09-23,31503,537,190.0,6.0,4.504785386096858,0.14225638061358495
Oregon,2020-09-24,31862,539,359.0,2.0,8.511673440046167,0.04741879353786165
Oregon,2020-09-25,32313,542,451.0,3.0,10.692937942787802,0.07112819030679247
Oregon,2020-09-26,32580,543,267.0,1.0,6.33040893730453,0.023709396768930826
Oregon,2020-09-27,32818,546,238.0,3.0,5.642836431005537,0.07112819030679247
Oregon,2020-09-28,32992,547,174.0,1.0,4.125435037793964,0.023709396768930826
Oregon,2020-09-29,33290,555,298.0,8.0,7.065400237141386,0.1896751741514466
Oregon,2020-09-30,33507,559,217.0,4.0,5.144939098857989,0.0948375870757233
Oregon,2020-10-01,33860,560,353.0,1.0,8.369417059432582,0.023709396768930826
Pennsylvania,2020-02-01,0,0,0.0,0.0,0.0,0.0
Pennsylvania,2020-02-02,0,0,0.0,0.0,0.0,0.0
Pennsylvania,2020-02-03,0,0,0.0,0.0,0.0,0.0
Pennsylvania,2020-02-04,0,0,0.0,0.0,0.0,0.0
Pennsylvania,2020-02-05,0,0,0.0,0.0,0.0,0.0
Pennsylvania,2020-02-06,0,0,0.0,0.0,0.0,0.0
Pennsylvania,2020-02-07,0,0,0.0,0.0,0.0,0.0
Pennsylvania,2020-02-08,0,0,0.0,0.0,0.0,0.0
Pennsylvania,2020-02-09,0,0,0.0,0.0,0.0,0.0
Pennsylvania,2020-02-10,0,0,0.0,0.0,0.0,0.0
Pennsylvania,2020-02-11,0,0,0.0,0.0,0.0,0.0
Pennsylvania,2020-02-12,0,0,0.0,0.0,0.0,0.0
Pennsylvania,2020-02-13,0,0,0.0,0.0,0.0,0.0
Pennsylvania,2020-02-14,0,0,0.0,0.0,0.0,0.0
Pennsylvania,2020-02-15,0,0,0.0,0.0,0.0,0.0
Pennsylvania,2020-02-16,0,0,0.0,0.0,0.0,0.0
Pennsylvania,2020-02-17,0,0,0.0,0.0,0.0,0.0
Pennsylvania,2020-02-18,0,0,0.0,0.0,0.0,0.0
Pennsylvania,2020-02-19,0,0,0.0,0.0,0.0,0.0
Pennsylvania,2020-02-20,0,0,0.0,0.0,0.0,0.0
Pennsylvania,2020-02-21,0,0,0.0,0.0,0.0,0.0
Pennsylvania,2020-02-22,0,0,0.0,0.0,0.0,0.0
Pennsylvania,2020-02-23,0,0,0.0,0.0,0.0,0.0
Pennsylvania,2020-02-24,0,0,0.0,0.0,0.0,0.0
Pennsylvania,2020-02-25,0,0,0.0,0.0,0.0,0.0
Pennsylvania,2020-02-26,0,0,0.0,0.0,0.0,0.0
Pennsylvania,2020-02-27,0,0,0.0,0.0,0.0,0.0
Pennsylvania,2020-02-28,0,0,0.0,0.0,0.0,0.0
Pennsylvania,2020-02-29,0,0,0.0,0.0,0.0,0.0
Pennsylvania,2020-03-01,0,0,0.0,0.0,0.0,0.0
Pennsylvania,2020-03-02,0,0,0.0,0.0,0.0,0.0
Pennsylvania,2020-03-03,0,0,0.0,0.0,0.0,0.0
Pennsylvania,2020-03-04,0,0,0.0,0.0,0.0,0.0
Pennsylvania,2020-03-05,0,0,0.0,0.0,0.0,0.0
Pennsylvania,2020-03-06,2,0,2.0,0.0,0.015622572398710857,0.0
Pennsylvania,2020-03-07,2,0,0.0,0.0,0.0,0.0
Pennsylvania,2020-03-08,6,0,4.0,0.0,0.031245144797421714,0.0
Pennsylvania,2020-03-09,12,0,6.0,0.0,0.04686771719613257,0.0
Pennsylvania,2020-03-10,14,0,2.0,0.0,0.015622572398710857,0.0
Pennsylvania,2020-03-11,19,0,5.0,0.0,0.039056430996777136,0.0
Pennsylvania,2020-03-12,22,0,3.0,0.0,0.023433858598066286,0.0
Pennsylvania,2020-03-13,41,0,19.0,0.0,0.14841443778775315,0.0
Pennsylvania,2020-03-14,47,0,6.0,0.0,0.04686771719613257,0.0
Pennsylvania,2020-03-15,65,0,18.0,0.0,0.14060315158839773,0.0
Pennsylvania,2020-03-16,75,0,10.0,0.0,0.07811286199355427,0.0
Pennsylvania,2020-03-17,95,0,20.0,0.0,0.15622572398710854,0.0
Pennsylvania,2020-03-18,132,1,37.0,1.0,0.28901758937615085,0.007811286199355429
Pennsylvania,2020-03-19,184,1,52.0,0.0,0.40618688236648226,0.0
Pennsylvania,2020-03-20,268,1,84.0,0.0,0.656148040745856,0.0
Pennsylvania,2020-03-21,370,2,102.0,1.0,0.7967511923342536,0.007811286199355429
Pennsylvania,2020-03-22,478,2,108.0,0.0,0.8436189095303862,0.0
Pennsylvania,2020-03-23,644,6,166.0,4.0,1.296673509093001,0.031245144797421714
Pennsylvania,2020-03-24,851,7,207.0,1.0,1.6169362432665737,0.007811286199355429
Pennsylvania,2020-03-25,1195,11,344.0,4.0,2.6870824525782675,0.031245144797421714
Pennsylvania,2020-03-26,1687,16,492.0,5.0,3.8431528100828705,0.039056430996777136
Pennsylvania,2020-03-27,2217,22,530.0,6.0,4.139981685658377,0.04686771719613257
Pennsylvania,2020-03-28,2749,34,532.0,12.0,4.155604258057088,0.09373543439226514
Pennsylvania,2020-03-29,3393,38,644.0,4.0,5.030468312384896,0.031245144797421714
Pennsylvania,2020-03-30,4081,48,688.0,10.0,5.374164905156535,0.07811286199355427
Pennsylvania,2020-03-31,4839,63,758.0,15.0,5.9209549391114145,0.11716929299033142
Pennsylvania,2020-04-01,5805,74,966.0,11.0,7.5457024685773435,0.08592414819290971
Pennsylvania,2020-04-02,7016,90,1211.0,16.0,9.459467587419423,0.12498057918968686
Pennsylvania,2020-04-03,8420,102,1404.0,12.0,10.967045823895022,0.09373543439226514
Pennsylvania,2020-04-04,10016,136,1596.0,34.0,12.466812774171265,0.26558373077808456
Pennsylvania,2020-04-05,11496,150,1480.0,14.0,11.560703575046034,0.109358006790976
Pennsylvania,2020-04-06,12973,162,1477.0,12.0,11.537269716447968,0.09373543439226514
Pennsylvania,2020-04-07,14556,240,1583.0,78.0,12.365266053579642,0.6092803235497234
Pennsylvania,2020-04-08,16240,309,1684.0,69.0,13.154205959714542,0.5389787477555246
Pennsylvania,2020-04-09,18230,338,1990.0,29.0,15.544459536717302,0.2265272997813074
Pennsylvania,2020-04-10,19979,415,1749.0,77.0,13.661939562672643,0.6014690373503679
Pennsylvania,2020-04-11,21655,491,1676.0,76.0,13.091715670119697,0.5936577511510126
Pennsylvania,2020-04-12,22833,507,1178.0,16.0,9.201695142840695,0.12498057918968686
Pennsylvania,2020-04-13,24196,507,1363.0,0.0,10.646783089721449,0.0
Pennsylvania,2020-04-14,25345,584,1149.0,77.0,8.975167843059388,0.6014690373503679
Pennsylvania,2020-04-15,26491,647,1146.0,63.0,8.95173398446132,0.492111030559392
Pennsylvania,2020-04-16,27735,647,1244.0,0.0,9.717240031998154,0.0
Pennsylvania,2020-04-17,29439,756,1704.0,109.0,13.31043168370165,0.8514301957297417
Pennsylvania,2020-04-18,31066,836,1627.0,80.0,12.708962646351281,0.6249028959484342
Pennsylvania,2020-04-19,32283,1112,1217.0,276.0,9.506335304615556,2.1559149910220983
Pennsylvania,2020-04-20,33231,1204,948.0,92.0,7.405099316988947,0.7186383303406993
Pennsylvania,2020-04-21,34522,1389,1291.0,185.0,10.084370483367858,1.4450879468807543
Pennsylvania,2020-04-22,35679,1413,1157.0,24.0,9.03765813265423,0.1874708687845303
Pennsylvania,2020-04-23,37053,1421,1374.0,8.0,10.732707237914358,0.06249028959484343
Pennsylvania,2020-04-24,38652,1491,1599.0,70.0,12.49024663276933,0.54679003395488
Pennsylvania,2020-04-25,40046,1536,1394.0,45.0,10.888932961901467,0.3515078789709943
Pennsylvania,2020-04-26,41164,1549,1118.0,13.0,8.733017970879368,0.10154672059162057
Pennsylvania,2020-04-27,42048,1596,884.0,47.0,6.905177000230199,0.3671304513697051
Pennsylvania,2020-04-28,43262,1715,1214.0,119.0,9.48290144601749,0.9295430577232959
Pennsylvania,2020-04-29,44366,2192,1104.0,477.0,8.623659964088393,3.7259835170925397
Pennsylvania,2020-04-30,45759,2290,1393.0,98.0,10.881121675702111,0.765506047536832
Pennsylvania,2020-05-01,46968,2352,1209.0,62.0,9.443845015020713,0.48429974436003653
Pennsylvania,2020-05-02,48300,2417,1332.0,65.0,10.40463321754143,0.5077336029581028
Pennsylvania,2020-05-03,49260,2441,960.0,24.0,7.498834751381211,0.1874708687845303
Pennsylvania,2020-05-04,50084,2454,824.0,13.0,6.436499828268873,0.10154672059162057
Pennsylvania,2020-05-05,50949,3001,865.0,547.0,6.756762562442446,4.272773551047419
Pennsylvania,2020-05-06,51834,3094,885.0,93.0,6.912988286429554,0.7264496165400548
Pennsylvania,2020-05-07,52903,3395,1069.0,301.0,8.350264947110952,2.3511971460059837
Pennsylvania,2020-05-08,54226,3586,1323.0,191.0,10.334331641747232,1.4919556640768867
Pennsylvania,2020-05-09,55304,3669,1078.0,83.0,8.420566522905151,0.6483367545465005
Pennsylvania,2020-05-10,56597,3687,1293.0,18.0,10.099993055766568,0.14060315158839773
Pennsylvania,2020-05-11,57141,3710,544.0,23.0,4.249339692449353,0.17965958258517484
Pennsylvania,2020-05-12,57976,3785,835.0,75.0,6.522423976461782,0.5858464649516572
Pennsylvania,2020-05-13,58695,3917,719.0,132.0,5.6163147773365525,1.0310897783149164
Pennsylvania,2020-05-14,59633,4120,938.0,203.0,7.326986454995391,1.585691098469152
Pennsylvania,2020-05-15,60622,4170,989.0,50.0,7.725362051162518,0.3905643099677715
Pennsylvania,2020-05-16,61610,4203,988.0,33.0,7.717550764963163,0.2577724445787291
Pennsylvania,2020-05-17,62233,4206,623.0,3.0,4.866431302198432,0.023433858598066286
Pennsylvania,2020-05-18,63050,4493,817.0,287.0,6.381820824873386,2.2418391392150077
Pennsylvania,2020-05-19,63666,4623,616.0,130.0,4.8117522988029435,1.0154672059162055
Pennsylvania,2020-05-20,64408,4765,742.0,142.0,5.795974359921728,1.109202640308471
Pennsylvania,2020-05-21,65382,4868,974.0,103.0,7.608192758172187,0.8045624785336091
Pennsylvania,2020-05-22,66249,4984,867.0,116.0,6.772385134841157,0.9061091991252296
Pennsylvania,2020-05-23,66979,5096,730.0,112.0,5.702238925529462,0.874864054327808
Pennsylvania,2020-05-24,67707,5124,728.0,28.0,5.686616353130751,0.218716013581952
Pennsylvania,2020-05-25,68181,5139,474.0,15.0,3.7025496584944735,0.11716929299033142
Pennsylvania,2020-05-26,68633,5152,452.0,13.0,3.530701362108654,0.10154672059162057
Pennsylvania,2020-05-27,69417,5265,784.0,113.0,6.124048380294656,0.8826753405271635
Pennsylvania,2020-05-28,70042,5373,625.0,108.0,4.882053874597143,0.8436189095303862
Pennsylvania,2020-05-29,70734,5464,692.0,91.0,5.405410049953956,0.7108270441413439
Pennsylvania,2020-05-30,71415,5536,681.0,72.0,5.3194859017610465,0.5624126063535909
Pennsylvania,2020-05-31,71924,5536,509.0,0.0,3.975944675471913,0.0
Pennsylvania,2020-06-01,72280,5536,356.0,0.0,2.7808178869705324,0.0
Pennsylvania,2020-06-02,72890,5666,610.0,130.0,4.764884581606811,1.0154672059162055
Pennsylvania,2020-06-03,73404,5741,514.0,75.0,4.01500110646869,0.5858464649516572
Pennsylvania,2020-06-04,73935,5816,531.0,75.0,4.147792971857732,0.5858464649516572
Pennsylvania,2020-06-05,74385,5884,450.0,68.0,3.5150787897099427,0.5311674615561691
Pennsylvania,2020-06-06,75086,5929,701.0,45.0,5.475711625748155,0.3515078789709943
Pennsylvania,2020-06-07,75589,5941,503.0,12.0,3.9290769582757803,0.09373543439226514
Pennsylvania,2020-06-08,75942,5951,353.0,10.0,2.757384028372466,0.07811286199355427
Pennsylvania,2020-06-09,76435,6012,493.0,61.0,3.850964096282226,0.47648845816068114
Pennsylvania,2020-06-10,76843,6060,408.0,48.0,3.1870047693370145,0.3749417375690606
Pennsylvania,2020-06-11,77312,6111,469.0,51.0,3.6634932274976957,0.3983755961671268
Pennsylvania,2020-06-12,77998,6160,686.0,49.0,5.358542332757824,0.382753023768416
Pennsylvania,2020-06-13,78461,6209,463.0,49.0,3.6166255103015637,0.382753023768416
Pennsylvania,2020-06-14,78797,6213,336.0,4.0,2.624592162983424,0.031245144797421714
Pennsylvania,2020-06-15,79115,6242,318.0,29.0,2.4839890113950265,0.2265272997813074
Pennsylvania,2020-06-16,79477,6275,362.0,33.0,2.8276856041666654,0.2577724445787291
Pennsylvania,2020-06-17,79818,6318,341.0,43.0,2.6636485939802013,0.33588530657228344
Pennsylvania,2020-06-18,80235,6360,417.0,42.0,3.2573063451312136,0.328074020372928
Pennsylvania,2020-06-19,80760,6398,525.0,38.0,4.1009252546615995,0.2968288755755063
Pennsylvania,2020-06-20,81265,6418,505.0,20.0,3.9446995306744914,0.15622572398710854
Pennsylvania,2020-06-21,81730,6422,465.0,4.0,3.632248082700274,0.031245144797421714
Pennsylvania,2020-06-22,82186,6425,456.0,3.0,3.5619465069060756,0.023433858598066286
Pennsylvania,2020-06-23,82695,6463,509.0,38.0,3.975944675471913,0.2968288755755063
Pennsylvania,2020-06-24,83191,6517,496.0,54.0,3.8743979548802923,0.4218094547651931
Pennsylvania,2020-06-25,83770,6555,579.0,38.0,4.522734709426794,0.2968288755755063
Pennsylvania,2020-06-26,84369,6578,599.0,23.0,4.678960433413901,0.17965958258517484
Pennsylvania,2020-06-27,84990,6601,621.0,23.0,4.850808729799721,0.17965958258517484
Pennsylvania,2020-06-28,85485,6604,495.0,3.0,3.866586668680937,0.023433858598066286
Pennsylvania,2020-06-29,85986,6613,501.0,9.0,3.9134543858770696,0.07030157579419886
Pennsylvania,2020-06-30,86604,6648,618.0,35.0,4.827374871201655,0.27339501697744
Pennsylvania,2020-07-01,87240,6684,636.0,36.0,4.967978022790053,0.28120630317679546
Pennsylvania,2020-07-02,88069,6711,829.0,27.0,6.47555625926565,0.21090472738259655
Pennsylvania,2020-07-03,88739,6745,670.0,34.0,5.233561753568137,0.26558373077808456
Pennsylvania,2020-07-04,89371,6748,632.0,3.0,4.936732877992631,0.023433858598066286
Pennsylvania,2020-07-05,89854,6752,483.0,4.0,3.7728512342886718,0.031245144797421714
Pennsylvania,2020-07-06,90306,6753,452.0,1.0,3.530701362108654,0.007811286199355429
Pennsylvania,2020-07-07,91299,6786,993.0,33.0,7.7566071959599405,0.2577724445787291
Pennsylvania,2020-07-08,92146,6812,847.0,26.0,6.616159410854047,0.20309344118324113
Pennsylvania,2020-07-09,92866,6848,720.0,36.0,5.6241260635359085,0.28120630317679546
Pennsylvania,2020-07-10,93876,6880,1010.0,32.0,7.889399061348983,0.24996115837937372
Pennsylvania,2020-07-11,94688,6897,812.0,17.0,6.342764393876608,0.13279186538904228
Pennsylvania,2020-07-12,95264,6904,576.0,7.0,4.499300850828727,0.054679003395488
Pennsylvania,2020-07-13,95741,6911,477.0,7.0,3.7259835170925397,0.054679003395488
Pennsylvania,2020-07-14,96670,6931,929.0,20.0,7.2566848792011935,0.15622572398710854
Pennsylvania,2020-07-15,97665,6957,995.0,26.0,7.772229768358651,0.20309344118324113
Pennsylvania,2020-07-16,98446,6972,781.0,15.0,6.100614521696589,0.11716929299033142
Pennsylvania,2020-07-17,99477,6992,1031.0,20.0,8.053436071535446,0.15622572398710854
Pennsylvania,2020-07-18,100240,7007,763.0,15.0,5.960011370108192,0.11716929299033142
Pennsylvania,2020-07-19,101027,7015,787.0,8.0,6.147482238892723,0.06249028959484343
Pennsylvania,2020-07-20,101734,7018,707.0,3.0,5.5225793429442875,0.023433858598066286
Pennsylvania,2020-07-21,102761,7038,1027.0,20.0,8.022190926738025,0.15622572398710854
Pennsylvania,2020-07-22,103394,7063,633.0,25.0,4.944544164191986,0.19528215498388574
Pennsylvania,2020-07-23,104358,7079,964.0,16.0,7.530079896178632,0.12498057918968686
Pennsylvania,2020-07-24,105571,7101,1213.0,22.0,9.475090159818134,0.17184829638581942
Pennsylvania,2020-07-25,106624,7114,1053.0,13.0,8.225284367921265,0.10154672059162057
Pennsylvania,2020-07-26,107422,7117,798.0,3.0,6.233406387085632,0.023433858598066286
Pennsylvania,2020-07-27,108260,7121,838.0,4.0,6.545857835059849,0.031245144797421714
Pennsylvania,2020-07-28,109372,7121,1112.0,0.0,8.686150253683236,0.0
Pennsylvania,2020-07-29,110201,7175,829.0,54.0,6.47555625926565,0.4218094547651931
Pennsylvania,2020-07-30,111075,7175,874.0,0.0,6.827064138236644,0.0
Pennsylvania,2020-07-31,112044,7189,969.0,14.0,7.56913632717541,0.109358006790976
Pennsylvania,2020-08-01,112935,7204,891.0,15.0,6.959856003625687,0.11716929299033142
Pennsylvania,2020-08-02,113589,7209,654.0,5.0,5.1085811743784495,0.039056430996777136
Pennsylvania,2020-08-03,114154,7209,565.0,0.0,4.4133767026358175,0.0
Pennsylvania,2020-08-04,115008,7232,854.0,23.0,6.670838414249536,0.17965958258517484
Pennsylvania,2020-08-05,115714,7244,706.0,12.0,5.514768056744932,0.09373543439226514
Pennsylvania,2020-08-06,116521,7282,807.0,38.0,6.30370796287983,0.2968288755755063
Pennsylvania,2020-08-07,117279,7297,758.0,15.0,5.9209549391114145,0.11716929299033142
Pennsylvania,2020-08-08,118091,7313,812.0,16.0,6.342764393876608,0.12498057918968686
Pennsylvania,2020-08-09,118851,7314,760.0,1.0,5.936577511510126,0.007811286199355429
Pennsylvania,2020-08-10,119452,7317,601.0,3.0,4.694583005812612,0.023433858598066286
Pennsylvania,2020-08-11,120279,7352,827.0,35.0,6.459933686866939,0.27339501697744
Pennsylvania,2020-08-12,121128,7385,849.0,33.0,6.6317819832527585,0.2577724445787291
Pennsylvania,2020-08-13,122120,7409,992.0,24.0,7.7487959097605845,0.1874708687845303
Pennsylvania,2020-08-14,122950,7445,830.0,36.0,6.483367545465005,0.28120630317679546
Pennsylvania,2020-08-15,123797,7465,847.0,20.0,6.616159410854047,0.15622572398710854
Pennsylvania,2020-08-16,124459,7468,662.0,3.0,5.171071463973293,0.023433858598066286
Pennsylvania,2020-08-17,124844,7468,385.0,0.0,3.00734518675184,0.0
Pennsylvania,2020-08-18,125578,7499,734.0,31.0,5.733484070326885,0.24214987218001827
Pennsylvania,2020-08-19,126149,7523,571.0,24.0,4.46024441983195,0.1874708687845303
Pennsylvania,2020-08-20,126940,7538,791.0,15.0,6.178727383690143,0.11716929299033142
Pennsylvania,2020-08-21,127632,7558,692.0,20.0,5.405410049953956,0.15622572398710854
Pennsylvania,2020-08-22,128429,7576,797.0,18.0,6.2255951008862755,0.14060315158839773
Pennsylvania,2020-08-23,129046,7578,617.0,2.0,4.8195635850022995,0.015622572398710857
Pennsylvania,2020-08-24,129472,7579,426.0,1.0,3.3276079209254124,0.007811286199355429
Pennsylvania,2020-08-25,130034,7604,562.0,25.0,4.389942844037751,0.19528215498388574
Pennsylvania,2020-08-26,130536,7623,502.0,19.0,3.921265672076425,0.14841443778775315
Pennsylvania,2020-08-27,131154,7635,618.0,12.0,4.827374871201655,0.09373543439226514
Pennsylvania,2020-08-28,131984,7653,830.0,18.0,6.483367545465005,0.14060315158839773
Pennsylvania,2020-08-29,132826,7671,842.0,18.0,6.577102979857271,0.14060315158839773
Pennsylvania,2020-08-30,133502,7673,676.0,2.0,5.280429470764269,0.015622572398710857
Pennsylvania,2020-08-31,134024,7673,522.0,0.0,4.077491396063533,0.0
Pennsylvania,2020-09-01,134794,7691,770.0,18.0,6.01469037350368,0.14060315158839773
Pennsylvania,2020-09-02,135607,7712,813.0,21.0,6.350575680075963,0.164037010186464
Pennsylvania,2020-09-03,136771,7732,1164.0,20.0,9.092337136049718,0.15622572398710854
Pennsylvania,2020-09-04,137662,7742,891.0,10.0,6.959856003625687,0.07811286199355427
Pennsylvania,2020-09-05,138623,7760,961.0,18.0,7.506646037580566,0.14060315158839773
Pennsylvania,2020-09-06,139314,7760,691.0,0.0,5.397598763754601,0.0
Pennsylvania,2020-09-07,139855,7779,541.0,19.0,4.225905833851287,0.14841443778775315
Pennsylvania,2020-09-08,140354,7790,499.0,11.0,3.8978318134783585,0.08592414819290971
Pennsylvania,2020-09-09,141287,7805,933.0,15.0,7.287930023998614,0.11716929299033142
Pennsylvania,2020-09-10,141877,7820,590.0,15.0,4.6086588576197025,0.11716929299033142
Pennsylvania,2020-09-11,142885,7837,1008.0,17.0,7.873776488950272,0.13279186538904228
Pennsylvania,2020-09-12,143804,7837,919.0,0.0,7.178572017207639,0.0
Pennsylvania,2020-09-13,143879,7837,75.0,0.0,0.5858464649516572,0.0
Pennsylvania,2020-09-14,145063,7869,1184.0,32.0,9.248562860036827,0.24996115837937372
Pennsylvania,2020-09-15,146211,7875,1148.0,6.0,8.96735655686003,0.04686771719613257
Pennsylvania,2020-09-16,146988,7903,777.0,28.0,6.069369376899168,0.218716013581952
Pennsylvania,2020-09-17,147922,7913,934.0,10.0,7.295741310197971,0.07811286199355427
Pennsylvania,2020-09-18,148683,7934,761.0,21.0,5.944388797709481,0.164037010186464
Pennsylvania,2020-09-19,149655,7956,972.0,22.0,7.592570185773476,0.17184829638581942
Pennsylvania,2020-09-20,150327,7980,672.0,24.0,5.249184325966848,0.1874708687845303
Pennsylvania,2020-09-21,150806,8004,479.0,24.0,3.74160608949125,0.1874708687845303
Pennsylvania,2020-09-22,151637,8022,831.0,18.0,6.491178831664361,0.14060315158839773
Pennsylvania,2020-09-23,152543,8061,906.0,39.0,7.077025296616017,0.3046401617748617
Pennsylvania,2020-09-24,153396,8077,853.0,16.0,6.663027128050181,0.12498057918968686
Pennsylvania,2020-09-25,154202,8079,806.0,2.0,6.295896676680476,0.015622572398710857
Pennsylvania,2020-09-26,155232,8101,1030.0,22.0,8.045624785336091,0.17184829638581942
Pennsylvania,2020-09-27,156146,8104,914.0,3.0,7.139515586210861,0.023433858598066286
Pennsylvania,2020-09-28,156822,8105,676.0,1.0,5.280429470764269,0.007811286199355429
Pennsylvania,2020-09-29,157808,8121,986.0,16.0,7.701928192564452,0.12498057918968686
Pennsylvania,2020-09-30,158967,8140,1159.0,19.0,9.053280705052941,0.14841443778775315
Pennsylvania,2020-10-01,160123,8158,1156.0,18.0,9.029846846454875,0.14060315158839773
Rhode Island,2020-02-01,0,0,0.0,0.0,0.0,0.0
Rhode Island,2020-02-02,0,0,0.0,0.0,0.0,0.0
Rhode Island,2020-02-03,0,0,0.0,0.0,0.0,0.0
Rhode Island,2020-02-04,0,0,0.0,0.0,0.0,0.0
Rhode Island,2020-02-05,0,0,0.0,0.0,0.0,0.0
Rhode Island,2020-02-06,0,0,0.0,0.0,0.0,0.0
Rhode Island,2020-02-07,0,0,0.0,0.0,0.0,0.0
Rhode Island,2020-02-08,0,0,0.0,0.0,0.0,0.0
Rhode Island,2020-02-09,0,0,0.0,0.0,0.0,0.0
Rhode Island,2020-02-10,0,0,0.0,0.0,0.0,0.0
Rhode Island,2020-02-11,0,0,0.0,0.0,0.0,0.0
Rhode Island,2020-02-12,0,0,0.0,0.0,0.0,0.0
Rhode Island,2020-02-13,0,0,0.0,0.0,0.0,0.0
Rhode Island,2020-02-14,0,0,0.0,0.0,0.0,0.0
Rhode Island,2020-02-15,0,0,0.0,0.0,0.0,0.0
Rhode Island,2020-02-16,0,0,0.0,0.0,0.0,0.0
Rhode Island,2020-02-17,0,0,0.0,0.0,0.0,0.0
Rhode Island,2020-02-18,0,0,0.0,0.0,0.0,0.0
Rhode Island,2020-02-19,0,0,0.0,0.0,0.0,0.0
Rhode Island,2020-02-20,0,0,0.0,0.0,0.0,0.0
Rhode Island,2020-02-21,0,0,0.0,0.0,0.0,0.0
Rhode Island,2020-02-22,0,0,0.0,0.0,0.0,0.0
Rhode Island,2020-02-23,0,0,0.0,0.0,0.0,0.0
Rhode Island,2020-02-24,0,0,0.0,0.0,0.0,0.0
Rhode Island,2020-02-25,0,0,0.0,0.0,0.0,0.0
Rhode Island,2020-02-26,0,0,0.0,0.0,0.0,0.0
Rhode Island,2020-02-27,0,0,0.0,0.0,0.0,0.0
Rhode Island,2020-02-28,0,0,0.0,0.0,0.0,0.0
Rhode Island,2020-02-29,0,0,0.0,0.0,0.0,0.0
Rhode Island,2020-03-01,1,0,1.0,0.0,0.09439652771812442,0.0
Rhode Island,2020-03-02,2,0,1.0,0.0,0.09439652771812442,0.0
Rhode Island,2020-03-03,2,0,0.0,0.0,0.0,0.0
Rhode Island,2020-03-04,2,0,0.0,0.0,0.0,0.0
Rhode Island,2020-03-05,2,0,0.0,0.0,0.0,0.0
Rhode Island,2020-03-06,2,0,0.0,0.0,0.0,0.0
Rhode Island,2020-03-07,3,0,1.0,0.0,0.09439652771812442,0.0
Rhode Island,2020-03-08,3,0,0.0,0.0,0.0,0.0
Rhode Island,2020-03-09,3,0,0.0,0.0,0.0,0.0
Rhode Island,2020-03-10,3,0,0.0,0.0,0.0,0.0
Rhode Island,2020-03-11,3,0,0.0,0.0,0.0,0.0
Rhode Island,2020-03-12,3,0,0.0,0.0,0.0,0.0
Rhode Island,2020-03-13,6,0,3.0,0.0,0.28318958315437326,0.0
Rhode Island,2020-03-14,6,0,0.0,0.0,0.0,0.0
Rhode Island,2020-03-15,6,0,0.0,0.0,0.0,0.0
Rhode Island,2020-03-16,6,0,0.0,0.0,0.0,0.0
Rhode Island,2020-03-17,6,0,0.0,0.0,0.0,0.0
Rhode Island,2020-03-18,6,0,0.0,0.0,0.0,0.0
Rhode Island,2020-03-19,6,0,0.0,0.0,0.0,0.0
Rhode Island,2020-03-20,6,0,0.0,0.0,0.0,0.0
Rhode Island,2020-03-21,6,0,0.0,0.0,0.0,0.0
Rhode Island,2020-03-22,6,0,0.0,0.0,0.0,0.0
Rhode Island,2020-03-23,6,0,0.0,0.0,0.0,0.0
Rhode Island,2020-03-24,6,0,0.0,0.0,0.0,0.0
Rhode Island,2020-03-25,105,0,99.0,0.0,9.345256244094317,0.0
Rhode Island,2020-03-26,137,0,32.0,0.0,3.0206888869799813,0.0
Rhode Island,2020-03-27,165,0,28.0,0.0,2.6431027761074835,0.0
Rhode Island,2020-03-28,214,0,49.0,0.0,4.625429858188096,0.0
Rhode Island,2020-03-29,242,0,28.0,0.0,2.6431027761074835,0.0
Rhode Island,2020-03-30,307,0,65.0,0.0,6.1357743016780875,0.0
Rhode Island,2020-03-31,413,0,106.0,0.0,10.006031938121188,0.0
Rhode Island,2020-04-01,517,0,104.0,0.0,9.817238882684938,0.0
Rhode Island,2020-04-02,559,6,42.0,6.0,3.964654164161226,0.5663791663087465
Rhode Island,2020-04-03,559,6,0.0,0.0,0.0,0.0
Rhode Island,2020-04-04,594,6,35.0,0.0,3.3038784701343547,0.0
Rhode Island,2020-04-05,724,13,130.0,7.0,12.271548603356175,0.6607756940268709
Rhode Island,2020-04-06,876,13,152.0,0.0,14.348272213154912,0.0
Rhode Island,2020-04-07,1006,13,130.0,0.0,12.271548603356175,0.0
Rhode Island,2020-04-08,1142,13,136.0,0.0,12.83792776966492,0.0
Rhode Island,2020-04-09,1288,14,146.0,1.0,13.781893046846164,0.09439652771812442
Rhode Island,2020-04-10,1296,14,8.0,0.0,0.7551722217449953,0.0
Rhode Island,2020-04-11,1676,14,380.0,0.0,35.87068053288728,0.0
Rhode Island,2020-04-12,1676,14,0.0,0.0,0.0,0.0
Rhode Island,2020-04-13,1676,14,0.0,0.0,0.0,0.0
Rhode Island,2020-04-14,2495,14,819.0,0.0,77.3107562011439,0.0
Rhode Island,2020-04-15,2627,21,132.0,7.0,12.460341658792421,0.6607756940268709
Rhode Island,2020-04-16,2998,21,371.0,0.0,35.02111178342415,0.0
Rhode Island,2020-04-17,3345,21,347.0,0.0,32.75559511818917,0.0
Rhode Island,2020-04-18,3676,21,331.0,0.0,31.245250674699182,0.0
Rhode Island,2020-04-19,3992,21,316.0,0.0,29.829302758927312,0.0
Rhode Island,2020-04-20,4229,21,237.0,0.0,22.371977069195488,0.0
Rhode Island,2020-04-21,4500,21,271.0,0.0,25.581459011611713,0.0
Rhode Island,2020-04-22,4897,21,397.0,0.0,37.475421504095394,0.0
Rhode Island,2020-04-23,5250,21,353.0,0.0,33.32197428449792,0.0
Rhode Island,2020-04-24,5567,21,317.0,0.0,29.92369928664544,0.0
Rhode Island,2020-04-25,5931,115,364.0,94.0,34.360336089397286,8.873273605503694
Rhode Island,2020-04-26,6330,115,399.0,0.0,37.66421455953164,0.0
Rhode Island,2020-04-27,6547,115,217.0,0.0,20.484046514832997,0.0
Rhode Island,2020-04-28,6659,115,112.0,0.0,10.572411104429934,0.0
Rhode Island,2020-04-29,7179,146,520.0,31.0,49.0861944134247,2.926292359261857
Rhode Island,2020-04-30,7533,146,354.0,0.0,33.416370812216044,0.0
Rhode Island,2020-05-01,7858,146,325.0,0.0,30.678871508390436,0.0
Rhode Island,2020-05-02,8147,146,289.0,0.0,27.280596510537954,0.0
Rhode Island,2020-05-03,8391,146,244.0,0.0,23.032752763222355,0.0
Rhode Island,2020-05-04,8519,146,128.0,0.0,12.082755547919925,0.0
Rhode Island,2020-05-05,8519,146,0.0,0.0,0.0,0.0
Rhode Island,2020-05-06,8519,245,0.0,99.0,0.0,9.345256244094317
Rhode Island,2020-05-07,8519,245,0.0,0.0,0.0,0.0
Rhode Island,2020-05-08,8519,245,0.0,0.0,0.0,0.0
Rhode Island,2020-05-09,8519,253,0.0,8.0,0.0,0.7551722217449953
Rhode Island,2020-05-10,8519,253,0.0,0.0,0.0,0.0
Rhode Island,2020-05-11,10283,253,1764.0,0.0,166.51547489477147,0.0
Rhode Island,2020-05-12,10416,253,133.0,0.0,12.554738186510548,0.0
Rhode Island,2020-05-13,10789,253,373.0,0.0,35.20990483886041,0.0
Rhode Island,2020-05-14,10789,253,0.0,0.0,0.0,0.0
Rhode Island,2020-05-15,10789,253,0.0,0.0,0.0,0.0
Rhode Island,2020-05-16,10789,311,0.0,58.0,0.0,5.474998607651216
Rhode Island,2020-05-17,10789,311,0.0,0.0,0.0,0.0
Rhode Island,2020-05-18,10789,311,0.0,0.0,0.0,0.0
Rhode Island,2020-05-19,10789,311,0.0,0.0,0.0,0.0
Rhode Island,2020-05-20,11800,311,1011.0,0.0,95.43488952302378,0.0
Rhode Island,2020-05-21,12018,311,218.0,0.0,20.578443042551125,0.0
Rhode Island,2020-05-22,12208,381,190.0,70.0,17.93534026644364,6.607756940268709
Rhode Island,2020-05-23,12448,381,240.0,0.0,22.65516665234986,0.0
Rhode Island,2020-05-24,12547,381,99.0,0.0,9.345256244094317,0.0
Rhode Island,2020-05-25,12547,381,0.0,0.0,0.0,0.0
Rhode Island,2020-05-26,12547,381,0.0,0.0,0.0,0.0
Rhode Island,2020-05-27,12856,381,309.0,0.0,29.16852706490044,0.0
Rhode Island,2020-05-28,12961,381,105.0,0.0,9.911635410403063,0.0
Rhode Island,2020-05-29,13071,485,110.0,104.0,10.383618048993686,9.817238882684938
Rhode Island,2020-05-30,13071,485,0.0,0.0,0.0,0.0
Rhode Island,2020-05-31,13071,485,0.0,0.0,0.0,0.0
Rhode Island,2020-06-01,13071,485,0.0,0.0,0.0,0.0
Rhode Island,2020-06-02,13071,485,0.0,0.0,0.0,0.0
Rhode Island,2020-06-03,13071,485,0.0,0.0,0.0,0.0
Rhode Island,2020-06-04,13071,485,0.0,0.0,0.0,0.0
Rhode Island,2020-06-05,13071,485,0.0,0.0,0.0,0.0
Rhode Island,2020-06-06,13071,485,0.0,0.0,0.0,0.0
Rhode Island,2020-06-07,13071,485,0.0,0.0,0.0,0.0
Rhode Island,2020-06-08,14077,509,1006.0,24.0,94.96290688443317,2.265516665234986
Rhode Island,2020-06-09,14077,509,0.0,0.0,0.0,0.0
Rhode Island,2020-06-10,14077,509,0.0,0.0,0.0,0.0
Rhode Island,2020-06-11,14077,509,0.0,0.0,0.0,0.0
Rhode Island,2020-06-12,14077,509,0.0,0.0,0.0,0.0
Rhode Island,2020-06-13,14077,509,0.0,0.0,0.0,0.0
Rhode Island,2020-06-14,14077,509,0.0,0.0,0.0,0.0
Rhode Island,2020-06-15,14524,509,447.0,0.0,42.19524789000161,0.0
Rhode Island,2020-06-16,14524,509,0.0,0.0,0.0,0.0
Rhode Island,2020-06-17,14524,509,0.0,0.0,0.0,0.0
Rhode Island,2020-06-18,14524,592,0.0,83.0,0.0,7.834911800604327
Rhode Island,2020-06-19,14524,632,0.0,40.0,0.0,3.7758611087249765
Rhode Island,2020-06-20,14524,632,0.0,0.0,0.0,0.0
Rhode Island,2020-06-21,14524,632,0.0,0.0,0.0,0.0
Rhode Island,2020-06-22,14945,632,421.0,0.0,39.74093816933038,0.0
Rhode Island,2020-06-23,14945,632,0.0,0.0,0.0,0.0
Rhode Island,2020-06-24,14945,632,0.0,0.0,0.0,0.0
Rhode Island,2020-06-25,14945,632,0.0,0.0,0.0,0.0
Rhode Island,2020-06-26,14945,632,0.0,0.0,0.0,0.0
Rhode Island,2020-06-27,14945,632,0.0,0.0,0.0,0.0
Rhode Island,2020-06-28,14945,632,0.0,0.0,0.0,0.0
Rhode Island,2020-06-29,15229,668,284.0,36.0,26.808613871947337,3.3982749978524787
Rhode Island,2020-06-30,15229,668,0.0,0.0,0.0,0.0
Rhode Island,2020-07-01,15229,668,0.0,0.0,0.0,0.0
Rhode Island,2020-07-02,15229,668,0.0,0.0,0.0,0.0
Rhode Island,2020-07-03,15503,668,274.0,0.0,25.86464859476609,0.0
Rhode Island,2020-07-04,15503,668,0.0,0.0,0.0,0.0
Rhode Island,2020-07-05,15503,668,0.0,0.0,0.0,0.0
Rhode Island,2020-07-06,15503,668,0.0,0.0,0.0,0.0
Rhode Island,2020-07-07,15503,949,0.0,281.0,0.0,26.525424288792962
Rhode Island,2020-07-08,15503,949,0.0,0.0,0.0,0.0
Rhode Island,2020-07-09,15503,949,0.0,0.0,0.0,0.0
Rhode Island,2020-07-10,15503,949,0.0,0.0,0.0,0.0
Rhode Island,2020-07-11,15503,949,0.0,0.0,0.0,0.0
Rhode Island,2020-07-12,15503,949,0.0,0.0,0.0,0.0
Rhode Island,2020-07-13,15503,949,0.0,0.0,0.0,0.0
Rhode Island,2020-07-14,15503,949,0.0,0.0,0.0,0.0
Rhode Island,2020-07-15,15503,975,0.0,26.0,0.0,2.4543097206712345
Rhode Island,2020-07-16,15503,975,0.0,0.0,0.0,0.0
Rhode Island,2020-07-17,15503,975,0.0,0.0,0.0,0.0
Rhode Island,2020-07-18,15503,975,0.0,0.0,0.0,0.0
Rhode Island,2020-07-19,15503,975,0.0,0.0,0.0,0.0
Rhode Island,2020-07-20,16202,975,699.0,0.0,65.98317287496897,0.0
Rhode Island,2020-07-21,16202,975,0.0,0.0,0.0,0.0
Rhode Island,2020-07-22,16613,981,411.0,6.0,38.796972892149135,0.5663791663087465
Rhode Island,2020-07-23,16613,981,0.0,0.0,0.0,0.0
Rhode Island,2020-07-24,16613,981,0.0,0.0,0.0,0.0
Rhode Island,2020-07-25,16613,981,0.0,0.0,0.0,0.0
Rhode Island,2020-07-26,16613,981,0.0,0.0,0.0,0.0
Rhode Island,2020-07-27,16613,981,0.0,0.0,0.0,0.0
Rhode Island,2020-07-28,16613,981,0.0,0.0,0.0,0.0
Rhode Island,2020-07-29,17244,981,631.0,0.0,59.56420899013651,0.0
Rhode Island,2020-07-30,17244,981,0.0,0.0,0.0,0.0
Rhode Island,2020-07-31,17244,981,0.0,0.0,0.0,0.0
Rhode Island,2020-08-01,17244,989,0.0,8.0,0.0,0.7551722217449953
Rhode Island,2020-08-02,17244,989,0.0,0.0,0.0,0.0
Rhode Island,2020-08-03,17244,989,0.0,0.0,0.0,0.0
Rhode Island,2020-08-04,17244,989,0.0,0.0,0.0,0.0
Rhode Island,2020-08-05,17860,994,616.0,5.0,58.14826107436464,0.47198263859062206
Rhode Island,2020-08-06,17860,994,0.0,0.0,0.0,0.0
Rhode Island,2020-08-07,17860,994,0.0,0.0,0.0,0.0
Rhode Island,2020-08-08,17860,994,0.0,0.0,0.0,0.0
Rhode Island,2020-08-09,17860,994,0.0,0.0,0.0,0.0
Rhode Island,2020-08-10,17860,994,0.0,0.0,0.0,0.0
Rhode Island,2020-08-11,17860,994,0.0,0.0,0.0,0.0
Rhode Island,2020-08-12,18536,1001,676.0,7.0,63.812052737452106,0.6607756940268709
Rhode Island,2020-08-13,18536,1001,0.0,0.0,0.0,0.0
Rhode Island,2020-08-14,18536,1001,0.0,0.0,0.0,0.0
Rhode Island,2020-08-15,18536,1001,0.0,0.0,0.0,0.0
Rhode Island,2020-08-16,18536,1001,0.0,0.0,0.0,0.0
Rhode Island,2020-08-17,18536,1001,0.0,0.0,0.0,0.0
Rhode Island,2020-08-18,18536,1001,0.0,0.0,0.0,0.0
Rhode Island,2020-08-19,19133,1008,597.0,7.0,56.354727047720274,0.6607756940268709
Rhode Island,2020-08-20,19133,1008,0.0,0.0,0.0,0.0
Rhode Island,2020-08-21,19133,1008,0.0,0.0,0.0,0.0
Rhode Island,2020-08-22,19133,1008,0.0,0.0,0.0,0.0
Rhode Island,2020-08-23,19133,1008,0.0,0.0,0.0,0.0
Rhode Island,2020-08-24,19133,1008,0.0,0.0,0.0,0.0
Rhode Island,2020-08-25,19133,1008,0.0,0.0,0.0,0.0
Rhode Island,2020-08-26,19809,1020,676.0,12.0,63.812052737452106,1.132758332617493
Rhode Island,2020-08-27,19809,1020,0.0,0.0,0.0,0.0
Rhode Island,2020-08-28,19809,1020,0.0,0.0,0.0,0.0
Rhode Island,2020-08-29,19809,1020,0.0,0.0,0.0,0.0
Rhode Island,2020-08-30,19809,1020,0.0,0.0,0.0,0.0
Rhode Island,2020-08-31,19809,1020,0.0,0.0,0.0,0.0
Rhode Island,2020-09-01,19809,1020,0.0,0.0,0.0,0.0
Rhode Island,2020-09-02,20350,1031,541.0,11.0,51.06852149550531,1.0383618048993686
Rhode Island,2020-09-03,20350,1031,0.0,0.0,0.0,0.0
Rhode Island,2020-09-04,20350,1031,0.0,0.0,0.0,0.0
Rhode Island,2020-09-05,20350,1031,0.0,0.0,0.0,0.0
Rhode Island,2020-09-06,20350,1031,0.0,0.0,0.0,0.0
Rhode Island,2020-09-07,20350,1031,0.0,0.0,0.0,0.0
Rhode Island,2020-09-08,20350,1031,0.0,0.0,0.0,0.0
Rhode Island,2020-09-09,20824,1042,474.0,11.0,44.743954138390976,1.0383618048993686
Rhode Island,2020-09-10,20824,1042,0.0,0.0,0.0,0.0
Rhode Island,2020-09-11,20824,1042,0.0,0.0,0.0,0.0
Rhode Island,2020-09-12,20824,1042,0.0,0.0,0.0,0.0
Rhode Island,2020-09-13,20824,1042,0.0,0.0,0.0,0.0
Rhode Island,2020-09-14,20824,1042,0.0,0.0,0.0,0.0
Rhode Island,2020-09-15,20824,1042,0.0,0.0,0.0,0.0
Rhode Island,2020-09-16,21374,1059,550.0,17.0,51.918090244968425,1.604740971208115
Rhode Island,2020-09-17,21374,1059,0.0,0.0,0.0,0.0
Rhode Island,2020-09-18,21374,1059,0.0,0.0,0.0,0.0
Rhode Island,2020-09-19,21374,1059,0.0,0.0,0.0,0.0
Rhode Island,2020-09-20,21374,1059,0.0,0.0,0.0,0.0
Rhode Island,2020-09-21,21374,1059,0.0,0.0,0.0,0.0
Rhode Island,2020-09-22,21374,1059,0.0,0.0,0.0,0.0
Rhode Island,2020-09-23,22029,1078,655.0,19.0,61.8297256553715,1.793534026644364
Rhode Island,2020-09-24,22029,1078,0.0,0.0,0.0,0.0
Rhode Island,2020-09-25,22029,1078,0.0,0.0,0.0,0.0
Rhode Island,2020-09-26,22029,1078,0.0,0.0,0.0,0.0
Rhode Island,2020-09-27,22029,1078,0.0,0.0,0.0,0.0
Rhode Island,2020-09-28,22029,1078,0.0,0.0,0.0,0.0
Rhode Island,2020-09-29,22029,1078,0.0,0.0,0.0,0.0
Rhode Island,2020-09-30,22693,1092,664.0,14.0,62.679294404834614,1.3215513880537417
Rhode Island,2020-10-01,22693,1092,0.0,0.0,0.0,0.0
South Carolina,2020-02-01,0,0,0.0,0.0,0.0,0.0
South Carolina,2020-02-02,0,0,0.0,0.0,0.0,0.0
South Carolina,2020-02-03,0,0,0.0,0.0,0.0,0.0
South Carolina,2020-02-04,0,0,0.0,0.0,0.0,0.0
South Carolina,2020-02-05,0,0,0.0,0.0,0.0,0.0
South Carolina,2020-02-06,0,0,0.0,0.0,0.0,0.0
South Carolina,2020-02-07,0,0,0.0,0.0,0.0,0.0
South Carolina,2020-02-08,0,0,0.0,0.0,0.0,0.0
South Carolina,2020-02-09,0,0,0.0,0.0,0.0,0.0
South Carolina,2020-02-10,0,0,0.0,0.0,0.0,0.0
South Carolina,2020-02-11,0,0,0.0,0.0,0.0,0.0
South Carolina,2020-02-12,0,0,0.0,0.0,0.0,0.0
South Carolina,2020-02-13,0,0,0.0,0.0,0.0,0.0
South Carolina,2020-02-14,0,0,0.0,0.0,0.0,0.0
South Carolina,2020-02-15,0,0,0.0,0.0,0.0,0.0
South Carolina,2020-02-16,0,0,0.0,0.0,0.0,0.0
South Carolina,2020-02-17,0,0,0.0,0.0,0.0,0.0
South Carolina,2020-02-18,0,0,0.0,0.0,0.0,0.0
South Carolina,2020-02-19,0,0,0.0,0.0,0.0,0.0
South Carolina,2020-02-20,0,0,0.0,0.0,0.0,0.0
South Carolina,2020-02-21,0,0,0.0,0.0,0.0,0.0
South Carolina,2020-02-22,0,0,0.0,0.0,0.0,0.0
South Carolina,2020-02-23,0,0,0.0,0.0,0.0,0.0
South Carolina,2020-02-24,0,0,0.0,0.0,0.0,0.0
South Carolina,2020-02-25,0,0,0.0,0.0,0.0,0.0
South Carolina,2020-02-26,0,0,0.0,0.0,0.0,0.0
South Carolina,2020-02-27,0,0,0.0,0.0,0.0,0.0
South Carolina,2020-02-28,0,0,0.0,0.0,0.0,0.0
South Carolina,2020-02-29,0,0,0.0,0.0,0.0,0.0
South Carolina,2020-03-01,0,0,0.0,0.0,0.0,0.0
South Carolina,2020-03-02,0,0,0.0,0.0,0.0,0.0
South Carolina,2020-03-03,0,0,0.0,0.0,0.0,0.0
South Carolina,2020-03-04,0,0,0.0,0.0,0.0,0.0
South Carolina,2020-03-05,0,0,0.0,0.0,0.0,0.0
South Carolina,2020-03-06,2,0,2.0,0.0,0.03884465130516086,0.0
South Carolina,2020-03-07,5,0,3.0,0.0,0.058266976957741294,0.0
South Carolina,2020-03-08,7,0,2.0,0.0,0.03884465130516086,0.0
South Carolina,2020-03-09,9,0,2.0,0.0,0.03884465130516086,0.0
South Carolina,2020-03-10,10,0,1.0,0.0,0.01942232565258043,0.0
South Carolina,2020-03-11,12,0,2.0,0.0,0.03884465130516086,0.0
South Carolina,2020-03-12,13,0,1.0,0.0,0.01942232565258043,0.0
South Carolina,2020-03-13,13,0,0.0,0.0,0.0,0.0
South Carolina,2020-03-14,19,0,6.0,0.0,0.11653395391548259,0.0
South Carolina,2020-03-15,28,0,9.0,0.0,0.17480093087322388,0.0
South Carolina,2020-03-16,33,1,5.0,1.0,0.09711162826290216,0.01942232565258043
South Carolina,2020-03-17,47,1,14.0,0.0,0.271912559136126,0.0
South Carolina,2020-03-18,60,1,13.0,0.0,0.2524902334835456,0.0
South Carolina,2020-03-19,80,1,20.0,0.0,0.38844651305160866,0.0
South Carolina,2020-03-20,124,1,44.0,0.0,0.8545823287135389,0.0
South Carolina,2020-03-21,171,3,47.0,2.0,0.9128493056712803,0.03884465130516086
South Carolina,2020-03-22,193,3,22.0,0.0,0.42729116435676945,0.0
South Carolina,2020-03-23,297,4,104.0,1.0,2.019921867868365,0.01942232565258043
South Carolina,2020-03-24,340,7,43.0,3.0,0.8351600030609585,0.058266976957741294
South Carolina,2020-03-25,424,7,84.0,0.0,1.6314753548167562,0.0
South Carolina,2020-03-26,453,9,29.0,2.0,0.5632474439248325,0.03884465130516086
South Carolina,2020-03-27,539,9,86.0,0.0,1.670320006121917,0.0
South Carolina,2020-03-28,660,13,121.0,4.0,2.350101403962232,0.07768930261032173
South Carolina,2020-03-29,768,16,108.0,3.0,2.097611170478687,0.058266976957741294
South Carolina,2020-03-30,925,18,157.0,2.0,3.0493051274551277,0.03884465130516086
South Carolina,2020-03-31,1083,22,158.0,4.0,3.0687274531077082,0.07768930261032173
South Carolina,2020-04-01,1293,25,210.0,3.0,4.078688387041891,0.058266976957741294
South Carolina,2020-04-02,1553,31,260.0,6.0,5.049804669670912,0.11653395391548259
South Carolina,2020-04-03,1699,34,146.0,3.0,2.835659545276743,0.058266976957741294
South Carolina,2020-04-04,1913,40,214.0,6.0,4.156377689652212,0.11653395391548259
South Carolina,2020-04-05,2048,44,135.0,4.0,2.622013963098358,0.07768930261032173
South Carolina,2020-04-06,2230,48,182.0,4.0,3.534863268769638,0.07768930261032173
South Carolina,2020-04-07,2407,51,177.0,3.0,3.437751640506736,0.058266976957741294
South Carolina,2020-04-08,2551,63,144.0,12.0,2.796814893971582,0.23306790783096518
South Carolina,2020-04-09,2790,67,239.0,4.0,4.641935830966723,0.07768930261032173
South Carolina,2020-04-10,3064,72,274.0,5.0,5.321717228807038,0.09711162826290216
South Carolina,2020-04-11,3064,72,0.0,0.0,0.0,0.0
South Carolina,2020-04-12,3311,82,247.0,10.0,4.797314436187366,0.19422325652580433
South Carolina,2020-04-13,3438,82,127.0,0.0,2.4666353578777147,0.0
South Carolina,2020-04-14,3553,95,115.0,13.0,2.2335674500467495,0.2524902334835456
South Carolina,2020-04-15,3659,104,106.0,9.0,2.0587665191735254,0.17480093087322388
South Carolina,2020-04-16,3915,109,256.0,5.0,4.97211536706059,0.09711162826290216
South Carolina,2020-04-17,4081,116,166.0,7.0,3.2241060583283514,0.135956279568063
South Carolina,2020-04-18,4241,119,160.0,3.0,3.1075721044128692,0.058266976957741294
South Carolina,2020-04-19,4369,120,128.0,1.0,2.486057683530295,0.01942232565258043
South Carolina,2020-04-20,4434,124,65.0,4.0,1.262451167417728,0.07768930261032173
South Carolina,2020-04-21,4605,135,171.0,11.0,3.3212176865912535,0.21364558217838472
South Carolina,2020-04-22,4758,140,153.0,5.0,2.9716158248448057,0.09711162826290216
South Carolina,2020-04-23,4916,150,158.0,10.0,3.0687274531077082,0.19422325652580433
South Carolina,2020-04-24,5068,158,152.0,8.0,2.9521934991922256,0.15537860522064345
South Carolina,2020-04-25,5243,166,175.0,8.0,3.3989069892015755,0.15537860522064345
South Carolina,2020-04-26,5243,166,0.0,0.0,0.0,0.0
South Carolina,2020-04-27,5611,177,368.0,11.0,7.147415840149598,0.21364558217838472
South Carolina,2020-04-28,5734,192,123.0,15.0,2.388946055267393,0.29133488478870645
South Carolina,2020-04-29,5881,232,147.0,40.0,2.8550818709293235,0.7768930261032173
South Carolina,2020-04-30,6095,244,214.0,12.0,4.156377689652212,0.23306790783096518
South Carolina,2020-05-01,6254,256,159.0,12.0,3.0881497787602883,0.23306790783096518
South Carolina,2020-05-02,6485,267,231.0,11.0,4.48655722574608,0.21364558217838472
South Carolina,2020-05-03,6617,275,132.0,8.0,2.563746986140617,0.15537860522064345
South Carolina,2020-05-04,6748,282,131.0,7.0,2.5443246604880363,0.135956279568063
South Carolina,2020-05-05,6836,295,88.0,13.0,1.7091646574270778,0.2524902334835456
South Carolina,2020-05-06,6935,304,99.0,9.0,1.9228102396054627,0.17480093087322388
South Carolina,2020-05-07,7139,315,204.0,11.0,3.9621544331264076,0.21364558217838472
South Carolina,2020-05-08,7364,319,225.0,4.0,4.370023271830597,0.07768930261032173
South Carolina,2020-05-09,7528,329,164.0,10.0,3.1852614070231904,0.19422325652580433
South Carolina,2020-05-10,7649,330,121.0,1.0,2.350101403962232,0.01942232565258043
South Carolina,2020-05-11,7780,343,131.0,13.0,2.5443246604880363,0.2524902334835456
South Carolina,2020-05-12,7902,352,122.0,9.0,2.3695237296148126,0.17480093087322388
South Carolina,2020-05-13,8026,361,124.0,9.0,2.4083683809199736,0.17480093087322388
South Carolina,2020-05-14,8189,370,163.0,9.0,3.1658390813706103,0.17480093087322388
South Carolina,2020-05-15,8401,379,212.0,9.0,4.117533038347051,0.17480093087322388
South Carolina,2020-05-16,8658,380,257.0,1.0,4.9915376927131705,0.01942232565258043
South Carolina,2020-05-17,8811,385,153.0,5.0,2.9716158248448057,0.09711162826290216
South Carolina,2020-05-18,8934,391,123.0,6.0,2.388946055267393,0.11653395391548259
South Carolina,2020-05-19,9050,399,116.0,8.0,2.25298977569933,0.15537860522064345
South Carolina,2020-05-20,9172,407,122.0,8.0,2.3695237296148126,0.15537860522064345
South Carolina,2020-05-21,9378,416,206.0,9.0,4.000999084431569,0.17480093087322388
South Carolina,2020-05-22,9636,419,258.0,3.0,5.0109600183657514,0.058266976957741294
South Carolina,2020-05-23,9895,425,259.0,6.0,5.0303823440183315,0.11653395391548259
South Carolina,2020-05-24,10092,435,197.0,10.0,3.826198153558345,0.19422325652580433
South Carolina,2020-05-25,10177,440,85.0,5.0,1.6508976804693367,0.09711162826290216
South Carolina,2020-05-26,10415,446,238.0,6.0,4.622513505314142,0.11653395391548259
South Carolina,2020-05-27,10622,466,207.0,20.0,4.020421410084149,0.38844651305160866
South Carolina,2020-05-28,10788,470,166.0,4.0,3.2241060583283514,0.07768930261032173
South Carolina,2020-05-29,11131,483,343.0,13.0,6.661857698835087,0.2524902334835456
South Carolina,2020-05-30,11829,483,698.0,0.0,13.55678330550114,0.0
South Carolina,2020-05-31,11859,494,30.0,11.0,0.5826697695774129,0.21364558217838472
South Carolina,2020-06-01,12143,500,284.0,6.0,5.515940485332843,0.11653395391548259
South Carolina,2020-06-02,12412,501,269.0,1.0,5.224605600544136,0.01942232565258043
South Carolina,2020-06-03,12647,518,235.0,17.0,4.564246528356401,0.33017953609386735
South Carolina,2020-06-04,12996,525,349.0,7.0,6.77839165275057,0.135956279568063
South Carolina,2020-06-05,13441,538,445.0,13.0,8.64293491539829,0.2524902334835456
South Carolina,2020-06-06,13914,545,473.0,7.0,9.186760033670545,0.135956279568063
South Carolina,2020-06-07,14284,546,370.0,1.0,7.186260491454759,0.01942232565258043
South Carolina,2020-06-08,14796,557,512.0,11.0,9.94423073412118,0.21364558217838472
South Carolina,2020-06-09,15220,568,424.0,11.0,8.235066076694102,0.21364558217838472
South Carolina,2020-06-10,15758,575,538.0,7.0,10.449211201088271,0.135956279568063
South Carolina,2020-06-11,16437,587,679.0,12.0,13.187759118102113,0.23306790783096518
South Carolina,2020-06-12,17170,592,733.0,5.0,14.236564703341458,0.09711162826290216
South Carolina,2020-06-13,17955,598,785.0,6.0,15.246525637275637,0.11653395391548259
South Carolina,2020-06-14,18795,599,840.0,1.0,16.314753548167563,0.01942232565258043
South Carolina,2020-06-15,19376,601,581.0,2.0,11.28437120414923,0.03884465130516086
South Carolina,2020-06-16,19990,606,614.0,5.0,11.925307950684385,0.09711162826290216
South Carolina,2020-06-17,20550,617,560.0,11.0,10.87650236544504,0.21364558217838472
South Carolina,2020-06-18,21527,620,977.0,3.0,18.97561216257108,0.058266976957741294
South Carolina,2020-06-19,22608,638,1081.0,18.0,20.995534030439444,0.34960186174644775
South Carolina,2020-06-20,23756,643,1148.0,5.0,22.296829849162336,0.09711162826290216
South Carolina,2020-06-21,24659,652,903.0,9.0,17.53836006428013,0.17480093087322388
South Carolina,2020-06-22,25653,657,994.0,5.0,19.305791698664947,0.09711162826290216
South Carolina,2020-06-23,26571,673,918.0,16.0,17.829694949068834,0.3107572104412869
South Carolina,2020-06-24,27841,683,1270.0,10.0,24.666353578777144,0.19422325652580433
South Carolina,2020-06-25,28958,691,1117.0,8.0,21.69473775393234,0.15537860522064345
South Carolina,2020-06-26,30262,692,1304.0,1.0,25.326712650964883,0.01942232565258043
South Carolina,2020-06-27,31850,707,1588.0,15.0,30.842653136297727,0.29133488478870645
South Carolina,2020-06-28,33221,712,1371.0,5.0,26.62800846968777,0.09711162826290216
South Carolina,2020-06-29,34546,717,1325.0,5.0,25.734581489669072,0.09711162826290216
South Carolina,2020-06-30,36297,735,1751.0,18.0,34.00849221766833,0.34960186174644775
South Carolina,2020-07-01,37809,759,1512.0,24.0,29.36655638670161,0.46613581566193035
South Carolina,2020-07-02,39581,777,1772.0,18.0,34.41636105637252,0.34960186174644775
South Carolina,2020-07-03,41413,786,1832.0,9.0,35.58170059552735,0.17480093087322388
South Carolina,2020-07-04,43260,805,1847.0,19.0,35.873035480316055,0.3690241873990282
South Carolina,2020-07-05,44682,813,1422.0,8.0,27.618547077969374,0.15537860522064345
South Carolina,2020-07-06,46246,819,1564.0,6.0,30.376517320635795,0.11653395391548259
South Carolina,2020-07-07,47214,838,968.0,19.0,18.800811231697857,0.3690241873990282
South Carolina,2020-07-08,48770,876,1556.0,38.0,30.22113871541515,0.7380483747980564
South Carolina,2020-07-09,50547,899,1777.0,23.0,34.513472684635424,0.4467134900093499
South Carolina,2020-07-10,52270,922,1723.0,23.0,33.46466709939608,0.4467134900093499
South Carolina,2020-07-11,54538,940,2268.0,18.0,44.04983458005242,0.34960186174644775
South Carolina,2020-07-12,56477,950,1939.0,10.0,37.65988944035345,0.19422325652580433
South Carolina,2020-07-13,58003,963,1526.0,13.0,29.63846894583774,0.2524902334835456
South Carolina,2020-07-14,60220,985,2217.0,22.0,43.059295971770815,0.42729116435676945
South Carolina,2020-07-15,61987,985,1767.0,0.0,34.31924942810962,0.0
South Carolina,2020-07-16,63880,1042,1893.0,57.0,36.76646246033476,1.1070725621970845
South Carolina,2020-07-17,65857,1079,1977.0,37.0,38.39793781515151,0.7186260491454759
South Carolina,2020-07-18,67396,1118,1539.0,39.0,29.890959179321282,0.7574707004506368
South Carolina,2020-07-19,69765,1138,2369.0,20.0,46.01148947096304,0.38844651305160866
South Carolina,2020-07-20,71213,1147,1448.0,9.0,28.12352754493646,0.17480093087322388
South Carolina,2020-07-21,73101,1203,1888.0,56.0,36.669350832071856,1.087650236544504
South Carolina,2020-07-22,74761,1242,1660.0,39.0,32.24106058328351,0.7574707004506368
South Carolina,2020-07-23,76315,1294,1554.0,52.0,30.18229406410999,1.0099609339341824
South Carolina,2020-07-24,78298,1339,1983.0,45.0,38.51447176906699,0.8740046543661194
South Carolina,2020-07-25,79674,1411,1376.0,72.0,26.725120097950672,1.398407446985791
South Carolina,2020-07-26,80852,1436,1178.0,25.0,22.87949961873975,0.48555814131451075
South Carolina,2020-07-27,82068,1452,1216.0,16.0,23.617547993537805,0.3107572104412869
South Carolina,2020-07-28,83719,1452,1651.0,0.0,32.06625965241029,0.0
South Carolina,2020-07-29,85416,1551,1697.0,99.0,32.95968663242899,1.9228102396054627
South Carolina,2020-07-30,87113,1599,1697.0,48.0,32.95968663242899,0.9322716313238607
South Carolina,2020-07-31,88523,1646,1410.0,47.0,27.385479170138407,0.9128493056712803
South Carolina,2020-08-01,90076,1683,1553.0,37.0,30.162871738457408,0.7186260491454759
South Carolina,2020-08-02,91257,1709,1181.0,26.0,22.93776659569749,0.5049804669670912
South Carolina,2020-08-03,92403,1721,1146.0,12.0,22.257985197857174,0.23306790783096518
South Carolina,2020-08-04,93604,1774,1201.0,53.0,23.326213108749098,1.0293832595867627
South Carolina,2020-08-05,94837,1819,1233.0,45.0,23.94772752963167,0.8740046543661194
South Carolina,2020-08-06,96132,1819,1295.0,0.0,25.151911720091658,0.0
South Carolina,2020-08-07,98739,1819,2607.0,0.0,50.63400297627719,0.0
South Carolina,2020-08-08,98742,1819,3.0,0.0,0.058266976957741294,0.0
South Carolina,2020-08-09,100429,2029,1687.0,210.0,32.76546337590319,4.078688387041891
South Carolina,2020-08-10,101123,2046,694.0,17.0,13.479094002890818,0.33017953609386735
South Carolina,2020-08-11,102130,2097,1007.0,51.0,19.558281932148496,0.9905386082816019
South Carolina,2020-08-12,103892,2184,1762.0,87.0,34.22213779984672,1.6897423317744973
South Carolina,2020-08-13,103892,2184,0.0,0.0,0.0,0.0
South Carolina,2020-08-14,104841,2204,949.0,20.0,18.43178704429883,0.38844651305160866
South Carolina,2020-08-15,105882,2259,1041.0,55.0,20.218641004336227,1.0682279108919237
South Carolina,2020-08-16,106493,2268,611.0,9.0,11.867040973726644,0.17480093087322388
South Carolina,2020-08-17,106949,2287,456.0,19.0,8.856580497576676,0.3690241873990282
South Carolina,2020-08-18,107670,2341,721.0,54.0,14.003496795510491,1.0488055852393434
South Carolina,2020-08-19,108410,2358,740.0,17.0,14.372520982909519,0.33017953609386735
South Carolina,2020-08-20,109319,2399,909.0,41.0,17.654894018195613,0.7963153517557976
South Carolina,2020-08-21,110378,2458,1059.0,59.0,20.568242866082674,1.1459172135022455
South Carolina,2020-08-22,111294,2490,916.0,32.0,17.790850297763676,0.6215144208825738
South Carolina,2020-08-23,111981,2501,687.0,11.0,13.343137723322755,0.21364558217838472
South Carolina,2020-08-24,112540,2508,559.0,7.0,10.85708003979246,0.135956279568063
South Carolina,2020-08-25,113486,2527,946.0,19.0,18.37352006734109,0.3690241873990282
South Carolina,2020-08-26,114087,2572,601.0,45.0,11.67281771720084,0.8740046543661194
South Carolina,2020-08-27,114598,2627,511.0,55.0,9.9248084084686,1.0682279108919237
South Carolina,2020-08-28,115951,2654,1353.0,27.0,26.27840660794132,0.5244027926196717
South Carolina,2020-08-29,117249,2698,1298.0,44.0,25.2101786970494,0.8545823287135389
South Carolina,2020-08-30,118313,2709,1064.0,11.0,20.66535449434558,0.21364558217838472
South Carolina,2020-08-31,118988,2720,675.0,11.0,13.11006981549179,0.21364558217838472
South Carolina,2020-09-01,119841,2757,853.0,37.0,16.567243781651108,0.7186260491454759
South Carolina,2020-09-02,120503,2794,662.0,37.0,12.857579582008245,0.7186260491454759
South Carolina,2020-09-03,121696,2807,1193.0,13.0,23.170834503528454,0.2524902334835456
South Carolina,2020-09-04,123324,2844,1628.0,37.0,31.619546162400944,0.7186260491454759
South Carolina,2020-09-05,124287,2876,963.0,32.0,18.703699603434956,0.6215144208825738
South Carolina,2020-09-06,124945,2886,658.0,10.0,12.779890279397923,0.19422325652580433
South Carolina,2020-09-07,125547,2906,602.0,20.0,11.692240042853419,0.38844651305160866
South Carolina,2020-09-08,125881,2911,334.0,5.0,6.487056767961864,0.09711162826290216
South Carolina,2020-09-09,126176,2939,295.0,28.0,5.729586067511227,0.543825118272252
South Carolina,2020-09-10,126592,2974,416.0,35.0,8.07968747147346,0.679781397840315
South Carolina,2020-09-11,129045,3023,2453.0,49.0,47.6429648257798,0.9516939569764412
South Carolina,2020-09-12,129978,3039,933.0,16.0,18.12102983385754,0.3107572104412869
South Carolina,2020-09-13,131864,3061,1886.0,22.0,36.630506180766695,0.42729116435676945
South Carolina,2020-09-14,132671,3074,807.0,13.0,15.673816801632407,0.2524902334835456
South Carolina,2020-09-15,133470,3095,799.0,21.0,15.518438196411765,0.40786883870418905
South Carolina,2020-09-16,134120,3128,650.0,33.0,12.624511674177281,0.6409367465351542
South Carolina,2020-09-17,135444,3153,1324.0,25.0,25.71515916401649,0.48555814131451075
South Carolina,2020-09-18,136318,3173,874.0,20.0,16.975112620355297,0.38844651305160866
South Carolina,2020-09-19,137239,3184,921.0,11.0,17.887961926026577,0.21364558217838472
South Carolina,2020-09-20,137708,3196,469.0,12.0,9.109070731060221,0.23306790783096518
South Carolina,2020-09-21,138123,3208,415.0,12.0,8.060265145820878,0.23306790783096518
South Carolina,2020-09-22,140787,3237,2664.0,29.0,51.74107553847426,0.5632474439248325
South Carolina,2020-09-23,141686,3261,899.0,24.0,17.460670761669807,0.46613581566193035
South Carolina,2020-09-24,142707,3277,1021.0,16.0,19.83019449128462,0.3107572104412869
South Carolina,2020-09-25,143901,3295,1194.0,18.0,23.190256829181035,0.34960186174644775
South Carolina,2020-09-26,145270,3321,1369.0,26.0,26.58916381838261,0.5049804669670912
South Carolina,2020-09-27,145880,3324,610.0,3.0,11.847618648074063,0.058266976957741294
South Carolina,2020-09-28,146429,3335,549.0,11.0,10.662856783266657,0.21364558217838472
South Carolina,2020-09-29,147603,3356,1174.0,21.0,22.801810316129426,0.40786883870418905
South Carolina,2020-09-30,147929,3374,326.0,18.0,6.331678162741221,0.34960186174644775
South Carolina,2020-10-01,148319,3395,390.0,21.0,7.574707004506368,0.40786883870418905
South Dakota,2020-02-01,0,0,0.0,0.0,0.0,0.0
South Dakota,2020-02-02,0,0,0.0,0.0,0.0,0.0
South Dakota,2020-02-03,0,0,0.0,0.0,0.0,0.0
South Dakota,2020-02-04,0,0,0.0,0.0,0.0,0.0
South Dakota,2020-02-05,0,0,0.0,0.0,0.0,0.0
South Dakota,2020-02-06,0,0,0.0,0.0,0.0,0.0
South Dakota,2020-02-07,0,0,0.0,0.0,0.0,0.0
South Dakota,2020-02-08,0,0,0.0,0.0,0.0,0.0
South Dakota,2020-02-09,0,0,0.0,0.0,0.0,0.0
South Dakota,2020-02-10,0,0,0.0,0.0,0.0,0.0
South Dakota,2020-02-11,0,0,0.0,0.0,0.0,0.0
South Dakota,2020-02-12,0,0,0.0,0.0,0.0,0.0
South Dakota,2020-02-13,0,0,0.0,0.0,0.0,0.0
South Dakota,2020-02-14,0,0,0.0,0.0,0.0,0.0
South Dakota,2020-02-15,0,0,0.0,0.0,0.0,0.0
South Dakota,2020-02-16,0,0,0.0,0.0,0.0,0.0
South Dakota,2020-02-17,0,0,0.0,0.0,0.0,0.0
South Dakota,2020-02-18,0,0,0.0,0.0,0.0,0.0
South Dakota,2020-02-19,0,0,0.0,0.0,0.0,0.0
South Dakota,2020-02-20,0,0,0.0,0.0,0.0,0.0
South Dakota,2020-02-21,0,0,0.0,0.0,0.0,0.0
South Dakota,2020-02-22,0,0,0.0,0.0,0.0,0.0
South Dakota,2020-02-23,0,0,0.0,0.0,0.0,0.0
South Dakota,2020-02-24,0,0,0.0,0.0,0.0,0.0
South Dakota,2020-02-25,0,0,0.0,0.0,0.0,0.0
South Dakota,2020-02-26,0,0,0.0,0.0,0.0,0.0
South Dakota,2020-02-27,0,0,0.0,0.0,0.0,0.0
South Dakota,2020-02-28,0,0,0.0,0.0,0.0,0.0
South Dakota,2020-02-29,0,0,0.0,0.0,0.0,0.0
South Dakota,2020-03-01,0,0,0.0,0.0,0.0,0.0
South Dakota,2020-03-02,0,0,0.0,0.0,0.0,0.0
South Dakota,2020-03-03,0,0,0.0,0.0,0.0,0.0
South Dakota,2020-03-04,0,0,0.0,0.0,0.0,0.0
South Dakota,2020-03-05,0,0,0.0,0.0,0.0,0.0
South Dakota,2020-03-06,0,0,0.0,0.0,0.0,0.0
South Dakota,2020-03-07,0,0,0.0,0.0,0.0,0.0
South Dakota,2020-03-08,0,0,0.0,0.0,0.0,0.0
South Dakota,2020-03-09,1,0,1.0,0.0,0.11303790500068388,0.0
South Dakota,2020-03-10,5,1,4.0,1.0,0.4521516200027355,0.11303790500068388
South Dakota,2020-03-11,7,1,2.0,0.0,0.22607581000136776,0.0
South Dakota,2020-03-12,8,1,1.0,0.0,0.11303790500068388,0.0
South Dakota,2020-03-13,9,1,1.0,0.0,0.11303790500068388,0.0
South Dakota,2020-03-14,9,1,0.0,0.0,0.0,0.0
South Dakota,2020-03-15,9,1,0.0,0.0,0.0,0.0
South Dakota,2020-03-16,10,1,1.0,0.0,0.11303790500068388,0.0
South Dakota,2020-03-17,11,1,1.0,0.0,0.11303790500068388,0.0
South Dakota,2020-03-18,11,1,0.0,0.0,0.0,0.0
South Dakota,2020-03-19,14,1,3.0,0.0,0.3391137150020516,0.0
South Dakota,2020-03-20,14,1,0.0,0.0,0.0,0.0
South Dakota,2020-03-21,14,1,0.0,0.0,0.0,0.0
South Dakota,2020-03-22,21,1,7.0,0.0,0.7912653350047871,0.0
South Dakota,2020-03-23,27,1,6.0,0.0,0.6782274300041032,0.0
South Dakota,2020-03-24,30,1,3.0,0.0,0.3391137150020516,0.0
South Dakota,2020-03-25,41,1,11.0,0.0,1.2434169550075227,0.0
South Dakota,2020-03-26,46,1,5.0,0.0,0.5651895250034195,0.0
South Dakota,2020-03-27,58,1,12.0,0.0,1.3564548600082065,0.0
South Dakota,2020-03-28,68,1,10.0,0.0,1.130379050006839,0.0
South Dakota,2020-03-29,90,1,22.0,0.0,2.4868339100150454,0.0
South Dakota,2020-03-30,100,1,10.0,0.0,1.130379050006839,0.0
South Dakota,2020-03-31,100,1,0.0,0.0,0.0,0.0
South Dakota,2020-04-01,129,2,29.0,1.0,3.2780992450198325,0.11303790500068388
South Dakota,2020-04-02,165,2,36.0,0.0,4.06936458002462,0.0
South Dakota,2020-04-03,187,2,22.0,0.0,2.4868339100150454,0.0
South Dakota,2020-04-04,212,2,25.0,0.0,2.825947625017097,0.0
South Dakota,2020-04-05,240,2,28.0,0.0,3.1650613400191485,0.0
South Dakota,2020-04-06,285,3,45.0,1.0,5.086705725030774,0.11303790500068388
South Dakota,2020-04-07,319,3,34.0,0.0,3.843288770023252,0.0
South Dakota,2020-04-08,392,4,73.0,1.0,8.251767065049924,0.11303790500068388
South Dakota,2020-04-09,446,4,54.0,0.0,6.10404687003693,0.0
South Dakota,2020-04-10,533,4,87.0,0.0,9.834297735059497,0.0
South Dakota,2020-04-11,625,4,92.0,0.0,10.399487260062918,0.0
South Dakota,2020-04-12,727,4,102.0,0.0,11.529866310069755,0.0
South Dakota,2020-04-13,865,4,138.0,0.0,15.599230890094375,0.0
South Dakota,2020-04-14,985,4,120.0,0.0,13.564548600082066,0.0
South Dakota,2020-04-15,1167,4,182.0,0.0,20.572898710124466,0.0
South Dakota,2020-04-16,1310,5,143.0,1.0,16.164420415097794,0.11303790500068388
South Dakota,2020-04-17,1410,5,100.0,0.0,11.303790500068388,0.0
South Dakota,2020-04-18,1540,7,130.0,2.0,14.694927650088903,0.22607581000136776
South Dakota,2020-04-19,1634,7,94.0,0.0,10.625563070064285,0.0
South Dakota,2020-04-20,1634,7,0.0,0.0,0.0,0.0
South Dakota,2020-04-21,1754,8,120.0,1.0,13.564548600082066,0.11303790500068388
South Dakota,2020-04-22,1857,9,103.0,1.0,11.64290421507044,0.11303790500068388
South Dakota,2020-04-23,1955,9,98.0,0.0,11.07771469006702,0.0
South Dakota,2020-04-24,2038,9,83.0,0.0,9.382146115056763,0.0
South Dakota,2020-04-25,2146,10,108.0,1.0,12.20809374007386,0.11303790500068388
South Dakota,2020-04-26,2211,11,65.0,1.0,7.347463825044452,0.11303790500068388
South Dakota,2020-04-27,2243,11,32.0,0.0,3.617212960021884,0.0
South Dakota,2020-04-28,2311,11,68.0,0.0,7.686577540046504,0.0
South Dakota,2020-04-29,2372,13,61.0,2.0,6.895312205041717,0.22607581000136776
South Dakota,2020-04-30,2448,17,76.0,4.0,8.590880780051975,0.4521516200027355
South Dakota,2020-05-01,2523,21,75.0,4.0,8.47784287505129,0.4521516200027355
South Dakota,2020-05-02,2586,21,63.0,0.0,7.121388015043085,0.0
South Dakota,2020-05-03,2629,21,43.0,0.0,4.860629915029407,0.0
South Dakota,2020-05-04,2666,21,37.0,0.0,4.182402485025304,0.0
South Dakota,2020-05-05,2719,24,53.0,3.0,5.9910089650362455,0.3391137150020516
South Dakota,2020-05-06,2777,29,58.0,5.0,6.556198490039665,0.5651895250034195
South Dakota,2020-05-07,2904,31,127.0,2.0,14.355813935086854,0.22607581000136776
South Dakota,2020-05-08,3143,31,239.0,0.0,27.016059295163448,0.0
South Dakota,2020-05-09,3391,34,248.0,3.0,28.0334004401696,0.3391137150020516
South Dakota,2020-05-10,3515,34,124.0,0.0,14.0167002200848,0.0
South Dakota,2020-05-11,3612,34,97.0,0.0,10.964676785066336,0.0
South Dakota,2020-05-12,3661,39,49.0,5.0,5.53885734503351,0.5651895250034195
South Dakota,2020-05-13,3729,39,68.0,0.0,7.686577540046504,0.0
South Dakota,2020-05-14,3790,43,61.0,4.0,6.895312205041717,0.4521516200027355
South Dakota,2020-05-15,3885,44,95.0,1.0,10.73860097506497,0.11303790500068388
South Dakota,2020-05-16,3956,44,71.0,0.0,8.025691255048557,0.0
South Dakota,2020-05-17,3985,44,29.0,0.0,3.2780992450198325,0.0
South Dakota,2020-05-18,4024,44,39.0,0.0,4.408478295026671,0.0
South Dakota,2020-05-19,4082,44,58.0,0.0,6.556198490039665,0.0
South Dakota,2020-05-20,4174,46,92.0,2.0,10.399487260062918,0.22607581000136776
South Dakota,2020-05-21,4246,48,72.0,2.0,8.13872916004924,0.22607581000136776
South Dakota,2020-05-22,4352,50,106.0,2.0,11.982017930072491,0.22607581000136776
South Dakota,2020-05-23,4464,50,112.0,0.0,12.660245360076594,0.0
South Dakota,2020-05-24,4559,50,95.0,0.0,10.73860097506497,0.0
South Dakota,2020-05-25,4582,50,23.0,0.0,2.5998718150157294,0.0
South Dakota,2020-05-26,4649,50,67.0,0.0,7.57353963504582,0.0
South Dakota,2020-05-27,4702,54,53.0,4.0,5.9910089650362455,0.4521516200027355
South Dakota,2020-05-28,4783,54,81.0,0.0,9.156070305055394,0.0
South Dakota,2020-05-29,4862,59,79.0,5.0,8.929994495054027,0.5651895250034195
South Dakota,2020-05-30,4954,60,92.0,1.0,10.399487260062918,0.11303790500068388
South Dakota,2020-05-31,4988,60,34.0,0.0,3.843288770023252,0.0
South Dakota,2020-06-01,5029,62,41.0,2.0,4.634554105028039,0.22607581000136776
South Dakota,2020-06-02,5060,62,31.0,0.0,3.5041750550212,0.0
South Dakota,2020-06-03,5154,62,94.0,0.0,10.625563070064285,0.0
South Dakota,2020-06-04,5239,64,85.0,2.0,9.60822192505813,0.22607581000136776
South Dakota,2020-06-05,5269,65,30.0,1.0,3.3911371500205165,0.11303790500068388
South Dakota,2020-06-06,5362,65,93.0,0.0,10.5125251650636,0.0
South Dakota,2020-06-07,5431,65,69.0,0.0,7.799615445047188,0.0
South Dakota,2020-06-08,5464,65,33.0,0.0,3.730250865022568,0.0
South Dakota,2020-06-09,5516,68,52.0,3.0,5.877971060035562,0.3391137150020516
South Dakota,2020-06-10,5596,69,80.0,1.0,9.043032400054711,0.11303790500068388
South Dakota,2020-06-11,5658,73,62.0,4.0,7.0083501100424,0.4521516200027355
South Dakota,2020-06-12,5735,74,77.0,1.0,8.70391868505266,0.11303790500068388
South Dakota,2020-06-13,5826,75,91.0,1.0,10.286449355062233,0.11303790500068388
South Dakota,2020-06-14,5890,75,64.0,0.0,7.234425920043768,0.0
South Dakota,2020-06-15,5920,75,30.0,0.0,3.3911371500205165,0.0
South Dakota,2020-06-16,5959,77,39.0,2.0,4.408478295026671,0.22607581000136776
South Dakota,2020-06-17,6043,78,84.0,1.0,9.495184020057446,0.11303790500068388
South Dakota,2020-06-18,6094,78,51.0,0.0,5.7649331550348775,0.0
South Dakota,2020-06-19,6133,81,39.0,3.0,4.408478295026671,0.3391137150020516
South Dakota,2020-06-20,6223,81,90.0,0.0,10.173411450061549,0.0
South Dakota,2020-06-21,6296,81,73.0,0.0,8.251767065049924,0.0
South Dakota,2020-06-22,6324,81,28.0,0.0,3.1650613400191485,0.0
South Dakota,2020-06-23,6351,83,27.0,2.0,3.052023435018465,0.22607581000136776
South Dakota,2020-06-24,6418,84,67.0,1.0,7.57353963504582,0.11303790500068388
South Dakota,2020-06-25,6478,87,60.0,3.0,6.782274300041033,0.3391137150020516
South Dakota,2020-06-26,6534,88,56.0,1.0,6.330122680038297,0.11303790500068388
South Dakota,2020-06-27,6622,91,88.0,3.0,9.947335640060182,0.3391137150020516
South Dakota,2020-06-28,6676,91,54.0,0.0,6.10404687003693,0.0
South Dakota,2020-06-29,6712,91,36.0,0.0,4.06936458002462,0.0
South Dakota,2020-06-30,6763,91,51.0,0.0,5.7649331550348775,0.0
South Dakota,2020-07-01,6825,93,62.0,2.0,7.0083501100424,0.22607581000136776
South Dakota,2020-07-02,6891,93,66.0,0.0,7.460501730045136,0.0
South Dakota,2020-07-03,6977,96,86.0,3.0,9.721259830058814,0.3391137150020516
South Dakota,2020-07-04,7026,96,49.0,0.0,5.53885734503351,0.0
South Dakota,2020-07-05,7061,96,35.0,0.0,3.9563266750239356,0.0
South Dakota,2020-07-06,7103,97,42.0,1.0,4.747592010028723,0.11303790500068388
South Dakota,2020-07-07,7163,98,60.0,1.0,6.782274300041033,0.11303790500068388
South Dakota,2020-07-08,7242,98,79.0,0.0,8.929994495054027,0.0
South Dakota,2020-07-09,7335,101,93.0,3.0,10.5125251650636,0.3391137150020516
South Dakota,2020-07-10,7398,107,63.0,6.0,7.121388015043085,0.6782274300041032
South Dakota,2020-07-11,7453,109,55.0,2.0,6.2170847750376135,0.22607581000136776
South Dakota,2020-07-12,7495,109,42.0,0.0,4.747592010028723,0.0
South Dakota,2020-07-13,7520,109,25.0,0.0,2.825947625017097,0.0
South Dakota,2020-07-14,7571,109,51.0,0.0,5.7649331550348775,0.0
South Dakota,2020-07-15,7651,111,80.0,2.0,9.043032400054711,0.22607581000136776
South Dakota,2020-07-16,7693,115,42.0,4.0,4.747592010028723,0.4521516200027355
South Dakota,2020-07-17,7789,116,96.0,1.0,10.851638880065652,0.11303790500068388
South Dakota,2020-07-18,7861,116,72.0,0.0,8.13872916004924,0.0
South Dakota,2020-07-19,7906,118,45.0,2.0,5.086705725030774,0.22607581000136776
South Dakota,2020-07-20,7943,118,37.0,0.0,4.182402485025304,0.0
South Dakota,2020-07-21,8018,118,75.0,0.0,8.47784287505129,0.0
South Dakota,2020-07-22,8075,119,57.0,1.0,6.4431605850389815,0.11303790500068388
South Dakota,2020-07-23,8140,121,65.0,2.0,7.347463825044452,0.22607581000136776
South Dakota,2020-07-24,8195,122,55.0,1.0,6.2170847750376135,0.11303790500068388
South Dakota,2020-07-25,8300,122,105.0,0.0,11.868980025071806,0.0
South Dakota,2020-07-26,8389,123,89.0,1.0,10.060373545060866,0.11303790500068388
South Dakota,2020-07-27,8438,123,49.0,0.0,5.53885734503351,0.0
South Dakota,2020-07-28,8487,123,49.0,0.0,5.53885734503351,0.0
South Dakota,2020-07-29,8634,129,147.0,6.0,16.61657203510053,0.6782274300041032
South Dakota,2020-07-30,8675,129,41.0,0.0,4.634554105028039,0.0
South Dakota,2020-07-31,8753,130,78.0,1.0,8.816956590053342,0.11303790500068388
South Dakota,2020-08-01,8856,134,103.0,4.0,11.64290421507044,0.4521516200027355
South Dakota,2020-08-02,8942,135,86.0,1.0,9.721259830058814,0.11303790500068388
South Dakota,2020-08-03,9005,135,63.0,0.0,7.121388015043085,0.0
South Dakota,2020-08-04,9063,136,58.0,1.0,6.556198490039665,0.11303790500068388
South Dakota,2020-08-05,9151,137,88.0,1.0,9.947335640060182,0.11303790500068388
South Dakota,2020-08-06,9255,141,104.0,4.0,11.755942120071124,0.4521516200027355
South Dakota,2020-08-07,9375,144,120.0,3.0,13.564548600082066,0.3391137150020516
South Dakota,2020-08-08,9474,146,99.0,2.0,11.190752595067703,0.22607581000136776
South Dakota,2020-08-09,9601,146,127.0,0.0,14.355813935086854,0.0
South Dakota,2020-08-10,9660,146,59.0,0.0,6.669236395040349,0.0
South Dakota,2020-08-11,9712,146,52.0,0.0,5.877971060035562,0.0
South Dakota,2020-08-12,9814,146,102.0,0.0,11.529866310069755,0.0
South Dakota,2020-08-13,9895,148,81.0,2.0,9.156070305055394,0.22607581000136776
South Dakota,2020-08-14,10023,150,128.0,2.0,14.468851840087536,0.22607581000136776
South Dakota,2020-08-15,10117,152,94.0,2.0,10.625563070064285,0.22607581000136776
South Dakota,2020-08-16,10272,153,155.0,1.0,17.520875275106,0.11303790500068388
South Dakota,2020-08-17,10359,153,87.0,0.0,9.834297735059497,0.0
South Dakota,2020-08-18,10442,154,83.0,1.0,9.382146115056763,0.11303790500068388
South Dakota,2020-08-19,10565,155,123.0,1.0,13.903662315084116,0.11303790500068388
South Dakota,2020-08-20,10690,157,125.0,2.0,14.129738125085487,0.22607581000136776
South Dakota,2020-08-21,10882,159,192.0,2.0,21.703277760131304,0.22607581000136776
South Dakota,2020-08-22,11135,159,253.0,0.0,28.598589965173023,0.0
South Dakota,2020-08-23,11276,161,141.0,2.0,15.938344605096425,0.22607581000136776
South Dakota,2020-08-24,11425,161,149.0,0.0,16.842647845101897,0.0
South Dakota,2020-08-25,11505,161,80.0,0.0,9.043032400054711,0.0
South Dakota,2020-08-26,11570,162,65.0,1.0,7.347463825044452,0.11303790500068388
South Dakota,2020-08-27,12191,162,621.0,0.0,70.19653900542468,0.0
South Dakota,2020-08-28,12515,165,324.0,3.0,36.624281220221576,0.3391137150020516
South Dakota,2020-08-29,12941,167,426.0,2.0,48.15414753029133,0.22607581000136776
South Dakota,2020-08-30,13318,167,377.0,0.0,42.61529018525783,0.0
South Dakota,2020-08-31,13506,167,188.0,0.0,21.25112614012857,0.0
South Dakota,2020-09-01,13745,167,239.0,0.0,27.016059295163448,0.0
South Dakota,2020-09-02,14001,169,256.0,2.0,28.937703680175073,0.22607581000136776
South Dakota,2020-09-03,14335,169,334.0,0.0,37.75466027022841,0.0
South Dakota,2020-09-04,14590,170,255.0,1.0,28.824665775174388,0.11303790500068388
South Dakota,2020-09-05,14885,173,295.0,3.0,33.346181975201745,0.3391137150020516
South Dakota,2020-09-06,15104,173,219.0,0.0,24.75530119514977,0.0
South Dakota,2020-09-07,15291,173,187.0,0.0,21.138088235127885,0.0
South Dakota,2020-09-08,15398,173,107.0,0.0,12.095055835073175,0.0
South Dakota,2020-09-09,15570,173,172.0,0.0,19.44251966011763,0.0
South Dakota,2020-09-10,15834,177,264.0,4.0,29.842006920180545,0.4521516200027355
South Dakota,2020-09-11,16117,177,283.0,0.0,31.989727115193535,0.0
South Dakota,2020-09-12,16437,183,320.0,6.0,36.172129600218845,0.6782274300041032
South Dakota,2020-09-13,16637,184,200.0,1.0,22.607581000136776,0.11303790500068388
South Dakota,2020-09-14,16799,184,162.0,0.0,18.312140610110788,0.0
South Dakota,2020-09-15,16991,184,192.0,0.0,21.703277760131304,0.0
South Dakota,2020-09-16,17291,192,300.0,8.0,33.91137150020516,0.904303240005471
South Dakota,2020-09-17,17686,193,395.0,1.0,44.64997247527013,0.11303790500068388
South Dakota,2020-09-18,18074,198,388.0,5.0,43.858707140265345,0.5651895250034195
South Dakota,2020-09-19,18443,200,369.0,2.0,41.71098694525235,0.22607581000136776
South Dakota,2020-09-20,18695,202,252.0,2.0,28.48555206017234,0.22607581000136776
South Dakota,2020-09-21,18868,202,173.0,0.0,19.55555756511831,0.0
South Dakota,2020-09-22,19189,202,321.0,0.0,36.285167505219526,0.0
South Dakota,2020-09-23,19632,202,443.0,0.0,50.075791915302965,0.0
South Dakota,2020-09-24,20092,210,460.0,8.0,51.99743630031458,0.904303240005471
South Dakota,2020-09-25,20551,216,459.0,6.0,51.884398395313895,0.6782274300041032
South Dakota,2020-09-26,21129,218,578.0,2.0,65.33590909039528,0.22607581000136776
South Dakota,2020-09-27,21540,218,411.0,0.0,46.45857895528108,0.0
South Dakota,2020-09-28,21738,218,198.0,0.0,22.381505190135407,0.0
South Dakota,2020-09-29,21997,223,259.0,5.0,29.276817395177122,0.5651895250034195
South Dakota,2020-09-30,22389,223,392.0,0.0,44.31085876026808,0.0
South Dakota,2020-10-01,23135,236,746.0,13.0,84.32627713051018,1.4694927650088905
Tennessee,2020-02-01,0,0,0.0,0.0,0.0,0.0
Tennessee,2020-02-02,0,0,0.0,0.0,0.0,0.0
Tennessee,2020-02-03,0,0,0.0,0.0,0.0,0.0
Tennessee,2020-02-04,0,0,0.0,0.0,0.0,0.0
Tennessee,2020-02-05,0,0,0.0,0.0,0.0,0.0
Tennessee,2020-02-06,0,0,0.0,0.0,0.0,0.0
Tennessee,2020-02-07,0,0,0.0,0.0,0.0,0.0
Tennessee,2020-02-08,0,0,0.0,0.0,0.0,0.0
Tennessee,2020-02-09,0,0,0.0,0.0,0.0,0.0
Tennessee,2020-02-10,0,0,0.0,0.0,0.0,0.0
Tennessee,2020-02-11,0,0,0.0,0.0,0.0,0.0
Tennessee,2020-02-12,0,0,0.0,0.0,0.0,0.0
Tennessee,2020-02-13,0,0,0.0,0.0,0.0,0.0
Tennessee,2020-02-14,0,0,0.0,0.0,0.0,0.0
Tennessee,2020-02-15,0,0,0.0,0.0,0.0,0.0
Tennessee,2020-02-16,0,0,0.0,0.0,0.0,0.0
Tennessee,2020-02-17,0,0,0.0,0.0,0.0,0.0
Tennessee,2020-02-18,0,0,0.0,0.0,0.0,0.0
Tennessee,2020-02-19,0,0,0.0,0.0,0.0,0.0
Tennessee,2020-02-20,0,0,0.0,0.0,0.0,0.0
Tennessee,2020-02-21,0,0,0.0,0.0,0.0,0.0
Tennessee,2020-02-22,0,0,0.0,0.0,0.0,0.0
Tennessee,2020-02-23,0,0,0.0,0.0,0.0,0.0
Tennessee,2020-02-24,0,0,0.0,0.0,0.0,0.0
Tennessee,2020-02-25,0,0,0.0,0.0,0.0,0.0
Tennessee,2020-02-26,0,0,0.0,0.0,0.0,0.0
Tennessee,2020-02-27,0,0,0.0,0.0,0.0,0.0
Tennessee,2020-02-28,0,0,0.0,0.0,0.0,0.0
Tennessee,2020-02-29,0,0,0.0,0.0,0.0,0.0
Tennessee,2020-03-01,0,0,0.0,0.0,0.0,0.0
Tennessee,2020-03-02,0,0,0.0,0.0,0.0,0.0
Tennessee,2020-03-03,0,0,0.0,0.0,0.0,0.0
Tennessee,2020-03-04,0,0,0.0,0.0,0.0,0.0
Tennessee,2020-03-05,1,0,1.0,0.0,0.014643059321669061,0.0
Tennessee,2020-03-06,1,0,0.0,0.0,0.0,0.0
Tennessee,2020-03-07,1,0,0.0,0.0,0.0,0.0
Tennessee,2020-03-08,3,0,2.0,0.0,0.029286118643338122,0.0
Tennessee,2020-03-09,3,0,0.0,0.0,0.0,0.0
Tennessee,2020-03-10,7,0,4.0,0.0,0.058572237286676244,0.0
Tennessee,2020-03-11,8,0,1.0,0.0,0.014643059321669061,0.0
Tennessee,2020-03-12,8,0,0.0,0.0,0.0,0.0
Tennessee,2020-03-13,8,0,0.0,0.0,0.0,0.0
Tennessee,2020-03-14,8,0,0.0,0.0,0.0,0.0
Tennessee,2020-03-15,10,0,2.0,0.0,0.029286118643338122,0.0
Tennessee,2020-03-16,12,0,2.0,0.0,0.029286118643338122,0.0
Tennessee,2020-03-17,16,0,4.0,0.0,0.058572237286676244,0.0
Tennessee,2020-03-18,18,0,2.0,0.0,0.029286118643338122,0.0
Tennessee,2020-03-19,29,0,11.0,0.0,0.1610736525383597,0.0
Tennessee,2020-03-20,59,1,30.0,1.0,0.4392917796500719,0.014643059321669061
Tennessee,2020-03-21,195,1,136.0,0.0,1.9914560677469926,0.0
Tennessee,2020-03-22,336,1,141.0,0.0,2.064671364355338,0.0
Tennessee,2020-03-23,465,1,129.0,0.0,1.8889546524953091,0.0
Tennessee,2020-03-24,585,1,120.0,0.0,1.7571671186002875,0.0
Tennessee,2020-03-25,669,3,84.0,2.0,1.2300169830202012,0.029286118643338122
Tennessee,2020-03-26,825,3,156.0,0.0,2.284317254180374,0.0
Tennessee,2020-03-27,990,3,165.0,0.0,2.4161047880753954,0.0
Tennessee,2020-03-28,1195,3,205.0,0.0,3.001827160942158,0.0
Tennessee,2020-03-29,1391,4,196.0,1.0,2.870039627047136,0.014643059321669061
Tennessee,2020-03-30,1493,10,102.0,6.0,1.4935920508102445,0.08785835593001438
Tennessee,2020-03-31,1921,13,428.0,3.0,6.267229389674358,0.04392917796500719
Tennessee,2020-04-01,2202,23,281.0,10.0,4.114699669389007,0.1464305932166906
Tennessee,2020-04-02,2555,30,353.0,7.0,5.168999940549179,0.10250141525168344
Tennessee,2020-04-03,2819,30,264.0,0.0,3.8657676609206324,0.0
Tennessee,2020-04-04,3069,36,250.0,6.0,3.660764830417266,0.08785835593001438
Tennessee,2020-04-05,3266,42,197.0,6.0,2.8846826863688055,0.08785835593001438
Tennessee,2020-04-06,3571,44,305.0,2.0,4.466133093109064,0.029286118643338122
Tennessee,2020-04-07,3790,63,219.0,19.0,3.2068299914455247,0.2782181271117122
Tennessee,2020-04-08,4092,69,302.0,6.0,4.422203915144057,0.08785835593001438
Tennessee,2020-04-09,4295,79,203.0,10.0,2.9725410422988197,0.1464305932166906
Tennessee,2020-04-10,4573,93,278.0,14.0,4.070770491423999,0.20500283050336687
Tennessee,2020-04-11,4767,97,194.0,4.0,2.840753508403798,0.058572237286676244
Tennessee,2020-04-12,5056,100,289.0,3.0,4.231844143962359,0.04392917796500719
Tennessee,2020-04-13,5280,100,224.0,0.0,3.28004528805387,0.0
Tennessee,2020-04-14,5494,108,214.0,8.0,3.133614694837179,0.11714447457335249
Tennessee,2020-04-15,5674,123,180.0,15.0,2.635750677900431,0.21964588982503594
Tennessee,2020-04-16,5935,134,261.0,11.0,3.8218384829556253,0.1610736525383597
Tennessee,2020-04-17,6223,140,288.0,6.0,4.21720108464069,0.08785835593001438
Tennessee,2020-04-18,6543,142,320.0,2.0,4.6857789829340994,0.029286118643338122
Tennessee,2020-04-19,6713,145,170.0,3.0,2.4893200846837407,0.04392917796500719
Tennessee,2020-04-20,6984,148,271.0,3.0,3.9682690761723163,0.04392917796500719
Tennessee,2020-04-21,7230,152,246.0,4.0,3.602192593130589,0.058572237286676244
Tennessee,2020-04-22,7517,157,287.0,5.0,4.2025580253190205,0.0732152966083453
Tennessee,2020-04-23,8015,166,498.0,9.0,7.292243542191193,0.13178753389502157
Tennessee,2020-04-24,8464,169,449.0,3.0,6.574733635429409,0.04392917796500719
Tennessee,2020-04-25,8930,169,466.0,0.0,6.823665643897783,0.0
Tennessee,2020-04-26,9229,177,299.0,8.0,4.37827473717905,0.11714447457335249
Tennessee,2020-04-27,9523,180,294.0,3.0,4.305059440570704,0.04392917796500719
Tennessee,2020-04-28,9817,182,294.0,2.0,4.305059440570704,0.029286118643338122
Tennessee,2020-04-29,10091,187,274.0,5.0,4.012198254137323,0.0732152966083453
Tennessee,2020-04-30,10653,193,562.0,6.0,8.229399338778014,0.08785835593001438
Tennessee,2020-05-01,11653,199,1000.0,6.0,14.643059321669064,0.08785835593001438
Tennessee,2020-05-02,12419,204,766.0,5.0,11.216583440398502,0.0732152966083453
Tennessee,2020-05-03,12647,209,228.0,5.0,3.3386175253405463,0.0732152966083453
Tennessee,2020-05-04,13015,210,368.0,1.0,5.388645830374215,0.014643059321669061
Tennessee,2020-05-05,13323,215,308.0,5.0,4.510062271074071,0.0732152966083453
Tennessee,2020-05-06,13508,222,185.0,7.0,2.7089659745087764,0.10250141525168344
Tennessee,2020-05-07,13767,232,259.0,10.0,3.7925523643122876,0.1464305932166906
Tennessee,2020-05-08,14153,233,386.0,1.0,5.652220898164258,0.014643059321669061
Tennessee,2020-05-09,14345,237,192.0,4.0,2.8114673897604603,0.058572237286676244
Tennessee,2020-05-10,14591,238,246.0,1.0,3.602192593130589,0.014643059321669061
Tennessee,2020-05-11,14837,239,246.0,1.0,3.602192593130589,0.014643059321669061
Tennessee,2020-05-12,15390,246,553.0,7.0,8.097611804882991,0.10250141525168344
Tennessee,2020-05-13,16083,260,693.0,14.0,10.14764010991666,0.20500283050336687
Tennessee,2020-05-14,16400,268,317.0,8.0,4.641849804969093,0.11714447457335249
Tennessee,2020-05-15,16658,283,258.0,15.0,3.7779093049906183,0.21964588982503594
Tennessee,2020-05-16,16850,286,192.0,3.0,2.8114673897604603,0.04392917796500719
Tennessee,2020-05-17,17108,291,258.0,5.0,3.7779093049906183,0.0732152966083453
Tennessee,2020-05-18,17574,294,466.0,3.0,6.823665643897783,0.04392917796500719
Tennessee,2020-05-19,17915,297,341.0,3.0,4.99328322868915,0.04392917796500719
Tennessee,2020-05-20,18242,301,327.0,4.0,4.788280398185783,0.058572237286676244
Tennessee,2020-05-21,18500,306,258.0,5.0,3.7779093049906183,0.0732152966083453
Tennessee,2020-05-22,18884,310,384.0,4.0,5.622934779520921,0.058572237286676244
Tennessee,2020-05-23,19265,312,381.0,2.0,5.579005601555913,0.029286118643338122
Tennessee,2020-05-24,19685,326,420.0,14.0,6.150084915101006,0.20500283050336687
Tennessee,2020-05-25,20014,333,329.0,7.0,4.817566516829121,0.10250141525168344
Tennessee,2020-05-26,20614,335,600.0,2.0,8.785835593001439,0.029286118643338122
Tennessee,2020-05-27,20969,340,355.0,5.0,5.198286059192517,0.0732152966083453
Tennessee,2020-05-28,21185,350,216.0,10.0,3.1629008134805177,0.1464305932166906
Tennessee,2020-05-29,21775,353,590.0,3.0,8.639404999784746,0.04392917796500719
Tennessee,2020-05-30,22003,357,228.0,4.0,3.3386175253405463,0.058572237286676244
Tennessee,2020-05-31,22461,361,458.0,4.0,6.706521169324431,0.058572237286676244
Tennessee,2020-06-01,23058,361,597.0,0.0,8.74190641503643,0.0
Tennessee,2020-06-02,23659,364,601.0,3.0,8.800478652323108,0.04392917796500719
Tennessee,2020-06-03,24309,378,650.0,14.0,9.517988559084891,0.20500283050336687
Tennessee,2020-06-04,24661,385,352.0,7.0,5.1543568812275105,0.10250141525168344
Tennessee,2020-06-05,24887,398,226.0,13.0,3.3093314066972086,0.19035977118169783
Tennessee,2020-06-06,25395,407,508.0,9.0,7.438674135407884,0.13178753389502157
Tennessee,2020-06-07,25863,416,468.0,9.0,6.852951762541121,0.13178753389502157
Tennessee,2020-06-08,26286,417,423.0,1.0,6.194014093066014,0.014643059321669061
Tennessee,2020-06-09,26774,420,488.0,3.0,7.145812948974502,0.04392917796500719
Tennessee,2020-06-10,27354,431,580.0,11.0,8.492974406568058,0.1610736525383597
Tennessee,2020-06-11,27775,434,421.0,3.0,6.164727974422675,0.04392917796500719
Tennessee,2020-06-12,28384,439,609.0,5.0,8.917623126896459,0.0732152966083453
Tennessee,2020-06-13,28927,464,543.0,25.0,7.951181211666301,0.3660764830417266
Tennessee,2020-06-14,29468,468,541.0,4.0,7.921895093022964,0.058572237286676244
Tennessee,2020-06-15,30065,470,597.0,2.0,8.74190641503643,0.029286118643338122
Tennessee,2020-06-16,30775,478,710.0,8.0,10.396572118385034,0.11714447457335249
Tennessee,2020-06-17,31379,487,604.0,9.0,8.844407830288114,0.13178753389502157
Tennessee,2020-06-18,31786,493,407.0,6.0,5.959725143919309,0.08785835593001438
Tennessee,2020-06-19,32875,504,1089.0,11.0,15.946291601297608,0.1610736525383597
Tennessee,2020-06-20,33615,519,740.0,15.0,10.835863898035106,0.21964588982503594
Tennessee,2020-06-21,34023,519,408.0,0.0,5.974368203240978,0.0
Tennessee,2020-06-22,34608,521,585.0,2.0,8.566189703176402,0.029286118643338122
Tennessee,2020-06-23,35231,526,623.0,5.0,9.122625957399826,0.0732152966083453
Tennessee,2020-06-24,36234,537,1003.0,11.0,14.686988499634069,0.1610736525383597
Tennessee,2020-06-25,37069,551,835.0,14.0,12.226954533593666,0.20500283050336687
Tennessee,2020-06-26,38126,560,1057.0,9.0,15.4777137030042,0.13178753389502157
Tennessee,2020-06-27,39088,570,962.0,10.0,14.086623067445638,0.1464305932166906
Tennessee,2020-06-28,39351,579,263.0,9.0,3.8511246015989635,0.13178753389502157
Tennessee,2020-06-29,39990,579,639.0,0.0,9.35691490654653,0.0
Tennessee,2020-06-30,41756,587,1766.0,8.0,25.85964276206757,0.11714447457335249
Tennessee,2020-07-01,43393,599,1637.0,12.0,23.970688109572254,0.17571671186002877
Tennessee,2020-07-02,44794,603,1401.0,4.0,20.514926109658358,0.058572237286676244
Tennessee,2020-07-03,46690,613,1896.0,10.0,27.763240473884544,0.1464305932166906
Tennessee,2020-07-04,48015,627,1325.0,14.0,19.40205360121151,0.20500283050336687
Tennessee,2020-07-05,49453,631,1438.0,4.0,21.05671930456011,0.058572237286676244
Tennessee,2020-07-06,50771,636,1318.0,5.0,19.299552185959822,0.0732152966083453
Tennessee,2020-07-07,51642,645,871.0,9.0,12.754104669173753,0.13178753389502157
Tennessee,2020-07-08,53772,657,2130.0,12.0,31.189716355155106,0.17571671186002877
Tennessee,2020-07-09,55393,678,1621.0,21.0,23.73639916042555,0.3075042457550503
Tennessee,2020-07-10,57176,700,1783.0,22.0,26.108574770535935,0.3221473050767194
Tennessee,2020-07-11,59127,713,1951.0,13.0,28.56860873657634,0.19035977118169783
Tennessee,2020-07-12,60289,728,1162.0,15.0,17.015234931779453,0.21964588982503594
Tennessee,2020-07-13,62566,730,2277.0,2.0,33.34224607544046,0.029286118643338122
Tennessee,2020-07-14,64379,736,1813.0,6.0,26.547866550186008,0.08785835593001438
Tennessee,2020-07-15,66459,756,2080.0,20.0,30.45756338907165,0.2928611864333812
Tennessee,2020-07-16,68365,773,1906.0,17.0,27.909671067101232,0.24893200846837407
Tennessee,2020-07-17,71304,787,2939.0,14.0,43.035951346385374,0.20500283050336687
Tennessee,2020-07-18,73383,804,2079.0,17.0,30.44292032974998,0.24893200846837407
Tennessee,2020-07-19,75455,827,2072.0,23.0,30.3404189144983,0.33679036439838844
Tennessee,2020-07-20,77006,833,1551.0,6.0,22.711385007908714,0.08785835593001438
Tennessee,2020-07-21,78201,836,1195.0,3.0,17.49845588939453,0.04392917796500719
Tennessee,2020-07-22,81303,860,3102.0,24.0,45.42277001581743,0.35143342372005754
Tennessee,2020-07-23,83281,876,1978.0,16.0,28.963971338261405,0.23428894914670498
Tennessee,2020-07-24,85790,910,2509.0,34.0,36.73943583806768,0.49786401693674814
Tennessee,2020-07-25,87618,923,1828.0,13.0,26.76751244001105,0.19035977118169783
Tennessee,2020-07-26,90651,949,3033.0,26.0,44.412398922622266,0.38071954236339567
Tennessee,2020-07-27,92954,950,2303.0,1.0,33.72296561780385,0.014643059321669061
Tennessee,2020-07-28,94836,963,1882.0,13.0,27.558237643381176,0.19035977118169783
Tennessee,2020-07-29,97305,985,2469.0,22.0,36.153713465200916,0.3221473050767194
Tennessee,2020-07-30,98476,1004,1171.0,19.0,17.14702246567447,0.2782181271117122
Tennessee,2020-07-31,102020,1018,3544.0,14.0,51.89500223599516,0.20500283050336687
Tennessee,2020-08-01,103752,1045,1732.0,27.0,25.36177874513082,0.3953626016850647
Tennessee,2020-08-02,105888,1053,2136.0,8.0,31.277574711085116,0.11714447457335249
Tennessee,2020-08-03,106953,1059,1065.0,6.0,15.594858177577553,0.08785835593001438
Tennessee,2020-08-04,108738,1076,1785.0,17.0,26.137860889179276,0.24893200846837407
Tennessee,2020-08-05,110464,1098,1726.0,22.0,25.273920389200804,0.3221473050767194
Tennessee,2020-08-06,111792,1126,1328.0,28.0,19.445982779176518,0.41000566100673375
Tennessee,2020-08-07,114502,1164,2710.0,38.0,39.68269076172316,0.5564362542234244
Tennessee,2020-08-08,116275,1181,1773.0,17.0,25.96214417731925,0.24893200846837407
Tennessee,2020-08-09,118363,1192,2088.0,11.0,30.574707863645003,0.1610736525383597
Tennessee,2020-08-10,119914,1200,1551.0,8.0,22.711385007908714,0.11714447457335249
Tennessee,2020-08-11,120800,1217,886.0,17.0,12.97375055899879,0.24893200846837407
Tennessee,2020-08-12,122574,1251,1774.0,34.0,25.97678723664092,0.49786401693674814
Tennessee,2020-08-13,123816,1269,1242.0,18.0,18.186679677512977,0.26357506779004314
Tennessee,2020-08-14,126301,1293,2485.0,24.0,36.38800241434762,0.35143342372005754
Tennessee,2020-08-15,127674,1304,1373.0,11.0,20.104920448651622,0.1610736525383597
Tennessee,2020-08-16,129584,1324,1910.0,20.0,27.968243304387908,0.2928611864333812
Tennessee,2020-08-17,130968,1341,1384.0,17.0,20.265994101189982,0.24893200846837407
Tennessee,2020-08-18,131807,1362,839.0,21.0,12.285526770880342,0.3075042457550503
Tennessee,2020-08-19,133567,1400,1760.0,38.0,25.771784406137552,0.5564362542234244
Tennessee,2020-08-20,134892,1429,1325.0,29.0,19.40205360121151,0.4246487203284028
Tennessee,2020-08-21,137294,1465,2402.0,36.0,35.17262849064909,0.5271501355800863
Tennessee,2020-08-22,137816,1518,522.0,53.0,7.643676965911251,0.7760821440484603
Tennessee,2020-08-23,140222,1536,2406.0,18.0,35.231200727935764,0.26357506779004314
Tennessee,2020-08-24,141027,1541,805.0,5.0,11.787662753943595,0.0732152966083453
Tennessee,2020-08-25,141653,1560,626.0,19.0,9.166555135364833,0.2782181271117122
Tennessee,2020-08-26,143337,1600,1684.0,40.0,24.6589118976907,0.5857223728667624
Tennessee,2020-08-27,144643,1619,1306.0,19.0,19.123835474099796,0.2782181271117122
Tennessee,2020-08-28,146936,1643,2293.0,24.0,33.57653502458716,0.35143342372005754
Tennessee,2020-08-29,148039,1670,1103.0,27.0,16.151294431800977,0.3953626016850647
Tennessee,2020-08-30,149550,1695,1511.0,25.0,22.12566263504195,0.3660764830417266
Tennessee,2020-08-31,151003,1717,1453.0,22.0,21.276365194385146,0.3221473050767194
Tennessee,2020-09-01,152236,1722,1233.0,5.0,18.054892143617955,0.0732152966083453
Tennessee,2020-09-02,153901,1746,1665.0,24.0,24.38069377057899,0.35143342372005754
Tennessee,2020-09-03,155059,1760,1158.0,14.0,16.956662694492774,0.20500283050336687
Tennessee,2020-09-04,156667,1786,1608.0,26.0,23.54603938924385,0.38071954236339567
Tennessee,2020-09-05,157760,1808,1093.0,22.0,16.00486383858429,0.3221473050767194
Tennessee,2020-09-06,160273,1833,2513.0,25.0,36.79800807535435,0.3660764830417266
Tennessee,2020-09-07,161082,1836,809.0,3.0,11.846234991230272,0.04392917796500719
Tennessee,2020-09-08,161851,1840,769.0,4.0,11.26051261836351,0.058572237286676244
Tennessee,2020-09-09,162641,1860,790.0,20.0,11.56801686411856,0.2928611864333812
Tennessee,2020-09-10,163771,1899,1130.0,39.0,16.546657033486042,0.5710793135450934
Tennessee,2020-09-11,165738,1956,1967.0,57.0,28.80289768572305,0.8346543813351366
Tennessee,2020-09-12,166724,1991,986.0,35.0,14.438056491165694,0.5125070762584172
Tennessee,2020-09-13,168024,2034,1300.0,43.0,19.035977118169782,0.6296515508317697
Tennessee,2020-09-14,169397,2049,1373.0,15.0,20.104920448651622,0.21964588982503594
Tennessee,2020-09-15,170957,2066,1560.0,17.0,22.84317254180374,0.24893200846837407
Tennessee,2020-09-16,172828,2096,1871.0,30.0,27.39716399084282,0.4392917796500719
Tennessee,2020-09-17,173862,2123,1034.0,27.0,15.140923338605813,0.3953626016850647
Tennessee,2020-09-18,175664,2138,1802.0,15.0,26.386792897647652,0.21964588982503594
Tennessee,2020-09-19,177135,2167,1471.0,29.0,21.539940262175193,0.4246487203284028
Tennessee,2020-09-20,179167,2191,2032.0,24.0,29.754696541631535,0.35143342372005754
Tennessee,2020-09-21,180156,2193,989.0,2.0,14.481985669130703,0.029286118643338122
Tennessee,2020-09-22,180806,2207,650.0,14.0,9.517988559084891,0.20500283050336687
Tennessee,2020-09-23,182427,2234,1621.0,27.0,23.73639916042555,0.3953626016850647
Tennessee,2020-09-24,183321,2247,894.0,13.0,13.090895033572142,0.19035977118169783
Tennessee,2020-09-25,184692,2285,1371.0,38.0,20.075634330008285,0.5564362542234244
Tennessee,2020-09-26,186003,2326,1311.0,41.0,19.19705077070814,0.6003654321884315
Tennessee,2020-09-27,188068,2346,2065.0,20.0,30.237917499246613,0.2928611864333812
Tennessee,2020-09-28,189403,2350,1335.0,4.0,19.548484194428198,0.058572237286676244
Tennessee,2020-09-29,190070,2360,667.0,10.0,9.766920567553266,0.1464305932166906
Tennessee,2020-09-30,191230,2395,1160.0,35.0,16.985948813136115,0.5125070762584172
Tennessee,2020-10-01,192640,2428,1410.0,33.0,20.64671364355338,0.48322095761507905
Texas,2020-02-01,0,0,0.0,0.0,0.0,0.0
Texas,2020-02-02,0,0,0.0,0.0,0.0,0.0
Texas,2020-02-03,0,0,0.0,0.0,0.0,0.0
Texas,2020-02-04,0,0,0.0,0.0,0.0,0.0
Texas,2020-02-05,0,0,0.0,0.0,0.0,0.0
Texas,2020-02-06,0,0,0.0,0.0,0.0,0.0
Texas,2020-02-07,0,0,0.0,0.0,0.0,0.0
Texas,2020-02-08,0,0,0.0,0.0,0.0,0.0
Texas,2020-02-09,0,0,0.0,0.0,0.0,0.0
Texas,2020-02-10,0,0,0.0,0.0,0.0,0.0
Texas,2020-02-11,0,0,0.0,0.0,0.0,0.0
Texas,2020-02-12,0,0,0.0,0.0,0.0,0.0
Texas,2020-02-13,0,0,0.0,0.0,0.0,0.0
Texas,2020-02-14,0,0,0.0,0.0,0.0,0.0
Texas,2020-02-15,0,0,0.0,0.0,0.0,0.0
Texas,2020-02-16,0,0,0.0,0.0,0.0,0.0
Texas,2020-02-17,0,0,0.0,0.0,0.0,0.0
Texas,2020-02-18,0,0,0.0,0.0,0.0,0.0
Texas,2020-02-19,0,0,0.0,0.0,0.0,0.0
Texas,2020-02-20,0,0,0.0,0.0,0.0,0.0
Texas,2020-02-21,0,0,0.0,0.0,0.0,0.0
Texas,2020-02-22,0,0,0.0,0.0,0.0,0.0
Texas,2020-02-23,0,0,0.0,0.0,0.0,0.0
Texas,2020-02-24,0,0,0.0,0.0,0.0,0.0
Texas,2020-02-25,0,0,0.0,0.0,0.0,0.0
Texas,2020-02-26,0,0,0.0,0.0,0.0,0.0
Texas,2020-02-27,0,0,0.0,0.0,0.0,0.0
Texas,2020-02-28,0,0,0.0,0.0,0.0,0.0
Texas,2020-02-29,0,0,0.0,0.0,0.0,0.0
Texas,2020-03-01,0,0,0.0,0.0,0.0,0.0
Texas,2020-03-02,0,0,0.0,0.0,0.0,0.0
Texas,2020-03-03,0,0,0.0,0.0,0.0,0.0
Texas,2020-03-04,0,0,0.0,0.0,0.0,0.0
Texas,2020-03-05,0,0,0.0,0.0,0.0,0.0
Texas,2020-03-06,5,0,5.0,0.0,0.017243828528610665,0.0
Texas,2020-03-07,5,0,0.0,0.0,0.0,0.0
Texas,2020-03-08,5,0,0.0,0.0,0.0,0.0
Texas,2020-03-09,12,0,7.0,0.0,0.024141359940054934,0.0
Texas,2020-03-10,15,0,3.0,0.0,0.0103462971171664,0.0
Texas,2020-03-11,18,0,3.0,0.0,0.0103462971171664,0.0
Texas,2020-03-12,22,0,4.0,0.0,0.013795062822888534,0.0
Texas,2020-03-13,22,0,0.0,0.0,0.0,0.0
Texas,2020-03-14,22,0,0.0,0.0,0.0,0.0
Texas,2020-03-15,56,1,34.0,1.0,0.11725803399455255,0.0034487657057221334
Texas,2020-03-16,56,2,0.0,1.0,0.0,0.0034487657057221334
Texas,2020-03-17,63,4,7.0,2.0,0.024141359940054934,0.006897531411444267
Texas,2020-03-18,82,6,19.0,2.0,0.06552654840872053,0.006897531411444267
Texas,2020-03-19,108,6,26.0,0.0,0.08966790834877547,0.0
Texas,2020-03-20,175,9,67.0,3.0,0.23106730228338293,0.0103462971171664
Texas,2020-03-21,235,11,60.0,2.0,0.20692594234332798,0.006897531411444267
Texas,2020-03-22,263,12,28.0,1.0,0.09656543976021974,0.0034487657057221334
Texas,2020-03-23,287,14,24.0,2.0,0.0827703769373312,0.006897531411444267
Texas,2020-03-24,712,20,425.0,6.0,1.4657254249319067,0.0206925942343328
Texas,2020-03-25,975,26,263.0,6.0,0.9070253806049211,0.0206925942343328
Texas,2020-03-26,1394,37,419.0,11.0,1.445032830697574,0.03793642276294347
Texas,2020-03-27,1731,46,337.0,9.0,1.162234042828359,0.0310388913514992
Texas,2020-03-28,2048,58,317.0,12.0,1.0932587287139164,0.0413851884686656
Texas,2020-03-29,2552,69,504.0,11.0,1.7381779156839554,0.03793642276294347
Texas,2020-03-30,2874,89,322.0,20.0,1.110502557242527,0.06897531411444266
Texas,2020-03-31,3266,101,392.0,12.0,1.3519161566430764,0.0413851884686656
Texas,2020-04-01,3996,122,730.0,21.0,2.5175989651771578,0.0724240798201648
Texas,2020-04-02,4663,143,667.0,21.0,2.300326725716663,0.0724240798201648
Texas,2020-04-03,5315,163,652.0,20.0,2.248595240130831,0.06897531411444266
Texas,2020-04-04,6113,185,798.0,22.0,2.7521150331662625,0.07587284552588694
Texas,2020-04-05,6797,223,684.0,38.0,2.3589557427139396,0.13105309681744107
Texas,2020-04-06,7294,249,497.0,26.0,1.7140365557439003,0.08966790834877547
Texas,2020-04-07,8272,265,978.0,16.0,3.372892860196247,0.055180251291554135
Texas,2020-04-08,9349,289,1077.0,24.0,3.7143206650627376,0.0827703769373312
Texas,2020-04-09,10232,322,883.0,33.0,3.045260118152644,0.11380926828883041
Texas,2020-04-10,11670,351,1438.0,29.0,4.9593250848284285,0.10001420546594188
Texas,2020-04-11,12559,386,889.0,35.0,3.0659527123869768,0.12070679970027466
Texas,2020-04-12,13482,420,923.0,34.0,3.1832107463815293,0.11725803399455255
Texas,2020-04-13,13907,451,425.0,31.0,1.4657254249319067,0.10691173687738613
Texas,2020-04-14,14622,483,715.0,32.0,2.465867479591325,0.11036050258310827
Texas,2020-04-15,15494,519,872.0,36.0,3.0073236953897005,0.1241555654059968
Texas,2020-04-16,16458,551,964.0,32.0,3.3246101403161368,0.11036050258310827
Texas,2020-04-17,17371,590,913.0,39.0,3.1487230893243083,0.1345018625231632
Texas,2020-04-18,18265,619,894.0,29.0,3.0831965409155875,0.10001420546594188
Texas,2020-04-19,18919,648,654.0,29.0,2.2554927715422752,0.10001420546594188
Texas,2020-04-20,19463,673,544.0,25.0,1.8761285439128408,0.08621914264305335
Texas,2020-04-21,20197,714,734.0,41.0,2.531394028000046,0.14139939393460746
Texas,2020-04-22,21063,744,866.0,30.0,2.9866311011553672,0.10346297117166399
Texas,2020-04-23,21950,779,887.0,35.0,3.059055180975532,0.12070679970027466
Texas,2020-04-24,22809,812,859.0,33.0,2.962489741215313,0.11380926828883041
Texas,2020-04-25,23775,849,966.0,37.0,3.331507671727581,0.12760433111171893
Texas,2020-04-26,24633,880,858.0,31.0,2.9590409755095903,0.10691173687738613
Texas,2020-04-27,25286,905,653.0,25.0,2.252044005836553,0.08621914264305335
Texas,2020-04-28,26171,939,885.0,34.0,3.052157649564088,0.11725803399455255
Texas,2020-04-29,27053,962,882.0,23.0,3.0418113524469215,0.07932161123160907
Texas,2020-04-30,28084,993,1031.0,31.0,3.55567744259952,0.10691173687738613
Texas,2020-05-01,29236,1036,1152.0,43.0,3.9729780929918976,0.14829692534605174
Texas,2020-05-02,30527,1071,1291.0,35.0,4.452356526087274,0.12070679970027466
Texas,2020-05-03,31554,1106,1027.0,35.0,3.541882379776631,0.12070679970027466
Texas,2020-05-04,32340,1137,786.0,31.0,2.710729844697597,0.10691173687738613
Texas,2020-05-05,33377,1167,1037.0,30.0,3.5763700368338522,0.10346297117166399
Texas,2020-05-06,34404,1199,1027.0,32.0,3.541882379776631,0.11036050258310827
Texas,2020-05-07,35532,1234,1128.0,35.0,3.890207716054567,0.12070679970027466
Texas,2020-05-08,36763,1267,1231.0,33.0,4.245430583743946,0.11380926828883041
Texas,2020-05-09,38010,1293,1247.0,26.0,4.3006108350355,0.08966790834877547
Texas,2020-05-10,38989,1320,979.0,27.0,3.3763416259019685,0.09311667405449761
Texas,2020-05-11,40022,1354,1033.0,34.0,3.562574974010964,0.11725803399455255
Texas,2020-05-12,41190,1387,1168.0,33.0,4.028158344283452,0.11380926828883041
Texas,2020-05-13,42492,1428,1302.0,41.0,4.490292948850217,0.14139939393460746
Texas,2020-05-14,43997,1461,1505.0,33.0,5.190392387111811,0.11380926828883041
Texas,2020-05-15,45339,1501,1342.0,40.0,4.628243577079103,0.13795062822888532
Texas,2020-05-16,47144,1531,1805.0,30.0,6.225022098828451,0.10346297117166399
Texas,2020-05-17,47929,1556,785.0,25.0,2.707281078991875,0.08621914264305335
Texas,2020-05-18,48835,1578,906.0,22.0,3.124581729384253,0.07587284552588694
Texas,2020-05-19,50049,1606,1214.0,28.0,4.18680156674667,0.09656543976021974
Texas,2020-05-20,51346,1627,1297.0,21.0,4.4730491203216065,0.0724240798201648
Texas,2020-05-21,52409,1651,1063.0,24.0,3.666037945182628,0.0827703769373312
Texas,2020-05-22,53729,1681,1320.0,30.0,4.552370731553216,0.10346297117166399
Texas,2020-05-23,54774,1697,1045.0,16.0,3.603960162479629,0.055180251291554135
Texas,2020-05-24,55612,1729,838.0,32.0,2.890065661395148,0.11036050258310827
Texas,2020-05-25,56232,1760,620.0,31.0,2.1382347375477226,0.10691173687738613
Texas,2020-05-26,56862,1780,630.0,20.0,2.172722394604944,0.06897531411444266
Texas,2020-05-27,58203,1803,1341.0,23.0,4.624794811373381,0.07932161123160907
Texas,2020-05-28,59942,1834,1739.0,31.0,5.99740356225079,0.10691173687738613
Texas,2020-05-29,61136,1870,1194.0,36.0,4.117826252632227,0.1241555654059968
Texas,2020-05-30,62490,1902,1354.0,32.0,4.669628765547769,0.11036050258310827
Texas,2020-05-31,64412,1916,1922.0,14.0,6.628527686397941,0.04828271988010987
Texas,2020-06-01,65004,1936,592.0,20.0,2.041669297787503,0.06897531411444266
Texas,2020-06-02,66688,1964,1684.0,28.0,5.807721448436072,0.09656543976021974
Texas,2020-06-03,68362,1995,1674.0,31.0,5.773233791378852,0.10691173687738613
Texas,2020-06-04,70035,2016,1673.0,21.0,5.769785025673129,0.0724240798201648
Texas,2020-06-05,71728,2041,1693.0,25.0,5.838760339787572,0.08621914264305335
Texas,2020-06-06,73671,2075,1943.0,34.0,6.700951766218105,0.11725803399455255
Texas,2020-06-07,75098,2093,1427.0,18.0,4.9213886620654845,0.0620777827029984
Texas,2020-06-08,75736,2123,638.0,30.0,2.200312520250721,0.10346297117166399
Texas,2020-06-09,77672,2158,1936.0,35.0,6.676810406278051,0.12070679970027466
Texas,2020-06-10,80102,2181,2430.0,23.0,8.380500664904783,0.07932161123160907
Texas,2020-06-11,81908,2211,1806.0,30.0,6.228470864534174,0.10346297117166399
Texas,2020-06-12,83975,2244,2067.0,33.0,7.12859871372765,0.11380926828883041
Texas,2020-06-13,86313,2282,2338.0,38.0,8.063214219978349,0.13105309681744107
Texas,2020-06-14,88112,2325,1799.0,43.0,6.204329504594119,0.14829692534605174
Texas,2020-06-15,89344,2355,1232.0,30.0,4.248879349449668,0.10346297117166399
Texas,2020-06-16,93372,2403,4028.0,48.0,13.891628262648753,0.1655407538746624
Texas,2020-06-17,96500,2441,3128.0,38.0,10.787739127498833,0.13105309681744107
Texas,2020-06-18,99989,2482,3489.0,41.0,12.032743547264523,0.14139939393460746
Texas,2020-06-19,103463,2528,3474.0,46.0,11.98101206167869,0.15864322246321813
Texas,2020-06-20,107852,2573,4389.0,45.0,15.136632682414444,0.155194456757496
Texas,2020-06-21,111714,2611,3862.0,38.0,13.319133155498879,0.13105309681744107
Texas,2020-06-22,114985,2655,3271.0,44.0,11.280912623417098,0.15174569105177388
Texas,2020-06-23,120502,2696,5517.0,41.0,19.02684039846901,0.14139939393460746
Texas,2020-06-24,126038,2763,5536.0,67.0,19.092366946877732,0.23106730228338293
Texas,2020-06-25,132008,2830,5970.0,67.0,20.589131263161136,0.23106730228338293
Texas,2020-06-26,137709,2902,5701.0,72.0,19.66141328832188,0.2483111308119936
Texas,2020-06-27,143429,2985,5720.0,83.0,19.7269398367306,0.2862475535749371
Texas,2020-06-28,148795,3077,5366.0,92.0,18.50607677690497,0.31728644492643626
Texas,2020-06-29,153061,3168,4266.0,91.0,14.71243450061062,0.31383767922071415
Texas,2020-06-30,159992,3266,6931.0,98.0,23.903395106360108,0.3379790391607691
Texas,2020-07-01,168110,3365,8118.0,99.0,27.997079999052282,0.3414278048664912
Texas,2020-07-02,176013,3487,7903.0,122.0,27.25559537232202,0.4207494160981003
Texas,2020-07-03,183568,3622,7555.0,135.0,26.055424906730718,0.465583370272488
Texas,2020-07-04,191828,3767,8260.0,145.0,28.486804729264822,0.5000710273297093
Texas,2020-07-05,195285,3899,3457.0,132.0,11.922383044681414,0.45523707315532164
Texas,2020-07-06,200605,4049,5320.0,150.0,18.34743355444175,0.5173148558583199
Texas,2020-07-07,210616,4213,10011.0,164.0,34.52559347998428,0.5655975757384298
Texas,2020-07-08,220582,4417,9966.0,204.0,34.37039902322678,0.7035482039673152
Texas,2020-07-09,230324,4585,9742.0,168.0,33.597875505145026,0.5793926385613184
Texas,2020-07-10,240189,4786,9865.0,201.0,34.02207368694884,0.6932019068501488
Texas,2020-07-11,250501,4985,10312.0,199.0,35.56367195740664,0.6863043754387045
Texas,2020-07-12,258744,5207,8243.0,222.0,28.42817571226755,0.7656259866703137
Texas,2020-07-13,264389,5445,5645.0,238.0,19.468282408801443,0.8208062379618677
Texas,2020-07-14,274557,5695,10168.0,250.0,35.06704969578265,0.8621914264305333
Texas,2020-07-15,284575,5945,10018.0,250.0,34.549734839924334,0.8621914264305333
Texas,2020-07-16,294477,6197,9902.0,252.0,34.14967801806057,0.8690889578419777
Texas,2020-07-17,307457,6438,12980.0,241.0,44.76497886027329,0.8311525350790342
Texas,2020-07-18,317805,6653,10348.0,215.0,35.68782752281263,0.7414846267302587
Texas,2020-07-19,325098,6894,7293.0,241.0,25.15184829183152,0.8311525350790342
Texas,2020-07-20,332501,7146,7403.0,252.0,25.531212519460954,0.8690889578419777
Texas,2020-07-21,341944,7402,9443.0,256.0,32.566694559134106,0.8828840206648662
Texas,2020-07-22,351762,7675,9818.0,273.0,33.859981698779904,0.9415130376621424
Texas,2020-07-23,360973,7953,9211.0,278.0,31.76658091540657,0.9587568661907531
Texas,2020-07-24,369582,8212,8609.0,259.0,29.690423960561844,0.8932303177820325
Texas,2020-07-25,376816,8470,7234.0,258.0,24.948371115193915,0.8897815520763104
Texas,2020-07-26,383163,8692,6347.0,222.0,21.88931593421838,0.7656259866703137
Texas,2020-07-27,387413,8930,4250.0,238.0,14.657254249319067,0.8208062379618677
Texas,2020-07-28,395588,9195,8175.0,265.0,28.19365964427844,0.9139229120163653
Texas,2020-07-29,404360,9421,8772.0,226.0,30.25257277059455,0.7794210494932021
Texas,2020-07-30,412927,9688,8567.0,267.0,29.545575800921515,0.9208204434278097
Texas,2020-07-31,421575,9919,8648.0,231.0,29.82492582308501,0.7966648780218129
Texas,2020-08-01,430514,10127,8939.0,208.0,30.828516643450147,0.7173432667902038
Texas,2020-08-02,436490,10318,5976.0,191.0,20.60982385739547,0.6587142497929275
Texas,2020-08-03,442043,10521,5553.0,203.0,19.15099596387501,0.700099438261593
Texas,2020-08-04,451202,10716,9159.0,195.0,31.58724509870902,0.672509312615816
Texas,2020-08-05,459864,10931,8662.0,215.0,29.87320854296512,0.7414846267302587
Texas,2020-08-06,467493,11161,7629.0,230.0,26.31063356895416,0.7932161123160907
Texas,2020-08-07,474529,11369,7036.0,208.0,24.26551550546093,0.7173432667902038
Texas,2020-08-08,481566,11547,7037.0,178.0,24.268964271166652,0.6138802956185397
Texas,2020-08-09,486432,11734,4866.0,187.0,16.781693924043903,0.6449191869700389
Texas,2020-08-10,490883,11927,4451.0,193.0,15.350456156169217,0.6656117812043717
Texas,2020-08-11,500628,12138,9745.0,211.0,33.60822180226219,0.7276895639073702
Texas,2020-08-12,506867,12321,6239.0,183.0,21.51684923800039,0.6311241241471504
Texas,2020-08-13,513518,12525,6651.0,204.0,22.93774070875791,0.7035482039673152
Texas,2020-08-14,520542,12688,7024.0,163.0,24.224130316992266,0.5621488100327078
Texas,2020-08-15,528891,12851,8349.0,163.0,28.793744877074094,0.5621488100327078
Texas,2020-08-16,534698,12988,5807.0,137.0,20.02698245312843,0.4724809016839323
Texas,2020-08-17,543009,13121,8311.0,133.0,28.662691780256655,0.45868583886104375
Texas,2020-08-18,550052,13269,7043.0,148.0,24.289656865400985,0.5104173244468757
Texas,2020-08-19,557296,13423,7244.0,154.0,24.982858772251134,0.5311099186812085
Texas,2020-08-20,562617,13563,5321.0,140.0,18.35088232014747,0.48282719880109864
Texas,2020-08-21,567677,13684,5060.0,121.0,17.450754470953996,0.4173006503923782
Texas,2020-08-22,573232,13790,5555.0,106.0,19.15789349528645,0.36556916480654617
Texas,2020-08-23,577629,13898,4397.0,108.0,15.164222808060222,0.37246669621799045
Texas,2020-08-24,580475,14017,2846.0,119.0,9.815187198485193,0.41040311898093385
Texas,2020-08-25,586762,14129,6287.0,112.0,21.682389991875052,0.38626175904087895
Texas,2020-08-26,592129,14234,5367.0,105.0,18.50952554261069,0.36212039910082405
Texas,2020-08-27,597788,14356,5659.0,122.0,19.516565128681552,0.4207494160981003
Texas,2020-08-28,601731,14470,3943.0,114.0,13.598483177662372,0.39315929045232323
Texas,2020-08-29,606663,14558,4932.0,88.0,17.00931246062156,0.30349138210354776
Texas,2020-08-30,610465,14654,3802.0,96.0,13.112207213155552,0.3310815077493248
Texas,2020-08-31,613442,14741,2977.0,87.0,10.266975505934791,0.3000426163978256
Texas,2020-09-01,617805,14850,4363.0,109.0,15.046964774065668,0.37591546192371256
Texas,2020-09-02,622055,14935,4250.0,85.0,14.657254249319067,0.2931450849863813
Texas,2020-09-03,626103,15025,4048.0,90.0,13.960603576763196,0.310388913514992
Texas,2020-09-04,631339,15119,5236.0,94.0,18.057737235161092,0.32418397633788054
Texas,2020-09-05,635853,15187,4514.0,68.0,15.56772839562971,0.2345160679891051
Texas,2020-09-06,638851,15272,2998.0,85.0,10.339399585754956,0.2931450849863813
Texas,2020-09-07,640929,15341,2078.0,69.0,7.166535136490594,0.2379648336948272
Texas,2020-09-08,642347,15412,1418.0,71.0,4.890349770713986,0.2448623651062715
Texas,2020-09-09,646710,15498,4363.0,86.0,15.046964774065668,0.2965938506921035
Texas,2020-09-10,650679,15571,3969.0,73.0,13.688151086011148,0.25175989651771574
Texas,2020-09-11,654080,15650,3401.0,79.0,11.729252165160975,0.2724524907520485
Texas,2020-09-12,658509,15716,4429.0,66.0,15.27458331064333,0.22761853657766082
Texas,2020-09-13,660214,15785,1705.0,69.0,5.880145528256238,0.2379648336948272
Texas,2020-09-14,664152,15850,3938.0,65.0,13.581239349133762,0.22416977087193865
Texas,2020-09-15,669396,15920,5244.0,70.0,18.08532736080687,0.24141359940054932
Texas,2020-09-16,675331,15995,5935.0,75.0,20.46842446346086,0.25865742792915997
Texas,2020-09-17,679478,16051,4147.0,56.0,14.302031381629687,0.19313087952043947
Texas,2020-09-18,683949,16112,4471.0,61.0,15.419431470283659,0.21037470804905015
Texas,2020-09-19,687743,16179,3794.0,67.0,13.084617087509773,0.23106730228338293
Texas,2020-09-20,690171,16253,2428.0,74.0,8.37360313349334,0.25520866222343785
Texas,2020-09-21,698765,16324,8594.0,71.0,29.638692474976015,0.2448623651062715
Texas,2020-09-22,716713,16383,17948.0,59.0,61.898446886300846,0.20347717663760587
Texas,2020-09-23,720096,16445,3383.0,62.0,11.667174382457977,0.21382347375477226
Texas,2020-09-24,724445,16522,4349.0,77.0,14.998682054185558,0.26555495934060425
Texas,2020-09-25,729028,16592,4583.0,70.0,15.805693229324538,0.24141359940054932
Texas,2020-09-26,733993,16659,4965.0,67.0,17.123121728910395,0.23106730228338293
Texas,2020-09-27,735678,16697,1685.0,38.0,5.811170214141795,0.13105309681744107
Texas,2020-09-28,739764,16741,4086.0,44.0,14.091656673580635,0.15174569105177388
Texas,2020-09-29,743670,16794,3906.0,53.0,13.470878846550653,0.18278458240327308
Texas,2020-09-30,749456,16856,5786.0,62.0,19.954558373308267,0.21382347375477226
Texas,2020-10-01,752971,16917,3515.0,61.0,12.1224114556133,0.21037470804905015
Utah,2020-02-01,0,0,0.0,0.0,0.0,0.0
Utah,2020-02-02,0,0,0.0,0.0,0.0,0.0
Utah,2020-02-03,0,0,0.0,0.0,0.0,0.0
Utah,2020-02-04,0,0,0.0,0.0,0.0,0.0
Utah,2020-02-05,0,0,0.0,0.0,0.0,0.0
Utah,2020-02-06,0,0,0.0,0.0,0.0,0.0
Utah,2020-02-07,0,0,0.0,0.0,0.0,0.0
Utah,2020-02-08,0,0,0.0,0.0,0.0,0.0
Utah,2020-02-09,0,0,0.0,0.0,0.0,0.0
Utah,2020-02-10,0,0,0.0,0.0,0.0,0.0
Utah,2020-02-11,0,0,0.0,0.0,0.0,0.0
Utah,2020-02-12,0,0,0.0,0.0,0.0,0.0
Utah,2020-02-13,0,0,0.0,0.0,0.0,0.0
Utah,2020-02-14,0,0,0.0,0.0,0.0,0.0
Utah,2020-02-15,0,0,0.0,0.0,0.0,0.0
Utah,2020-02-16,0,0,0.0,0.0,0.0,0.0
Utah,2020-02-17,0,0,0.0,0.0,0.0,0.0
Utah,2020-02-18,0,0,0.0,0.0,0.0,0.0
Utah,2020-02-19,0,0,0.0,0.0,0.0,0.0
Utah,2020-02-20,0,0,0.0,0.0,0.0,0.0
Utah,2020-02-21,0,0,0.0,0.0,0.0,0.0
Utah,2020-02-22,0,0,0.0,0.0,0.0,0.0
Utah,2020-02-23,0,0,0.0,0.0,0.0,0.0
Utah,2020-02-24,0,0,0.0,0.0,0.0,0.0
Utah,2020-02-25,0,0,0.0,0.0,0.0,0.0
Utah,2020-02-26,0,0,0.0,0.0,0.0,0.0
Utah,2020-02-27,0,0,0.0,0.0,0.0,0.0
Utah,2020-02-28,0,0,0.0,0.0,0.0,0.0
Utah,2020-02-29,0,0,0.0,0.0,0.0,0.0
Utah,2020-03-01,0,0,0.0,0.0,0.0,0.0
Utah,2020-03-02,0,0,0.0,0.0,0.0,0.0
Utah,2020-03-03,0,0,0.0,0.0,0.0,0.0
Utah,2020-03-04,0,0,0.0,0.0,0.0,0.0
Utah,2020-03-05,0,0,0.0,0.0,0.0,0.0
Utah,2020-03-06,0,0,0.0,0.0,0.0,0.0
Utah,2020-03-07,1,0,1.0,0.0,0.03119192453550546,0.0
Utah,2020-03-08,1,0,0.0,0.0,0.0,0.0
Utah,2020-03-09,2,0,1.0,0.0,0.03119192453550546,0.0
Utah,2020-03-10,2,0,0.0,0.0,0.0,0.0
Utah,2020-03-11,2,0,0.0,0.0,0.0,0.0
Utah,2020-03-12,5,0,3.0,0.0,0.09357577360651637,0.0
Utah,2020-03-13,6,0,1.0,0.0,0.03119192453550546,0.0
Utah,2020-03-14,19,0,13.0,0.0,0.40549501896157086,0.0
Utah,2020-03-15,21,0,2.0,0.0,0.06238384907101092,0.0
Utah,2020-03-16,28,0,7.0,0.0,0.2183434717485382,0.0
Utah,2020-03-17,51,0,23.0,0.0,0.7174142643166255,0.0
Utah,2020-03-18,65,0,14.0,0.0,0.4366869434970764,0.0
Utah,2020-03-19,78,0,13.0,0.0,0.40549501896157086,0.0
Utah,2020-03-20,110,0,32.0,0.0,0.9981415851361747,0.0
Utah,2020-03-21,134,0,24.0,0.0,0.7486061888521309,0.0
Utah,2020-03-22,178,1,44.0,1.0,1.37244467956224,0.03119192453550546
Utah,2020-03-23,248,1,70.0,0.0,2.183434717485382,0.0
Utah,2020-03-24,290,1,42.0,0.0,1.3100608304912291,0.0
Utah,2020-03-25,336,1,46.0,0.0,1.434828528633251,0.0
Utah,2020-03-26,398,2,62.0,1.0,1.9338993212013382,0.03119192453550546
Utah,2020-03-27,482,2,84.0,0.0,2.6201216609824582,0.0
Utah,2020-03-28,597,3,115.0,1.0,3.5870713215831276,0.03119192453550546
Utah,2020-03-29,706,3,109.0,0.0,3.399919774370095,0.0
Utah,2020-03-30,797,4,91.0,1.0,2.8384651327309967,0.03119192453550546
Utah,2020-03-31,880,4,83.0,0.0,2.5889297364469526,0.0
Utah,2020-04-01,1006,6,126.0,2.0,3.930182491473688,0.06238384907101092
Utah,2020-04-02,1075,6,69.0,0.0,2.152242792949876,0.0
Utah,2020-04-03,1244,6,169.0,0.0,5.271435246500422,0.0
Utah,2020-04-04,1421,7,177.0,1.0,5.520970642784465,0.03119192453550546
Utah,2020-04-05,1592,7,171.0,0.0,5.3338190955714335,0.0
Utah,2020-04-06,1675,12,83.0,5.0,2.5889297364469526,0.15595962267752728
Utah,2020-04-07,1739,12,64.0,0.0,1.9962831702723494,0.0
Utah,2020-04-08,1847,12,108.0,0.0,3.368727849834589,0.0
Utah,2020-04-09,1977,12,130.0,0.0,4.05495018961571,0.0
Utah,2020-04-10,2101,16,124.0,4.0,3.8677986424026765,0.12476769814202184
Utah,2020-04-11,2202,17,101.0,1.0,3.150384378086051,0.03119192453550546
Utah,2020-04-12,2303,17,101.0,0.0,3.150384378086051,0.0
Utah,2020-04-13,2361,17,58.0,0.0,1.8091316230593164,0.0
Utah,2020-04-14,2415,18,54.0,1.0,1.6843639249172946,0.03119192453550546
Utah,2020-04-15,2550,19,135.0,1.0,4.210909812293236,0.03119192453550546
Utah,2020-04-16,2690,21,140.0,2.0,4.366869434970764,0.06238384907101092
Utah,2020-04-17,2812,23,122.0,2.0,3.8054147933316655,0.06238384907101092
Utah,2020-04-18,2938,25,126.0,2.0,3.930182491473688,0.06238384907101092
Utah,2020-04-19,3068,28,130.0,3.0,4.05495018961571,0.09357577360651637
Utah,2020-04-20,3219,28,151.0,0.0,4.7099806048613235,0.0
Utah,2020-04-21,3302,32,83.0,4.0,2.5889297364469526,0.12476769814202184
Utah,2020-04-22,3454,34,152.0,2.0,4.741172529396829,0.06238384907101092
Utah,2020-04-23,3620,35,166.0,1.0,5.177859472893905,0.03119192453550546
Utah,2020-04-24,3777,35,157.0,0.0,4.897132152074357,0.0
Utah,2020-04-25,3952,41,175.0,6.0,5.458586793713455,0.18715154721303273
Utah,2020-04-26,4119,41,167.0,0.0,5.209051397429411,0.0
Utah,2020-04-27,4236,41,117.0,0.0,3.6494551706541385,0.0
Utah,2020-04-28,4316,45,80.0,4.0,2.4953539628404364,0.12476769814202184
Utah,2020-04-29,4500,45,184.0,0.0,5.739314114533004,0.0
Utah,2020-04-30,4676,46,176.0,1.0,5.48977871824896,0.03119192453550546
Utah,2020-05-01,4832,46,156.0,0.0,4.865940227538851,0.0
Utah,2020-05-02,4984,49,152.0,3.0,4.741172529396829,0.09357577360651637
Utah,2020-05-03,5176,50,192.0,1.0,5.988849510817047,0.03119192453550546
Utah,2020-05-04,5324,50,148.0,0.0,4.616404831254807,0.0
Utah,2020-05-05,5453,55,129.0,5.0,4.023758265080204,0.15595962267752728
Utah,2020-05-06,5599,57,146.0,2.0,4.554020982183797,0.06238384907101092
Utah,2020-05-07,5724,60,125.0,3.0,3.8989905669381817,0.09357577360651637
Utah,2020-05-08,5925,60,201.0,0.0,6.269576831636597,0.0
Utah,2020-05-09,6107,67,182.0,7.0,5.676930265461993,0.2183434717485382
Utah,2020-05-10,6244,67,137.0,0.0,4.273293661364248,0.0
Utah,2020-05-11,6363,67,119.0,0.0,3.711839019725149,0.0
Utah,2020-05-12,6442,72,79.0,5.0,2.464162038304931,0.15595962267752728
Utah,2020-05-13,6622,74,180.0,2.0,5.614546416390982,0.06238384907101092
Utah,2020-05-14,6754,74,132.0,0.0,4.11733403868672,0.0
Utah,2020-05-15,6914,74,160.0,0.0,4.990707925680873,0.0
Utah,2020-05-16,7073,77,159.0,3.0,4.959516001145367,0.09357577360651637
Utah,2020-05-17,7239,79,166.0,2.0,5.177859472893905,0.06238384907101092
Utah,2020-05-18,7379,79,140.0,0.0,4.366869434970764,0.0
Utah,2020-05-19,7528,79,149.0,0.0,4.647596755790313,0.0
Utah,2020-05-20,7717,88,189.0,9.0,5.895273737210531,0.2807273208195491
Utah,2020-05-21,7873,90,156.0,2.0,4.865940227538851,0.06238384907101092
Utah,2020-05-22,8056,90,183.0,0.0,5.708122189997498,0.0
Utah,2020-05-23,8257,94,201.0,4.0,6.269576831636597,0.12476769814202184
Utah,2020-05-24,8385,94,128.0,0.0,3.9925663405446987,0.0
Utah,2020-05-25,8516,96,131.0,2.0,4.086142114151214,0.06238384907101092
Utah,2020-05-26,8613,99,97.0,3.0,3.025616679944029,0.09357577360651637
Utah,2020-05-27,8710,102,97.0,3.0,3.025616679944029,0.09357577360651637
Utah,2020-05-28,8948,104,238.0,2.0,7.423678039450298,0.06238384907101092
Utah,2020-05-29,9282,106,334.0,2.0,10.418102794858822,0.06238384907101092
Utah,2020-05-30,9282,106,0.0,0.0,0.0,0.0
Utah,2020-05-31,9336,106,54.0,0.0,1.6843639249172946,0.0
Utah,2020-06-01,10015,110,679.0,4.0,21.179316759608206,0.12476769814202184
Utah,2020-06-02,10232,110,217.0,0.0,6.768647624204685,0.0
Utah,2020-06-03,10540,114,308.0,4.0,9.607112756935681,0.12476769814202184
Utah,2020-06-04,10854,114,314.0,0.0,9.794264304148713,0.0
Utah,2020-06-05,11327,118,473.0,4.0,14.753780305294082,0.12476769814202184
Utah,2020-06-06,11856,118,529.0,0.0,16.500528079282386,0.0
Utah,2020-06-07,11920,119,64.0,1.0,1.9962831702723494,0.03119192453550546
Utah,2020-06-08,12374,122,454.0,3.0,14.161133739119478,0.09357577360651637
Utah,2020-06-09,12629,124,255.0,2.0,7.953940756553891,0.06238384907101092
Utah,2020-06-10,12892,125,263.0,1.0,8.203476152837935,0.03119192453550546
Utah,2020-06-11,13340,129,448.0,4.0,13.973982191906444,0.12476769814202184
Utah,2020-06-12,13642,136,302.0,7.0,9.419961209722647,0.2183434717485382
Utah,2020-06-13,14038,136,396.0,0.0,12.35200211606016,0.0
Utah,2020-06-14,14390,136,352.0,0.0,10.97955743649792,0.0
Utah,2020-06-15,14491,140,101.0,4.0,3.150384378086051,0.12476769814202184
Utah,2020-06-16,15049,142,558.0,2.0,17.405093890812044,0.06238384907101092
Utah,2020-06-17,15424,146,375.0,4.0,11.696971700814546,0.12476769814202184
Utah,2020-06-18,15985,148,561.0,2.0,17.49866966441856,0.06238384907101092
Utah,2020-06-19,16537,151,552.0,3.0,17.21794234359901,0.09357577360651637
Utah,2020-06-20,17166,151,629.0,0.0,19.619720532832932,0.0
Utah,2020-06-21,17568,153,402.0,2.0,12.539153663273193,0.06238384907101092
Utah,2020-06-22,18005,153,437.0,0.0,13.630871022015883,0.0
Utah,2020-06-23,18407,158,402.0,5.0,12.539153663273193,0.15595962267752728
Utah,2020-06-24,18874,158,467.0,0.0,14.566628758081048,0.0
Utah,2020-06-25,19470,159,596.0,1.0,18.590387023161252,0.03119192453550546
Utah,2020-06-26,20129,161,659.0,2.0,20.555478268898096,0.06238384907101092
Utah,2020-06-27,20695,161,566.0,0.0,17.65462928709609,0.0
Utah,2020-06-28,21210,161,515.0,0.0,16.06384113578531,0.0
Utah,2020-06-29,21752,162,542.0,1.0,16.906023098243956,0.03119192453550546
Utah,2020-06-30,22357,166,605.0,4.0,18.8711143439808,0.12476769814202184
Utah,2020-07-01,22806,167,449.0,1.0,14.00517411644195,0.03119192453550546
Utah,2020-07-02,23350,170,544.0,3.0,16.968406947314968,0.09357577360651637
Utah,2020-07-03,23928,175,578.0,5.0,18.028932381522154,0.15595962267752728
Utah,2020-07-04,24623,175,695.0,0.0,21.67838755217629,0.0
Utah,2020-07-05,25035,177,412.0,2.0,12.851072908628248,0.06238384907101092
Utah,2020-07-06,25567,184,532.0,7.0,16.594103852888903,0.2183434717485382
Utah,2020-07-07,26128,188,561.0,4.0,17.49866966441856,0.12476769814202184
Utah,2020-07-08,26834,194,706.0,6.0,22.021498722066852,0.18715154721303273
Utah,2020-07-09,27515,195,681.0,1.0,21.241700608679217,0.03119192453550546
Utah,2020-07-10,28371,200,856.0,5.0,26.70028740239267,0.15595962267752728
Utah,2020-07-11,29007,205,636.0,5.0,19.83806400458147,0.15595962267752728
Utah,2020-07-12,29484,206,477.0,1.0,14.878548003436102,0.03119192453550546
Utah,2020-07-13,30127,206,643.0,0.0,20.05640747633001,0.0
Utah,2020-07-14,30670,217,543.0,11.0,16.937215022779462,0.34311116989056
Utah,2020-07-15,31094,224,424.0,7.0,13.225376003054313,0.2183434717485382
Utah,2020-07-16,31207,225,113.0,1.0,3.5246874725121167,0.03119192453550546
Utah,2020-07-17,32512,226,1305.0,1.0,40.70546151883462,0.03119192453550546
Utah,2020-07-18,33242,232,730.0,6.0,22.77010491091898,0.18715154721303273
Utah,2020-07-19,33965,232,723.0,0.0,22.551761439170445,0.0
Utah,2020-07-20,34474,232,509.0,0.0,15.876689588572278,0.0
Utah,2020-07-21,34942,242,468.0,10.0,14.597820682616554,0.31191924535505455
Utah,2020-07-22,35582,250,640.0,8.0,19.96283170272349,0.24953539628404367
Utah,2020-07-23,36102,259,520.0,9.0,16.21980075846284,0.2807273208195491
Utah,2020-07-24,36941,265,839.0,6.0,26.17002468528908,0.18715154721303273
Utah,2020-07-25,37569,265,628.0,0.0,19.588528608297427,0.0
Utah,2020-07-26,37919,265,350.0,0.0,10.91717358742691,0.0
Utah,2020-07-27,38422,272,503.0,7.0,15.689538041359244,0.2183434717485382
Utah,2020-07-28,38839,277,417.0,5.0,13.007032531305775,0.15595962267752728
Utah,2020-07-29,39208,283,369.0,6.0,11.509820153601513,0.18715154721303273
Utah,2020-07-30,39672,290,464.0,7.0,14.473052984474531,0.2183434717485382
Utah,2020-07-31,40232,295,560.0,5.0,17.467477739883055,0.15595962267752728
Utah,2020-08-01,40666,301,434.0,6.0,13.53729524840937,0.18715154721303273
Utah,2020-08-02,41119,302,453.0,1.0,14.12994181458397,0.03119192453550546
Utah,2020-08-03,41488,305,369.0,3.0,11.509820153601513,0.09357577360651637
Utah,2020-08-04,41919,312,431.0,7.0,13.443719474802853,0.2183434717485382
Utah,2020-08-05,42322,318,403.0,6.0,12.570345587808697,0.18715154721303273
Utah,2020-08-06,42894,321,572.0,3.0,17.841780834309123,0.09357577360651637
Utah,2020-08-07,43382,326,488.0,5.0,15.221659173326662,0.15595962267752728
Utah,2020-08-08,43613,326,231.0,0.0,7.205334567701761,0.0
Utah,2020-08-09,44099,327,486.0,1.0,15.159275324255653,0.03119192453550546
Utah,2020-08-10,44400,336,301.0,9.0,9.388769285187141,0.2807273208195491
Utah,2020-08-11,44730,349,330.0,13.0,10.2933350967168,0.40549501896157086
Utah,2020-08-12,45078,351,348.0,2.0,10.8547897383559,0.06238384907101092
Utah,2020-08-13,45426,353,348.0,2.0,10.8547897383559,0.06238384907101092
Utah,2020-08-14,45999,360,573.0,7.0,17.872972758844625,0.2183434717485382
Utah,2020-08-15,46338,362,339.0,2.0,10.57406241753635,0.06238384907101092
Utah,2020-08-16,46635,363,297.0,1.0,9.26400158704512,0.03119192453550546
Utah,2020-08-17,46924,365,289.0,2.0,9.014466190761077,0.06238384907101092
Utah,2020-08-18,47178,369,254.0,4.0,7.922748832018385,0.12476769814202184
Utah,2020-08-19,47463,378,285.0,9.0,8.889698492619054,0.2807273208195491
Utah,2020-08-20,48002,378,539.0,0.0,16.81244732463744,0.0
Utah,2020-08-21,48462,378,460.0,0.0,14.34828528633251,0.0
Utah,2020-08-22,48809,386,347.0,8.0,10.823597813820394,0.24953539628404367
Utah,2020-08-23,49109,386,300.0,0.0,9.357577360651637,0.0
Utah,2020-08-24,49352,390,243.0,4.0,7.579637662127826,0.12476769814202184
Utah,2020-08-25,49756,396,404.0,6.0,12.601537512344205,0.18715154721303273
Utah,2020-08-26,50173,400,417.0,4.0,13.007032531305775,0.12476769814202184
Utah,2020-08-27,50549,403,376.0,3.0,11.728163625350051,0.09357577360651637
Utah,2020-08-28,50946,407,397.0,4.0,12.383194040595667,0.12476769814202184
Utah,2020-08-29,51398,407,452.0,0.0,14.098749890048467,0.0
Utah,2020-08-30,51818,407,420.0,0.0,13.100608304912292,0.0
Utah,2020-08-31,52090,407,272.0,0.0,8.484203473657484,0.0
Utah,2020-09-01,52383,409,293.0,2.0,9.139233888903098,0.06238384907101092
Utah,2020-09-02,52827,409,444.0,0.0,13.849214493764423,0.0
Utah,2020-09-03,53313,414,486.0,5.0,15.159275324255653,0.15595962267752728
Utah,2020-09-04,53784,415,471.0,1.0,14.69139645622307,0.03119192453550546
Utah,2020-09-05,53860,420,76.0,5.0,2.3705862646984146,0.15595962267752728
Utah,2020-09-06,54587,422,727.0,2.0,22.676529137312468,0.06238384907101092
Utah,2020-09-07,54994,423,407.0,1.0,12.69511328595072,0.03119192453550546
Utah,2020-09-08,55323,424,329.0,1.0,10.262143172181295,0.03119192453550546
Utah,2020-09-09,55656,427,333.0,3.0,10.386910870323318,0.09357577360651637
Utah,2020-09-10,56018,430,362.0,3.0,11.291476681852975,0.09357577360651637
Utah,2020-09-11,56589,431,571.0,1.0,17.810588909773614,0.03119192453550546
Utah,2020-09-12,57228,433,639.0,2.0,19.931639778187986,0.06238384907101092
Utah,2020-09-13,57876,433,648.0,0.0,20.212367099007533,0.0
Utah,2020-09-14,58394,435,518.0,2.0,16.157416909391824,0.06238384907101092
Utah,2020-09-15,58970,435,576.0,0.0,17.966548532451142,0.0
Utah,2020-09-16,59724,437,754.0,2.0,23.518711099771114,0.06238384907101092
Utah,2020-09-17,60587,437,863.0,0.0,26.918630874141208,0.0
Utah,2020-09-18,61689,437,1102.0,0.0,34.373500838127015,0.0
Utah,2020-09-19,62769,440,1080.0,3.0,33.68727849834589,0.09357577360651637
Utah,2020-09-20,63732,440,963.0,0.0,30.037823327691754,0.0
Utah,2020-09-21,64376,441,644.0,1.0,20.087599400865514,0.03119192453550546
Utah,2020-09-22,65028,443,652.0,2.0,20.337134797149556,0.06238384907101092
Utah,2020-09-23,65922,444,894.0,1.0,27.88558053474188,0.03119192453550546
Utah,2020-09-24,67143,444,1221.0,0.0,38.08533985785216,0.0
Utah,2020-09-25,68506,448,1363.0,4.0,42.51459314189393,0.12476769814202184
Utah,2020-09-26,69520,448,1014.0,0.0,31.628611479002533,0.0
Utah,2020-09-27,70559,453,1039.0,5.0,32.408409592390164,0.15595962267752728
Utah,2020-09-28,71407,453,848.0,0.0,26.450752006108626,0.0
Utah,2020-09-29,72111,453,704.0,0.0,21.95911487299584,0.0
Utah,2020-09-30,73023,460,912.0,7.0,28.447035176380975,0.2183434717485382
Utah,2020-10-01,74009,460,986.0,0.0,30.75523759200838,0.0
Vermont,2020-02-01,0,0,0.0,0.0,0.0,0.0
Vermont,2020-02-02,0,0,0.0,0.0,0.0,0.0
Vermont,2020-02-03,0,0,0.0,0.0,0.0,0.0
Vermont,2020-02-04,0,0,0.0,0.0,0.0,0.0
Vermont,2020-02-05,0,0,0.0,0.0,0.0,0.0
Vermont,2020-02-06,0,0,0.0,0.0,0.0,0.0
Vermont,2020-02-07,0,0,0.0,0.0,0.0,0.0
Vermont,2020-02-08,0,0,0.0,0.0,0.0,0.0
Vermont,2020-02-09,0,0,0.0,0.0,0.0,0.0
Vermont,2020-02-10,0,0,0.0,0.0,0.0,0.0
Vermont,2020-02-11,0,0,0.0,0.0,0.0,0.0
Vermont,2020-02-12,0,0,0.0,0.0,0.0,0.0
Vermont,2020-02-13,0,0,0.0,0.0,0.0,0.0
Vermont,2020-02-14,0,0,0.0,0.0,0.0,0.0
Vermont,2020-02-15,0,0,0.0,0.0,0.0,0.0
Vermont,2020-02-16,0,0,0.0,0.0,0.0,0.0
Vermont,2020-02-17,0,0,0.0,0.0,0.0,0.0
Vermont,2020-02-18,0,0,0.0,0.0,0.0,0.0
Vermont,2020-02-19,0,0,0.0,0.0,0.0,0.0
Vermont,2020-02-20,0,0,0.0,0.0,0.0,0.0
Vermont,2020-02-21,0,0,0.0,0.0,0.0,0.0
Vermont,2020-02-22,0,0,0.0,0.0,0.0,0.0
Vermont,2020-02-23,0,0,0.0,0.0,0.0,0.0
Vermont,2020-02-24,0,0,0.0,0.0,0.0,0.0
Vermont,2020-02-25,0,0,0.0,0.0,0.0,0.0
Vermont,2020-02-26,0,0,0.0,0.0,0.0,0.0
Vermont,2020-02-27,0,0,0.0,0.0,0.0,0.0
Vermont,2020-02-28,0,0,0.0,0.0,0.0,0.0
Vermont,2020-02-29,0,0,0.0,0.0,0.0,0.0
Vermont,2020-03-01,0,0,0.0,0.0,0.0,0.0
Vermont,2020-03-02,0,0,0.0,0.0,0.0,0.0
Vermont,2020-03-03,0,0,0.0,0.0,0.0,0.0
Vermont,2020-03-04,0,0,0.0,0.0,0.0,0.0
Vermont,2020-03-05,0,0,0.0,0.0,0.0,0.0
Vermont,2020-03-06,0,0,0.0,0.0,0.0,0.0
Vermont,2020-03-07,0,0,0.0,0.0,0.0,0.0
Vermont,2020-03-08,1,0,1.0,0.0,0.16025923533908448,0.0
Vermont,2020-03-09,1,0,0.0,0.0,0.0,0.0
Vermont,2020-03-10,1,0,0.0,0.0,0.0,0.0
Vermont,2020-03-11,1,0,0.0,0.0,0.0,0.0
Vermont,2020-03-12,2,0,1.0,0.0,0.16025923533908448,0.0
Vermont,2020-03-13,2,0,0.0,0.0,0.0,0.0
Vermont,2020-03-14,4,0,2.0,0.0,0.32051847067816897,0.0
Vermont,2020-03-15,4,0,0.0,0.0,0.0,0.0
Vermont,2020-03-16,8,0,4.0,0.0,0.6410369413563379,0.0
Vermont,2020-03-17,12,0,4.0,0.0,0.6410369413563379,0.0
Vermont,2020-03-18,12,0,0.0,0.0,0.0,0.0
Vermont,2020-03-19,14,2,2.0,2.0,0.32051847067816897,0.32051847067816897
Vermont,2020-03-20,14,2,0.0,0.0,0.0,0.0
Vermont,2020-03-21,30,2,16.0,0.0,2.5641477654253517,0.0
Vermont,2020-03-22,53,2,23.0,0.0,3.685962412798944,0.0
Vermont,2020-03-23,53,5,0.0,3.0,0.0,0.4807777060172535
Vermont,2020-03-24,95,5,42.0,0.0,6.730887884241549,0.0
Vermont,2020-03-25,123,6,28.0,1.0,4.487258589494366,0.16025923533908448
Vermont,2020-03-26,150,6,27.0,0.0,4.326999354155282,0.0
Vermont,2020-03-27,178,6,28.0,0.0,4.487258589494366,0.0
Vermont,2020-03-28,204,8,26.0,2.0,4.166740118816197,0.32051847067816897
Vermont,2020-03-29,227,8,23.0,0.0,3.685962412798944,0.0
Vermont,2020-03-30,254,8,27.0,0.0,4.326999354155282,0.0
Vermont,2020-03-31,281,8,27.0,0.0,4.326999354155282,0.0
Vermont,2020-04-01,306,8,25.0,0.0,4.006480883477113,0.0
Vermont,2020-04-02,333,8,27.0,0.0,4.326999354155282,0.0
Vermont,2020-04-03,383,8,50.0,0.0,8.012961766954225,0.0
Vermont,2020-04-04,450,10,67.0,2.0,10.737368767718662,0.32051847067816897
Vermont,2020-04-05,499,10,49.0,0.0,7.852702531615141,0.0
Vermont,2020-04-06,522,10,23.0,0.0,3.685962412798944,0.0
Vermont,2020-04-07,572,23,50.0,13.0,8.012961766954225,2.0833700594080984
Vermont,2020-04-08,597,23,25.0,0.0,4.006480883477113,0.0
Vermont,2020-04-09,620,23,23.0,0.0,3.685962412798944,0.0
Vermont,2020-04-10,653,23,33.0,0.0,5.2885547661897885,0.0
Vermont,2020-04-11,700,24,47.0,1.0,7.532184060936972,0.16025923533908448
Vermont,2020-04-12,720,26,20.0,2.0,3.20518470678169,0.32051847067816897
Vermont,2020-04-13,740,27,20.0,1.0,3.20518470678169,0.16025923533908448
Vermont,2020-04-14,744,28,4.0,1.0,0.6410369413563379,0.16025923533908448
Vermont,2020-04-15,747,29,3.0,1.0,0.4807777060172535,0.16025923533908448
Vermont,2020-04-16,759,34,12.0,5.0,1.923110824069014,0.8012961766954225
Vermont,2020-04-17,769,34,10.0,0.0,1.602592353390845,0.0
Vermont,2020-04-18,792,36,23.0,2.0,3.685962412798944,0.32051847067816897
Vermont,2020-04-19,801,36,9.0,0.0,1.4423331180517605,0.0
Vermont,2020-04-20,802,37,1.0,1.0,0.16025923533908448,0.16025923533908448
Vermont,2020-04-21,813,39,11.0,2.0,1.7628515887299294,0.32051847067816897
Vermont,2020-04-22,817,39,4.0,0.0,0.6410369413563379,0.0
Vermont,2020-04-23,821,42,4.0,3.0,0.6410369413563379,0.4807777060172535
Vermont,2020-04-24,823,43,2.0,1.0,0.32051847067816897,0.16025923533908448
Vermont,2020-04-25,836,45,13.0,2.0,2.0833700594080984,0.32051847067816897
Vermont,2020-04-26,844,45,8.0,0.0,1.2820738827126759,0.0
Vermont,2020-04-27,851,46,7.0,1.0,1.1218146473735915,0.16025923533908448
Vermont,2020-04-28,858,46,7.0,0.0,1.1218146473735915,0.0
Vermont,2020-04-29,858,46,0.0,0.0,0.0,0.0
Vermont,2020-04-30,862,48,4.0,2.0,0.6410369413563379,0.32051847067816897
Vermont,2020-05-01,875,49,13.0,1.0,2.0833700594080984,0.16025923533908448
Vermont,2020-05-02,882,50,7.0,1.0,1.1218146473735915,0.16025923533908448
Vermont,2020-05-03,893,52,11.0,2.0,1.7628515887299294,0.32051847067816897
Vermont,2020-05-04,898,52,5.0,0.0,0.8012961766954225,0.0
Vermont,2020-05-05,901,52,3.0,0.0,0.4807777060172535,0.0
Vermont,2020-05-06,904,52,3.0,0.0,0.4807777060172535,0.0
Vermont,2020-05-07,911,53,7.0,1.0,1.1218146473735915,0.16025923533908448
Vermont,2020-05-08,913,53,2.0,0.0,0.32051847067816897,0.0
Vermont,2020-05-09,916,53,3.0,0.0,0.4807777060172535,0.0
Vermont,2020-05-10,922,53,6.0,0.0,0.961555412034507,0.0
Vermont,2020-05-11,922,53,0.0,0.0,0.0,0.0
Vermont,2020-05-12,923,53,1.0,0.0,0.16025923533908448,0.0
Vermont,2020-05-13,927,53,4.0,0.0,0.6410369413563379,0.0
Vermont,2020-05-14,927,53,0.0,0.0,0.0,0.0
Vermont,2020-05-15,929,53,2.0,0.0,0.32051847067816897,0.0
Vermont,2020-05-16,929,53,0.0,0.0,0.0,0.0
Vermont,2020-05-17,935,54,6.0,1.0,0.961555412034507,0.16025923533908448
Vermont,2020-05-18,935,54,0.0,0.0,0.0,0.0
Vermont,2020-05-19,937,54,2.0,0.0,0.32051847067816897,0.0
Vermont,2020-05-20,937,54,0.0,0.0,0.0,0.0
Vermont,2020-05-21,945,54,8.0,0.0,1.2820738827126759,0.0
Vermont,2020-05-22,947,54,2.0,0.0,0.32051847067816897,0.0
Vermont,2020-05-23,951,54,4.0,0.0,0.6410369413563379,0.0
Vermont,2020-05-24,951,54,0.0,0.0,0.0,0.0
Vermont,2020-05-25,957,54,6.0,0.0,0.961555412034507,0.0
Vermont,2020-05-26,962,54,5.0,0.0,0.8012961766954225,0.0
Vermont,2020-05-27,965,54,3.0,0.0,0.4807777060172535,0.0
Vermont,2020-05-28,968,55,3.0,1.0,0.4807777060172535,0.16025923533908448
Vermont,2020-05-29,970,55,2.0,0.0,0.32051847067816897,0.0
Vermont,2020-05-30,972,55,2.0,0.0,0.32051847067816897,0.0
Vermont,2020-05-31,976,55,4.0,0.0,0.6410369413563379,0.0
Vermont,2020-06-01,978,55,2.0,0.0,0.32051847067816897,0.0
Vermont,2020-06-02,983,55,5.0,0.0,0.8012961766954225,0.0
Vermont,2020-06-03,985,55,2.0,0.0,0.32051847067816897,0.0
Vermont,2020-06-04,1020,55,35.0,0.0,5.609073236867958,0.0
Vermont,2020-06-05,1022,55,2.0,0.0,0.32051847067816897,0.0
Vermont,2020-06-06,1041,55,19.0,0.0,3.0449254714426055,0.0
Vermont,2020-06-07,1058,55,17.0,0.0,2.7244070007644363,0.0
Vermont,2020-06-08,1070,55,12.0,0.0,1.923110824069014,0.0
Vermont,2020-06-09,1078,55,8.0,0.0,1.2820738827126759,0.0
Vermont,2020-06-10,1089,55,11.0,0.0,1.7628515887299294,0.0
Vermont,2020-06-11,1105,55,16.0,0.0,2.5641477654253517,0.0
Vermont,2020-06-12,1114,55,9.0,0.0,1.4423331180517605,0.0
Vermont,2020-06-13,1120,55,6.0,0.0,0.961555412034507,0.0
Vermont,2020-06-14,1122,55,2.0,0.0,0.32051847067816897,0.0
Vermont,2020-06-15,1123,55,1.0,0.0,0.16025923533908448,0.0
Vermont,2020-06-16,1125,55,2.0,0.0,0.32051847067816897,0.0
Vermont,2020-06-17,1125,55,0.0,0.0,0.0,0.0
Vermont,2020-06-18,1130,56,5.0,1.0,0.8012961766954225,0.16025923533908448
Vermont,2020-06-19,1139,56,9.0,0.0,1.4423331180517605,0.0
Vermont,2020-06-20,1142,56,3.0,0.0,0.4807777060172535,0.0
Vermont,2020-06-21,1154,56,12.0,0.0,1.923110824069014,0.0
Vermont,2020-06-22,1158,56,4.0,0.0,0.6410369413563379,0.0
Vermont,2020-06-23,1159,56,1.0,0.0,0.16025923533908448,0.0
Vermont,2020-06-24,1179,56,20.0,0.0,3.20518470678169,0.0
Vermont,2020-06-25,1186,56,7.0,0.0,1.1218146473735915,0.0
Vermont,2020-06-26,1188,56,2.0,0.0,0.32051847067816897,0.0
Vermont,2020-06-27,1195,56,7.0,0.0,1.1218146473735915,0.0
Vermont,2020-06-28,1196,56,1.0,0.0,0.16025923533908448,0.0
Vermont,2020-06-29,1202,56,6.0,0.0,0.961555412034507,0.0
Vermont,2020-06-30,1202,56,0.0,0.0,0.0,0.0
Vermont,2020-07-01,1204,56,2.0,0.0,0.32051847067816897,0.0
Vermont,2020-07-02,1222,56,18.0,0.0,2.884666236103521,0.0
Vermont,2020-07-03,1231,56,9.0,0.0,1.4423331180517605,0.0
Vermont,2020-07-04,1233,56,2.0,0.0,0.32051847067816897,0.0
Vermont,2020-07-05,1244,56,11.0,0.0,1.7628515887299294,0.0
Vermont,2020-07-06,1246,56,2.0,0.0,0.32051847067816897,0.0
Vermont,2020-07-07,1248,56,2.0,0.0,0.32051847067816897,0.0
Vermont,2020-07-08,1251,56,3.0,0.0,0.4807777060172535,0.0
Vermont,2020-07-09,1267,56,16.0,0.0,2.5641477654253517,0.0
Vermont,2020-07-10,1272,56,5.0,0.0,0.8012961766954225,0.0
Vermont,2020-07-11,1278,56,6.0,0.0,0.961555412034507,0.0
Vermont,2020-07-12,1291,56,13.0,0.0,2.0833700594080984,0.0
Vermont,2020-07-13,1296,56,5.0,0.0,0.8012961766954225,0.0
Vermont,2020-07-14,1300,56,4.0,0.0,0.6410369413563379,0.0
Vermont,2020-07-15,1313,56,13.0,0.0,2.0833700594080984,0.0
Vermont,2020-07-16,1320,56,7.0,0.0,1.1218146473735915,0.0
Vermont,2020-07-17,1329,56,9.0,0.0,1.4423331180517605,0.0
Vermont,2020-07-18,1332,56,3.0,0.0,0.4807777060172535,0.0
Vermont,2020-07-19,1341,56,9.0,0.0,1.4423331180517605,0.0
Vermont,2020-07-20,1350,56,9.0,0.0,1.4423331180517605,0.0
Vermont,2020-07-21,1359,56,9.0,0.0,1.4423331180517605,0.0
Vermont,2020-07-22,1360,56,1.0,0.0,0.16025923533908448,0.0
Vermont,2020-07-23,1371,56,11.0,0.0,1.7628515887299294,0.0
Vermont,2020-07-24,1378,56,7.0,0.0,1.1218146473735915,0.0
Vermont,2020-07-25,1390,56,12.0,0.0,1.923110824069014,0.0
Vermont,2020-07-26,1394,56,4.0,0.0,0.6410369413563379,0.0
Vermont,2020-07-27,1398,56,4.0,0.0,0.6410369413563379,0.0
Vermont,2020-07-28,1399,56,1.0,0.0,0.16025923533908448,0.0
Vermont,2020-07-29,1399,56,0.0,0.0,0.0,0.0
Vermont,2020-07-30,1400,56,1.0,0.0,0.16025923533908448,0.0
Vermont,2020-07-31,1407,57,7.0,1.0,1.1218146473735915,0.16025923533908448
Vermont,2020-08-01,1412,57,5.0,0.0,0.8012961766954225,0.0
Vermont,2020-08-02,1417,57,5.0,0.0,0.8012961766954225,0.0
Vermont,2020-08-03,1418,57,1.0,0.0,0.16025923533908448,0.0
Vermont,2020-08-04,1422,57,4.0,0.0,0.6410369413563379,0.0
Vermont,2020-08-05,1429,57,7.0,0.0,1.1218146473735915,0.0
Vermont,2020-08-06,1438,58,9.0,1.0,1.4423331180517605,0.16025923533908448
Vermont,2020-08-07,1441,58,3.0,0.0,0.4807777060172535,0.0
Vermont,2020-08-08,1446,58,5.0,0.0,0.8012961766954225,0.0
Vermont,2020-08-09,1451,58,5.0,0.0,0.8012961766954225,0.0
Vermont,2020-08-10,1453,58,2.0,0.0,0.32051847067816897,0.0
Vermont,2020-08-11,1464,58,11.0,0.0,1.7628515887299294,0.0
Vermont,2020-08-12,1470,58,6.0,0.0,0.961555412034507,0.0
Vermont,2020-08-13,1476,58,6.0,0.0,0.961555412034507,0.0
Vermont,2020-08-14,1493,58,17.0,0.0,2.7244070007644363,0.0
Vermont,2020-08-15,1501,58,8.0,0.0,1.2820738827126759,0.0
Vermont,2020-08-16,1507,58,6.0,0.0,0.961555412034507,0.0
Vermont,2020-08-17,1519,58,12.0,0.0,1.923110824069014,0.0
Vermont,2020-08-18,1522,58,3.0,0.0,0.4807777060172535,0.0
Vermont,2020-08-19,1525,58,3.0,0.0,0.4807777060172535,0.0
Vermont,2020-08-20,1529,58,4.0,0.0,0.6410369413563379,0.0
Vermont,2020-08-21,1533,58,4.0,0.0,0.6410369413563379,0.0
Vermont,2020-08-22,1545,58,12.0,0.0,1.923110824069014,0.0
Vermont,2020-08-23,1549,58,4.0,0.0,0.6410369413563379,0.0
Vermont,2020-08-24,1557,58,8.0,0.0,1.2820738827126759,0.0
Vermont,2020-08-25,1563,58,6.0,0.0,0.961555412034507,0.0
Vermont,2020-08-26,1567,58,4.0,0.0,0.6410369413563379,0.0
Vermont,2020-08-27,1577,58,10.0,0.0,1.602592353390845,0.0
Vermont,2020-08-28,1581,58,4.0,0.0,0.6410369413563379,0.0
Vermont,2020-08-29,1597,58,16.0,0.0,2.5641477654253517,0.0
Vermont,2020-08-30,1607,58,10.0,0.0,1.602592353390845,0.0
Vermont,2020-08-31,1616,58,9.0,0.0,1.4423331180517605,0.0
Vermont,2020-09-01,1623,58,7.0,0.0,1.1218146473735915,0.0
Vermont,2020-09-02,1626,58,3.0,0.0,0.4807777060172535,0.0
Vermont,2020-09-03,1629,58,3.0,0.0,0.4807777060172535,0.0
Vermont,2020-09-04,1634,58,5.0,0.0,0.8012961766954225,0.0
Vermont,2020-09-05,1638,58,4.0,0.0,0.6410369413563379,0.0
Vermont,2020-09-06,1640,58,2.0,0.0,0.32051847067816897,0.0
Vermont,2020-09-07,1643,58,3.0,0.0,0.4807777060172535,0.0
Vermont,2020-09-08,1646,58,3.0,0.0,0.4807777060172535,0.0
Vermont,2020-09-09,1646,58,0.0,0.0,0.0,0.0
Vermont,2020-09-10,1651,58,5.0,0.0,0.8012961766954225,0.0
Vermont,2020-09-11,1659,58,8.0,0.0,1.2820738827126759,0.0
Vermont,2020-09-12,1668,58,9.0,0.0,1.4423331180517605,0.0
Vermont,2020-09-13,1675,58,7.0,0.0,1.1218146473735915,0.0
Vermont,2020-09-14,1686,58,11.0,0.0,1.7628515887299294,0.0
Vermont,2020-09-15,1692,58,6.0,0.0,0.961555412034507,0.0
Vermont,2020-09-16,1693,58,1.0,0.0,0.16025923533908448,0.0
Vermont,2020-09-17,1696,58,3.0,0.0,0.4807777060172535,0.0
Vermont,2020-09-18,1698,58,2.0,0.0,0.32051847067816897,0.0
Vermont,2020-09-19,1702,58,4.0,0.0,0.6410369413563379,0.0
Vermont,2020-09-20,1707,58,5.0,0.0,0.8012961766954225,0.0
Vermont,2020-09-21,1711,58,4.0,0.0,0.6410369413563379,0.0
Vermont,2020-09-22,1713,58,2.0,0.0,0.32051847067816897,0.0
Vermont,2020-09-23,1714,58,1.0,0.0,0.16025923533908448,0.0
Vermont,2020-09-24,1716,58,2.0,0.0,0.32051847067816897,0.0
Vermont,2020-09-25,1723,58,7.0,0.0,1.1218146473735915,0.0
Vermont,2020-09-26,1731,58,8.0,0.0,1.2820738827126759,0.0
Vermont,2020-09-27,1734,58,3.0,0.0,0.4807777060172535,0.0
Vermont,2020-09-28,1737,58,3.0,0.0,0.4807777060172535,0.0
Vermont,2020-09-29,1741,58,4.0,0.0,0.6410369413563379,0.0
Vermont,2020-09-30,1744,58,3.0,0.0,0.4807777060172535,0.0
Vermont,2020-10-01,1747,58,3.0,0.0,0.4807777060172535,0.0
Virginia,2020-02-01,0,0,0.0,0.0,0.0,0.0
Virginia,2020-02-02,0,0,0.0,0.0,0.0,0.0
Virginia,2020-02-03,0,0,0.0,0.0,0.0,0.0
Virginia,2020-02-04,0,0,0.0,0.0,0.0,0.0
Virginia,2020-02-05,0,0,0.0,0.0,0.0,0.0
Virginia,2020-02-06,0,0,0.0,0.0,0.0,0.0
Virginia,2020-02-07,0,0,0.0,0.0,0.0,0.0
Virginia,2020-02-08,0,0,0.0,0.0,0.0,0.0
Virginia,2020-02-09,0,0,0.0,0.0,0.0,0.0
Virginia,2020-02-10,0,0,0.0,0.0,0.0,0.0
Virginia,2020-02-11,0,0,0.0,0.0,0.0,0.0
Virginia,2020-02-12,0,0,0.0,0.0,0.0,0.0
Virginia,2020-02-13,0,0,0.0,0.0,0.0,0.0
Virginia,2020-02-14,0,0,0.0,0.0,0.0,0.0
Virginia,2020-02-15,0,0,0.0,0.0,0.0,0.0
Virginia,2020-02-16,0,0,0.0,0.0,0.0,0.0
Virginia,2020-02-17,0,0,0.0,0.0,0.0,0.0
Virginia,2020-02-18,0,0,0.0,0.0,0.0,0.0
Virginia,2020-02-19,0,0,0.0,0.0,0.0,0.0
Virginia,2020-02-20,0,0,0.0,0.0,0.0,0.0
Virginia,2020-02-21,0,0,0.0,0.0,0.0,0.0
Virginia,2020-02-22,0,0,0.0,0.0,0.0,0.0
Virginia,2020-02-23,0,0,0.0,0.0,0.0,0.0
Virginia,2020-02-24,0,0,0.0,0.0,0.0,0.0
Virginia,2020-02-25,0,0,0.0,0.0,0.0,0.0
Virginia,2020-02-26,0,0,0.0,0.0,0.0,0.0
Virginia,2020-02-27,0,0,0.0,0.0,0.0,0.0
Virginia,2020-02-28,0,0,0.0,0.0,0.0,0.0
Virginia,2020-02-29,0,0,0.0,0.0,0.0,0.0
Virginia,2020-03-01,0,0,0.0,0.0,0.0,0.0
Virginia,2020-03-02,0,0,0.0,0.0,0.0,0.0
Virginia,2020-03-03,0,0,0.0,0.0,0.0,0.0
Virginia,2020-03-04,0,0,0.0,0.0,0.0,0.0
Virginia,2020-03-05,0,0,0.0,0.0,0.0,0.0
Virginia,2020-03-06,0,0,0.0,0.0,0.0,0.0
Virginia,2020-03-07,0,0,0.0,0.0,0.0,0.0
Virginia,2020-03-08,2,0,2.0,0.0,0.023431498424407466,0.0
Virginia,2020-03-09,6,0,4.0,0.0,0.04686299684881493,0.0
Virginia,2020-03-10,6,0,0.0,0.0,0.0,0.0
Virginia,2020-03-11,6,0,0.0,0.0,0.0,0.0
Virginia,2020-03-12,6,0,0.0,0.0,0.0,0.0
Virginia,2020-03-13,27,0,21.0,0.0,0.2460307334562784,0.0
Virginia,2020-03-14,37,1,10.0,1.0,0.11715749212203733,0.011715749212203733
Virginia,2020-03-15,40,1,3.0,0.0,0.0351472476366112,0.0
Virginia,2020-03-16,45,2,5.0,1.0,0.05857874606101866,0.011715749212203733
Virginia,2020-03-17,67,2,22.0,0.0,0.25774648266848216,0.0
Virginia,2020-03-18,77,2,10.0,0.0,0.11715749212203733,0.0
Virginia,2020-03-19,93,2,16.0,0.0,0.18745198739525973,0.0
Virginia,2020-03-20,115,2,22.0,0.0,0.25774648266848216,0.0
Virginia,2020-03-21,152,2,37.0,0.0,0.43348272085153816,0.0
Virginia,2020-03-22,219,3,67.0,1.0,0.7849551972176502,0.011715749212203733
Virginia,2020-03-23,253,6,34.0,3.0,0.39833547321492696,0.0351472476366112
Virginia,2020-03-24,289,6,36.0,0.0,0.42176697163933446,0.0
Virginia,2020-03-25,389,9,100.0,3.0,1.1715749212203732,0.0351472476366112
Virginia,2020-03-26,459,13,70.0,4.0,0.8201024448542613,0.04686299684881493
Virginia,2020-03-27,603,14,144.0,1.0,1.6870678865573379,0.011715749212203733
Virginia,2020-03-28,738,17,135.0,3.0,1.581626143647504,0.0351472476366112
Virginia,2020-03-29,888,22,150.0,5.0,1.7573623818305601,0.05857874606101866
Virginia,2020-03-30,1018,25,130.0,3.0,1.5230473975864853,0.0351472476366112
Virginia,2020-03-31,1247,27,229.0,2.0,2.682906569594655,0.023431498424407466
Virginia,2020-04-01,1482,34,235.0,7.0,2.7532010648678775,0.08201024448542614
Virginia,2020-04-02,1702,41,220.0,7.0,2.5774648266848215,0.08201024448542614
Virginia,2020-04-03,2009,45,307.0,4.0,3.596735008146546,0.04686299684881493
Virginia,2020-04-04,2406,49,397.0,4.0,4.651152437244882,0.04686299684881493
Virginia,2020-04-05,2634,51,228.0,2.0,2.671190820382451,0.023431498424407466
Virginia,2020-04-06,2875,54,241.0,3.0,2.8234955601410996,0.0351472476366112
Virginia,2020-04-07,3324,63,449.0,9.0,5.260371396279477,0.10544174290983362
Virginia,2020-04-08,3646,74,322.0,11.0,3.772471246329602,0.12887324133424108
Virginia,2020-04-09,4039,108,393.0,34.0,4.604289440396068,0.39833547321492696
Virginia,2020-04-10,4505,119,466.0,11.0,5.45953913288694,0.12887324133424108
Virginia,2020-04-11,5072,129,567.0,10.0,6.642829803319517,0.11715749212203733
Virginia,2020-04-12,5269,139,197.0,10.0,2.308002594804136,0.11715749212203733
Virginia,2020-04-13,5729,147,460.0,8.0,5.389244637613718,0.09372599369762986
Virginia,2020-04-14,6165,153,436.0,6.0,5.108066656520828,0.0702944952732224
Virginia,2020-04-15,6496,195,331.0,42.0,3.8779129892394355,0.4920614669125568
Virginia,2020-04-16,6889,208,393.0,13.0,4.604289440396068,0.15230473975864853
Virginia,2020-04-17,7488,230,599.0,22.0,7.017733778110036,0.25774648266848216
Virginia,2020-04-18,8049,257,561.0,27.0,6.572535308046295,0.3163252287295008
Virginia,2020-04-19,8534,276,485.0,19.0,5.682138367918811,0.22259923503187093
Virginia,2020-04-20,8986,298,452.0,22.0,5.295518643916087,0.25774648266848216
Virginia,2020-04-21,9632,322,646.0,24.0,7.568373991083612,0.2811779810928896
Virginia,2020-04-22,10269,348,637.0,26.0,7.462932248173779,0.30460947951729705
Virginia,2020-04-23,11002,372,733.0,24.0,8.587644172545337,0.2811779810928896
Virginia,2020-04-24,12372,436,1370.0,64.0,16.050576420719114,0.7498079495810389
Virginia,2020-04-25,12975,436,603.0,0.0,7.064596774958852,0.0
Virginia,2020-04-26,12975,436,0.0,0.0,0.0,0.0
Virginia,2020-04-27,13545,459,570.0,23.0,6.6779770509561285,0.2694622318806859
Virginia,2020-04-28,14346,492,801.0,33.0,9.384315118975191,0.38661972400272315
Virginia,2020-04-29,14966,521,620.0,29.0,7.263764511566315,0.3397567271539083
Virginia,2020-04-30,15852,552,886.0,31.0,10.380153802012508,0.36318822557831576
Virginia,2020-05-01,16905,581,1053.0,29.0,12.33668392045053,0.3397567271539083
Virginia,2020-05-02,17740,617,835.0,36.0,9.782650592190118,0.42176697163933446
Virginia,2020-05-03,18674,661,934.0,44.0,10.942509764198286,0.5154929653369643
Virginia,2020-05-04,19494,685,820.0,24.0,9.606914354007062,0.2811779810928896
Virginia,2020-05-05,20264,714,770.0,29.0,9.021126893396874,0.3397567271539083
Virginia,2020-05-06,20264,714,0.0,0.0,0.0,0.0
Virginia,2020-05-07,21576,770,1312.0,56.0,15.3710629664113,0.6560819558834091
Virginia,2020-05-08,22346,812,770.0,42.0,9.021126893396874,0.4920614669125568
Virginia,2020-05-09,23196,828,850.0,16.0,9.958386830373174,0.18745198739525973
Virginia,2020-05-10,24080,840,884.0,12.0,10.3567223035881,0.1405889905464448
Virginia,2020-05-11,25066,850,986.0,10.0,11.55172872323288,0.11715749212203733
Virginia,2020-05-12,25798,890,732.0,40.0,8.575928423333133,0.4686299684881493
Virginia,2020-05-13,26745,927,947.0,37.0,11.094814503956936,0.43348272085153816
Virginia,2020-05-14,27810,954,1065.0,27.0,12.477272910996977,0.3163252287295008
Virginia,2020-05-15,28672,977,862.0,23.0,10.098975820919618,0.2694622318806859
Virginia,2020-05-16,29680,1002,1008.0,25.0,11.809475205901364,0.2928937303050933
Virginia,2020-05-17,30384,1009,704.0,7.0,8.247887445391429,0.08201024448542614
Virginia,2020-05-18,31137,1014,753.0,5.0,8.821959156789411,0.05857874606101866
Virginia,2020-05-19,32136,1041,999.0,27.0,11.704033462991529,0.3163252287295008
Virginia,2020-05-20,32900,1074,764.0,33.0,8.950832398123653,0.38661972400272315
Virginia,2020-05-21,34131,1098,1231.0,24.0,14.422087280222796,0.2811779810928896
Virginia,2020-05-22,34947,1132,816.0,34.0,9.560051357158247,0.39833547321492696
Virginia,2020-05-23,35722,1157,775.0,25.0,9.079705639457893,0.2928937303050933
Virginia,2020-05-24,36243,1169,521.0,12.0,6.103905339558145,0.1405889905464448
Virginia,2020-05-25,37724,1203,1481.0,34.0,17.35102458327373,0.39833547321492696
Virginia,2020-05-26,39332,1227,1608.0,24.0,18.838924733223603,0.2811779810928896
Virginia,2020-05-27,40243,1272,911.0,45.0,10.673047532317602,0.527208714549168
Virginia,2020-05-28,41398,1327,1155.0,55.0,13.531690340095313,0.6443662066712054
Virginia,2020-05-29,42527,1349,1129.0,22.0,13.227080860578015,0.25774648266848216
Virginia,2020-05-30,43604,1361,1077.0,12.0,12.617861901543423,0.1405889905464448
Virginia,2020-05-31,44600,1366,996.0,5.0,11.668886215354918,0.05857874606101866
Virginia,2020-06-01,45391,1381,791.0,15.0,9.267157626853153,0.175736238183056
Virginia,2020-06-02,46222,1397,831.0,16.0,9.735787595341304,0.18745198739525973
Virginia,2020-06-03,46895,1416,673.0,19.0,7.884699219813112,0.22259923503187093
Virginia,2020-06-04,47845,1432,950.0,16.0,11.129961751593548,0.18745198739525973
Virginia,2020-06-05,48521,1442,676.0,10.0,7.919846467449724,0.11715749212203733
Virginia,2020-06-06,49380,1449,859.0,7.0,10.063828573283008,0.08201024448542614
Virginia,2020-06-07,50403,1460,1023.0,11.0,11.985211444084419,0.12887324133424108
Virginia,2020-06-08,51225,1466,822.0,6.0,9.630345852431468,0.0702944952732224
Virginia,2020-06-09,51720,1483,495.0,17.0,5.799295860040848,0.19916773660746348
Virginia,2020-06-10,52160,1502,440.0,19.0,5.154929653369643,0.22259923503187093
Virginia,2020-06-11,52635,1511,475.0,9.0,5.564980875796774,0.10544174290983362
Virginia,2020-06-12,53197,1524,562.0,13.0,6.5842510572584985,0.15230473975864853
Virginia,2020-06-13,53858,1532,661.0,8.0,7.744110229266668,0.09372599369762986
Virginia,2020-06-14,54494,1536,636.0,4.0,7.451216498961574,0.04686299684881493
Virginia,2020-06-15,54872,1541,378.0,5.0,4.428553202213012,0.05857874606101866
Virginia,2020-06-16,55319,1560,447.0,19.0,5.236939897855069,0.22259923503187093
Virginia,2020-06-17,55761,1571,442.0,11.0,5.17836115179405,0.12887324133424108
Virginia,2020-06-18,56227,1578,466.0,7.0,5.45953913288694,0.08201024448542614
Virginia,2020-06-19,56773,1595,546.0,17.0,6.396799069863239,0.19916773660746348
Virginia,2020-06-20,57405,1600,632.0,5.0,7.404353502112761,0.05857874606101866
Virginia,2020-06-21,57950,1604,545.0,4.0,6.3850833206510345,0.04686299684881493
Virginia,2020-06-22,58416,1613,466.0,9.0,5.45953913288694,0.10544174290983362
Virginia,2020-06-23,58952,1635,536.0,22.0,6.279641577741201,0.25774648266848216
Virginia,2020-06-24,59494,1652,542.0,17.0,6.349936073014423,0.19916773660746348
Virginia,2020-06-25,59932,1668,438.0,16.0,5.131498154945235,0.18745198739525973
Virginia,2020-06-26,60565,1694,633.0,26.0,7.416069251324964,0.30460947951729705
Virginia,2020-06-27,61239,1717,674.0,23.0,7.896414969025317,0.2694622318806859
Virginia,2020-06-28,61724,1725,485.0,8.0,5.682138367918811,0.09372599369762986
Virginia,2020-06-29,62179,1732,455.0,7.0,5.330665891552699,0.08201024448542614
Virginia,2020-06-30,62772,1755,593.0,23.0,6.947439282836814,0.2694622318806859
Virginia,2020-07-01,63201,1779,429.0,24.0,5.026056412035402,0.2811779810928896
Virginia,2020-07-02,63724,1810,523.0,31.0,6.127336837982552,0.36318822557831576
Virginia,2020-07-03,64389,1836,665.0,26.0,7.790973226115483,0.30460947951729705
Virginia,2020-07-04,65106,1841,717.0,5.0,8.400192185150077,0.05857874606101866
Virginia,2020-07-05,65736,1845,630.0,4.0,7.380922003688353,0.04686299684881493
Virginia,2020-07-06,66078,1846,342.0,1.0,4.006786230573677,0.011715749212203733
Virginia,2020-07-07,66734,1873,656.0,27.0,7.68553148320565,0.3163252287295008
Virginia,2020-07-08,67369,1897,635.0,24.0,7.439500749749371,0.2811779810928896
Virginia,2020-07-09,67982,1948,613.0,51.0,7.181754267080889,0.5975032098223905
Virginia,2020-07-10,68932,1953,950.0,5.0,11.129961751593548,0.05857874606101866
Virginia,2020-07-11,69780,1957,848.0,4.0,9.934955331948766,0.04686299684881493
Virginia,2020-07-12,70667,1959,887.0,2.0,10.391869551224712,0.023431498424407466
Virginia,2020-07-13,71630,1968,963.0,9.0,11.282266491352196,0.10544174290983362
Virginia,2020-07-14,72441,1985,811.0,17.0,9.501472611097228,0.19916773660746348
Virginia,2020-07-15,73523,2000,1082.0,15.0,12.676440647604439,0.175736238183056
Virginia,2020-07-16,74426,2008,903.0,8.0,10.579321538619972,0.09372599369762986
Virginia,2020-07-17,75427,2020,1001.0,12.0,11.727464961415937,0.1405889905464448
Virginia,2020-07-18,76369,2022,942.0,2.0,11.036235757895916,0.023431498424407466
Virginia,2020-07-19,77427,2022,1058.0,0.0,12.39526266651155,0.0
Virginia,2020-07-20,78365,2026,938.0,4.0,10.989372761047102,0.04686299684881493
Virginia,2020-07-21,79362,2043,997.0,17.0,11.680601964567122,0.19916773660746348
Virginia,2020-07-22,80377,2047,1015.0,4.0,11.89148545038679,0.04686299684881493
Virginia,2020-07-23,81231,2050,854.0,3.0,10.005249827221988,0.0351472476366112
Virginia,2020-07-24,82359,2062,1128.0,12.0,13.215365111365811,0.1405889905464448
Virginia,2020-07-25,83590,2071,1231.0,9.0,14.422087280222796,0.10544174290983362
Virginia,2020-07-26,84557,2072,967.0,1.0,11.32912948820101,0.011715749212203733
Virginia,2020-07-27,86060,2077,1503.0,5.0,17.60877106594221,0.05857874606101866
Virginia,2020-07-28,86985,2077,925.0,0.0,10.837068021288454,0.0
Virginia,2020-07-29,87985,2119,1000.0,42.0,11.715749212203734,0.4920614669125568
Virginia,2020-07-30,88896,2135,911.0,16.0,10.673047532317602,0.18745198739525973
Virginia,2020-07-31,89880,2165,984.0,30.0,11.528297224808473,0.351472476366112
Virginia,2020-08-01,90795,2205,915.0,40.0,10.719910529166416,0.4686299684881493
Virginia,2020-08-02,91772,2208,977.0,3.0,11.446286980323048,0.0351472476366112
Virginia,2020-08-03,93090,2210,1318.0,2.0,15.441357461684522,0.023431498424407466
Virginia,2020-08-04,94247,2241,1157.0,31.0,13.55512183851972,0.36318822557831576
Virginia,2020-08-05,95043,2269,796.0,28.0,9.325736372914172,0.32804097794170456
Virginia,2020-08-06,95866,2295,823.0,26.0,9.642061601643674,0.30460947951729705
Virginia,2020-08-07,97874,2309,2008.0,14.0,23.525224418105097,0.16402048897085228
Virginia,2020-08-08,99182,2315,1308.0,6.0,15.324199969562484,0.0702944952732224
Virginia,2020-08-09,100075,2319,893.0,4.0,10.462164046497934,0.04686299684881493
Virginia,2020-08-10,100736,2320,661.0,1.0,7.744110229266668,0.011715749212203733
Virginia,2020-08-11,101737,2336,1001.0,16.0,11.727464961415937,0.18745198739525973
Virginia,2020-08-12,102509,2343,772.0,7.0,9.044558391821282,0.08201024448542614
Virginia,2020-08-13,103615,2356,1106.0,13.0,12.957618628697329,0.15230473975864853
Virginia,2020-08-14,104833,2362,1218.0,6.0,14.269782540464147,0.0702944952732224
Virginia,2020-08-15,105748,2373,915.0,11.0,10.719910529166416,0.12887324133424108
Virginia,2020-08-16,106677,2373,929.0,0.0,10.883931018137268,0.0
Virginia,2020-08-17,107402,2377,725.0,4.0,8.493918178847707,0.04686299684881493
Virginia,2020-08-18,108271,2387,869.0,10.0,10.180986065405044,0.11715749212203733
Virginia,2020-08-19,109015,2410,744.0,23.0,8.716517413879577,0.2694622318806859
Virginia,2020-08-20,109876,2427,861.0,17.0,10.087260071707414,0.19916773660746348
Virginia,2020-08-21,110856,2436,980.0,9.0,11.48143422795966,0.10544174290983362
Virginia,2020-08-22,112070,2443,1214.0,7.0,14.222919543615333,0.08201024448542614
Virginia,2020-08-23,112963,2467,893.0,24.0,10.462164046497934,0.2811779810928896
Virginia,2020-08-24,113621,2471,658.0,4.0,7.708962981630057,0.04686299684881493
Virginia,2020-08-25,114622,2493,1001.0,22.0,11.727464961415937,0.25774648266848216
Virginia,2020-08-26,115452,2513,830.0,20.0,9.724071846129098,0.23431498424407465
Virginia,2020-08-27,116571,2525,1119.0,12.0,13.109923368455977,0.1405889905464448
Virginia,2020-08-28,117579,2546,1008.0,21.0,11.809475205901364,0.2460307334562784
Virginia,2020-08-29,118807,2566,1228.0,20.0,14.386940032586184,0.23431498424407465
Virginia,2020-08-30,119738,2567,931.0,1.0,10.907362516561676,0.011715749212203733
Virginia,2020-08-31,120580,2578,842.0,11.0,9.864660836675544,0.12887324133424108
Virginia,2020-09-01,121606,2611,1026.0,33.0,12.02035869172103,0.38661972400272315
Virginia,2020-09-02,122532,2639,926.0,28.0,10.848783770500658,0.32804097794170456
Virginia,2020-09-03,123665,2651,1133.0,12.0,13.273943857426831,0.1405889905464448
Virginia,2020-09-04,124779,2661,1114.0,10.0,13.051344622394959,0.11715749212203733
Virginia,2020-09-05,125725,2677,946.0,16.0,11.083098754744732,0.18745198739525973
Virginia,2020-09-06,126923,2677,1198.0,0.0,14.035467556220071,0.0
Virginia,2020-09-07,127568,2683,645.0,6.0,7.556658241871409,0.0702944952732224
Virginia,2020-09-08,128400,2685,832.0,2.0,9.747503344553506,0.023431498424407466
Virginia,2020-09-09,129283,2696,883.0,11.0,10.345006554375898,0.12887324133424108
Virginia,2020-09-10,130519,2706,1236.0,10.0,14.480666026283815,0.11715749212203733
Virginia,2020-09-11,131637,2710,1118.0,4.0,13.098207619243775,0.04686299684881493
Virginia,2020-09-12,132939,2721,1302.0,11.0,15.25390547428926,0.12887324133424108
Virginia,2020-09-13,133807,2723,868.0,2.0,10.169270316192842,0.023431498424407466
Virginia,2020-09-14,134564,2742,757.0,19.0,8.868822153638225,0.22259923503187093
Virginia,2020-09-15,135500,2837,936.0,95.0,10.965941262622694,1.1129961751593547
Virginia,2020-09-16,136351,2883,851.0,46.0,9.970102579585378,0.5389244637613718
Virginia,2020-09-17,137446,2916,1095.0,33.0,12.828745387363089,0.38661972400272315
Virginia,2020-09-18,138686,2946,1240.0,30.0,14.52752902313263,0.351472476366112
Virginia,2020-09-19,139640,2987,954.0,41.0,11.176824748442362,0.4803457177003531
Virginia,2020-09-20,140488,3011,848.0,24.0,9.934955331948766,0.2811779810928896
Virginia,2020-09-21,141119,3017,631.0,6.0,7.392637752900556,0.0702944952732224
Virginia,2020-09-22,142001,3057,882.0,40.0,10.333290805163692,0.4686299684881493
Virginia,2020-09-23,142586,3088,585.0,31.0,6.8537132891391845,0.36318822557831576
Virginia,2020-09-24,143485,3112,899.0,24.0,10.532458541771156,0.2811779810928896
Virginia,2020-09-25,144430,3135,945.0,23.0,11.071383005532528,0.2694622318806859
Virginia,2020-09-26,145405,3142,975.0,7.0,11.42285548189864,0.08201024448542614
Virginia,2020-09-27,146138,3157,733.0,15.0,8.587644172545337,0.175736238183056
Virginia,2020-09-28,146583,3169,445.0,12.0,5.213508399430662,0.1405889905464448
Virginia,2020-09-29,147506,3183,923.0,14.0,10.813636522864046,0.16402048897085228
Virginia,2020-09-30,148257,3205,751.0,22.0,8.798527658365005,0.25774648266848216
Virginia,2020-10-01,148715,3225,458.0,20.0,5.36581313918931,0.23431498424407465
Washington,2020-02-01,1,0,0.0,0.0,0.0,0.0
Washington,2020-02-02,1,0,0.0,0.0,0.0,0.0
Washington,2020-02-03,1,0,0.0,0.0,0.0,0.0
Washington,2020-02-04,1,0,0.0,0.0,0.0,0.0
Washington,2020-02-05,1,0,0.0,0.0,0.0,0.0
Washington,2020-02-06,1,0,0.0,0.0,0.0,0.0
Washington,2020-02-07,1,0,0.0,0.0,0.0,0.0
Washington,2020-02-08,1,0,0.0,0.0,0.0,0.0
Washington,2020-02-09,1,0,0.0,0.0,0.0,0.0
Washington,2020-02-10,1,0,0.0,0.0,0.0,0.0
Washington,2020-02-11,1,0,0.0,0.0,0.0,0.0
Washington,2020-02-12,1,0,0.0,0.0,0.0,0.0
Washington,2020-02-13,1,0,0.0,0.0,0.0,0.0
Washington,2020-02-14,1,0,0.0,0.0,0.0,0.0
Washington,2020-02-15,1,0,0.0,0.0,0.0,0.0
Washington,2020-02-16,1,0,0.0,0.0,0.0,0.0
Washington,2020-02-17,1,0,0.0,0.0,0.0,0.0
Washington,2020-02-18,1,0,0.0,0.0,0.0,0.0
Washington,2020-02-19,1,0,0.0,0.0,0.0,0.0
Washington,2020-02-20,1,0,0.0,0.0,0.0,0.0
Washington,2020-02-21,1,0,0.0,0.0,0.0,0.0
Washington,2020-02-22,1,0,0.0,0.0,0.0,0.0
Washington,2020-02-23,1,0,0.0,0.0,0.0,0.0
Washington,2020-02-24,1,0,0.0,0.0,0.0,0.0
Washington,2020-02-25,1,0,0.0,0.0,0.0,0.0
Washington,2020-02-26,1,0,0.0,0.0,0.0,0.0
Washington,2020-02-27,1,0,0.0,0.0,0.0,0.0
Washington,2020-02-28,1,0,0.0,0.0,0.0,0.0
Washington,2020-02-29,7,1,6.0,1.0,0.07879296531152834,0.013132160885254724
Washington,2020-03-01,11,1,4.0,0.0,0.052528643541018896,0.0
Washington,2020-03-02,18,6,7.0,5.0,0.09192512619678307,0.06566080442627362
Washington,2020-03-03,27,7,9.0,1.0,0.11818944796729251,0.013132160885254724
Washington,2020-03-04,39,10,12.0,3.0,0.15758593062305667,0.03939648265576417
Washington,2020-03-05,70,11,31.0,1.0,0.4070969874428964,0.013132160885254724
Washington,2020-03-06,78,13,8.0,2.0,0.10505728708203779,0.026264321770509448
Washington,2020-03-07,102,16,24.0,3.0,0.31517186124611335,0.03939648265576417
Washington,2020-03-08,122,19,20.0,3.0,0.26264321770509447,0.03939648265576417
Washington,2020-03-09,162,23,40.0,4.0,0.5252864354101889,0.052528643541018896
Washington,2020-03-10,265,24,103.0,1.0,1.3526125711812367,0.013132160885254724
Washington,2020-03-11,329,29,64.0,5.0,0.8404582966563023,0.06566080442627362
Washington,2020-03-12,411,31,82.0,2.0,1.0768371925908873,0.026264321770509448
Washington,2020-03-13,501,37,90.0,6.0,1.1818944796729252,0.07879296531152834
Washington,2020-03-14,603,40,102.0,3.0,1.3394804102959819,0.03939648265576417
Washington,2020-03-15,665,42,62.0,2.0,0.8141939748857928,0.026264321770509448
Washington,2020-03-16,780,48,115.0,6.0,1.5101985018042934,0.07879296531152834
Washington,2020-03-17,936,52,156.0,4.0,2.048617098099737,0.052528643541018896
Washington,2020-03-18,1020,66,84.0,14.0,1.1031015143613967,0.18385025239356614
Washington,2020-03-19,1225,74,205.0,8.0,2.6920929814772183,0.10505728708203779
Washington,2020-03-20,1391,83,166.0,9.0,2.179938706952284,0.11818944796729251
Washington,2020-03-21,1643,93,252.0,10.0,3.3093045430841905,0.13132160885254723
Washington,2020-03-22,1831,94,188.0,1.0,2.4688462464278884,0.013132160885254724
Washington,2020-03-23,2104,109,273.0,15.0,3.5850799216745393,0.19698241327882088
Washington,2020-03-24,2390,122,286.0,13.0,3.755798013182851,0.1707180915083114
Washington,2020-03-25,2581,128,191.0,6.0,2.508242729083652,0.07879296531152834
Washington,2020-03-26,3137,142,556.0,14.0,7.301481452201627,0.18385025239356614
Washington,2020-03-27,3713,167,576.0,25.0,7.564124669906721,0.3283040221313681
Washington,2020-03-28,4129,184,416.0,17.0,5.462978928265965,0.22324673504933032
Washington,2020-03-29,4509,194,380.0,10.0,4.990221136396795,0.13132160885254723
Washington,2020-03-30,5027,217,518.0,23.0,6.802459338561947,0.30203970036085864
Washington,2020-03-31,5275,221,248.0,4.0,3.2567758995431713,0.052528643541018896
Washington,2020-04-01,5592,251,317.0,30.0,4.162895000625747,0.39396482655764176
Washington,2020-04-02,5898,264,306.0,13.0,4.018441230887945,0.1707180915083114
Washington,2020-04-03,6111,287,213.0,23.0,2.797150268559256,0.30203970036085864
Washington,2020-04-04,6439,309,328.0,22.0,4.307348770363549,0.2889075394756039
Washington,2020-04-05,6999,338,560.0,29.0,7.354010095742645,0.380832665672387
Washington,2020-04-06,7317,372,318.0,34.0,4.176027161511002,0.44649347009866064
Washington,2020-04-07,7766,394,449.0,22.0,5.896340237479372,0.2889075394756039
Washington,2020-04-08,8256,420,490.0,26.0,6.434758833774815,0.3414361830166228
Washington,2020-04-09,8697,446,441.0,26.0,5.791282950397333,0.3414361830166228
Washington,2020-04-10,9036,474,339.0,28.0,4.451802540101352,0.3677005047871323
Washington,2020-04-11,9458,491,422.0,17.0,5.541771893577494,0.22324673504933032
Washington,2020-04-12,9791,508,333.0,17.0,4.373009574789823,0.22324673504933032
Washington,2020-04-13,10052,508,261.0,0.0,3.427493991051483,0.0
Washington,2020-04-14,10308,541,256.0,33.0,3.3618331866252094,0.4333613092134059
Washington,2020-04-15,10502,567,194.0,26.0,2.5476392117394164,0.3414361830166228
Washington,2020-04-16,10814,583,312.0,16.0,4.097234196199474,0.21011457416407558
Washington,2020-04-17,11000,603,186.0,20.0,2.442581924657379,0.26264321770509447
Washington,2020-04-18,11364,624,364.0,21.0,4.780106562232719,0.2757753785903492
Washington,2020-04-19,11630,634,266.0,10.0,3.493154795477757,0.13132160885254723
Washington,2020-04-20,11933,652,303.0,18.0,3.979044748232181,0.23637889593458503
Washington,2020-04-21,12158,681,225.0,29.0,2.954736199182313,0.380832665672387
Washington,2020-04-22,12361,692,203.0,11.0,2.665828659706709,0.14445376973780194
Washington,2020-04-23,12618,710,257.0,18.0,3.374965347510464,0.23637889593458503
Washington,2020-04-24,12877,722,259.0,12.0,3.4012296692809736,0.15758593062305667
Washington,2020-04-25,13179,737,302.0,15.0,3.965912587346927,0.19698241327882088
Washington,2020-04-26,13397,749,218.0,12.0,2.86281107298553,0.15758593062305667
Washington,2020-04-27,13583,764,186.0,15.0,2.442581924657379,0.19698241327882088
Washington,2020-04-28,13762,785,179.0,21.0,2.3506567984605953,0.2757753785903492
Washington,2020-04-29,13994,800,232.0,15.0,3.046661325379096,0.19698241327882088
Washington,2020-04-30,14266,813,272.0,13.0,3.571947760789285,0.1707180915083114
Washington,2020-05-01,14557,822,291.0,9.0,3.821458817609124,0.11818944796729251
Washington,2020-05-02,14901,829,344.0,7.0,4.517463344527625,0.09192512619678307
Washington,2020-05-03,15118,833,217.0,4.0,2.8496789121002752,0.052528643541018896
Washington,2020-05-04,15407,840,289.0,7.0,3.7951944958386155,0.09192512619678307
Washington,2020-05-05,15556,861,149.0,21.0,1.9566919719029539,0.2757753785903492
Washington,2020-05-06,15843,869,287.0,8.0,3.768930174068106,0.10505728708203779
Washington,2020-05-07,16177,890,334.0,21.0,4.386141735675078,0.2757753785903492
Washington,2020-05-08,16318,904,141.0,14.0,1.8516346848209162,0.18385025239356614
Washington,2020-05-09,16616,920,298.0,16.0,3.9133839438059077,0.21011457416407558
Washington,2020-05-10,16850,930,234.0,10.0,3.0729256471496056,0.13132160885254723
Washington,2020-05-11,17082,944,232.0,14.0,3.046661325379096,0.18385025239356614
Washington,2020-05-12,17269,961,187.0,17.0,2.4557140855426334,0.22324673504933032
Washington,2020-05-13,17436,973,167.0,12.0,2.193070867837539,0.15758593062305667
Washington,2020-05-14,17661,982,225.0,9.0,2.954736199182313,0.11818944796729251
Washington,2020-05-15,17825,990,164.0,8.0,2.1536743851817746,0.10505728708203779
Washington,2020-05-16,18175,998,350.0,8.0,4.596256309839154,0.10505728708203779
Washington,2020-05-17,18330,1000,155.0,2.0,2.035484937214482,0.026264321770509448
Washington,2020-05-18,18554,1001,224.0,1.0,2.9416040382970583,0.013132160885254724
Washington,2020-05-19,18756,1030,202.0,29.0,2.652696498821454,0.380832665672387
Washington,2020-05-20,18921,1036,165.0,6.0,2.1668065460670296,0.07879296531152834
Washington,2020-05-21,19049,1044,128.0,8.0,1.6809165933126047,0.10505728708203779
Washington,2020-05-22,19205,1050,156.0,6.0,2.048617098099737,0.07879296531152834
Washington,2020-05-23,19530,1050,325.0,0.0,4.267952287707786,0.0
Washington,2020-05-24,19755,1061,225.0,11.0,2.954736199182313,0.14445376973780194
Washington,2020-05-25,20002,1070,247.0,9.0,3.243643738657917,0.11818944796729251
Washington,2020-05-26,20132,1078,130.0,8.0,1.7071809150831139,0.10505728708203779
Washington,2020-05-27,20354,1095,222.0,17.0,2.9153397165265487,0.22324673504933032
Washington,2020-05-28,20709,1106,355.0,11.0,4.661917114265427,0.14445376973780194
Washington,2020-05-29,21011,1111,302.0,5.0,3.965912587346927,0.06566080442627362
Washington,2020-05-30,21286,1118,275.0,7.0,3.611344243445049,0.09192512619678307
Washington,2020-05-31,21633,1118,347.0,0.0,4.556859827183389,0.0
Washington,2020-06-01,21901,1123,268.0,5.0,3.519419117248266,0.06566080442627362
Washington,2020-06-02,22128,1129,227.0,6.0,2.9810005209528225,0.07879296531152834
Washington,2020-06-03,22453,1135,325.0,6.0,4.267952287707786,0.07879296531152834
Washington,2020-06-04,22690,1138,237.0,3.0,3.1123221298053694,0.03939648265576417
Washington,2020-06-05,22972,1149,282.0,11.0,3.7032693696418324,0.14445376973780194
Washington,2020-06-06,23416,1153,444.0,4.0,5.830679433053097,0.052528643541018896
Washington,2020-06-07,23696,1157,280.0,4.0,3.6770050478713223,0.052528643541018896
Washington,2020-06-08,24010,1161,314.0,4.0,4.123498517969984,0.052528643541018896
Washington,2020-06-09,24328,1176,318.0,15.0,4.176027161511002,0.19698241327882088
Washington,2020-06-10,24603,1189,275.0,13.0,3.611344243445049,0.1707180915083114
Washington,2020-06-11,24759,1194,156.0,5.0,2.048617098099737,0.06566080442627362
Washington,2020-06-12,25137,1202,378.0,8.0,4.963956814626285,0.10505728708203779
Washington,2020-06-13,25505,1211,368.0,9.0,4.832635205773738,0.11818944796729251
Washington,2020-06-14,25784,1215,279.0,4.0,3.6638728869860677,0.052528643541018896
Washington,2020-06-15,26067,1217,283.0,2.0,3.716401530527087,0.026264321770509448
Washington,2020-06-16,26483,1222,416.0,5.0,5.462978928265965,0.06566080442627362
Washington,2020-06-17,26759,1223,276.0,1.0,3.624476404330304,0.013132160885254724
Washington,2020-06-18,27135,1242,376.0,19.0,4.937692492855777,0.24951105681983973
Washington,2020-06-19,27574,1252,439.0,10.0,5.765018628626824,0.13132160885254723
Washington,2020-06-20,28158,1262,584.0,10.0,7.6691819569887585,0.13132160885254723
Washington,2020-06-21,28643,1266,485.0,4.0,6.369098029348541,0.052528643541018896
Washington,2020-06-22,28831,1272,188.0,6.0,2.4688462464278884,0.07879296531152834
Washington,2020-06-23,29347,1281,516.0,9.0,6.776195016791438,0.11818944796729251
Washington,2020-06-24,29822,1290,475.0,9.0,6.237776420495994,0.11818944796729251
Washington,2020-06-25,30316,1297,494.0,7.0,6.487287477315834,0.09192512619678307
Washington,2020-06-26,30805,1302,489.0,5.0,6.42162667288956,0.06566080442627362
Washington,2020-06-27,31350,1308,545.0,6.0,7.1570276824638235,0.07879296531152834
Washington,2020-06-28,31699,1308,349.0,0.0,4.583124148953899,0.0
Washington,2020-06-29,32142,1318,443.0,10.0,5.817547272167843,0.13132160885254723
Washington,2020-06-30,32744,1330,602.0,12.0,7.905560852923344,0.15758593062305667
Washington,2020-07-01,33263,1337,519.0,7.0,6.815591499447202,0.09192512619678307
Washington,2020-07-02,34057,1340,794.0,3.0,10.426935742892251,0.03939648265576417
Washington,2020-07-03,34657,1349,600.0,9.0,7.879296531152835,0.11818944796729251
Washington,2020-07-04,35161,1351,504.0,2.0,6.618609086168381,0.026264321770509448
Washington,2020-07-05,35756,1356,595.0,5.0,7.81363572672656,0.06566080442627362
Washington,2020-07-06,36799,1366,1043.0,10.0,13.696843803320677,0.13132160885254723
Washington,2020-07-07,37299,1379,500.0,13.0,6.566080442627362,0.1707180915083114
Washington,2020-07-08,37803,1389,504.0,10.0,6.618609086168381,0.13132160885254723
Washington,2020-07-09,38435,1403,632.0,14.0,8.299525679480984,0.18385025239356614
Washington,2020-07-10,39098,1417,663.0,14.0,8.706622666923883,0.18385025239356614
Washington,2020-07-11,39098,1417,0.0,0.0,0.0,0.0
Washington,2020-07-12,40518,1417,1420.0,0.0,18.64766845706171,0.0
Washington,2020-07-13,41585,1419,1067.0,2.0,14.01201566456679,0.026264321770509448
Washington,2020-07-14,42160,1422,575.0,3.0,7.550992509021466,0.03939648265576417
Washington,2020-07-15,42911,1432,751.0,10.0,9.862252824826298,0.13132160885254723
Washington,2020-07-16,44111,1437,1200.0,5.0,15.75859306230567,0.06566080442627362
Washington,2020-07-17,44981,1445,870.0,8.0,11.42497997017161,0.10505728708203779
Washington,2020-07-18,45937,1448,956.0,3.0,12.554345806303516,0.03939648265576417
Washington,2020-07-19,46830,1456,893.0,8.0,11.727019670532469,0.10505728708203779
Washington,2020-07-20,47628,1459,798.0,3.0,10.47946438643327,0.03939648265576417
Washington,2020-07-21,48390,1470,762.0,11.0,10.0067065945641,0.14445376973780194
Washington,2020-07-22,49098,1474,708.0,4.0,9.297569906760344,0.052528643541018896
Washington,2020-07-23,49838,1485,740.0,11.0,9.717799055088497,0.14445376973780194
Washington,2020-07-24,50680,1494,842.0,9.0,11.057279465384477,0.11818944796729251
Washington,2020-07-25,51684,1500,1004.0,6.0,13.184689528795742,0.07879296531152834
Washington,2020-07-26,52464,1506,780.0,6.0,10.243085490498684,0.07879296531152834
Washington,2020-07-27,53146,1523,682.0,17.0,8.956133723743722,0.22324673504933032
Washington,2020-07-28,54051,1523,905.0,0.0,11.884605601155526,0.0
Washington,2020-07-29,54833,1558,782.0,35.0,10.269349812269194,0.4596256309839153
Washington,2020-07-30,55615,1567,782.0,9.0,10.269349812269194,0.11818944796729251
Washington,2020-07-31,55615,1567,0.0,0.0,0.0,0.0
Washington,2020-08-01,57321,1594,1706.0,27.0,22.40346647024456,0.3545683439018775
Washington,2020-08-02,58012,1594,691.0,0.0,9.074323171711015,0.0
Washington,2020-08-03,58526,1601,514.0,7.0,6.749930695020928,0.09192512619678307
Washington,2020-08-04,59210,1617,684.0,16.0,8.98239804551423,0.21011457416407558
Washington,2020-08-05,59888,1623,678.0,6.0,8.903605080202704,0.07879296531152834
Washington,2020-08-06,60722,1650,834.0,27.0,10.95222217830244,0.3545683439018775
Washington,2020-08-07,61418,1669,696.0,19.0,9.139983976137287,0.24951105681983973
Washington,2020-08-08,61418,1670,0.0,1.0,0.0,0.013132160885254724
Washington,2020-08-09,62859,1688,1441.0,18.0,18.92344383565206,0.23637889593458503
Washington,2020-08-10,63443,1694,584.0,6.0,7.6691819569887585,0.07879296531152834
Washington,2020-08-11,63939,1713,496.0,19.0,6.5135517990863425,0.24951105681983973
Washington,2020-08-12,64493,1723,554.0,10.0,7.275217130431117,0.13132160885254723
Washington,2020-08-13,65127,1736,634.0,13.0,8.325790001251494,0.1707180915083114
Washington,2020-08-14,65920,1752,793.0,16.0,10.413803582006995,0.21011457416407558
Washington,2020-08-15,66632,1761,712.0,9.0,9.350098550301364,0.11818944796729251
Washington,2020-08-16,67205,1775,573.0,14.0,7.524728187250957,0.18385025239356614
Washington,2020-08-17,67494,1781,289.0,6.0,3.7951944958386155,0.07879296531152834
Washington,2020-08-18,68027,1804,533.0,23.0,6.9994417518407674,0.30203970036085864
Washington,2020-08-19,68475,1820,448.0,16.0,5.883208076594117,0.21011457416407558
Washington,2020-08-20,69165,1832,690.0,12.0,9.06119101082576,0.15758593062305667
Washington,2020-08-21,69536,1845,371.0,13.0,4.8720316884295025,0.1707180915083114
Washington,2020-08-22,70337,1854,801.0,9.0,10.518860869089034,0.11818944796729251
Washington,2020-08-23,70760,1859,423.0,5.0,5.554904054462749,0.06566080442627362
Washington,2020-08-24,71123,1862,363.0,3.0,4.766974401347465,0.03939648265576417
Washington,2020-08-25,71451,1870,328.0,8.0,4.307348770363549,0.10505728708203779
Washington,2020-08-26,71902,1876,451.0,6.0,5.92260455924988,0.07879296531152834
Washington,2020-08-27,72446,1885,544.0,9.0,7.14389552157857,0.11818944796729251
Washington,2020-08-28,73042,1899,596.0,14.0,7.826767887611815,0.18385025239356614
Washington,2020-08-29,73612,1899,570.0,0.0,7.485331704595192,0.0
Washington,2020-08-30,74037,1899,425.0,0.0,5.581168376233258,0.0
Washington,2020-08-31,74359,1910,322.0,11.0,4.228555805052021,0.14445376973780194
Washington,2020-09-01,74665,1924,306.0,14.0,4.018441230887945,0.18385025239356614
Washington,2020-09-02,75087,1931,422.0,7.0,5.541771893577494,0.09192512619678307
Washington,2020-09-03,75568,1939,481.0,8.0,6.316569385807522,0.10505728708203779
Washington,2020-09-04,76041,1948,473.0,9.0,6.211512098725484,0.11818944796729251
Washington,2020-09-05,76538,1949,497.0,1.0,6.526683959971598,0.013132160885254724
Washington,2020-09-06,76919,1949,381.0,0.0,5.00335329728205,0.0
Washington,2020-09-07,77235,1949,316.0,0.0,4.149762839740492,0.0
Washington,2020-09-08,77235,1949,0.0,0.0,0.0,0.0
Washington,2020-09-09,77708,1975,473.0,26.0,6.211512098725484,0.3414361830166228
Washington,2020-09-10,78164,1982,456.0,7.0,5.988265363676153,0.09192512619678307
Washington,2020-09-11,78724,1990,560.0,8.0,7.354010095742645,0.10505728708203779
Washington,2020-09-12,79187,1990,463.0,0.0,6.080190489872937,0.0
Washington,2020-09-13,79538,1990,351.0,0.0,4.609388470724408,0.0
Washington,2020-09-14,79850,2004,312.0,14.0,4.097234196199474,0.18385025239356614
Washington,2020-09-15,80181,2013,331.0,9.0,4.346745253019313,0.11818944796729251
Washington,2020-09-16,80516,2018,335.0,5.0,4.399273896560333,0.06566080442627362
Washington,2020-09-17,80902,2027,386.0,9.0,5.069014101708324,0.11818944796729251
Washington,2020-09-18,81312,2033,410.0,6.0,5.384185962954437,0.07879296531152834
Washington,2020-09-19,81907,2033,595.0,0.0,7.81363572672656,0.0
Washington,2020-09-20,82248,2033,341.0,0.0,4.478066861871861,0.0
Washington,2020-09-21,82248,2033,0.0,0.0,0.0,0.0
Washington,2020-09-22,82902,2062,654.0,29.0,8.58843321895659,0.380832665672387
Washington,2020-09-23,83410,2075,508.0,13.0,6.6711377297093994,0.1707180915083114
Washington,2020-09-24,83946,2077,536.0,2.0,7.038838234496532,0.026264321770509448
Washington,2020-09-25,84931,2085,985.0,8.0,12.935178471975902,0.10505728708203779
Washington,2020-09-26,85519,2085,588.0,0.0,7.721710600529778,0.0
Washington,2020-09-27,85967,2086,448.0,1.0,5.883208076594117,0.013132160885254724
Washington,2020-09-28,86335,2086,368.0,0.0,4.832635205773738,0.0
Washington,2020-09-29,86732,2113,397.0,27.0,5.213467871446126,0.3545683439018775
Washington,2020-09-30,87221,2119,489.0,6.0,6.42162667288956,0.07879296531152834
Washington,2020-10-01,87786,2125,565.0,6.0,7.419670900168919,0.07879296531152834
West Virginia,2020-02-01,0,0,0.0,0.0,0.0,0.0
West Virginia,2020-02-02,0,0,0.0,0.0,0.0,0.0
West Virginia,2020-02-03,0,0,0.0,0.0,0.0,0.0
West Virginia,2020-02-04,0,0,0.0,0.0,0.0,0.0
West Virginia,2020-02-05,0,0,0.0,0.0,0.0,0.0
West Virginia,2020-02-06,0,0,0.0,0.0,0.0,0.0
West Virginia,2020-02-07,0,0,0.0,0.0,0.0,0.0
West Virginia,2020-02-08,0,0,0.0,0.0,0.0,0.0
West Virginia,2020-02-09,0,0,0.0,0.0,0.0,0.0
West Virginia,2020-02-10,0,0,0.0,0.0,0.0,0.0
West Virginia,2020-02-11,0,0,0.0,0.0,0.0,0.0
West Virginia,2020-02-12,0,0,0.0,0.0,0.0,0.0
West Virginia,2020-02-13,0,0,0.0,0.0,0.0,0.0
West Virginia,2020-02-14,0,0,0.0,0.0,0.0,0.0
West Virginia,2020-02-15,0,0,0.0,0.0,0.0,0.0
West Virginia,2020-02-16,0,0,0.0,0.0,0.0,0.0
West Virginia,2020-02-17,0,0,0.0,0.0,0.0,0.0
West Virginia,2020-02-18,0,0,0.0,0.0,0.0,0.0
West Virginia,2020-02-19,0,0,0.0,0.0,0.0,0.0
West Virginia,2020-02-20,0,0,0.0,0.0,0.0,0.0
West Virginia,2020-02-21,0,0,0.0,0.0,0.0,0.0
West Virginia,2020-02-22,0,0,0.0,0.0,0.0,0.0
West Virginia,2020-02-23,0,0,0.0,0.0,0.0,0.0
West Virginia,2020-02-24,0,0,0.0,0.0,0.0,0.0
West Virginia,2020-02-25,0,0,0.0,0.0,0.0,0.0
West Virginia,2020-02-26,0,0,0.0,0.0,0.0,0.0
West Virginia,2020-02-27,0,0,0.0,0.0,0.0,0.0
West Virginia,2020-02-28,0,0,0.0,0.0,0.0,0.0
West Virginia,2020-02-29,0,0,0.0,0.0,0.0,0.0
West Virginia,2020-03-01,0,0,0.0,0.0,0.0,0.0
West Virginia,2020-03-02,0,0,0.0,0.0,0.0,0.0
West Virginia,2020-03-03,0,0,0.0,0.0,0.0,0.0
West Virginia,2020-03-04,0,0,0.0,0.0,0.0,0.0
West Virginia,2020-03-05,0,0,0.0,0.0,0.0,0.0
West Virginia,2020-03-06,0,0,0.0,0.0,0.0,0.0
West Virginia,2020-03-07,0,0,0.0,0.0,0.0,0.0
West Virginia,2020-03-08,0,0,0.0,0.0,0.0,0.0
West Virginia,2020-03-09,0,0,0.0,0.0,0.0,0.0
West Virginia,2020-03-10,0,0,0.0,0.0,0.0,0.0
West Virginia,2020-03-11,0,0,0.0,0.0,0.0,0.0
West Virginia,2020-03-12,0,0,0.0,0.0,0.0,0.0
West Virginia,2020-03-13,0,0,0.0,0.0,0.0,0.0
West Virginia,2020-03-14,0,0,0.0,0.0,0.0,0.0
West Virginia,2020-03-15,0,0,0.0,0.0,0.0,0.0
West Virginia,2020-03-16,0,0,0.0,0.0,0.0,0.0
West Virginia,2020-03-17,1,0,1.0,0.0,0.05579899416733114,0.0
West Virginia,2020-03-18,2,0,1.0,0.0,0.05579899416733114,0.0
West Virginia,2020-03-19,4,0,2.0,0.0,0.11159798833466228,0.0
West Virginia,2020-03-20,8,0,4.0,0.0,0.22319597666932456,0.0
West Virginia,2020-03-21,12,0,4.0,0.0,0.22319597666932456,0.0
West Virginia,2020-03-22,16,0,4.0,0.0,0.22319597666932456,0.0
West Virginia,2020-03-23,20,0,4.0,0.0,0.22319597666932456,0.0
West Virginia,2020-03-24,38,0,18.0,0.0,1.0043818950119605,0.0
West Virginia,2020-03-25,49,0,11.0,0.0,0.6137889358406425,0.0
West Virginia,2020-03-26,49,0,0.0,0.0,0.0,0.0
West Virginia,2020-03-27,96,0,47.0,0.0,2.622552725864564,0.0
West Virginia,2020-03-28,113,0,17.0,0.0,0.9485829008446294,0.0
West Virginia,2020-03-29,123,1,10.0,1.0,0.5579899416733114,0.05579899416733114
West Virginia,2020-03-30,145,1,22.0,0.0,1.227577871681285,0.0
West Virginia,2020-03-31,162,1,17.0,0.0,0.9485829008446294,0.0
West Virginia,2020-04-01,189,2,27.0,1.0,1.5065728425179408,0.05579899416733114
West Virginia,2020-04-02,217,2,28.0,0.0,1.5623718366852721,0.0
West Virginia,2020-04-03,237,2,20.0,0.0,1.1159798833466228,0.0
West Virginia,2020-04-04,281,2,44.0,0.0,2.45515574336257,0.0
West Virginia,2020-04-05,320,3,39.0,1.0,2.1761607725259147,0.05579899416733114
West Virginia,2020-04-06,345,4,25.0,1.0,1.3949748541832785,0.05579899416733114
West Virginia,2020-04-07,412,4,67.0,0.0,3.7385326092111866,0.0
West Virginia,2020-04-08,479,4,67.0,0.0,3.7385326092111866,0.0
West Virginia,2020-04-09,520,5,41.0,1.0,2.2877587608605765,0.05579899416733114
West Virginia,2020-04-10,573,5,53.0,0.0,2.9573466908685506,0.0
West Virginia,2020-04-11,591,6,18.0,1.0,1.0043818950119605,0.05579899416733114
West Virginia,2020-04-12,605,8,14.0,2.0,0.7811859183426361,0.11159798833466228
West Virginia,2020-04-13,631,9,26.0,1.0,1.4507738483506096,0.05579899416733114
West Virginia,2020-04-14,689,10,58.0,1.0,3.2363416617052065,0.05579899416733114
West Virginia,2020-04-15,718,12,29.0,2.0,1.6181708308526033,0.11159798833466228
West Virginia,2020-04-16,722,13,4.0,1.0,0.22319597666932456,0.05579899416733114
West Virginia,2020-04-17,773,16,51.0,3.0,2.845748702533888,0.16739698250199342
West Virginia,2020-04-18,822,18,49.0,2.0,2.7341507141992256,0.11159798833466228
West Virginia,2020-04-19,887,20,65.0,2.0,3.6269346208765243,0.11159798833466228
West Virginia,2020-04-20,906,26,19.0,6.0,1.0601808891792917,0.33479396500398684
West Virginia,2020-04-21,928,26,22.0,0.0,1.227577871681285,0.0
West Virginia,2020-04-22,960,29,32.0,3.0,1.7855678133545965,0.16739698250199342
West Virginia,2020-04-23,980,31,20.0,2.0,1.1159798833466228,0.11159798833466228
West Virginia,2020-04-24,1019,31,39.0,0.0,2.1761607725259147,0.0
West Virginia,2020-04-25,1025,33,6.0,2.0,0.33479396500398684,0.11159798833466228
West Virginia,2020-04-26,1050,34,25.0,1.0,1.3949748541832785,0.05579899416733114
West Virginia,2020-04-27,1076,37,26.0,3.0,1.4507738483506096,0.16739698250199342
West Virginia,2020-04-28,1092,38,16.0,1.0,0.8927839066772982,0.05579899416733114
West Virginia,2020-04-29,1107,40,15.0,2.0,0.8369849125099671,0.11159798833466228
West Virginia,2020-04-30,1124,44,17.0,4.0,0.9485829008446294,0.22319597666932456
West Virginia,2020-05-01,1151,46,27.0,2.0,1.5065728425179408,0.11159798833466228
West Virginia,2020-05-02,1181,49,30.0,3.0,1.6739698250199342,0.16739698250199342
West Virginia,2020-05-03,1191,49,10.0,0.0,0.5579899416733114,0.0
West Virginia,2020-05-04,1220,49,29.0,0.0,1.6181708308526033,0.0
West Virginia,2020-05-05,1238,49,18.0,0.0,1.0043818950119605,0.0
West Virginia,2020-05-06,1272,50,34.0,1.0,1.8971658016892587,0.05579899416733114
West Virginia,2020-05-07,1293,50,21.0,0.0,1.171778877513954,0.0
West Virginia,2020-05-08,1321,51,28.0,1.0,1.5623718366852721,0.05579899416733114
West Virginia,2020-05-09,1345,52,24.0,1.0,1.3391758600159474,0.05579899416733114
West Virginia,2020-05-10,1357,53,12.0,1.0,0.6695879300079737,0.05579899416733114
West Virginia,2020-05-11,1366,56,9.0,3.0,0.5021909475059803,0.16739698250199342
West Virginia,2020-05-12,1375,57,9.0,1.0,0.5021909475059803,0.05579899416733114
West Virginia,2020-05-13,1402,58,27.0,1.0,1.5065728425179408,0.05579899416733114
West Virginia,2020-05-14,1426,61,24.0,3.0,1.3391758600159474,0.16739698250199342
West Virginia,2020-05-15,1452,63,26.0,2.0,1.4507738483506096,0.11159798833466228
West Virginia,2020-05-16,1452,64,0.0,1.0,0.0,0.05579899416733114
West Virginia,2020-05-17,1479,66,27.0,2.0,1.5065728425179408,0.11159798833466228
West Virginia,2020-05-18,1481,67,2.0,1.0,0.11159798833466228,0.05579899416733114
West Virginia,2020-05-19,1504,67,23.0,0.0,1.2833768658486162,0.0
West Virginia,2020-05-20,1538,68,34.0,1.0,1.8971658016892587,0.05579899416733114
West Virginia,2020-05-21,1589,70,51.0,2.0,2.845748702533888,0.11159798833466228
West Virginia,2020-05-22,1612,71,23.0,1.0,1.2833768658486162,0.05579899416733114
West Virginia,2020-05-23,1705,71,93.0,0.0,5.189306457561796,0.0
West Virginia,2020-05-24,1744,71,39.0,0.0,2.1761607725259147,0.0
West Virginia,2020-05-25,1761,71,17.0,0.0,0.9485829008446294,0.0
West Virginia,2020-05-26,1783,73,22.0,2.0,1.227577871681285,0.11159798833466228
West Virginia,2020-05-27,1783,73,0.0,0.0,0.0,0.0
West Virginia,2020-05-28,1901,73,118.0,0.0,6.584281311745074,0.0
West Virginia,2020-05-29,1941,73,40.0,0.0,2.2319597666932456,0.0
West Virginia,2020-05-30,1968,73,27.0,0.0,1.5065728425179408,0.0
West Virginia,2020-05-31,1995,73,27.0,0.0,1.5065728425179408,0.0
West Virginia,2020-06-01,2009,75,14.0,2.0,0.7811859183426361,0.11159798833466228
West Virginia,2020-06-02,2036,77,27.0,2.0,1.5065728425179408,0.11159798833466228
West Virginia,2020-06-03,2066,78,30.0,1.0,1.6739698250199342,0.05579899416733114
West Virginia,2020-06-04,2088,79,22.0,1.0,1.227577871681285,0.05579899416733114
West Virginia,2020-06-05,2108,84,20.0,5.0,1.1159798833466228,0.2789949708366557
West Virginia,2020-06-06,2127,84,19.0,0.0,1.0601808891792917,0.0
West Virginia,2020-06-07,2133,84,6.0,0.0,0.33479396500398684,0.0
West Virginia,2020-06-08,2151,84,18.0,0.0,1.0043818950119605,0.0
West Virginia,2020-06-09,2167,84,16.0,0.0,0.8927839066772982,0.0
West Virginia,2020-06-10,2183,85,16.0,1.0,0.8927839066772982,0.05579899416733114
West Virginia,2020-06-11,2207,86,24.0,1.0,1.3391758600159474,0.05579899416733114
West Virginia,2020-06-12,2228,88,21.0,2.0,1.171778877513954,0.11159798833466228
West Virginia,2020-06-13,2253,88,25.0,0.0,1.3949748541832785,0.0
West Virginia,2020-06-14,2283,88,30.0,0.0,1.6739698250199342,0.0
West Virginia,2020-06-15,2291,88,8.0,0.0,0.4463919533386491,0.0
West Virginia,2020-06-16,2328,88,37.0,0.0,2.0645627841912524,0.0
West Virginia,2020-06-17,2355,88,27.0,0.0,1.5065728425179408,0.0
West Virginia,2020-06-18,2397,88,42.0,0.0,2.343557755027908,0.0
West Virginia,2020-06-19,2433,88,36.0,0.0,2.008763790023921,0.0
West Virginia,2020-06-20,2481,88,48.0,0.0,2.6783517200318947,0.0
West Virginia,2020-06-21,2528,89,47.0,1.0,2.622552725864564,0.05579899416733114
West Virginia,2020-06-22,2548,90,20.0,1.0,1.1159798833466228,0.05579899416733114
West Virginia,2020-06-23,2579,92,31.0,2.0,1.7297688191872653,0.11159798833466228
West Virginia,2020-06-24,2611,92,32.0,0.0,1.7855678133545965,0.0
West Virginia,2020-06-25,2658,92,47.0,0.0,2.622552725864564,0.0
West Virginia,2020-06-26,2712,92,54.0,0.0,3.0131456850358815,0.0
West Virginia,2020-06-27,2759,93,47.0,1.0,2.622552725864564,0.05579899416733114
West Virginia,2020-06-28,2812,93,53.0,0.0,2.9573466908685506,0.0
West Virginia,2020-06-29,2845,93,33.0,0.0,1.8413668075219276,0.0
West Virginia,2020-06-30,2885,93,40.0,0.0,2.2319597666932456,0.0
West Virginia,2020-07-01,2931,93,46.0,0.0,2.5667537316972324,0.0
West Virginia,2020-07-02,3001,93,70.0,0.0,3.9059295917131793,0.0
West Virginia,2020-07-03,3079,93,78.0,0.0,4.352321545051829,0.0
West Virginia,2020-07-04,3142,94,63.0,1.0,3.5153366325418616,0.05579899416733114
West Virginia,2020-07-05,3251,95,109.0,1.0,6.082090364239094,0.05579899416733114
West Virginia,2020-07-06,3353,95,102.0,0.0,5.691497405067776,0.0
West Virginia,2020-07-07,3458,95,105.0,0.0,5.858894387569769,0.0
West Virginia,2020-07-08,3613,95,155.0,0.0,8.648844095936326,0.0
West Virginia,2020-07-09,3877,95,264.0,0.0,14.73093446017542,0.0
West Virginia,2020-07-10,3981,95,104.0,0.0,5.8030953934024385,0.0
West Virginia,2020-07-11,4074,96,93.0,1.0,5.189306457561796,0.05579899416733114
West Virginia,2020-07-12,4197,96,123.0,0.0,6.86327628258173,0.0
West Virginia,2020-07-13,4317,97,120.0,1.0,6.695879300079737,0.05579899416733114
West Virginia,2020-07-14,4464,97,147.0,0.0,8.202452142597677,0.0
West Virginia,2020-07-15,4556,98,92.0,1.0,5.133507463394465,0.05579899416733114
West Virginia,2020-07-16,4702,99,146.0,1.0,8.146653148430346,0.05579899416733114
West Virginia,2020-07-17,4870,100,168.0,1.0,9.374231020111631,0.05579899416733114
West Virginia,2020-07-18,4981,100,111.0,0.0,6.193688352573757,0.0
West Virginia,2020-07-19,5039,100,58.0,0.0,3.2363416617052065,0.0
West Virginia,2020-07-20,5079,100,40.0,0.0,2.2319597666932456,0.0
West Virginia,2020-07-21,5166,101,87.0,1.0,4.854512492557809,0.05579899416733114
West Virginia,2020-07-22,5448,101,282.0,0.0,15.735316355187381,0.0
West Virginia,2020-07-23,5549,103,101.0,2.0,5.635698410900445,0.11159798833466228
West Virginia,2020-07-24,5692,103,143.0,0.0,7.979256165928353,0.0
West Virginia,2020-07-25,5819,103,127.0,0.0,7.086472259251054,0.0
West Virginia,2020-07-26,5953,103,134.0,0.0,7.477065218422373,0.0
West Virginia,2020-07-27,6046,106,93.0,3.0,5.189306457561796,0.16739698250199342
West Virginia,2020-07-28,6166,109,120.0,3.0,6.695879300079737,0.16739698250199342
West Virginia,2020-07-29,6320,112,154.0,3.0,8.593045101768995,0.16739698250199342
West Virginia,2020-07-30,6421,115,101.0,3.0,5.635698410900445,0.16739698250199342
West Virginia,2020-07-31,6639,116,218.0,1.0,12.164180728478188,0.05579899416733114
West Virginia,2020-08-01,6731,116,92.0,0.0,5.133507463394465,0.0
West Virginia,2020-08-02,6850,117,119.0,1.0,6.640080305912406,0.05579899416733114
West Virginia,2020-08-03,6966,117,116.0,0.0,6.472683323410413,0.0
West Virginia,2020-08-04,7043,124,77.0,7.0,4.2965225508844975,0.39059295917131803
West Virginia,2020-08-05,7149,124,106.0,0.0,5.914693381737101,0.0
West Virginia,2020-08-06,7255,124,106.0,0.0,5.914693381737101,0.0
West Virginia,2020-08-07,7428,127,173.0,3.0,9.653225990948286,0.16739698250199342
West Virginia,2020-08-08,7558,131,130.0,4.0,7.253869241753049,0.22319597666932456
West Virginia,2020-08-09,7684,139,126.0,8.0,7.030673265083723,0.4463919533386491
West Virginia,2020-08-10,7744,141,60.0,2.0,3.3479396500398684,0.11159798833466228
West Virginia,2020-08-11,7868,147,124.0,6.0,6.919075276749061,0.33479396500398684
West Virginia,2020-08-12,8004,153,136.0,6.0,7.588663206757035,0.33479396500398684
West Virginia,2020-08-13,8146,153,142.0,0.0,7.923457171761022,0.0
West Virginia,2020-08-14,8277,157,131.0,4.0,7.309668235920379,0.22319597666932456
West Virginia,2020-08-15,8440,159,163.0,2.0,9.095236049274975,0.11159798833466228
West Virginia,2020-08-16,8552,159,112.0,0.0,6.2494873467410885,0.0
West Virginia,2020-08-17,8625,159,73.0,0.0,4.073326574215173,0.0
West Virginia,2020-08-18,8723,162,98.0,3.0,5.468301428398451,0.16739698250199342
West Virginia,2020-08-19,8791,164,68.0,2.0,3.7943316033785175,0.11159798833466228
West Virginia,2020-08-20,8965,165,174.0,1.0,9.709024985115619,0.05579899416733114
West Virginia,2020-08-21,9055,170,90.0,5.0,5.021909475059803,0.2789949708366557
West Virginia,2020-08-22,9173,176,118.0,6.0,6.584281311745074,0.33479396500398684
West Virginia,2020-08-23,9259,178,86.0,2.0,4.798713498390478,0.11159798833466228
West Virginia,2020-08-24,9298,179,39.0,1.0,2.1761607725259147,0.05579899416733114
West Virginia,2020-08-25,9386,186,88.0,7.0,4.91031148672514,0.39059295917131803
West Virginia,2020-08-26,9534,189,148.0,3.0,8.25825113676501,0.16739698250199342
West Virginia,2020-08-27,9630,195,96.0,6.0,5.356703440063789,0.33479396500398684
West Virginia,2020-08-28,9821,199,191.0,4.0,10.657607885960248,0.22319597666932456
West Virginia,2020-08-29,9964,210,143.0,11.0,7.979256165928353,0.6137889358406425
West Virginia,2020-08-30,10104,211,140.0,1.0,7.811859183426359,0.05579899416733114
West Virginia,2020-08-31,10239,212,135.0,1.0,7.532864212589705,0.05579899416733114
West Virginia,2020-09-01,10495,219,256.0,7.0,14.284542506836772,0.39059295917131803
West Virginia,2020-09-02,10640,228,145.0,9.0,8.090854154263015,0.5021909475059803
West Virginia,2020-09-03,10843,236,203.0,8.0,11.327195815968222,0.4463919533386491
West Virginia,2020-09-04,11034,241,191.0,5.0,10.657607885960248,0.2789949708366557
West Virginia,2020-09-05,11286,242,252.0,1.0,14.061346530167446,0.05579899416733114
West Virginia,2020-09-06,11410,245,124.0,3.0,6.919075276749061,0.16739698250199342
West Virginia,2020-09-07,11572,246,162.0,1.0,9.039437055107646,0.05579899416733114
West Virginia,2020-09-08,11654,250,82.0,4.0,4.575517521721153,0.22319597666932456
West Virginia,2020-09-09,11802,253,148.0,3.0,8.25825113676501,0.16739698250199342
West Virginia,2020-09-10,12002,255,200.0,2.0,11.159798833466228,0.11159798833466228
West Virginia,2020-09-11,12168,262,166.0,7.0,9.26263303177697,0.39059295917131803
West Virginia,2020-09-12,12518,264,350.0,2.0,19.5296479585659,0.11159798833466228
West Virginia,2020-09-13,12689,264,171.0,0.0,9.541628002613626,0.0
West Virginia,2020-09-14,12813,274,124.0,10.0,6.919075276749061,0.5579899416733114
West Virginia,2020-09-15,12974,274,161.0,0.0,8.983638060940313,0.0
West Virginia,2020-09-16,13194,290,220.0,16.0,12.275778716812852,0.8927839066772982
West Virginia,2020-09-17,13429,294,235.0,4.0,13.112763629322819,0.22319597666932456
West Virginia,2020-09-18,13669,297,240.0,3.0,13.391758600159474,0.16739698250199342
West Virginia,2020-09-19,13873,308,204.0,11.0,11.382994810135552,0.6137889358406425
West Virginia,2020-09-20,14049,310,176.0,2.0,9.82062297345028,0.11159798833466228
West Virginia,2020-09-21,14168,312,119.0,2.0,6.640080305912406,0.11159798833466228
West Virginia,2020-09-22,14380,317,212.0,5.0,11.829386763474202,0.2789949708366557
West Virginia,2020-09-23,14500,319,120.0,2.0,6.695879300079737,0.11159798833466228
West Virginia,2020-09-24,14706,325,206.0,6.0,11.494592798470215,0.33479396500398684
West Virginia,2020-09-25,14951,330,245.0,5.0,13.67075357099613,0.2789949708366557
West Virginia,2020-09-26,15156,332,205.0,2.0,11.438793804302883,0.11159798833466228
West Virginia,2020-09-27,15345,334,189.0,2.0,10.546009897625586,0.11159798833466228
West Virginia,2020-09-28,15510,337,165.0,3.0,9.206834037609639,0.16739698250199342
West Virginia,2020-09-29,15687,345,177.0,8.0,9.876421967617611,0.4463919533386491
West Virginia,2020-09-30,15848,350,161.0,5.0,8.983638060940313,0.2789949708366557
West Virginia,2020-10-01,16024,353,176.0,3.0,9.82062297345028,0.16739698250199342
Wisconsin,2020-02-01,0,1,0.0,0.0,0.0,0.0
Wisconsin,2020-02-02,0,1,0.0,0.0,0.0,0.0
Wisconsin,2020-02-03,0,1,0.0,0.0,0.0,0.0
Wisconsin,2020-02-04,0,1,0.0,0.0,0.0,0.0
Wisconsin,2020-02-05,1,1,1.0,0.0,0.017174947796746172,0.0
Wisconsin,2020-02-06,1,1,0.0,0.0,0.0,0.0
Wisconsin,2020-02-07,1,1,0.0,0.0,0.0,0.0
Wisconsin,2020-02-08,1,1,0.0,0.0,0.0,0.0
Wisconsin,2020-02-09,1,1,0.0,0.0,0.0,0.0
Wisconsin,2020-02-10,1,1,0.0,0.0,0.0,0.0
Wisconsin,2020-02-11,1,1,0.0,0.0,0.0,0.0
Wisconsin,2020-02-12,1,1,0.0,0.0,0.0,0.0
Wisconsin,2020-02-13,1,1,0.0,0.0,0.0,0.0
Wisconsin,2020-02-14,1,1,0.0,0.0,0.0,0.0
Wisconsin,2020-02-15,1,1,0.0,0.0,0.0,0.0
Wisconsin,2020-02-16,1,1,0.0,0.0,0.0,0.0
Wisconsin,2020-02-17,1,1,0.0,0.0,0.0,0.0
Wisconsin,2020-02-18,1,1,0.0,0.0,0.0,0.0
Wisconsin,2020-02-19,1,1,0.0,0.0,0.0,0.0
Wisconsin,2020-02-20,1,1,0.0,0.0,0.0,0.0
Wisconsin,2020-02-21,1,1,0.0,0.0,0.0,0.0
Wisconsin,2020-02-22,1,1,0.0,0.0,0.0,0.0
Wisconsin,2020-02-23,1,1,0.0,0.0,0.0,0.0
Wisconsin,2020-02-24,1,1,0.0,0.0,0.0,0.0
Wisconsin,2020-02-25,1,1,0.0,0.0,0.0,0.0
Wisconsin,2020-02-26,1,1,0.0,0.0,0.0,0.0
Wisconsin,2020-02-27,1,1,0.0,0.0,0.0,0.0
Wisconsin,2020-02-28,1,1,0.0,0.0,0.0,0.0
Wisconsin,2020-02-29,1,1,0.0,0.0,0.0,0.0
Wisconsin,2020-03-01,1,1,0.0,0.0,0.0,0.0
Wisconsin,2020-03-02,1,1,0.0,0.0,0.0,0.0
Wisconsin,2020-03-03,1,1,0.0,0.0,0.0,0.0
Wisconsin,2020-03-04,1,1,0.0,0.0,0.0,0.0
Wisconsin,2020-03-05,1,1,0.0,0.0,0.0,0.0
Wisconsin,2020-03-06,1,1,0.0,0.0,0.0,0.0
Wisconsin,2020-03-07,1,1,0.0,0.0,0.0,0.0
Wisconsin,2020-03-08,1,1,0.0,0.0,0.0,0.0
Wisconsin,2020-03-09,1,1,0.0,0.0,0.0,0.0
Wisconsin,2020-03-10,3,1,2.0,0.0,0.034349895593492344,0.0
Wisconsin,2020-03-11,6,1,3.0,0.0,0.051524843390238516,0.0
Wisconsin,2020-03-12,8,1,2.0,0.0,0.034349895593492344,0.0
Wisconsin,2020-03-13,19,1,11.0,0.0,0.1889244257642079,0.0
Wisconsin,2020-03-14,33,1,14.0,0.0,0.24044926915444642,0.0
Wisconsin,2020-03-15,46,1,13.0,0.0,0.22327432135770023,0.0
Wisconsin,2020-03-16,59,1,13.0,0.0,0.22327432135770023,0.0
Wisconsin,2020-03-17,84,1,25.0,0.0,0.4293736949186543,0.0
Wisconsin,2020-03-18,127,1,43.0,0.0,0.7385227552600854,0.0
Wisconsin,2020-03-19,184,4,57.0,3.0,0.9789720244145318,0.051524843390238516
Wisconsin,2020-03-20,254,5,70.0,1.0,1.2022463457722319,0.017174947796746172
Wisconsin,2020-03-21,325,5,71.0,0.0,1.2194212935689783,0.0
Wisconsin,2020-03-22,406,5,81.0,0.0,1.39117077153644,0.0
Wisconsin,2020-03-23,460,5,54.0,0.0,0.9274471810242934,0.0
Wisconsin,2020-03-24,592,7,132.0,2.0,2.2670931091704944,0.034349895593492344
Wisconsin,2020-03-25,722,11,130.0,4.0,2.2327432135770025,0.06869979118698469
Wisconsin,2020-03-26,866,18,144.0,7.0,2.4731924827314486,0.12022463457722321
Wisconsin,2020-03-27,1039,20,173.0,2.0,2.9712659688370877,0.034349895593492344
Wisconsin,2020-03-28,1177,23,138.0,3.0,2.3701427959509718,0.051524843390238516
Wisconsin,2020-03-29,1304,30,127.0,7.0,2.181218370186764,0.12022463457722321
Wisconsin,2020-03-30,1460,36,156.0,6.0,2.679291856292403,0.10304968678047703
Wisconsin,2020-03-31,1692,44,232.0,8.0,3.984587888845112,0.13739958237396938
Wisconsin,2020-04-01,1921,55,229.0,11.0,3.9330630454548734,0.1889244257642079
Wisconsin,2020-04-02,2110,68,189.0,13.0,3.2460651335850264,0.22327432135770023
Wisconsin,2020-04-03,2358,87,248.0,19.0,4.259387053593051,0.32632400813817725
Wisconsin,2020-04-04,2538,103,180.0,16.0,3.091490603414311,0.27479916474793875
Wisconsin,2020-04-05,2718,107,180.0,4.0,3.091490603414311,0.06869979118698469
Wisconsin,2020-04-06,2898,117,180.0,10.0,3.091490603414311,0.1717494779674617
Wisconsin,2020-04-07,3128,124,230.0,7.0,3.9502379932516196,0.12022463457722321
Wisconsin,2020-04-08,3297,141,169.0,17.0,2.9025661776501033,0.2919741125446849
Wisconsin,2020-04-09,3525,155,228.0,14.0,3.915888097658127,0.24044926915444642
Wisconsin,2020-04-10,3708,165,183.0,10.0,3.1430154468045495,0.1717494779674617
Wisconsin,2020-04-11,3844,178,136.0,13.0,2.3357929003574793,0.22327432135770023
Wisconsin,2020-04-12,3945,184,101.0,6.0,1.7346697274713634,0.10304968678047703
Wisconsin,2020-04-13,4102,196,157.0,12.0,2.696466804089149,0.20609937356095406
Wisconsin,2020-04-14,4298,205,196.0,9.0,3.3662897681622495,0.15457453017071554
Wisconsin,2020-04-15,4478,215,180.0,10.0,3.091490603414311,0.1717494779674617
Wisconsin,2020-04-16,4677,226,199.0,11.0,3.417814611552488,0.1889244257642079
Wisconsin,2020-04-17,4851,234,174.0,8.0,2.988440916633834,0.13739958237396938
Wisconsin,2020-04-18,5020,250,169.0,16.0,2.9025661776501033,0.27479916474793875
Wisconsin,2020-04-19,5190,259,170.0,9.0,2.9197411254468495,0.15457453017071554
Wisconsin,2020-04-20,5324,263,134.0,4.0,2.301443004763987,0.06869979118698469
Wisconsin,2020-04-21,5596,270,272.0,7.0,4.671585800714959,0.12022463457722321
Wisconsin,2020-04-22,5820,278,224.0,8.0,3.8471883064711427,0.13739958237396938
Wisconsin,2020-04-23,6168,283,348.0,5.0,5.976881833267668,0.08587473898373085
Wisconsin,2020-04-24,6519,292,351.0,9.0,6.028406676657906,0.15457453017071554
Wisconsin,2020-04-25,6768,300,249.0,8.0,4.276562001389797,0.13739958237396938
Wisconsin,2020-04-26,6944,311,176.0,11.0,3.0227908122273264,0.1889244257642079
Wisconsin,2020-04-27,7175,321,231.0,10.0,3.967412941048366,0.1717494779674617
Wisconsin,2020-04-28,7428,339,253.0,18.0,4.345261792576782,0.3091490603414311
Wisconsin,2020-04-29,7798,352,370.0,13.0,6.354730684796084,0.22327432135770023
Wisconsin,2020-04-30,8291,357,493.0,5.0,8.467249263795862,0.08587473898373085
Wisconsin,2020-05-01,8668,367,377.0,10.0,6.474955319373306,0.1717494779674617
Wisconsin,2020-05-02,9005,374,337.0,7.0,5.78795740750346,0.12022463457722321
Wisconsin,2020-05-03,9256,385,251.0,11.0,4.310911896983289,0.1889244257642079
Wisconsin,2020-05-04,9594,392,338.0,7.0,5.8051323553002065,0.12022463457722321
Wisconsin,2020-05-05,9952,402,358.0,10.0,6.14863131123513,0.1717494779674617
Wisconsin,2020-05-06,10299,406,347.0,4.0,5.959706885470922,0.06869979118698469
Wisconsin,2020-05-07,10712,414,413.0,8.0,7.093253440056169,0.13739958237396938
Wisconsin,2020-05-08,11028,429,316.0,15.0,5.427283503771791,0.2576242169511926
Wisconsin,2020-05-09,11339,435,311.0,6.0,5.341408764788059,0.10304968678047703
Wisconsin,2020-05-10,11518,448,179.0,13.0,3.074315655617565,0.22327432135770023
Wisconsin,2020-05-11,11824,453,306.0,5.0,5.255534025804328,0.08587473898373085
Wisconsin,2020-05-12,12121,463,297.0,10.0,5.100959495633613,0.1717494779674617
Wisconsin,2020-05-13,12495,469,374.0,6.0,6.423430475983069,0.10304968678047703
Wisconsin,2020-05-14,12936,479,441.0,10.0,7.5741519783650615,0.1717494779674617
Wisconsin,2020-05-15,13469,484,533.0,5.0,9.15424717566571,0.08587473898373085
Wisconsin,2020-05-16,13895,489,426.0,5.0,7.316527761413869,0.08587473898373085
Wisconsin,2020-05-17,14030,497,135.0,8.0,2.318617952560733,0.13739958237396938
Wisconsin,2020-05-18,14284,504,254.0,7.0,4.362436740373528,0.12022463457722321
Wisconsin,2020-05-19,14698,512,414.0,8.0,7.110428387852915,0.13739958237396938
Wisconsin,2020-05-20,15331,524,633.0,12.0,10.871741955340328,0.20609937356095406
Wisconsin,2020-05-21,15813,534,482.0,10.0,8.278324838031654,0.1717494779674617
Wisconsin,2020-05-22,16360,544,547.0,10.0,9.394696444820156,0.1717494779674617
Wisconsin,2020-05-23,16764,557,404.0,13.0,6.9386789098854535,0.22327432135770023
Wisconsin,2020-05-24,17088,565,324.0,8.0,5.56468308614576,0.13739958237396938
Wisconsin,2020-05-25,17388,580,300.0,15.0,5.152484339023852,0.2576242169511926
Wisconsin,2020-05-26,17911,596,523.0,16.0,8.982497697698248,0.27479916474793875
Wisconsin,2020-05-27,18554,608,643.0,12.0,11.04349143330779,0.20609937356095406
Wisconsin,2020-05-28,19165,624,611.0,16.0,10.49389310381191,0.27479916474793875
Wisconsin,2020-05-29,19892,637,727.0,13.0,12.486187048234466,0.22327432135770023
Wisconsin,2020-05-30,20174,648,282.0,11.0,4.84333527868242,0.1889244257642079
Wisconsin,2020-05-31,20310,653,136.0,5.0,2.3357929003574793,0.08587473898373085
Wisconsin,2020-06-01,20611,659,301.0,6.0,5.169659286820598,0.10304968678047703
Wisconsin,2020-06-02,21120,664,509.0,5.0,8.742048428543802,0.08587473898373085
Wisconsin,2020-06-03,21638,670,518.0,6.0,8.896622958714516,0.10304968678047703
Wisconsin,2020-06-04,22027,676,389.0,6.0,6.681054692934262,0.10304968678047703
Wisconsin,2020-06-05,22446,690,419.0,14.0,7.196303126836646,0.24044926915444642
Wisconsin,2020-06-06,22719,693,273.0,3.0,4.688760748511704,0.051524843390238516
Wisconsin,2020-06-07,22912,698,193.0,5.0,3.3147649247720112,0.08587473898373085
Wisconsin,2020-06-08,23241,702,329.0,4.0,5.65055782512949,0.06869979118698469
Wisconsin,2020-06-09,23506,707,265.0,5.0,4.551361166137736,0.08587473898373085
Wisconsin,2020-06-10,23912,719,406.0,12.0,6.973028805478945,0.20609937356095406
Wisconsin,2020-06-11,24270,724,358.0,5.0,6.14863131123513,0.08587473898373085
Wisconsin,2020-06-12,24579,732,309.0,8.0,5.3070588691945675,0.13739958237396938
Wisconsin,2020-06-13,24843,737,264.0,5.0,4.534186218340989,0.08587473898373085
Wisconsin,2020-06-14,25032,743,189.0,6.0,3.2460651335850264,0.10304968678047703
Wisconsin,2020-06-15,25324,751,292.0,8.0,5.015084756649882,0.13739958237396938
Wisconsin,2020-06-16,25622,757,298.0,6.0,5.1181344434303595,0.10304968678047703
Wisconsin,2020-06-17,26071,766,449.0,9.0,7.711551560739031,0.15457453017071554
Wisconsin,2020-06-18,26414,770,343.0,4.0,5.891007094283937,0.06869979118698469
Wisconsin,2020-06-19,26839,772,425.0,2.0,7.299352813617123,0.034349895593492344
Wisconsin,2020-06-20,27120,775,281.0,3.0,4.826160330885674,0.051524843390238516
Wisconsin,2020-06-21,27386,783,266.0,8.0,4.568536113934481,0.13739958237396938
Wisconsin,2020-06-22,27666,787,280.0,4.0,4.8089853830889275,0.06869979118698469
Wisconsin,2020-06-23,28099,790,433.0,3.0,7.436752395991093,0.051524843390238516
Wisconsin,2020-06-24,28641,796,542.0,6.0,9.308821705836426,0.10304968678047703
Wisconsin,2020-06-25,29147,800,506.0,4.0,8.690523585153564,0.06869979118698469
Wisconsin,2020-06-26,29733,803,586.0,3.0,10.064519408893258,0.051524843390238516
Wisconsin,2020-06-27,30209,810,476.0,7.0,8.175275151251178,0.12022463457722321
Wisconsin,2020-06-28,30536,816,327.0,6.0,5.616207929535998,0.10304968678047703
Wisconsin,2020-06-29,31141,818,605.0,2.0,10.390843417031434,0.034349895593492344
Wisconsin,2020-06-30,31702,819,561.0,1.0,9.635145713974602,0.017174947796746172
Wisconsin,2020-07-01,32255,823,553.0,4.0,9.497746131600634,0.06869979118698469
Wisconsin,2020-07-02,32869,827,614.0,4.0,10.54541794720215,0.06869979118698469
Wisconsin,2020-07-03,33589,830,720.0,3.0,12.365962413657243,0.051524843390238516
Wisconsin,2020-07-04,34157,832,568.0,2.0,9.755370348551827,0.034349895593492344
Wisconsin,2020-07-05,34594,834,437.0,2.0,7.505452187178077,0.034349895593492344
Wisconsin,2020-07-06,35176,837,582.0,3.0,9.995819617706273,0.051524843390238516
Wisconsin,2020-07-07,35792,839,616.0,2.0,10.579767842795642,0.034349895593492344
Wisconsin,2020-07-08,36601,843,809.0,4.0,13.894532767567654,0.06869979118698469
Wisconsin,2020-07-09,37415,846,814.0,3.0,13.980407506551384,0.051524843390238516
Wisconsin,2020-07-10,38365,850,950.0,4.0,16.316200406908862,0.06869979118698469
Wisconsin,2020-07-11,39181,852,816.0,2.0,14.014757402144875,0.034349895593492344
Wisconsin,2020-07-12,39701,854,520.0,2.0,8.93097285430801,0.034349895593492344
Wisconsin,2020-07-13,40676,861,975.0,7.0,16.74557410182752,0.12022463457722321
Wisconsin,2020-07-14,41473,863,797.0,2.0,13.6884333940067,0.034349895593492344
Wisconsin,2020-07-15,42459,870,986.0,7.0,16.934498527591725,0.12022463457722321
Wisconsin,2020-07-16,43356,874,897.0,4.0,15.405928173681318,0.06869979118698469
Wisconsin,2020-07-17,44343,880,987.0,6.0,16.95167347538847,0.10304968678047703
Wisconsin,2020-07-18,45207,884,864.0,4.0,14.839154896388694,0.06869979118698469
Wisconsin,2020-07-19,45920,892,713.0,8.0,12.245737779080022,0.13739958237396938
Wisconsin,2020-07-20,47035,902,1115.0,10.0,19.150066793371984,0.1717494779674617
Wisconsin,2020-07-21,47894,909,859.0,7.0,14.753280157404962,0.12022463457722321
Wisconsin,2020-07-22,48855,919,961.0,10.0,16.505124832673072,0.1717494779674617
Wisconsin,2020-07-23,49973,927,1118.0,8.0,19.20159163676222,0.13739958237396938
Wisconsin,2020-07-24,50918,934,945.0,7.0,16.230325667925133,0.12022463457722321
Wisconsin,2020-07-25,51872,940,954.0,6.0,16.38490019809585,0.10304968678047703
Wisconsin,2020-07-26,52541,948,669.0,8.0,11.490040076023188,0.13739958237396938
Wisconsin,2020-07-27,53327,953,786.0,5.0,13.49950896824249,0.08587473898373085
Wisconsin,2020-07-28,54209,962,882.0,9.0,15.148303956730123,0.15457453017071554
Wisconsin,2020-07-29,55206,967,997.0,5.0,17.12342295335593,0.08587473898373085
Wisconsin,2020-07-30,56134,979,928.0,12.0,15.938351555380448,0.20609937356095406
Wisconsin,2020-07-31,57291,985,1157.0,6.0,19.87141460083532,0.10304968678047703
Wisconsin,2020-08-01,58152,988,861.0,3.0,14.787630052998454,0.051524843390238516
Wisconsin,2020-08-02,58657,997,505.0,9.0,8.673348637356817,0.15457453017071554
Wisconsin,2020-08-03,59437,1009,780.0,12.0,13.396459281462013,0.20609937356095406
Wisconsin,2020-08-04,60371,1017,934.0,8.0,16.041401242160923,0.13739958237396938
Wisconsin,2020-08-05,61289,1025,918.0,8.0,15.766602077412985,0.13739958237396938
Wisconsin,2020-08-06,62268,1032,979.0,7.0,16.8142738930145,0.12022463457722321
Wisconsin,2020-08-07,63443,1039,1175.0,7.0,20.180563661176752,0.12022463457722321
Wisconsin,2020-08-08,64063,1052,620.0,13.0,10.648467633982627,0.22327432135770023
Wisconsin,2020-08-09,64595,1058,532.0,6.0,9.137072227868963,0.10304968678047703
Wisconsin,2020-08-10,65381,1063,786.0,5.0,13.49950896824249,0.08587473898373085
Wisconsin,2020-08-11,65930,1072,549.0,9.0,9.429046340413649,0.15457453017071554
Wisconsin,2020-08-12,66879,1081,949.0,9.0,16.299025459112116,0.15457453017071554
Wisconsin,2020-08-13,67952,1086,1073.0,5.0,18.42871898590864,0.08587473898373085
Wisconsin,2020-08-14,68810,1097,858.0,11.0,14.736105209608215,0.1889244257642079
Wisconsin,2020-08-15,69495,1104,685.0,7.0,11.764839240771128,0.12022463457722321
Wisconsin,2020-08-16,69975,1109,480.0,5.0,8.243974942438163,0.08587473898373085
Wisconsin,2020-08-17,70682,1113,707.0,4.0,12.142688092299544,0.06869979118698469
Wisconsin,2020-08-18,71382,1117,700.0,4.0,12.02246345772232,0.06869979118698469
Wisconsin,2020-08-19,72150,1122,768.0,5.0,13.19035990790106,0.08587473898373085
Wisconsin,2020-08-20,73008,1129,858.0,7.0,14.736105209608215,0.12022463457722321
Wisconsin,2020-08-21,73944,1136,936.0,7.0,16.075751137754416,0.12022463457722321
Wisconsin,2020-08-22,74434,1142,490.0,6.0,8.415724420405624,0.10304968678047703
Wisconsin,2020-08-23,74853,1146,419.0,4.0,7.196303126836646,0.06869979118698469
Wisconsin,2020-08-24,75537,1153,684.0,7.0,11.747664292974381,0.12022463457722321
Wisconsin,2020-08-25,76316,1160,779.0,7.0,13.37928433366527,0.12022463457722321
Wisconsin,2020-08-26,77222,1172,906.0,12.0,15.56050270385203,0.20609937356095406
Wisconsin,2020-08-27,78086,1175,864.0,3.0,14.839154896388694,0.051524843390238516
Wisconsin,2020-08-28,78872,1181,786.0,6.0,13.49950896824249,0.10304968678047703
Wisconsin,2020-08-29,79494,1190,622.0,9.0,10.682817529576118,0.15457453017071554
Wisconsin,2020-08-30,79758,1195,264.0,5.0,4.534186218340989,0.08587473898373085
Wisconsin,2020-08-31,80767,1199,1009.0,4.0,17.329522326916887,0.06869979118698469
Wisconsin,2020-09-01,81392,1207,625.0,8.0,10.734342372966358,0.13739958237396938
Wisconsin,2020-09-02,82097,1215,705.0,8.0,12.10833819670605,0.13739958237396938
Wisconsin,2020-09-03,83635,1220,1538.0,5.0,26.415069711395613,0.08587473898373085
Wisconsin,2020-09-04,84632,1229,997.0,9.0,17.12342295335593,0.15457453017071554
Wisconsin,2020-09-05,85517,1231,885.0,2.0,15.199828800120361,0.034349895593492344
Wisconsin,2020-09-06,86107,1237,590.0,6.0,10.13321920008024,0.10304968678047703
Wisconsin,2020-09-07,86841,1246,734.0,9.0,12.60641168281169,0.15457453017071554
Wisconsin,2020-09-08,87756,1251,915.0,5.0,15.715077234022747,0.08587473898373085
Wisconsin,2020-09-09,89299,1256,1543.0,5.0,26.500944450379343,0.08587473898373085
Wisconsin,2020-09-10,90679,1257,1380.0,1.0,23.70142795950972,0.017174947796746172
Wisconsin,2020-09-11,92148,1268,1469.0,11.0,25.229998313420126,0.1889244257642079
Wisconsin,2020-09-12,93571,1275,1423.0,7.0,24.439950714769804,0.12022463457722321
Wisconsin,2020-09-13,94529,1282,958.0,7.0,16.453599989282832,0.12022463457722321
Wisconsin,2020-09-14,95997,1286,1468.0,4.0,25.21282336562338,0.06869979118698469
Wisconsin,2020-09-15,97492,1293,1495.0,7.0,25.676546956135528,0.12022463457722321
Wisconsin,2020-09-16,99571,1295,2079.0,2.0,35.70671646943529,0.034349895593492344
Wisconsin,2020-09-17,102099,1301,2528.0,6.0,43.418268030174325,0.10304968678047703
Wisconsin,2020-09-18,104341,1305,2242.0,4.0,38.506232960304914,0.06869979118698469
Wisconsin,2020-09-19,106257,1309,1916.0,4.0,32.907199978565664,0.06869979118698469
Wisconsin,2020-09-20,107537,1320,1280.0,11.0,21.9839331798351,0.1889244257642079
Wisconsin,2020-09-21,109286,1325,1749.0,5.0,30.038983696509053,0.08587473898373085
Wisconsin,2020-09-22,111138,1327,1852.0,2.0,31.808003319573913,0.034349895593492344
Wisconsin,2020-09-23,113489,1340,2351.0,13.0,40.37830227015025,0.22327432135770023
Wisconsin,2020-09-24,116105,1351,2616.0,11.0,44.92966343628798,0.1889244257642079
Wisconsin,2020-09-25,119005,1358,2900.0,7.0,49.80734861056389,0.12022463457722321
Wisconsin,2020-09-26,121078,1366,2073.0,8.0,35.60366678265481,0.13739958237396938
Wisconsin,2020-09-27,122994,1377,1916.0,11.0,32.907199978565664,0.1889244257642079
Wisconsin,2020-09-28,125437,1387,2443.0,10.0,41.9583974674509,0.1717494779674617
Wisconsin,2020-09-29,127858,1398,2421.0,11.0,41.58054861592248,0.1889244257642079
Wisconsin,2020-09-30,130869,1411,3011.0,13.0,51.71376781600272,0.22327432135770023
Wisconsin,2020-10-01,133647,1424,2778.0,13.0,47.71200497936087,0.22327432135770023
Wyoming,2020-02-01,0,0,0.0,0.0,0.0,0.0
Wyoming,2020-02-02,0,0,0.0,0.0,0.0,0.0
Wyoming,2020-02-03,0,0,0.0,0.0,0.0,0.0
Wyoming,2020-02-04,0,0,0.0,0.0,0.0,0.0
Wyoming,2020-02-05,0,0,0.0,0.0,0.0,0.0
Wyoming,2020-02-06,0,0,0.0,0.0,0.0,0.0
Wyoming,2020-02-07,0,0,0.0,0.0,0.0,0.0
Wyoming,2020-02-08,0,0,0.0,0.0,0.0,0.0
Wyoming,2020-02-09,0,0,0.0,0.0,0.0,0.0
Wyoming,2020-02-10,0,0,0.0,0.0,0.0,0.0
Wyoming,2020-02-11,0,0,0.0,0.0,0.0,0.0
Wyoming,2020-02-12,0,0,0.0,0.0,0.0,0.0
Wyoming,2020-02-13,0,0,0.0,0.0,0.0,0.0
Wyoming,2020-02-14,0,0,0.0,0.0,0.0,0.0
Wyoming,2020-02-15,0,0,0.0,0.0,0.0,0.0
Wyoming,2020-02-16,0,0,0.0,0.0,0.0,0.0
Wyoming,2020-02-17,0,0,0.0,0.0,0.0,0.0
Wyoming,2020-02-18,0,0,0.0,0.0,0.0,0.0
Wyoming,2020-02-19,0,0,0.0,0.0,0.0,0.0
Wyoming,2020-02-20,0,0,0.0,0.0,0.0,0.0
Wyoming,2020-02-21,0,0,0.0,0.0,0.0,0.0
Wyoming,2020-02-22,0,0,0.0,0.0,0.0,0.0
Wyoming,2020-02-23,0,0,0.0,0.0,0.0,0.0
Wyoming,2020-02-24,0,0,0.0,0.0,0.0,0.0
Wyoming,2020-02-25,0,0,0.0,0.0,0.0,0.0
Wyoming,2020-02-26,0,0,0.0,0.0,0.0,0.0
Wyoming,2020-02-27,0,0,0.0,0.0,0.0,0.0
Wyoming,2020-02-28,0,0,0.0,0.0,0.0,0.0
Wyoming,2020-02-29,0,0,0.0,0.0,0.0,0.0
Wyoming,2020-03-01,0,0,0.0,0.0,0.0,0.0
Wyoming,2020-03-02,0,0,0.0,0.0,0.0,0.0
Wyoming,2020-03-03,0,0,0.0,0.0,0.0,0.0
Wyoming,2020-03-04,0,0,0.0,0.0,0.0,0.0
Wyoming,2020-03-05,0,0,0.0,0.0,0.0,0.0
Wyoming,2020-03-06,0,0,0.0,0.0,0.0,0.0
Wyoming,2020-03-07,0,0,0.0,0.0,0.0,0.0
Wyoming,2020-03-08,0,0,0.0,0.0,0.0,0.0
Wyoming,2020-03-09,0,0,0.0,0.0,0.0,0.0
Wyoming,2020-03-10,0,0,0.0,0.0,0.0,0.0
Wyoming,2020-03-11,0,0,0.0,0.0,0.0,0.0
Wyoming,2020-03-12,1,0,1.0,0.0,0.1727834901919452,0.0
Wyoming,2020-03-13,2,0,1.0,0.0,0.1727834901919452,0.0
Wyoming,2020-03-14,3,0,1.0,0.0,0.1727834901919452,0.0
Wyoming,2020-03-15,3,0,0.0,0.0,0.0,0.0
Wyoming,2020-03-16,10,0,7.0,0.0,1.2094844313436162,0.0
Wyoming,2020-03-17,15,0,5.0,0.0,0.8639174509597258,0.0
Wyoming,2020-03-18,18,0,3.0,0.0,0.5183504705758355,0.0
Wyoming,2020-03-19,18,0,0.0,0.0,0.0,0.0
Wyoming,2020-03-20,22,0,4.0,0.0,0.6911339607677808,0.0
Wyoming,2020-03-21,24,0,2.0,0.0,0.3455669803838904,0.0
Wyoming,2020-03-22,26,0,2.0,0.0,0.3455669803838904,0.0
Wyoming,2020-03-23,29,0,3.0,0.0,0.5183504705758355,0.0
Wyoming,2020-03-24,37,0,8.0,0.0,1.3822679215355616,0.0
Wyoming,2020-03-25,49,0,12.0,0.0,2.073401882303342,0.0
Wyoming,2020-03-26,55,0,6.0,0.0,1.036700941151671,0.0
Wyoming,2020-03-27,73,0,18.0,0.0,3.1101028234550134,0.0
Wyoming,2020-03-28,84,0,11.0,0.0,1.9006183921113968,0.0
Wyoming,2020-03-29,85,0,1.0,0.0,0.1727834901919452,0.0
Wyoming,2020-03-30,95,0,10.0,0.0,1.7278349019194517,0.0
Wyoming,2020-03-31,120,0,25.0,0.0,4.31958725479863,0.0
Wyoming,2020-04-01,137,0,17.0,0.0,2.9373193332630683,0.0
Wyoming,2020-04-02,153,0,16.0,0.0,2.764535843071123,0.0
Wyoming,2020-04-03,166,0,13.0,0.0,2.2461853724952876,0.0
Wyoming,2020-04-04,187,0,21.0,0.0,3.628453294030849,0.0
Wyoming,2020-04-05,199,0,12.0,0.0,2.073401882303342,0.0
Wyoming,2020-04-06,212,0,13.0,0.0,2.2461853724952876,0.0
Wyoming,2020-04-07,221,0,9.0,0.0,1.5550514117275067,0.0
Wyoming,2020-04-08,230,0,9.0,0.0,1.5550514117275067,0.0
Wyoming,2020-04-09,239,0,9.0,0.0,1.5550514117275067,0.0
Wyoming,2020-04-10,252,0,13.0,0.0,2.2461853724952876,0.0
Wyoming,2020-04-11,261,0,9.0,0.0,1.5550514117275067,0.0
Wyoming,2020-04-12,270,0,9.0,0.0,1.5550514117275067,0.0
Wyoming,2020-04-13,275,1,5.0,1.0,0.8639174509597258,0.1727834901919452
Wyoming,2020-04-14,282,1,7.0,0.0,1.2094844313436162,0.0
Wyoming,2020-04-15,288,2,6.0,1.0,1.036700941151671,0.1727834901919452
Wyoming,2020-04-16,296,2,8.0,0.0,1.3822679215355616,0.0
Wyoming,2020-04-17,305,2,9.0,0.0,1.5550514117275067,0.0
Wyoming,2020-04-18,309,2,4.0,0.0,0.6911339607677808,0.0
Wyoming,2020-04-19,313,2,4.0,0.0,0.6911339607677808,0.0
Wyoming,2020-04-20,317,2,4.0,0.0,0.6911339607677808,0.0
Wyoming,2020-04-21,322,2,5.0,0.0,0.8639174509597258,0.0
Wyoming,2020-04-22,326,7,4.0,5.0,0.6911339607677808,0.8639174509597258
Wyoming,2020-04-23,331,7,5.0,0.0,0.8639174509597258,0.0
Wyoming,2020-04-24,348,7,17.0,0.0,2.9373193332630683,0.0
Wyoming,2020-04-25,360,7,12.0,0.0,2.073401882303342,0.0
Wyoming,2020-04-26,367,7,7.0,0.0,1.2094844313436162,0.0
Wyoming,2020-04-27,388,7,21.0,0.0,3.628453294030849,0.0
Wyoming,2020-04-28,394,7,6.0,0.0,1.036700941151671,0.0
Wyoming,2020-04-29,403,7,9.0,0.0,1.5550514117275067,0.0
Wyoming,2020-04-30,414,7,11.0,0.0,1.9006183921113968,0.0
Wyoming,2020-05-01,419,7,5.0,0.0,0.8639174509597258,0.0
Wyoming,2020-05-02,429,7,10.0,0.0,1.7278349019194517,0.0
Wyoming,2020-05-03,435,7,6.0,0.0,1.036700941151671,0.0
Wyoming,2020-05-04,444,7,9.0,0.0,1.5550514117275067,0.0
Wyoming,2020-05-05,452,7,8.0,0.0,1.3822679215355616,0.0
Wyoming,2020-05-06,479,7,27.0,0.0,4.66515423518252,0.0
Wyoming,2020-05-07,483,7,4.0,0.0,0.6911339607677808,0.0
Wyoming,2020-05-08,490,7,7.0,0.0,1.2094844313436162,0.0
Wyoming,2020-05-09,495,7,5.0,0.0,0.8639174509597258,0.0
Wyoming,2020-05-10,504,7,9.0,0.0,1.5550514117275067,0.0
Wyoming,2020-05-11,510,7,6.0,0.0,1.036700941151671,0.0
Wyoming,2020-05-12,512,7,2.0,0.0,0.3455669803838904,0.0
Wyoming,2020-05-13,523,7,11.0,0.0,1.9006183921113968,0.0
Wyoming,2020-05-14,529,7,6.0,0.0,1.036700941151671,0.0
Wyoming,2020-05-15,541,7,12.0,0.0,2.073401882303342,0.0
Wyoming,2020-05-16,559,7,18.0,0.0,3.1101028234550134,0.0
Wyoming,2020-05-17,566,8,7.0,1.0,1.2094844313436162,0.1727834901919452
Wyoming,2020-05-18,577,10,11.0,2.0,1.9006183921113968,0.3455669803838904
Wyoming,2020-05-19,775,10,198.0,0.0,34.211131058005144,0.0
Wyoming,2020-05-20,787,11,12.0,1.0,2.073401882303342,0.1727834901919452
Wyoming,2020-05-21,800,12,13.0,1.0,2.2461853724952876,0.1727834901919452
Wyoming,2020-05-22,802,12,2.0,0.0,0.3455669803838904,0.0
Wyoming,2020-05-23,813,12,11.0,0.0,1.9006183921113968,0.0
Wyoming,2020-05-24,837,12,24.0,0.0,4.146803764606684,0.0
Wyoming,2020-05-25,843,12,6.0,0.0,1.036700941151671,0.0
Wyoming,2020-05-26,850,13,7.0,1.0,1.2094844313436162,0.1727834901919452
Wyoming,2020-05-27,860,14,10.0,1.0,1.7278349019194517,0.1727834901919452
Wyoming,2020-05-28,876,15,16.0,1.0,2.764535843071123,0.1727834901919452
Wyoming,2020-05-29,891,15,15.0,0.0,2.5917523528791775,0.0
Wyoming,2020-05-30,897,15,6.0,0.0,1.036700941151671,0.0
Wyoming,2020-05-31,903,15,6.0,0.0,1.036700941151671,0.0
Wyoming,2020-06-01,910,17,7.0,2.0,1.2094844313436162,0.3455669803838904
Wyoming,2020-06-02,912,17,2.0,0.0,0.3455669803838904,0.0
Wyoming,2020-06-03,915,17,3.0,0.0,0.5183504705758355,0.0
Wyoming,2020-06-04,921,17,6.0,0.0,1.036700941151671,0.0
Wyoming,2020-06-05,932,17,11.0,0.0,1.9006183921113968,0.0
Wyoming,2020-06-06,938,17,6.0,0.0,1.036700941151671,0.0
Wyoming,2020-06-07,946,17,8.0,0.0,1.3822679215355616,0.0
Wyoming,2020-06-08,957,17,11.0,0.0,1.9006183921113968,0.0
Wyoming,2020-06-09,969,17,12.0,0.0,2.073401882303342,0.0
Wyoming,2020-06-10,979,18,10.0,1.0,1.7278349019194517,0.1727834901919452
Wyoming,2020-06-11,1008,18,29.0,0.0,5.01072121556641,0.0
Wyoming,2020-06-12,1027,18,19.0,0.0,3.282886313646958,0.0
Wyoming,2020-06-13,1049,18,22.0,0.0,3.8012367842227937,0.0
Wyoming,2020-06-14,1057,18,8.0,0.0,1.3822679215355616,0.0
Wyoming,2020-06-15,1078,18,21.0,0.0,3.628453294030849,0.0
Wyoming,2020-06-16,1088,18,10.0,0.0,1.7278349019194517,0.0
Wyoming,2020-06-17,1114,18,26.0,0.0,4.492370744990575,0.0
Wyoming,2020-06-18,1143,18,29.0,0.0,5.01072121556641,0.0
Wyoming,2020-06-19,1173,20,30.0,2.0,5.183504705758355,0.3455669803838904
Wyoming,2020-06-20,1179,20,6.0,0.0,1.036700941151671,0.0
Wyoming,2020-06-21,1196,20,17.0,0.0,2.9373193332630683,0.0
Wyoming,2020-06-22,1230,20,34.0,0.0,5.8746386665261365,0.0
Wyoming,2020-06-23,1254,20,24.0,0.0,4.146803764606684,0.0
Wyoming,2020-06-24,1282,20,28.0,0.0,4.837937725374465,0.0
Wyoming,2020-06-25,1326,20,44.0,0.0,7.602473568445587,0.0
Wyoming,2020-06-26,1368,20,42.0,0.0,7.256906588061698,0.0
Wyoming,2020-06-27,1392,20,24.0,0.0,4.146803764606684,0.0
Wyoming,2020-06-28,1417,20,25.0,0.0,4.31958725479863,0.0
Wyoming,2020-06-29,1449,20,32.0,0.0,5.529071686142246,0.0
Wyoming,2020-06-30,1486,20,37.0,0.0,6.392989137101971,0.0
Wyoming,2020-07-01,1517,20,31.0,0.0,5.356288195950301,0.0
Wyoming,2020-07-02,1548,20,31.0,0.0,5.356288195950301,0.0
Wyoming,2020-07-03,1582,20,34.0,0.0,5.8746386665261365,0.0
Wyoming,2020-07-04,1606,20,24.0,0.0,4.146803764606684,0.0
Wyoming,2020-07-05,1634,20,28.0,0.0,4.837937725374465,0.0
Wyoming,2020-07-06,1676,20,42.0,0.0,7.256906588061698,0.0
Wyoming,2020-07-07,1710,20,34.0,0.0,5.8746386665261365,0.0
Wyoming,2020-07-08,1740,21,30.0,1.0,5.183504705758355,0.1727834901919452
Wyoming,2020-07-09,1768,21,28.0,0.0,4.837937725374465,0.0
Wyoming,2020-07-10,1791,21,23.0,0.0,3.9740202744147393,0.0
Wyoming,2020-07-11,1840,21,49.0,0.0,8.466391019405314,0.0
Wyoming,2020-07-12,1862,21,22.0,0.0,3.8012367842227937,0.0
Wyoming,2020-07-13,1903,21,41.0,0.0,7.084123097869752,0.0
Wyoming,2020-07-14,1950,22,47.0,1.0,8.120824039021423,0.1727834901919452
Wyoming,2020-07-15,1985,22,35.0,0.0,6.047422156718081,0.0
Wyoming,2020-07-16,2026,24,41.0,2.0,7.084123097869752,0.3455669803838904
Wyoming,2020-07-17,2069,24,43.0,0.0,7.4296900782536435,0.0
Wyoming,2020-07-18,2108,24,39.0,0.0,6.738556117485862,0.0
Wyoming,2020-07-19,2126,24,18.0,0.0,3.1101028234550134,0.0
Wyoming,2020-07-20,2187,24,61.0,0.0,10.539792901708656,0.0
Wyoming,2020-07-21,2237,25,50.0,1.0,8.63917450959726,0.1727834901919452
Wyoming,2020-07-22,2287,25,50.0,0.0,8.63917450959726,0.0
Wyoming,2020-07-23,2347,25,60.0,0.0,10.36700941151671,0.0
Wyoming,2020-07-24,2405,25,58.0,0.0,10.02144243113282,0.0
Wyoming,2020-07-25,2444,25,39.0,0.0,6.738556117485862,0.0
Wyoming,2020-07-26,2474,25,30.0,0.0,5.183504705758355,0.0
Wyoming,2020-07-27,2519,25,45.0,0.0,7.775257058637533,0.0
Wyoming,2020-07-28,2589,25,70.0,0.0,12.094844313436163,0.0
Wyoming,2020-07-29,2628,25,39.0,0.0,6.738556117485862,0.0
Wyoming,2020-07-30,2685,25,57.0,0.0,9.848658940940876,0.0
Wyoming,2020-07-31,2726,25,41.0,0.0,7.084123097869752,0.0
Wyoming,2020-08-01,2769,25,43.0,0.0,7.4296900782536435,0.0
Wyoming,2020-08-02,2807,25,38.0,0.0,6.565772627293916,0.0
Wyoming,2020-08-03,2846,26,39.0,1.0,6.738556117485862,0.1727834901919452
Wyoming,2020-08-04,2879,26,33.0,0.0,5.701855176334191,0.0
Wyoming,2020-08-05,2919,26,40.0,0.0,6.911339607677807,0.0
Wyoming,2020-08-06,2948,26,29.0,0.0,5.01072121556641,0.0
Wyoming,2020-08-07,2990,27,42.0,1.0,7.256906588061698,0.1727834901919452
Wyoming,2020-08-08,3002,27,12.0,0.0,2.073401882303342,0.0
Wyoming,2020-08-09,3022,27,20.0,0.0,3.4556698038389033,0.0
Wyoming,2020-08-10,3037,27,15.0,0.0,2.5917523528791775,0.0
Wyoming,2020-08-11,3069,27,32.0,0.0,5.529071686142246,0.0
Wyoming,2020-08-12,3084,27,15.0,0.0,2.5917523528791775,0.0
Wyoming,2020-08-13,3116,27,32.0,0.0,5.529071686142246,0.0
Wyoming,2020-08-14,3182,27,66.0,0.0,11.403710352668382,0.0
Wyoming,2020-08-15,3227,28,45.0,1.0,7.775257058637533,0.1727834901919452
Wyoming,2020-08-16,3286,28,59.0,0.0,10.194225921324767,0.0
Wyoming,2020-08-17,3330,31,44.0,3.0,7.602473568445587,0.5183504705758355
Wyoming,2020-08-18,3362,32,32.0,1.0,5.529071686142246,0.1727834901919452
Wyoming,2020-08-19,3430,32,68.0,0.0,11.749277333052273,0.0
Wyoming,2020-08-20,3467,32,37.0,0.0,6.392989137101971,0.0
Wyoming,2020-08-21,3523,35,56.0,3.0,9.67587545074893,0.5183504705758355
Wyoming,2020-08-22,3543,37,20.0,2.0,3.4556698038389033,0.3455669803838904
Wyoming,2020-08-23,3578,37,35.0,0.0,6.047422156718081,0.0
Wyoming,2020-08-24,3603,37,25.0,0.0,4.31958725479863,0.0
Wyoming,2020-08-25,3634,37,31.0,0.0,5.356288195950301,0.0
Wyoming,2020-08-26,3683,37,49.0,0.0,8.466391019405314,0.0
Wyoming,2020-08-27,3683,37,0.0,0.0,0.0,0.0
Wyoming,2020-08-28,3763,37,80.0,0.0,13.822679215355613,0.0
Wyoming,2020-08-29,3784,37,21.0,0.0,3.628453294030849,0.0
Wyoming,2020-08-30,3820,37,36.0,0.0,6.220205646910027,0.0
Wyoming,2020-08-31,3840,37,20.0,0.0,3.4556698038389033,0.0
Wyoming,2020-09-01,3865,41,25.0,4.0,4.31958725479863,0.6911339607677808
Wyoming,2020-09-02,3908,41,43.0,0.0,7.4296900782536435,0.0
Wyoming,2020-09-03,3934,41,26.0,0.0,4.492370744990575,0.0
Wyoming,2020-09-04,3984,42,50.0,1.0,8.63917450959726,0.1727834901919452
Wyoming,2020-09-05,4000,42,16.0,0.0,2.764535843071123,0.0
Wyoming,2020-09-06,4031,42,31.0,0.0,5.356288195950301,0.0
Wyoming,2020-09-07,4031,42,0.0,0.0,0.0,0.0
Wyoming,2020-09-08,4102,42,71.0,0.0,12.267627803628107,0.0
Wyoming,2020-09-09,4151,42,49.0,0.0,8.466391019405314,0.0
Wyoming,2020-09-10,4196,42,45.0,0.0,7.775257058637533,0.0
Wyoming,2020-09-11,4260,42,64.0,0.0,11.058143372284492,0.0
Wyoming,2020-09-12,4292,42,32.0,0.0,5.529071686142246,0.0
Wyoming,2020-09-13,4341,42,49.0,0.0,8.466391019405314,0.0
Wyoming,2020-09-14,4392,42,51.0,0.0,8.811957999789204,0.0
Wyoming,2020-09-15,4438,42,46.0,0.0,7.9480405488294785,0.0
Wyoming,2020-09-16,4566,45,128.0,3.0,22.116286744568985,0.5183504705758355
Wyoming,2020-09-17,4652,45,86.0,0.0,14.859380156507287,0.0
Wyoming,2020-09-18,4746,49,94.0,4.0,16.241648078042846,0.6911339607677808
Wyoming,2020-09-19,4780,49,34.0,0.0,5.8746386665261365,0.0
Wyoming,2020-09-20,4869,49,89.0,0.0,15.377730627083123,0.0
Wyoming,2020-09-21,4944,49,75.0,0.0,12.95876176439589,0.0
Wyoming,2020-09-22,5015,49,71.0,0.0,12.267627803628107,0.0
Wyoming,2020-09-23,5169,49,154.0,0.0,26.608657489559555,0.0
Wyoming,2020-09-24,5305,50,136.0,1.0,23.498554666104546,0.1727834901919452
Wyoming,2020-09-25,5420,50,115.0,0.0,19.870101372073695,0.0
Wyoming,2020-09-26,5464,50,44.0,0.0,7.602473568445587,0.0
Wyoming,2020-09-27,5632,50,168.0,0.0,29.02762635224679,0.0
Wyoming,2020-09-28,5751,50,119.0,0.0,20.561235332841477,0.0
Wyoming,2020-09-29,5821,50,70.0,0.0,12.094844313436163,0.0
Wyoming,2020-09-30,5947,50,126.0,0.0,21.770719764185092,0.0
Wyoming,2020-10-01,6083,53,136.0,3.0,23.498554666104546,0.5183504705758355
